ASV_ID	domain	phylum	class	order	family	genus	species	204-0E29-pre	204-1D21-pre	204-2401-pre	204-2B00-pre	204-691B-pre	204-014D-pre	204-3B49-pre	204-0A78-pre	204-362D-pre	204-4305-pre	213-7B56-pre	213-0433-pre	213-496F-pre	213-4410-pre	213-1B7C-pre	213-6224-pre	213-5D38-pre	213-3451-pre	213-0F6A-pre	213-3C4E-pre	204-0E29-final	204-1D21-final	204-2401-final	204-2B00-final	204-691B-final	204-014D-final	204-3B49-final	204-0A78-final	204-362D-final	204-4305-final	213-7B56-final	213-0433-final	213-496F-final	213-4410-final	213-1B7C-final	213-6224-final	213-5D38-final	213-3451-final	213-0F6A-final	213-3C4E-final	215-340E-pre	215-0646-pre	215-0B2B-pre	215-471D-pre	215-406C-pre	215-0302-pre	215-7262-pre	215-591C-pre	215-0B59-pre	215-6E50-pre	216-4D34-pre	216-5D52-pre	216-7C29-pre	216-7D1C-pre	216-0023-pre	216-167D-pre	216-737F-pre	216-2D17-pre	216-671C-pre	216-6807-pre	215-0B59-t-1	215-0646-t-1	215-7262-t-1	215-406C-t-1	215-340E-t-1	215-0302-t-1	215-6E50-t-1	215-471D-t-1	215-0B2B-t-1	215-591C-t-1	216-4D34-t-1	216-5D52-t-1	216-7C29-t-1	216-7D1C-t-1	216-0023-t-1	216-167D-t-1	216-737F-t-1	216-2D17-t-1	216-671C-t-1	216-6807-t-1	215-0B59-final	215-0646-final	215-7262-final	215-406C-final	215-340E-final	215-0302-final	215-6E50-final	215-471D-final	215-0B2B-final	215-591C-final	216-4D34-final	216-5D52-final	216-7C29-final	216-7D1C-final	216-0023-final	216-167D-final	216-737F-final	216-2D17-final	216-671C-final	216-6807-final	214-532E-final	214-6361-final	214-7715-final	214-0446-final	214-3644-final	214-665B-final	214-7250-final	214-5D46-final	214-7B6C-final	214-7A4F-final	217-5C41-final	217-1568-final	217-5222-final	217-6216-final	217-4C21-final	217-7D73-final	217-277A-final	217-5E1B-final	217-6951-final	217-1F0C-final	215-0B59-t-2	215-0646-t-2	215-7262-t-2	215-406C-t-2	215-340E-t-2	215-0302-t-2	215-6E50-t-2	215-471D-t-2	215-0B2B-t-2	215-591C-t-2	216-4D34-t-2	216-5D52-t-2	216-7C29-t-2	216-7D1C-t-2	216-0023-t-2	216-167D-t-2	216-737F-t-2	216-2D17-t-2	216-671C-t-2	216-6807-t-2
ASV_16S_1	Bacteria	Bacteroidota	Bacteroidia	Bacteroidales	Tannerellaceae	Parabacteroides	NA	58952	45947	41755	73169	57382	92833	59517	53372	62303	53651	33078	30651	54871	44227	81081	49601	49866	40917	65198	54971	49869	48497	33856	31630	32908	75840	60028	55504	69430	33635	21101	21645	98491	53152	66723	33333	36004	79937	67957	28135	46929	60999	67147	77280	58259	59157	58478	60977	68197	22002	27343	85744	46813	41915	45926	66558	58476	27443	28773	53264	71916	79149	101484	76377	72795	85282	85633	59870	26553	100532	75820	73840	78966	59203	101563	98537	91432	54386	97886	77663	70593	69182	85998	94619	81241	59316	38881	46170	13935	54883	44179	51820	69926	52233	60259	31625	46919	41704	34359	43291	28718	44716	50234	46806	25863	44482	63112	80367	59011	70290	39284	56296	8745	30058	45533	34917	28002	41713	62829	23178	96753	62799	81543	49952	28471	64775	49884	26698	51064	41266	52221	32959	60160	38714	57994	29070	41256	60490	62687	62895
ASV_16S_10	Bacteria	Firmicutes	Bacilli	Erysipelotrichales	Erysipelatoclostridiaceae	Erysipelatoclostridium	NA	70	254	1748	193	6	437	208	57	112	11	177	237	103	164	139	187	199	287	52	279	1530	2190	3709	2088	374	2705	1211	526	1363	1807	2868	2977	1711	1555	2586	709	3166	1933	575	1817	59	538	150	305	529	92	68	106	530	14	10	122	9	196	77	38	68	49	86	27	281	407	352	1129	223	27	62	227	18	92	39	79	63	36	20	330	378	4	21	459	515	41	873	105	86	17	39	37	38	22	104	128	3	86	5	42	72	18	21	23	275	3412	2680	123	397	2134	84	4174	604	130	374	278	2207	69	483	845	197	609	222	179	153	118	107	209	0	10	38	7	4	29	252	246	7	50	108	36	136	23	20	187
ASV_16S_100	Bacteria	Firmicutes	Clostridia	Monoglobales	Monoglobaceae	Monoglobus	NA	3	3	18	20	0	10	0	2	26	3	2	4	2	0	0	4	8	12	10	7	62	43	102	104	38	36	17	10	38	54	245	60	16	2	62	8	85	36	24	9	0	7	33	24	14	23	10	27	3	7	5	3	0	6	7	15	4	4	7	14	0	13	24	13	83	0	2	13	18	13	14	12	9	7	4	24	11	5	0	32	15	8	3	13	15	7	11	7	41	0	16	19	10	22	16	4	17	0	10	32	44	22	26	48	16	194	16	73	7	44	450	156	67	3	203	330	159	83	195	223	0	6	4	17	13	5	5	9	0	8	22	0	17	9	0	13	4	4	9	8
ASV_16S_101	Bacteria	Firmicutes	Clostridia	Peptostreptococcales-Tissierellales	Peptostreptococcaceae	NA	NA	30	0	3287	345	0	0	6	0	144	0	0	190	0	0	26	0	352	0	0	0	0	0	0	0	0	0	0	0	0	0	0	0	0	0	12	0	2	0	0	0	0	0	0	3	0	0	0	0	0	0	0	0	0	0	0	5	0	0	0	0	0	0	0	0	0	0	0	0	0	0	0	0	0	0	0	0	0	0	0	0	0	0	0	0	0	0	0	0	0	0	0	0	0	0	0	0	0	0	0	0	0	0	0	0	0	0	0	0	0	0	0	0	0	0	0	0	0	0	0	0	0	0	0	0	0	0	0	0	0	0	0	0	0	0	0	0	0	0	0	0
ASV_16S_102	Bacteria	Firmicutes	NA	NA	NA	NA	NA	51	0	0	0	0	0	0	0	0	0	0	0	0	0	0	0	0	0	0	0	21	0	0	0	0	0	0	0	0	0	0	0	0	0	0	0	0	0	0	0	0	0	0	0	0	0	0	0	0	0	0	0	0	0	0	0	0	0	0	0	28	0	0	0	0	0	0	22	155	0	0	98	47	206	85	335	117	59	247	427	38	112	16	9	40	12	3	30	18	35	36	27	78	68	89	24	18	5	26	15	0	0	0	0	0	0	0	18	0	0	25	0	4	138	26	70	117	101	8	32	35	36	131	14	134	19	35	103	19	30	115	71	75	165	58	61	35	14	36	43
ASV_16S_103	Bacteria	Firmicutes	Clostridia	Lachnospirales	Lachnospiraceae	[Eubacterium] fissicatena group	NA	7	24	64	27	24	17	24	27	19	7	25	20	5	8	35	45	50	27	22	31	89	12	171	66	30	88	59	4	70	55	19	92	36	35	40	21	41	45	43	58	25	39	25	3	37	20	8	26	41	13	0	46	30	23	6	13	26	11	1	39	45	25	43	27	24	14	10	12	0	7	25	9	18	5	14	0	35	6	0	30	46	30	28	32	28	13	14	24	0	12	8	16	13	6	13	20	50	20	61	25	47	52	97	45	154	143	22	147	55	52	46	22	72	32	43	99	21	51	36	9	39	0	0	9	0	1	3	11	0	12	10	4	39	8	14	16	31	23	40	27
ASV_16S_104	Bacteria	Firmicutes	Bacilli	Erysipelotrichales	Erysipelotrichaceae	Turicibacter	NA	0	10	5	6	8	4	8	6	5	4	7	6	8	6	6	5	5	4	0	0	0	4	2	3	9	4	2	2	3	11	6	5	6	3	6	13	8	7	5	6	8	13	6	37	7	6	1	6	5	2	8	8	8	0	4	3	6	4	4	2	7	10	8	8	9	5	7	6	4	9	9	9	5	8	7	11	13	4	10	13	8	7	7	10	7	7	7	12	4	5	3	6	168	15	7	8	11	9	6	8	3	0	11	8	6	7	6	2	10	14	61	9	1118	4	49	1742	6	15	22	191	6	7	4	6	12	5	7	7	4	4	7	6	0	12	15	10	8	3	5	11
ASV_16S_105	Bacteria	Firmicutes	Clostridia	Lachnospirales	Lachnospiraceae	NA	NA	0	15	10	19	35	25	20	18	10	9	22	5	0	25	11	22	0	9	36	29	20	27	167	107	71	87	13	24	0	96	195	37	89	59	19	172	23	57	65	53	22	31	0	26	37	11	21	38	30	17	28	8	8	36	17	4	25	35	30	34	36	16	0	19	15	15	16	9	4	12	17	36	19	57	20	26	24	4	33	52	25	47	9	19	14	13	12	0	12	27	23	36	41	15	38	7	14	0	23	2	12	24	45	50	62	17	87	89	27	129	41	22	12	0	41	105	62	34	3	45	7	22	14	24	8	11	0	7	4	8	86	32	8	39	69	0	0	4	12	4
ASV_16S_106	Bacteria	Firmicutes	Clostridia	Clostridia vadinBB60 group	NA	NA	NA	1	0	0	0	75	0	14	29	0	0	3	0	0	0	0	6	0	14	26	9	0	0	0	0	20	0	0	3	0	0	0	18	8	0	0	6	0	6	7	0	64	0	67	15	0	0	0	0	0	0	30	0	11	0	0	11	0	0	0	0	0	25	0	0	36	2	0	24	20	0	29	0	28	43	30	3	0	0	75	0	0	8	0	0	345	17	69	69	48	0	71	32	314	32	30	116	3	0	134	41	13	32	0	0	89	10	0	4	0	9	85	0	134	0	187	30	0	392	30	9	0	150	0	96	123	18	2	52	97	0	54	39	134	22	72	51	0	0	62	123
ASV_16S_107	Bacteria	Firmicutes	Clostridia	Lachnospirales	Lachnospiraceae	NA	NA	10	16	75	13	14	4	20	17	15	3	64	64	35	31	20	21	33	79	20	44	6	3	37	37	11	23	9	18	19	0	38	59	21	9	86	49	31	44	53	89	54	36	18	55	105	8	15	52	65	31	51	9	2	43	64	11	30	34	151	41	14	19	0	13	35	3	14	0	4	13	40	34	23	67	17	3	6	2	25	26	0	5	2	6	7	0	3	12	0	8	11	53	29	38	57	7	6	14	28	0	21	51	22	38	32	43	20	0	36	22	14	0	4	0	0	105	46	96	19	0	0	3	35	84	62	3	4	78	0	20	84	117	51	112	84	55	6	5	13	13
ASV_16S_108	Bacteria	Firmicutes	Clostridia	Lachnospirales	Lachnospiraceae	NA	NA	8	15	47	10	22	13	33	0	52	27	175	0	71	104	0	56	0	0	53	27	11	2	4	0	4	18	0	0	9	13	27	0	29	34	0	125	0	0	37	0	214	34	74	25	31	25	62	48	10	30	378	0	137	174	143	8	136	82	189	106	10	0	0	3	39	3	0	15	41	6	0	13	0	0	14	12	47	13	69	27	0	0	0	0	0	3	0	0	4	2	0	0	17	0	0	0	0	0	0	0	14	0	44	55	12	0	240	51	5	39	0	12	3	0	2	11	124	0	0	4	0	2	0	0	0	0	0	0	0	0	0	0	0	0	0	0	0	0	8	0
ASV_16S_109	Bacteria	Firmicutes	Clostridia	Oscillospirales	NA	NA	NA	3	60	31	19	80	8	11	34	6	52	22	15	19	16	16	18	21	19	30	13	4	8	8	7	27	7	6	20	17	89	33	17	7	14	25	33	6	4	17	17	79	16	13	1	42	25	7	13	47	8	74	15	37	15	22	19	18	37	36	51	4	3	17	3	0	9	14	7	20	17	38	33	16	23	20	21	15	12	29	24	20	55	7	15	27	11	7	18	4	2	10	9	23	17	14	4	14	24	10	9	28	12	24	98	65	12	82	11	76	27	14	13	1	40	41	49	167	330	24	159	14	23	40	78	44	9	21	65	9	15	1	13	15	33	10	52	19	4	13	46
ASV_16S_11	Bacteria	Firmicutes	Clostridia	Lachnospirales	Lachnospiraceae	NA	NA	37	2108	493	198	136	28	170	351	525	625	2398	28	324	0	271	313	644	278	934	90	46	483	578	51	159	87	44	261	60	2127	2562	65	124	0	155	750	347	43	531	41	2840	1024	393	340	189	595	336	1204	7	144	1526	504	29	150	1235	379	243	1686	176	191	109	40	82	69	402	39	267	45	808	62	271	58	18	348	525	89	102	64	159	128	252	242	107	153	1085	315	210	362	123	161	64	174	314	805	312	306	50	241	364	70	33	109	231	85	146	54	569	1017	253	129	242	363	319	1596	134	559	1775	1828	76	1931	144	164	444	810	4188	223	308	2724	259	606	193	696	684	780	782	729	102	125	530	232
ASV_16S_110	Bacteria	Firmicutes	Clostridia	NA	NA	NA	NA	0	137	87	17	13	0	5	41	19	36	0	0	0	0	0	0	0	0	0	0	0	6	4	4	30	5	6	0	3	15	0	0	0	0	0	0	0	0	0	0	0	0	0	0	0	0	0	0	0	0	0	0	0	0	0	0	0	0	0	0	0	0	0	0	0	13	6	0	15	13	11	8	29	28	4	28	18	2	25	13	10	58	14	16	54	3	9	14	0	6	16	20	7	12	45	11	0	25	0	5	38	1	26	73	89	51	294	17	73	7	46	0	0	58	92	19	177	29	24	27	68	83	75	297	113	39	93	161	20	55	121	137	14	53	159	45	77	0	3	27
ASV_16S_111	Bacteria	Firmicutes	Clostridia	Lachnospirales	Lachnospiraceae	Lachnoclostridium	NA	15	31	17	33	16	9	29	18	31	15	26	21	75	31	6	73	42	23	110	53	25	7	82	56	18	15	0	4	18	78	50	13	15	56	15	80	20	22	11	47	34	96	78	72	110	33	25	49	45	13	23	7	35	83	11	22	27	33	33	56	19	0	6	0	24	0	19	19	11	11	23	10	19	35	8	57	47	0	17	96	0	31	3	26	0	5	3	3	8	5	16	4	15	7	11	0	2	0	5	0	43	15	6	0	58	66	68	29	24	37	3	18	0	16	0	41	16	11	0	5	13	17	49	36	30	5	0	9	6	11	45	31	25	51	37	2	9	0	0	4
ASV_16S_112	Bacteria	Firmicutes	Clostridia	Lachnospirales	Lachnospiraceae	NA	NA	0	0	0	3	70	0	0	0	7	0	9	0	8	145	1	3	0	0	8	0	0	0	8	2	12	5	0	0	3	13	9	5	2	24	0	2	2	0	3	4	10	4	223	0	3	2	0	0	13	0	15	21	174	0	0	2	33	10	5	237	3	6	0	0	8	15	3	0	16	8	2	6	110	0	0	0	64	0	43	55	3	3	0	0	0	0	0	0	3	0	148	119	90	36	5	27	34	1	0	10	0	0	8	0	7	7	6	0	16	4	1	0	4	0	2	9	82	6	2	7	0	4	0	14	15	0	0	5	2	0	736	138	221	134	0	109	77	0	2	14
ASV_16S_113	Bacteria	Firmicutes	Clostridia	Lachnospirales	Lachnospiraceae	Lachnospiraceae UCG-006	NA	0	0	0	0	0	0	0	0	0	0	0	0	0	0	0	0	0	0	0	0	0	0	0	0	0	0	0	0	0	0	0	0	0	0	0	0	0	0	0	0	0	0	0	0	0	0	0	0	0	0	0	0	0	0	0	0	0	0	0	0	0	0	0	0	0	0	0	0	0	0	48	32	26	0	54	0	0	0	0	0	124	81	10	35	28	0	0	0	0	0	0	5	0	13	28	90	96	110	662	126	0	0	0	0	0	0	0	0	0	0	8	11	442	264	0	0	0	0	0	0	0	0	107	81	89	0	0	0	0	0	0	11	0	142	11	214	109	104	90	195
ASV_16S_114	Bacteria	Firmicutes	Clostridia	Oscillospirales	Ruminococcaceae	NA	NA	20	34	74	5	21	6	28	25	33	24	40	6	41	21	0	39	37	43	34	43	13	57	37	7	37	22	0	6	12	38	84	30	10	23	66	5	26	30	13	21	21	38	2	12	54	26	7	28	29	31	23	3	26	38	0	12	17	0	51	34	56	29	46	27	28	12	26	2	3	16	31	10	39	56	6	29	14	22	6	114	27	74	15	36	24	13	9	14	11	15	4	27	0	0	43	19	19	11	10	7	55	2	6	6	18	16	30	21	48	56	0	10	24	0	36	9	37	29	37	15	56	27	49	21	41	15	17	21	19	12	11	10	23	38	20	16	34	19	0	10
ASV_16S_115	Bacteria	Firmicutes	Clostridia	Lachnospirales	Lachnospiraceae	Lachnospiraceae UCG-006	NA	5	25	27	7	11	16	13	19	20	16	18	1	26	16	21	21	28	24	33	45	31	54	71	50	17	31	3	21	56	82	49	29	88	94	54	93	23	35	47	48	33	42	13	22	27	22	15	25	20	27	15	5	10	40	26	9	14	32	15	17	7	3	25	11	22	5	17	7	2	6	22	11	19	30	14	38	15	4	11	15	0	21	3	6	10	7	9	7	7	0	13	26	72	30	71	17	7	6	3	0	31	12	12	24	32	49	47	22	41	19	26	39	42	0	15	65	57	28	0	50	32	12	39	19	5	0	8	16	7	2	64	5	15	98	27	15	15	8	5	8
ASV_16S_116	Bacteria	Firmicutes	Clostridia	Clostridia UCG-014	NA	NA	NA	0	0	0	0	0	0	0	0	0	0	0	0	0	0	0	0	0	0	0	0	0	0	0	0	0	0	0	0	0	0	0	0	0	0	0	0	0	0	0	0	0	0	0	0	0	0	0	0	0	0	0	0	0	0	0	0	0	0	0	0	0	0	0	0	0	0	0	0	0	0	0	0	0	0	0	0	0	0	0	0	0	0	0	0	0	0	0	0	0	0	0	0	0	1	0	0	0	0	0	0	0	0	0	0	0	0	0	0	0	0	2337	44	104	0	49	659	0	41	0	161	0	0	0	0	0	0	0	0	0	0	0	0	0	0	0	0	0	0	0	0
ASV_16S_117	Bacteria	Firmicutes	Clostridia	Oscillospirales	Oscillospiraceae	Colidextribacter	NA	4	57	122	64	41	3	6	31	18	0	57	23	41	69	0	42	42	79	68	24	38	27	68	31	33	49	22	29	39	27	25	36	33	82	25	50	29	58	88	10	41	67	77	92	111	26	14	62	64	33	57	14	0	74	50	35	38	69	39	81	36	22	7	14	44	0	0	22	28	23	0	0	0	4	3	20	17	0	7	9	0	0	0	0	12	0	5	6	4	8	0	5	4	0	0	0	0	0	0	0	22	2	20	0	20	46	59	84	9	40	0	2	0	0	0	0	19	0	0	0	7	18	13	22	13	0	4	17	6	7	3	0	3	6	4	0	3	0	0	0
ASV_16S_118	Bacteria	Firmicutes	Clostridia	Lachnospirales	Lachnospiraceae	NA	NA	21	0	0	3	0	35	71	0	26	0	0	0	0	0	0	0	0	0	0	0	25	11	0	89	0	54	14	0	25	0	0	0	0	0	0	0	0	0	0	0	0	0	0	0	0	0	0	0	0	0	0	0	0	0	0	0	0	0	0	0	8	9	6	22	16	24	20	15	30	14	51	41	62	30	26	41	14	7	3	16	72	19	19	7	33	14	12	33	0	0	4	10	19	15	27	41	6	48	9	18	108	73	42	106	42	78	93	42	38	30	0	7	39	81	19	96	26	225	30	229	6	14	29	47	76	3	28	62	5	5	35	78	24	35	49	28	36	13	19	71
ASV_16S_119	Bacteria	Firmicutes	Clostridia	Lachnospirales	Lachnospiraceae	Lachnoclostridium	NA	20	32	54	29	13	99	23	11	23	7	11	6	38	0	49	42	49	23	25	54	15	4	38	16	10	16	0	6	0	13	47	0	66	39	19	85	5	14	20	52	19	64	42	49	70	16	19	56	9	12	18	10	40	45	41	20	57	35	26	61	28	46	29	10	32	2	10	18	0	0	38	20	22	22	5	20	36	4	10	77	19	70	16	31	21	7	14	9	2	5	12	13	27	21	26	0	9	12	23	8	12	18	0	17	36	47	0	0	8	16	19	12	0	12	6	42	32	6	0	7	29	24	17	32	21	7	10	7	29	8	20	43	58	39	39	0	27	0	11	21
ASV_16S_12	Bacteria	Firmicutes	Bacilli	Lactobacillales	Lactobacillaceae	Lactobacillus	NA	98	85	38	52	47	23	38	59	97	46	101	16	18	72	21	169	85	96	31	189	1316	911	3797	578	697	937	107	91	316	2645	1974	323	237	95	280	175	408	142	126	312	107	20	39	13	226	59	45	152	22	11	77	14	6	17	20	66	55	46	22	42	37	395	90	135	117	12	0	24	0	46	257	223	163	357	320	520	1354	158	86	2828	124	313	47	62	57	43	75	186	48	60	60	26	52	51	76	798	37	123	54	60	437	1310	675	745	2961	571	235	640	1254	1445	2627	1277	4796	147	4706	1852	287	838	1484	3833	36	56	33	138	440	12	102	80	35	188	203	8	240	25	26	434	26	17	44	84
ASV_16S_120	Bacteria	Firmicutes	Clostridia	Lachnospirales	Lachnospiraceae	NA	NA	7	9	40	5	3	3	5	5	7	5	31	26	9	18	4	0	16	64	13	12	3	2	10	4	6	6	0	0	6	15	7	12	6	10	9	8	10	11	7	10	13	15	4	8	36	0	0	16	7	4	16	0	22	11	13	16	12	10	37	10	2	3	0	3	11	0	0	0	4	0	13	5	9	21	3	9	18	3	6	17	79	20	46	1	64	0	3	4	12	3	0	0	26	7	5	73	46	53	81	17	8	7	0	7	15	16	24	0	23	6	12	10	3	16	0	25	7	14	8	21	13	15	95	8	709	0	0	18	11	0	0	3	103	37	4	358	115	20	50	81
ASV_16S_121	Bacteria	Firmicutes	Clostridia	Lachnospirales	Lachnospiraceae	NA	NA	25	17	44	24	11	56	24	7	30	2	32	18	25	47	53	53	97	66	45	90	29	1	0	5	7	0	4	6	12	0	0	10	16	25	8	21	8	18	3	21	37	91	68	80	114	29	36	118	51	36	9	6	39	25	44	7	33	36	20	44	37	119	76	101	11	0	4	7	7	0	36	12	6	56	10	15	26	3	0	62	0	19	8	38	12	0	5	15	3	7	4	16	28	10	26	7	11	12	21	10	0	0	2	0	0	13	5	7	0	12	7	4	0	3	5	43	4	34	4	0	18	0	19	28	14	6	7	5	0	0	28	26	4	31	30	14	17	0	4	19
ASV_16S_122	Bacteria	Firmicutes	Clostridia	Lachnospirales	Lachnospiraceae	NA	NA	5	5	19	19	22	8	0	24	0	8	16	7	11	4	9	23	0	17	31	21	15	34	118	19	37	42	0	28	14	84	136	16	70	22	44	81	13	0	26	16	18	9	18	17	55	28	12	48	18	18	32	4	8	7	38	7	23	26	17	34	20	25	2	6	9	9	25	8	0	21	16	11	6	0	23	4	8	0	31	56	5	83	0	16	22	31	10	2	7	23	24	36	27	25	74	0	6	0	19	5	27	7	26	9	17	13	29	3	9	16	15	19	7	0	14	80	129	25	0	28	36	0	49	27	19	8	17	0	5	21	39	7	0	35	20	3	25	0	0	9
ASV_16S_123	Bacteria	Firmicutes	Clostridia	Lachnospirales	Lachnospiraceae	NA	NA	0	0	0	0	0	0	0	0	0	0	0	0	0	0	0	0	0	0	0	0	0	0	0	0	0	0	0	0	0	0	0	0	0	0	0	0	0	0	0	0	0	0	0	0	0	0	0	0	0	0	0	0	0	0	0	0	0	0	0	0	0	0	0	0	0	0	0	0	0	0	0	0	0	0	0	0	0	0	0	0	0	0	0	0	0	0	0	0	0	0	0	0	0	0	0	0	0	0	0	0	0	0	0	0	0	0	0	0	0	0	104	488	330	15	187	490	399	581	5	363	0	0	0	0	0	0	0	0	0	0	0	0	0	0	0	0	0	0	0	0
ASV_16S_124	Bacteria	Firmicutes	Clostridia	Peptostreptococcales-Tissierellales	Anaerovoracaceae	NA	NA	1	14	22	5	17	3	9	11	16	8	19	18	20	0	0	13	19	14	47	16	40	35	111	49	3	15	15	8	0	46	15	72	29	29	12	48	57	34	8	29	12	20	26	26	28	23	2	3	10	0	19	0	10	19	0	15	1	2	7	22	0	0	3	0	8	0	3	0	0	0	8	0	8	5	6	21	5	2	6	8	1	47	0	0	0	4	0	7	1	2	0	0	0	2	6	1	4	0	0	1	69	46	23	5	109	105	20	68	45	12	129	171	243	12	37	66	24	124	62	9	5	24	0	22	50	4	16	35	0	4	5	4	0	14	12	0	10	2	19	16
ASV_16S_125	Bacteria	Firmicutes	NA	NA	NA	NA	NA	9	0	24	19	5	29	0	9	32	0	13	8	4	17	5	0	4	0	10	4	128	138	334	38	54	58	55	46	114	239	80	82	23	161	29	4	41	11	22	25	2	40	15	11	47	0	0	10	15	0	3	0	3	5	15	0	3	5	0	0	3	48	0	31	11	0	6	0	0	0	4	0	0	7	0	11	3	2	0	24	0	27	19	4	1	1	0	1	0	1	0	1	2	0	3	5	4	5	7	0	15	6	21	3	11	55	7	53	10	5	57	35	34	9	78	37	26	12	42	53	4	5	5	19	3	2	1	6	3	2	9	3	8	1	8	4	10	2	0	4
ASV_16S_126	Bacteria	Firmicutes	Clostridia	Clostridia UCG-014	NA	NA	NA	0	0	0	0	0	0	0	0	0	0	0	0	0	0	0	0	0	0	0	0	0	0	0	0	0	0	0	0	0	0	0	0	0	0	0	0	0	0	0	0	0	0	0	0	0	0	0	0	0	0	0	0	0	0	0	0	0	0	0	0	0	0	0	0	0	0	0	0	0	0	0	0	0	0	0	0	0	0	0	0	329	0	145	208	19	0	0	0	0	0	0	0	0	0	0	66	78	170	64	98	0	0	0	0	0	0	0	0	0	0	0	0	0	0	0	0	0	0	0	0	134	0	0	865	144	0	0	0	0	0	0	0	0	0	0	197	51	0	76	191
ASV_16S_127	Bacteria	Firmicutes	Clostridia	Lachnospirales	Lachnospiraceae	NA	NA	0	0	0	0	0	0	0	0	0	0	0	0	0	0	0	0	0	0	0	0	0	0	0	0	0	0	0	0	0	0	0	0	0	0	0	0	0	0	0	0	0	0	0	0	0	0	0	0	0	0	0	0	0	0	0	0	0	0	0	0	0	0	0	0	0	0	0	0	0	0	0	0	0	0	0	0	0	0	0	0	29	29	11	0	34	0	0	0	0	0	0	55	82	124	0	39	7	27	15	17	0	0	0	0	0	0	0	0	0	0	0	26	146	250	0	214	320	390	31	245	0	0	27	91	91	0	0	6	0	0	0	88	123	90	0	137	0	0	7	42
ASV_16S_128	Bacteria	Firmicutes	Bacilli	Erysipelotrichales	Erysipelatoclostridiaceae	Erysipelatoclostridium	NA	44	26	167	17	9	7	3	20	93	2	3	37	8	0	29	57	25	83	0	65	236	6	146	6	31	1	4	8	16	47	75	104	10	3	97	9	26	22	76	92	14	237	2	53	94	0	2	89	62	13	4	0	34	3	0	6	19	0	0	27	10	44	0	14	14	3	4	21	1	6	26	0	2	4	0	20	4	0	2	76	1	0	5	1	3	1	0	2	0	0	0	0	0	0	0	0	0	2	0	0	7	8	3	7	0	31	3	4	3	13	19	3	1	0	17	0	0	3	0	0	2	4	0	0	0	0	0	0	0	1	0	0	0	6	0	3	0	0	0	0
ASV_16S_129	Bacteria	Firmicutes	Clostridia	Lachnospirales	Lachnospiraceae	NA	NA	0	0	8	21	4	12	0	6	25	2	5	0	8	14	17	17	14	13	0	6	31	0	9	14	5	11	24	0	8	2	45	28	0	0	18	0	0	8	11	0	46	21	32	47	47	13	33	31	5	0	11	0	11	13	41	7	12	31	0	21	10	8	29	36	71	0	31	10	38	31	19	21	19	11	35	62	24	15	56	128	9	56	5	18	29	4	14	26	7	7	0	0	0	0	0	26	5	7	0	9	0	0	0	39	61	0	0	3	42	15	50	3	2	58	82	31	41	55	47	52	33	32	53	84	70	8	18	36	24	31	0	0	0	0	0	37	34	9	23	12
ASV_16S_13	Bacteria	Firmicutes	Clostridia	Lachnospirales	Lachnospiraceae	Blautia	NA	129	262	1227	332	453	193	378	566	279	110	1828	1020	724	214	277	527	850	1277	623	162	238	48	759	273	400	458	116	441	248	1087	1253	2132	147	303	301	1082	406	133	509	674	680	618	318	566	1056	503	183	692	500	1345	627	259	933	765	815	373	645	867	1998	773	72	101	101	105	288	59	181	104	511	61	235	210	161	241	139	103	89	27	124	310	155	276	123	87	183	29	78	188	51	21	0	0	0	152	0	277	94	199	270	90	690	622	311	270	487	570	564	356	513	267	249	144	593	814	311	465	747	351	141	348	105	141	117	734	1697	40	73	881	31	37	0	62	0	87	0	1640	182	95	164	470
ASV_16S_130	Bacteria	Firmicutes	Clostridia	Lachnospirales	Lachnospiraceae	[Eubacterium] xylanophilum group	NA	3	0	0	12	0	86	0	0	0	0	5	4	14	51	0	41	0	0	120	9	29	0	0	1	0	141	0	0	0	0	14	0	40	38	0	104	0	0	40	8	0	0	0	1	421	0	0	0	119	0	0	0	120	34	27	0	0	0	103	180	6	0	2	4	0	7	8	6	0	0	0	0	39	18	0	0	52	0	123	0	78	0	0	23	0	0	2	1	0	0	0	0	43	2	0	0	2	0	27	0	0	0	0	0	74	0	50	0	85	0	0	0	0	0	87	0	0	0	13	16	42	0	0	53	0	7	3	0	0	0	0	0	66	24	0	0	9	0	17	0
ASV_16S_131	Bacteria	Firmicutes	Clostridia	Lachnospirales	Lachnospiraceae	Lachnospiraceae NK4A136 group	NA	0	0	0	0	0	0	0	0	0	0	0	0	0	0	0	0	0	0	0	0	0	0	0	0	0	0	0	0	0	0	0	0	0	0	0	0	0	0	0	0	0	0	0	0	0	0	0	0	0	0	0	0	0	0	0	0	0	0	0	0	0	0	0	0	0	0	0	0	0	0	0	0	0	243	0	0	0	0	0	0	0	0	0	0	0	0	0	0	0	0	23	138	44	605	146	0	0	0	0	0	0	0	0	0	0	0	0	0	0	0	0	0	0	0	0	187	0	0	0	261	0	0	0	0	0	0	0	0	0	0	106	481	87	239	185	0	0	0	0	0
ASV_16S_132	Bacteria	Firmicutes	Clostridia	Lachnospirales	Lachnospiraceae	NA	NA	0	0	0	0	0	0	0	0	0	0	0	0	0	0	0	0	0	0	0	0	0	0	0	0	0	0	0	0	0	0	0	0	0	0	0	0	0	0	0	0	0	0	0	0	0	0	0	0	0	0	0	0	0	0	0	0	0	0	0	0	1	0	0	0	0	0	0	0	0	0	0	0	0	0	0	0	0	0	0	0	0	0	0	0	0	0	65	11	11	0	0	0	0	2	0	0	0	0	0	0	0	0	0	0	0	0	0	0	0	0	111	479	411	76	322	465	0	115	181	367	0	0	0	0	0	0	106	2	3	1	0	0	0	0	0	0	0	0	0	0
ASV_16S_133	Bacteria	Actinobacteriota	Actinobacteria	Corynebacteriales	Corynebacteriaceae	Corynebacterium	NA	0	0	0	0	0	0	0	0	0	0	0	0	0	0	0	0	0	0	0	0	0	0	0	0	0	0	0	0	0	0	0	0	0	0	0	0	0	0	0	0	0	0	0	0	0	0	0	0	0	0	0	0	0	0	0	0	0	0	0	1	0	0	0	0	0	0	0	0	0	0	0	0	0	0	0	0	0	0	0	0	34	11	1	2	19	63	18	49	249	15	2	0	135	1182	28	13	10	287	47	10	0	0	0	0	0	0	0	0	0	0	0	0	0	0	0	0	0	0	0	0	3	0	2	0	0	4	0	2	4	3	0	6	16	213	6	5	74	31	11	43
ASV_16S_134	Bacteria	Firmicutes	Clostridia	Lachnospirales	Lachnospiraceae	NA	NA	0	15	43	15	10	15	25	0	22	5	15	6	27	28	39	38	18	16	74	31	24	7	46	35	18	0	6	0	14	27	58	0	31	26	28	47	0	19	32	49	0	85	35	23	102	17	16	36	23	8	19	9	31	69	29	0	0	18	19	35	14	12	10	0	16	0	0	0	0	0	0	0	6	27	0	34	32	0	9	58	19	31	0	30	0	0	0	0	0	0	7	0	15	0	9	0	0	0	0	0	30	0	14	9	47	54	35	22	25	39	0	19	11	16	5	43	20	15	0	0	20	8	38	38	31	0	0	0	4	0	52	12	13	41	43	0	6	0	0	7
ASV_16S_135	Bacteria	Firmicutes	Clostridia	Lachnospirales	Lachnospiraceae	Lachnospiraceae UCG-006	NA	0	0	0	2	0	7	51	0	0	0	0	0	0	0	0	0	0	0	0	0	0	0	0	17	0	88	22	0	3	8	0	0	0	0	0	0	0	0	0	0	0	0	0	0	0	0	0	0	0	0	0	0	0	0	0	0	0	0	0	0	0	0	0	0	0	0	0	0	0	0	8	4	17	58	78	9	36	29	43	34	0	0	0	0	0	52	35	8	35	6	55	17	194	2	125	0	41	8	53	0	0	0	0	0	0	0	0	0	0	0	32	22	3	20	104	22	9	186	19	35	0	0	0	0	0	51	24	16	27	18	124	8	142	5	179	0	123	30	106	0
ASV_16S_136	Bacteria	Firmicutes	Clostridia	Lachnospirales	Lachnospiraceae	[Eubacterium] xylanophilum group	NA	0	0	0	0	0	0	0	0	0	0	0	0	0	0	0	0	0	0	0	0	0	0	0	0	0	0	0	0	0	0	0	0	0	0	0	0	0	0	0	0	0	0	0	0	0	0	0	0	0	0	0	0	0	0	0	0	0	0	0	0	0	0	0	0	0	0	0	0	0	8	0	0	0	0	0	0	0	0	0	0	0	0	0	0	0	0	0	0	0	0	0	0	0	0	0	0	0	0	0	0	0	0	0	0	0	0	0	0	0	0	472	113	429	0	0	711	187	429	0	0	0	0	0	0	0	0	0	0	0	59	0	0	0	0	0	0	0	0	0	0
ASV_16S_137	Bacteria	Firmicutes	Clostridia	Lachnospirales	Lachnospiraceae	NA	NA	3	36	45	0	14	0	0	11	0	7	0	0	29	57	0	32	0	0	37	40	39	9	43	16	14	0	0	14	0	59	63	0	40	24	18	51	0	16	26	27	49	38	6	18	38	12	13	30	16	20	45	5	2	0	0	0	0	34	29	19	7	6	15	6	35	11	10	13	31	2	29	13	7	15	8	18	5	2	14	10	7	14	0	0	2	0	2	5	0	6	4	6	1	6	10	0	0	0	2	0	20	13	38	18	86	44	42	35	47	22	26	23	8	62	32	45	28	33	22	88	2	9	4	48	8	3	2	22	1	10	6	10	5	14	8	0	2	0	0	4
ASV_16S_138	Bacteria	Firmicutes	Clostridia	Lachnospirales	Lachnospiraceae	[Eubacterium] oxidoreducens group	NA	3	65	59	23	22	4	8	15	13	8	11	8	28	48	18	27	31	13	6	29	1	0	7	3	13	11	0	10	5	10	22	8	7	17	2	25	6	5	35	6	22	59	47	56	37	0	20	36	31	27	23	0	29	91	33	18	44	57	29	43	4	7	5	4	27	3	4	8	3	5	4	0	8	15	2	10	9	0	34	26	7	26	1	13	8	0	3	4	1	0	2	2	30	0	3	0	6	1	6	1	15	7	8	17	14	8	120	11	18	24	0	4	2	7	7	6	18	11	0	4	24	38	53	35	33	11	7	25	2	6	5	10	15	20	15	6	17	0	7	7
ASV_16S_139	Bacteria	Firmicutes	Clostridia	Lachnospirales	Lachnospiraceae	NA	NA	3	3	148	1	13	0	13	0	5	7	90	8	0	3	4	8	6	7	9	3	3	2	207	0	12	5	0	0	4	3	37	17	0	0	19	10	34	30	42	26	15	9	5	6	22	0	5	13	0	14	6	0	0	16	3	0	0	0	18	14	8	4	13	0	4	6	5	8	4	2	0	2	0	0	3	12	3	0	0	64	31	140	8	25	75	14	0	8	12	16	3	4	12	0	2	0	9	0	26	12	0	45	4	4	8	9	46	0	0	16	0	8	6	17	7	40	9	31	2	20	13	46	0	72	176	22	0	16	5	59	15	9	14	4	0	0	0	0	4	4
ASV_16S_14	Bacteria	Firmicutes	Clostridia	Lachnospirales	Lachnospiraceae	NA	NA	197	28	78	0	13	9	0	6	26	17	91	2631	70	9	266	3	983	1220	43	536	656	0	156	75	26	20	7	27	56	91	748	4873	420	4	3159	8	7363	404	6	8800	284	64	188	146	141	376	79	301	207	88	461	160	40	13	124	14	5	274	559	484	46	57	220	79	50	22	30	87	15	7	177	166	2	10	31	39	376	0	59	887	22	101	21	31	54	0	0	4	13	9	4	59	10	30	20	17	30	12	11	0	1046	808	296	724	583	2600	44	1108	395	628	9	37	59	773	157	1161	60	710	9	422	60	53	93	148	206	2	20	19	4	43	20	30	70	62	21	56	111	12	3	7
ASV_16S_140	Bacteria	Firmicutes	Clostridia	Lachnospirales	Lachnospiraceae	NA	NA	0	129	28	34	5	7	32	46	18	0	53	0	43	37	21	9	35	51	62	13	5	0	0	0	0	24	2	3	0	0	0	6	0	0	0	0	5	0	12	8	67	123	7	33	6	31	20	28	8	4	28	8	104	31	47	0	101	61	24	39	7	0	0	4	10	0	7	0	28	0	14	0	0	15	11	8	5	0	20	11	8	15	0	12	37	0	1	15	0	0	0	0	4	0	1	11	0	0	31	6	10	0	0	14	0	0	0	18	8	0	1	0	0	10	0	0	42	6	0	11	0	6	0	14	123	3	4	65	7	0	0	0	0	14	0	29	6	4	6	14
ASV_16S_141	Bacteria	Firmicutes	Clostridia	Lachnospirales	Lachnospiraceae	NA	NA	0	0	0	0	0	0	0	0	0	0	0	0	0	0	0	0	0	0	0	0	0	0	0	0	0	0	0	0	0	0	0	0	0	0	0	0	0	0	0	0	0	0	0	0	0	0	0	0	0	0	0	0	0	0	0	0	0	0	0	0	0	0	0	0	0	0	0	0	0	0	0	0	0	0	0	0	0	0	0	0	0	0	0	0	0	0	0	0	0	0	0	0	0	0	0	0	0	0	0	0	0	0	0	0	0	0	1	0	0	0	73	87	319	269	61	417	30	363	15	517	0	0	0	0	1	0	0	0	0	0	0	0	0	0	0	0	0	0	0	0
ASV_16S_142	Bacteria	Firmicutes	Clostridia	Lachnospirales	Lachnospiraceae	NA	NA	100	8	47	0	0	62	2	26	0	17	175	59	0	0	0	0	17	3	4	0	0	8	116	0	2	45	3	28	0	54	9	557	41	0	199	0	132	15	0	6	0	12	0	0	0	0	0	11	18	0	54	0	0	0	0	0	0	1	52	203	0	0	0	0	0	0	0	0	0	0	0	4	0	0	0	0	0	0	0	2	0	0	0	0	0	0	0	0	0	0	0	0	0	0	0	0	0	0	0	0	0	0	0	0	0	0	0	0	0	0	0	0	26	0	1	0	0	0	0	0	0	0	0	0	0	0	0	0	0	0	0	1	0	0	0	0	0	0	0	0
ASV_16S_143	Bacteria	Firmicutes	Bacilli	Erysipelotrichales	Erysipelotrichaceae	Holdemania	NA	0	12	78	9	13	24	0	0	0	0	3	2	18	0	0	39	5	6	0	55	58	40	22	8	28	19	0	0	0	36	30	13	12	40	43	16	38	7	7	13	30	72	36	35	17	0	10	16	10	0	8	0	5	3	5	19	15	15	12	28	28	32	76	13	71	0	0	11	0	5	24	5	2	0	0	10	23	8	3	31	2	32	24	0	17	4	0	0	9	0	0	0	8	0	0	10	14	12	3	2	0	0	4	0	17	50	10	170	19	30	6	0	0	9	20	18	7	7	14	24	3	17	17	17	16	0	2	20	15	0	0	0	0	0	0	16	29	6	0	0
ASV_16S_144	Bacteria	Firmicutes	Clostridia	Lachnospirales	Lachnospiraceae	NA	NA	3	20	11	6	8	0	6	5	0	6	4	1	8	9	0	0	5	9	3	7	7	4	41	7	11	9	2	0	0	49	8	54	18	53	64	12	26	10	5	27	0	16	4	0	0	5	5	21	15	7	0	0	4	0	2	0	16	0	6	13	2	10	3	3	3	32	5	5	0	2	6	1	27	0	2	17	5	0	7	4	5	5	0	7	0	4	7	4	0	0	2	3	7	3	1	8	8	15	5	6	73	61	27	96	18	106	39	305	135	15	9	5	41	24	6	59	42	10	16	11	0	3	32	0	0	0	3	8	2	0	6	3	3	13	10	0	3	0	4	20
ASV_16S_145	Bacteria	Firmicutes	Clostridia	Oscillospirales	NA	NA	NA	5	66	12	0	10	12	0	17	2	8	30	16	15	0	8	0	0	33	0	22	25	7	0	7	0	29	14	0	0	5	81	6	0	0	0	24	0	16	9	5	19	12	10	11	45	26	0	24	28	37	23	0	5	31	22	0	0	53	31	0	0	0	33	8	5	14	31	41	6	21	4	0	11	0	4	0	0	0	14	11	0	0	0	2	9	0	0	0	0	0	0	0	0	0	0	3	10	16	25	2	18	11	48	39	58	26	82	17	125	4	6	0	0	32	13	19	52	96	6	70	5	0	13	11	21	12	0	45	0	13	0	0	0	0	0	10	12	8	7	15
ASV_16S_146	Bacteria	Firmicutes	Clostridia	Oscillospirales	Ruminococcaceae	Negativibacillus	NA	22	4	455	31	1	97	5	2	50	8	6	223	8	0	21	0	42	137	13	25	0	0	0	0	0	0	0	0	0	0	0	0	0	0	9	0	1	0	0	0	5	492	25	114	53	2	9	55	2	0	4	6	8	0	6	7	8	1	0	0	0	0	0	7	0	0	0	0	0	0	0	0	0	0	0	0	0	0	0	0	0	0	0	0	0	0	0	0	0	0	0	0	0	0	0	0	0	0	0	0	0	0	0	0	0	0	0	0	0	0	0	0	0	0	0	0	0	0	0	0	0	0	0	0	0	0	0	0	0	0	0	0	0	0	0	0	0	0	0	0
ASV_16S_147	Bacteria	Firmicutes	NA	NA	NA	NA	NA	6	39	32	1	24	6	15	24	11	0	31	11	19	31	5	10	21	53	15	11	14	11	17	7	25	10	6	7	16	20	38	25	10	18	0	28	20	11	26	45	29	33	5	10	8	17	10	36	30	32	31	3	0	44	23	15	8	37	29	17	0	0	0	6	7	2	9	8	11	2	14	0	7	2	0	0	7	0	6	6	5	0	3	3	0	3	8	0	2	0	3	0	2	14	11	11	0	9	17	0	32	0	16	7	14	12	5	9	36	18	0	6	1	62	10	15	44	16	9	14	9	2	23	43	40	0	3	35	0	10	11	4	2	0	6	10	5	2	15	9
ASV_16S_148	Bacteria	Firmicutes	Clostridia	Oscillospirales	Ruminococcaceae	UBA1819	NA	3	5	46	22	7	14	0	8	20	4	0	9	3	0	0	10	21	5	0	20	6	67	88	65	35	0	15	10	42	16	9	97	27	0	94	4	100	41	0	109	3	22	12	15	12	6	1	3	8	0	6	8	6	0	0	8	0	2	1	0	5	8	1	4	10	0	0	0	2	3	0	2	3	3	0	11	0	2	0	13	20	12	0	3	0	3	0	0	1	1	0	7	0	0	0	6	0	0	3	0	0	26	1	0	4	196	4	21	2	6	61	17	58	0	36	45	3	13	25	2	11	0	0	4	6	0	1	11	0	0	5	12	0	1	2	0	19	0	4	8
ASV_16S_149	Bacteria	Firmicutes	NA	NA	NA	NA	NA	4	0	4	14	0	22	0	4	2	0	0	0	18	5	3	24	0	12	8	23	78	43	77	117	15	38	8	10	2	85	52	16	1	0	14	36	10	2	10	18	11	26	5	19	3	14	4	9	0	4	0	0	6	20	5	0	14	0	2	0	13	36	12	84	65	5	7	8	0	13	9	10	10	4	5	0	6	0	9	9	5	0	4	2	0	1	0	0	0	2	0	0	0	0	0	0	1	1	0	0	41	23	19	47	50	44	20	82	16	16	21	23	32	1	7	28	10	10	33	16	6	11	9	4	0	0	3	0	4	5	0	0	0	4	0	0	12	0	0	0
ASV_16S_15	Bacteria	Firmicutes	Clostridia	Lachnospirales	Lachnospiraceae	NA	NA	39	735	710	41	565	184	270	329	51	178	289	80	188	19	91	241	381	341	209	126	187	267	2495	289	1286	1164	114	134	194	1987	2422	637	143	205	842	1239	1352	151	964	1279	290	376	68	107	441	203	86	250	194	291	346	45	397	432	124	173	408	346	227	585	155	45	311	242	98	198	356	584	33	231	369	165	122	131	83	172	114	18	88	344	353	543	38	144	172	247	79	167	489	73	19	44	142	244	130	72	165	76	450	236	1321	1266	519	563	1482	849	322	472	441	317	217	72	225	240	66	88	957	504	60	131	113	153	129	251	201	71	54	169	187	69	146	76	110	258	316	13	137	11	19	143
ASV_16S_150	Bacteria	Firmicutes	NA	NA	NA	NA	NA	0	25	113	21	49	0	0	21	23	19	68	14	9	9	20	0	68	0	81	28	0	4	21	0	29	19	1	4	0	35	24	2	20	0	0	37	4	10	37	0	29	40	77	31	36	18	16	26	2	0	34	13	29	29	49	30	66	41	26	55	0	32	4	0	38	11	3	0	2	18	23	0	0	0	0	0	0	0	4	0	0	0	0	2	0	0	0	0	0	0	0	0	0	0	0	0	0	0	0	0	2	0	6	24	40	4	31	0	9	67	0	0	0	0	0	0	5	0	0	0	0	0	0	13	0	0	0	0	0	0	0	0	0	0	0	0	0	0	0	0
ASV_16S_151	Bacteria	Firmicutes	Clostridia	Lachnospirales	Lachnospiraceae	NA	NA	0	0	0	0	0	0	0	0	0	0	0	0	0	0	0	0	0	0	0	0	0	0	0	0	0	0	0	0	0	0	0	0	0	0	0	0	0	0	0	0	0	0	0	0	0	0	0	0	0	0	0	0	0	0	0	0	0	0	0	0	0	0	0	0	0	0	0	0	0	0	10	39	19	13	2	0	3	0	34	6	38	36	28	22	74	14	6	23	16	13	16	16	76	5	39	15	3	11	62	7	0	0	0	0	0	0	0	0	0	0	40	83	35	25	37	149	200	196	7	57	48	6	29	7	15	1	17	14	10	6	28	0	13	19	17	5	13	10	19	11
ASV_16S_152	Bacteria	Firmicutes	Clostridia	Lachnospirales	Lachnospiraceae	NA	NA	13	21	51	17	15	37	5	15	47	6	13	16	7	3	9	2	27	26	2	32	0	223	32	36	0	14	26	0	3	0	3	70	100	0	87	18	60	57	1	47	12	43	44	36	75	7	6	42	0	0	13	6	8	4	14	12	20	3	1	22	0	9	4	10	0	7	0	9	0	25	4	0	0	0	0	0	0	0	0	39	0	1	0	0	0	0	0	2	0	11	0	0	0	0	0	0	0	0	0	0	0	0	0	0	0	4	0	0	0	0	0	0	0	0	0	0	0	0	0	1	0	6	0	28	0	0	0	6	3	7	0	0	0	0	0	0	0	0	0	0
ASV_16S_153	Bacteria	Verrucomicrobiota	Verrucomicrobiae	Verrucomicrobiales	Akkermansiaceae	Akkermansia	NA	0	0	0	0	0	0	0	0	0	0	0	0	0	0	0	0	0	0	0	0	0	0	0	0	0	0	0	0	0	0	0	0	0	0	0	0	0	0	0	0	0	0	0	0	0	0	0	0	0	0	0	0	0	0	0	0	0	0	0	0	0	0	0	0	0	0	0	0	0	0	0	0	0	0	0	0	0	0	0	0	0	0	0	0	0	101	85	83	165	81	65	126	76	61	44	63	130	50	127	79	0	0	0	0	0	0	0	0	0	0	0	0	0	0	0	0	0	0	0	0	0	0	0	0	0	0	82	0	0	0	65	36	0	36	60	0	63	0	0	0
ASV_16S_154	Bacteria	Firmicutes	Clostridia	Lachnospirales	Lachnospiraceae	[Acetivibrio] ethanolgignens group	NA	3	41	96	0	5	7	14	21	0	10	28	12	17	10	14	11	22	108	7	5	41	0	10	0	4	4	6	0	0	10	0	27	8	13	17	0	3	3	10	2	22	54	6	18	79	23	9	75	12	91	9	0	15	139	46	10	5	38	46	16	0	2	6	0	3	2	15	0	1	5	5	0	3	0	0	0	0	0	0	0	0	0	1	0	0	0	0	1	0	0	0	0	0	0	0	0	0	0	0	0	34	0	0	18	3	20	28	0	36	0	0	0	0	8	0	0	0	2	7	0	0	0	21	0	0	0	0	9	0	2	0	0	0	0	0	0	0	0	0	0
ASV_16S_155	Bacteria	Actinobacteriota	Coriobacteriia	Coriobacteriales	Eggerthellaceae	NA	NA	0	0	4	0	0	5	0	3	3	0	9	0	0	0	3	4	3	11	4	12	16	0	91	10	28	15	5	5	0	56	94	71	0	11	18	16	27	22	16	37	8	21	5	8	0	0	2	8	4	3	4	9	0	0	10	3	0	6	0	6	3	12	4	7	16	2	4	5	0	0	6	2	3	4	0	0	3	0	0	10	3	8	0	0	4	0	0	0	5	0	0	1	2	0	0	0	3	0	0	5	11	52	0	3	27	91	13	45	10	18	15	28	140	0	73	65	0	27	0	15	0	7	0	12	5	0	3	1	0	4	3	2	4	0	0	3	0	0	2	4
ASV_16S_156	Bacteria	Firmicutes	Bacilli	Erysipelotrichales	Erysipelotrichaceae	Holdemania	NA	1	8	141	14	0	0	5	4	8	0	5	9	0	0	13	0	0	5	9	0	4	11	101	20	0	0	4	14	27	82	0	69	0	0	3	0	0	24	18	0	0	0	0	0	6	0	0	19	0	0	0	2	0	17	14	0	0	0	9	5	24	20	4	23	0	3	2	0	0	0	0	16	8	9	7	0	0	0	14	4	27	14	0	15	0	0	2	3	0	4	0	0	0	0	4	0	0	0	9	0	15	16	20	0	23	95	0	0	0	9	75	19	13	0	60	84	9	22	36	5	15	0	0	27	0	2	0	0	0	8	0	0	0	26	0	0	0	0	8	17
ASV_16S_157	Bacteria	Firmicutes	Bacilli	Erysipelotrichales	Erysipelatoclostridiaceae	NA	NA	5	11	19	20	0	38	0	8	44	3	0	66	18	3	3	22	6	7	9	14	28	8	119	12	18	17	24	0	5	14	17	23	13	0	30	4	19	24	13	19	9	83	0	20	50	8	0	10	0	0	0	0	5	5	3	6	9	4	5	9	0	20	0	10	16	4	0	0	0	4	12	1	4	0	2	13	0	0	0	9	0	0	0	2	1	0	0	0	0	1	0	0	0	0	0	0	1	2	1	0	8	31	13	0	21	91	7	33	8	25	66	0	4	4	75	3	0	0	10	9	0	0	0	2	3	1	0	0	0	0	1	0	0	1	0	1	0	0	0	4
ASV_16S_158	Bacteria	Firmicutes	Clostridia	Clostridiales	Clostridiaceae	NA	NA	0	0	0	0	0	0	0	0	0	0	0	0	0	0	0	0	0	0	0	0	0	0	0	0	0	0	0	0	0	0	0	0	0	0	0	0	0	0	0	0	0	0	0	0	0	0	0	0	0	0	0	0	0	0	0	0	0	0	0	0	0	0	0	0	0	0	0	0	0	0	0	0	0	0	0	0	0	0	0	0	0	0	0	0	0	0	0	0	0	0	0	0	0	0	0	0	0	0	0	0	0	0	0	0	0	0	0	0	0	0	81	26	948	0	69	264	0	0	7	54	0	0	0	0	0	0	0	0	0	0	0	0	0	0	0	0	0	0	0	0
ASV_16S_159	Bacteria	NA	NA	NA	NA	NA	NA	0	0	0	0	2	0	0	3	0	0	1	1	1	0	0	0	0	1	0	0	52	27	14	80	2	74	25	10	29	25	48	64	43	0	32	33	10	14	24	34	3	2	0	0	3	0	1	4	5	0	2	2	0	0	3	0	0	0	0	0	0	0	5	4	4	0	1	0	0	4	5	3	0	4	3	4	15	9	6	0	0	10	0	0	0	0	2	5	3	8	0	1	0	0	0	2	0	0	1	0	2	52	42	2	61	24	0	30	6	14	43	51	36	2	30	74	43	45	14	38	2	1	1	6	0	7	0	0	1	2	1	0	0	6	6	2	0	0	0	3
ASV_16S_16	Bacteria	Firmicutes	Clostridia	Lachnospirales	Lachnospiraceae	NA	NA	332	0	0	483	0	0	0	2	438	165	230	137	458	0	29	397	0	1074	60	363	226	0	0	286	0	1	0	0	174	460	221	338	490	0	0	485	0	305	187	219	657	0	372	238	0	114	128	635	2	434	1185	122	0	612	424	0	0	295	0	0	338	1015	532	946	771	280	621	828	241	453	969	899	378	730	372	387	0	124	941	1361	72	113	62	198	457	198	148	215	154	132	2	0	2	4	0	144	0	92	142	97	524	175	231	196	1072	382	1287	227	593	109	335	335	670	531	387	682	978	397	216	408	76	34	241	1271	522	237	168	185	106	497	0	0	0	0	0	102	0	51	456	157
ASV_16S_160	Bacteria	Firmicutes	Clostridia	Lachnospirales	Lachnospiraceae	Frisingicoccus	NA	0	0	35	23	0	0	0	0	0	3	0	0	0	0	0	0	0	10	8	0	9	0	52	50	0	27	0	8	24	58	18	47	24	0	22	0	50	33	0	44	0	23	10	0	19	0	0	8	0	0	8	0	0	0	0	0	0	6	4	0	0	0	0	13	0	0	0	0	0	0	0	0	0	7	0	0	0	0	0	11	76	0	0	15	27	0	0	9	18	0	0	6	0	0	10	9	0	0	15	0	0	64	0	0	0	83	1	0	0	33	65	10	20	0	90	64	0	64	0	23	8	13	0	18	9	0	0	0	0	3	0	0	0	0	6	0	0	0	5	0
ASV_16S_161	Bacteria	Firmicutes	Clostridia	Lachnospirales	Lachnospiraceae	Roseburia	NA	2	68	6	13	9	17	3	0	52	53	0	30	5	0	0	0	0	0	0	0	0	51	13	0	5	71	0	0	61	89	0	261	7	0	0	0	2	0	0	5	0	3	0	0	0	0	0	0	0	0	0	0	3	0	0	2	0	0	0	0	0	0	0	0	0	0	0	14	0	0	0	2	0	0	0	3	0	14	0	0	0	0	0	0	1	0	0	0	0	0	12	14	0	38	6	5	0	12	0	9	3	15	0	0	0	0	0	0	0	0	20	43	4	34	8	25	32	6	27	5	0	0	0	0	3	0	0	0	0	0	58	86	0	33	18	4	0	10	0	10
ASV_16S_162	Bacteria	Firmicutes	Clostridia	Lachnospirales	Lachnospiraceae	Anaerostignum	NA	0	0	0	4	0	0	0	0	0	0	7	0	0	0	0	0	0	0	10	21	50	15	41	8	22	36	13	0	3	0	0	0	17	17	17	18	0	42	34	14	12	0	15	8	9	0	0	10	0	0	0	0	0	0	0	0	0	9	0	18	0	29	15	21	0	0	0	2	0	6	20	10	0	20	13	24	28	6	18	43	22	39	38	19	18	6	5	0	5	0	0	0	0	0	0	13	0	22	13	8	11	18	16	0	29	38	12	26	29	22	12	0	0	2	8	25	0	10	9	21	7	18	0	26	9	0	4	9	10	0	0	0	0	0	0	0	15	14	18	20
ASV_16S_163	Bacteria	Firmicutes	Clostridia	Clostridia UCG-014	NA	NA	NA	0	0	0	0	0	0	0	0	0	0	0	0	0	0	0	0	0	0	0	0	0	0	0	0	0	0	0	0	0	0	0	0	0	0	0	0	0	0	0	0	0	0	0	0	0	0	0	0	0	0	0	0	0	0	0	0	0	0	0	0	0	0	0	0	0	0	0	0	0	0	152	0	85	235	0	0	0	0	0	0	0	0	0	0	0	0	0	0	0	0	0	0	0	0	0	0	13	0	0	0	0	0	0	0	0	0	0	0	0	0	0	0	0	0	0	382	0	0	0	328	0	0	0	0	0	0	0	0	0	0	0	0	0	43	0	0	14	29	0	0
ASV_16S_164	Bacteria	Firmicutes	Clostridia	Lachnospirales	Lachnospiraceae	Marvinbryantia	NA	0	0	27	0	0	10	6	9	55	10	0	14	14	18	8	98	20	37	0	43	0	0	9	0	0	0	0	1	0	0	0	4	0	0	0	0	0	6	20	12	28	118	0	154	177	11	7	48	0	6	0	3	0	0	21	9	0	23	15	39	24	0	0	0	76	9	0	0	0	0	0	0	0	0	0	0	0	0	0	0	0	0	0	0	0	0	0	0	0	0	0	0	0	0	0	0	0	0	0	0	0	0	9	17	9	18	15	0	0	0	0	0	0	0	0	0	0	0	0	0	0	0	0	0	7	0	0	0	0	0	0	0	0	0	0	0	0	0	0	0
ASV_16S_165	Bacteria	Firmicutes	NA	NA	NA	NA	NA	0	0	0	0	0	15	0	0	0	0	0	0	0	0	2	0	0	0	14	0	0	0	0	0	0	50	0	0	0	0	2	0	0	0	0	8	0	0	0	0	0	0	0	0	0	0	0	0	0	0	0	0	0	0	0	0	0	0	0	0	0	0	0	0	0	0	0	0	0	0	0	0	0	0	2	0	0	0	0	0	1	91	0	0	0	0	0	0	0	0	0	0	37	0	21	0	0	0	0	0	0	0	0	0	0	0	0	224	0	0	0	30	118	0	0	163	0	44	19	268	0	0	0	0	0	0	0	0	0	0	0	0	111	0	6	0	0	0	0	0
ASV_16S_166	Bacteria	Firmicutes	Clostridia	Lachnospirales	Lachnospiraceae	Roseburia	NA	0	0	0	0	0	0	0	0	0	0	0	0	0	0	0	0	0	0	0	0	0	0	0	0	0	0	0	1	0	0	0	0	0	0	0	0	0	0	0	0	0	0	0	0	0	0	0	0	0	0	0	0	0	0	0	0	0	0	0	0	0	0	0	0	0	0	0	0	0	0	0	0	0	0	0	0	0	0	0	0	0	0	0	0	0	0	0	0	0	0	100	0	83	20	82	0	0	0	0	0	0	0	0	0	0	0	1	0	0	0	0	0	0	285	0	0	0	0	0	0	0	0	0	0	0	0	0	0	0	0	227	56	177	60	88	0	0	0	1	0
ASV_16S_167	Bacteria	Firmicutes	Clostridia	Lachnospirales	Lachnospiraceae	Lachnospiraceae UCG-001	NA	0	14	0	0	0	0	0	0	0	0	0	0	0	0	0	0	0	0	0	0	0	0	0	0	0	0	0	0	0	0	0	0	0	0	0	0	0	0	0	0	256	0	0	9	0	0	0	0	0	0	0	0	0	0	27	0	336	68	0	0	0	0	0	0	2	0	0	0	0	0	0	0	0	0	5	0	0	0	0	0	0	0	0	0	83	0	0	31	0	0	0	0	0	0	0	0	0	0	0	0	0	6	0	25	0	0	0	0	0	0	0	0	0	0	0	0	0	0	0	0	0	0	0	0	207	0	0	105	0	0	0	0	0	0	0	0	0	0	0	0
ASV_16S_168	Bacteria	Firmicutes	Clostridia	Lachnospirales	Lachnospiraceae	Tuzzerella	NA	0	0	0	0	0	0	0	0	0	0	0	0	0	0	0	0	0	0	0	0	0	0	0	0	0	0	0	0	0	0	0	0	0	0	0	0	0	0	0	0	0	0	0	0	0	0	0	0	0	0	0	0	0	0	0	0	0	0	0	0	0	0	0	0	0	0	0	0	0	0	0	0	0	0	0	0	0	0	0	0	0	0	0	0	0	29	21	40	0	31	0	0	0	0	0	46	3	38	71	0	0	0	0	0	0	0	0	0	0	0	0	0	0	0	0	0	0	0	0	0	0	0	0	0	0	69	30	335	44	60	0	0	1	0	0	210	67	6	27	44
ASV_16S_169	Bacteria	Firmicutes	Clostridia	Lachnospirales	Lachnospiraceae	Lachnospiraceae UCG-001	NA	0	335	0	0	150	0	0	0	0	11	159	0	0	0	0	0	0	0	0	0	0	12	0	0	41	0	0	0	0	17	33	0	0	0	0	0	0	0	0	0	0	67	80	0	0	65	17	28	0	0	0	8	0	0	0	0	0	69	0	0	0	0	0	0	0	0	0	0	20	0	0	0	0	0	0	0	0	0	0	0	0	0	0	0	0	0	0	0	55	0	0	0	0	0	0	0	0	0	0	0	0	0	0	0	0	0	0	0	0	0	0	0	0	0	0	0	0	0	0	0	0	0	0	0	0	0	0	0	0	0	0	0	0	0	0	0	0	0	0	0
ASV_16S_17	Bacteria	Firmicutes	Clostridia	Oscillospirales	Ruminococcaceae	Anaerotruncus	NA	508	793	1936	151	579	137	376	240	144	44	949	1684	768	1051	389	287	531	1585	353	167	86	21	106	84	271	44	35	45	64	54	784	1116	26	69	192	199	208	24	49	92	664	526	174	184	1531	1111	356	1046	233	1099	0	93	787	632	1	0	514	125	918	392	20	125	336	173	126	76	253	187	230	127	5	90	141	184	0	0	57	0	65	101	271	282	144	314	157	9	0	118	41	72	1	89	14	235	0	0	127	0	532	100	429	74	31	2	91	5	0	91	473	92	51	0	59	62	200	0	0	208	156	65	91	220	345	408	839	39	1	1234	10	39	0	392	49	91	0	0	284	0	137	343
ASV_16S_170	Bacteria	Firmicutes	Clostridia	Clostridia UCG-014	NA	NA	NA	0	0	6	0	8	0	0	10	0	0	5	8	0	0	7	0	2	14	0	0	0	8	4	0	10	71	35	15	38	0	9	17	3	16	5	13	49	14	0	0	0	16	5	31	0	4	5	16	23	0	8	0	5	0	1	3	0	6	0	0	13	30	7	5	1	12	16	0	0	41	4	1	11	25	7	0	0	4	18	2	7	11	3	3	0	0	2	4	0	13	1	3	0	0	0	2	0	10	6	5	0	36	0	3	0	6	2	7	0	5	152	42	19	0	25	21	13	16	0	13	3	0	0	13	0	0	6	0	0	4	0	7	0	0	4	0	0	0	0	0
ASV_16S_171	Bacteria	Firmicutes	Clostridia	Lachnospirales	Lachnospiraceae	NA	NA	0	33	19	0	0	0	5	11	8	0	25	17	25	23	11	10	0	26	12	20	0	0	0	0	0	0	0	0	8	9	10	0	15	10	22	16	0	0	18	13	35	26	0	0	44	12	10	43	20	22	18	0	0	31	0	3	15	32	74	11	0	0	0	0	0	0	8	0	0	5	11	0	8	0	0	6	0	0	7	0	0	0	0	0	0	0	0	0	0	0	6	0	0	14	17	0	0	0	0	0	10	0	0	0	14	0	35	0	0	0	0	0	0	0	0	0	11	0	0	0	0	0	31	41	0	0	2	31	0	10	26	42	0	0	33	0	0	0	0	0
ASV_16S_172	Bacteria	Firmicutes	Clostridia	Lachnospirales	Lachnospiraceae	NA	NA	0	0	0	0	26	0	0	0	1	7	0	0	28	0	2	4	0	0	0	0	0	0	0	0	6	0	0	0	0	0	34	0	7	1	0	86	0	0	21	0	18	5	33	1	0	0	23	0	0	2	0	0	3	88	30	8	61	63	0	0	6	7	0	0	32	0	5	14	0	6	8	0	1	112	12	17	53	0	8	0	0	0	0	0	0	0	0	0	8	0	0	0	13	0	0	0	0	0	0	0	3	6	8	15	0	0	31	15	17	18	0	1	1	0	1	0	28	0	0	3	0	0	0	0	0	3	0	0	0	0	0	0	3	0	0	0	0	0	6	0
ASV_16S_173	Bacteria	Firmicutes	Bacilli	Staphylococcales	Staphylococcaceae	Staphylococcus	NA	0	0	0	0	0	0	0	0	0	0	0	0	0	0	0	0	0	0	0	0	0	0	0	0	0	0	0	0	0	0	0	0	0	0	0	0	0	0	0	0	0	0	0	0	0	0	0	0	0	0	0	0	0	0	0	0	0	0	0	0	0	0	0	0	0	0	0	0	0	0	0	0	0	0	0	0	0	0	0	0	41	53	18	19	66	168	9	64	58	9	0	0	0	0	0	0	3	11	6	5	0	0	0	0	0	0	0	0	0	0	0	0	0	0	0	0	0	0	0	0	41	62	39	58	32	23	0	54	92	11	0	5	0	0	0	4	7	5	3	0
ASV_16S_174	Bacteria	Firmicutes	Clostridia	Lachnospirales	Lachnospiraceae	NA	NA	8	14	0	9	5	0	0	0	0	0	27	30	17	0	0	7	0	24	0	17	1	0	7	0	9	11	0	10	0	5	5	7	0	11	31	17	0	0	12	0	22	10	0	10	0	11	8	33	26	16	11	0	12	0	25	0	12	15	73	0	6	0	0	3	13	0	0	0	6	0	0	0	0	35	0	0	4	0	0	0	0	0	0	0	0	0	0	3	0	0	0	7	0	0	13	0	0	0	0	0	11	0	0	14	0	10	0	0	14	0	0	0	0	0	0	16	0	9	0	1	0	0	0	0	17	2	0	23	0	6	26	43	11	38	36	6	0	0	4	0
ASV_16S_175	Bacteria	Firmicutes	Clostridia	Lachnospirales	Lachnospiraceae	A2	NA	0	85	0	0	47	0	0	0	0	0	0	0	2	0	0	20	0	0	0	0	0	0	0	0	1	0	0	0	0	16	0	0	0	0	0	0	0	0	0	0	26	0	24	0	0	0	0	0	0	0	0	30	0	0	0	0	0	32	0	0	0	0	0	0	0	0	0	0	0	0	0	48	5	0	31	0	0	0	8	9	0	0	0	0	0	0	0	0	0	0	0	0	0	18	50	0	0	0	2	0	5	0	4	8	0	0	0	0	0	0	0	23	0	0	0	0	137	114	0	38	0	2	0	3	0	0	0	0	0	0	0	3	0	90	15	0	0	0	0	0
ASV_16S_176	Bacteria	Firmicutes	Clostridia	Lachnospirales	Lachnospiraceae	[Eubacterium] ventriosum group	NA	4	0	0	0	10	0	0	5	0	0	5	2	5	7	6	8	18	9	19	26	39	0	0	0	0	0	0	16	0	0	27	65	0	2	12	8	17	63	67	13	7	22	35	100	0	2	0	0	1	0	18	3	0	0	0	13	7	0	0	0	0	0	0	0	189	0	0	0	8	0	0	0	0	0	0	0	0	0	0	0	0	0	0	0	0	0	0	0	0	0	0	0	0	0	0	0	0	0	0	0	0	0	0	0	0	0	0	0	0	0	0	0	0	0	0	0	0	0	0	0	0	0	0	0	0	0	0	0	0	0	0	0	0	0	0	0	0	0	0	0
ASV_16S_177	Bacteria	Firmicutes	Clostridia	Oscillospirales	Oscillospiraceae	Oscillibacter	NA	0	0	62	6	6	7	0	20	0	0	5	4	15	16	0	7	25	4	40	7	5	2	7	0	7	5	0	0	5	4	3	8	4	4	1	3	5	4	6	0	7	53	8	22	36	0	0	11	9	0	0	0	7	7	0	13	0	6	6	11	0	9	1	0	13	0	0	0	0	0	7	0	6	0	1	11	0	0	1	11	6	6	0	5	7	0	1	0	0	0	4	7	0	0	1	4	0	3	0	1	3	3	2	7	6	17	6	0	0	0	11	0	6	0	12	20	2	0	0	7	0	12	2	23	21	2	1	22	4	2	13	4	0	16	7	17	9	0	0	0
ASV_16S_178	Bacteria	Bacteroidota	Bacteroidia	Bacteroidales	Bacteroidaceae	Bacteroides	NA	0	5	6	7	6	0	6	8	6	0	5	5	5	0	6	7	5	11	6	6	6	5	8	1	5	0	11	4	6	8	11	5	5	0	11	10	7	12	6	0	7	0	0	35	10	0	0	5	11	0	0	7	9	8	11	4	10	7	8	7	0	9	12	10	6	7	9	0	0	12	0	3	5	13	8	10	0	7	11	9	6	11	6	0	6	6	11	5	5	8	3	5	12	5	4	5	3	3	3	9	0	8	7	9	8	7	8	7	10	11	3	8	0	0	6	8	0	10	4	0	18	9	11	6	0	8	15	7	4	4	4	6	0	7	10	4	7	9	3	0
ASV_16S_179	Bacteria	Firmicutes	Clostridia	Oscillospirales	Oscillospiraceae	Colidextribacter	NA	0	0	12	6	4	0	4	6	2	2	8	0	0	2	3	9	6	6	7	1	0	0	2	0	0	0	0	0	0	9	2	0	0	0	0	13	0	0	0	0	18	0	35	3	0	0	4	0	0	0	19	11	5	3	26	13	11	20	0	23	5	0	6	4	18	0	4	1	19	0	0	0	0	0	0	0	0	1	0	3	0	1	0	0	0	0	0	0	3	0	0	0	0	0	0	0	0	0	0	0	0	30	41	41	111	64	117	0	16	43	0	0	0	0	0	0	6	0	0	0	0	0	5	0	0	0	0	4	0	0	0	0	0	0	0	0	3	0	0	0
ASV_16S_18	Bacteria	Firmicutes	Clostridia	Lachnospirales	Lachnospiraceae	Lachnospiraceae NK4A136 group	NA	39	409	282	46	0	69	123	171	21	590	1112	470	705	580	10	811	350	546	1039	347	76	42	171	168	53	115	29	132	72	1054	587	241	228	202	78	1042	11	142	463	465	403	376	76	394	1240	657	277	1036	802	1468	244	33	51	1236	556	153	257	1411	1915	699	74	137	89	135	152	76	152	116	504	116	21	74	71	0	118	6	98	3	2	14	497	285	121	81	94	2	5	2	161	132	54	47	181	30	131	13	0	85	59	29	239	202	149	441	333	256	409	34	215	121	41	37	113	40	69	6	346	263	70	154	162	248	120	242	287	1	18	361	21	103	242	24	93	0	193	50	107	101	70	22
ASV_16S_180	Bacteria	Firmicutes	Clostridia	Oscillospirales	NA	NA	NA	2	0	0	6	0	0	0	0	0	0	0	0	10	0	0	0	0	11	0	0	9	0	0	0	11	0	0	0	0	0	31	0	0	0	0	0	0	0	0	0	17	0	0	6	0	0	0	0	20	7	6	0	0	0	0	5	0	8	0	0	0	0	8	0	0	0	0	0	6	10	0	0	0	0	0	0	0	0	0	0	15	5	0	0	8	0	8	28	0	0	0	0	13	13	21	13	15	17	0	0	0	0	11	0	17	8	15	0	24	0	0	14	0	13	35	0	42	46	48	66	0	20	15	27	10	0	4	9	0	0	0	0	21	23	0	0	13	0	9	14
ASV_16S_181	Bacteria	Firmicutes	Clostridia	Clostridia UCG-014	NA	NA	NA	15	2	0	0	0	118	0	0	2	0	5	17	0	0	9	5	17	0	12	0	7	3	0	0	31	21	0	0	7	0	0	7	0	6	22	0	4	5	0	28	0	56	0	0	1	0	0	113	20	0	15	0	0	0	0	34	11	0	0	0	0	7	0	0	0	0	0	0	0	0	6	0	3	0	0	0	0	0	0	0	0	5	0	0	0	0	0	0	0	0	0	0	0	0	0	0	0	0	0	0	6	6	0	3	0	0	0	0	0	0	0	0	9	0	67	14	0	2	0	0	0	8	0	0	0	0	0	0	0	0	0	0	0	6	0	0	0	0	0	0
ASV_16S_182	Bacteria	Firmicutes	Clostridia	Oscillospirales	Oscillospiraceae	Intestinimonas	NA	3	2	44	9	30	5	0	3	4	6	8	4	5	2	6	6	15	0	5	6	8	1	5	2	58	2	1	6	0	0	0	7	4	2	8	0	2	0	0	2	10	54	27	24	8	3	2	17	2	4	0	0	0	1	0	0	13	0	0	2	2	23	8	0	16	3	1	0	0	3	0	0	2	0	0	4	2	0	3	5	2	7	0	2	3	0	0	3	0	2	0	0	0	0	0	0	0	0	0	0	0	3	0	0	0	18	2	2	11	2	43	0	0	4	2	8	1	21	0	14	0	13	0	27	11	0	0	10	0	3	0	3	0	0	0	0	0	0	0	0
ASV_16S_183	Bacteria	Firmicutes	Clostridia	Lachnospirales	Lachnospiraceae	NA	NA	0	20	0	9	4	21	2	5	0	3	6	6	12	0	7	14	7	11	6	25	0	0	3	3	3	0	0	0	0	5	0	0	0	5	0	11	0	0	0	15	3	15	3	13	32	0	6	27	0	8	0	0	5	7	9	5	0	6	8	5	5	37	7	12	23	2	6	3	0	0	16	0	8	10	2	7	5	0	5	24	9	5	6	11	0	0	2	3	0	6	4	3	0	0	0	0	2	4	0	1	2	6	0	0	0	9	0	0	0	0	0	0	0	0	0	28	4	4	0	0	4	8	5	19	3	0	0	4	0	1	5	13	0	0	3	0	0	0	0	5
ASV_16S_184	Bacteria	Firmicutes	Bacilli	Lactobacillales	NA	NA	NA	2	0	0	3	4	0	0	0	0	2	0	0	0	0	0	0	2	0	0	2	0	7	48	0	0	0	0	0	12	22	0	0	6	0	61	0	0	0	0	4	0	0	1	0	0	0	0	0	0	0	0	0	1	0	0	0	0	0	0	0	0	0	0	0	0	0	3	0	0	0	0	5	6	0	0	0	0	0	0	2	9	0	0	0	0	0	7	0	0	0	0	6	0	4	0	3	0	2	0	0	3	6	13	0	5	37	0	42	8	0	27	107	28	0	0	44	39	26	20	75	0	0	0	0	0	0	0	0	0	0	0	0	0	0	0	0	0	0	0	1
ASV_16S_185	Bacteria	Bacteroidota	Bacteroidia	Bacteroidales	Tannerellaceae	Parabacteroides	NA	0	0	0	0	0	0	0	0	0	0	0	0	0	0	0	0	0	0	0	0	0	0	0	0	0	0	0	0	0	0	0	0	0	0	0	0	0	0	0	0	0	0	0	0	0	0	0	0	0	0	0	0	0	0	0	0	0	0	0	0	0	0	0	0	0	0	0	0	0	0	0	0	0	0	0	0	0	0	0	0	0	0	0	0	0	0	0	0	0	0	0	0	0	0	0	0	0	0	0	0	0	698	0	0	0	0	0	0	0	0	0	0	0	0	0	0	0	0	0	0	0	0	0	0	0	0	0	0	0	0	0	0	0	0	0	0	0	0	0	0
ASV_16S_186	Bacteria	Firmicutes	Clostridia	NA	NA	NA	NA	0	0	76	11	2	10	3	0	6	0	2	3	0	4	0	0	0	0	0	0	1	0	0	1	0	12	0	0	3	6	0	0	6	11	0	1	3	2	1	3	6	9	4	10	0	0	0	3	7	0	4	4	0	0	0	6	5	0	0	0	0	8	0	2	5	0	0	0	0	0	0	20	13	10	10	6	10	8	12	35	7	11	2	0	7	0	0	3	2	8	0	2	0	5	0	12	9	5	8	0	2	0	0	0	8	0	4	20	2	11	5	0	0	0	10	12	0	11	0	14	5	10	0	6	3	0	6	22	1	10	0	0	0	0	0	12	6	0	10	8
ASV_16S_187	Bacteria	Firmicutes	Clostridia	Lachnospirales	Lachnospiraceae	NA	NA	0	5	19	0	0	20	3	1	13	5	12	3	6	4	16	0	4	9	16	22	0	0	9	0	2	0	0	0	0	2	13	0	17	13	0	12	0	9	0	0	0	13	0	41	23	3	7	19	0	6	2	4	0	7	0	0	1	4	2	4	12	24	10	27	45	2	0	5	0	6	0	0	0	11	0	12	6	0	6	17	0	0	0	0	0	0	0	0	0	0	0	0	0	0	0	0	0	0	0	1	0	4	1	0	14	18	5	12	1	9	0	0	0	0	0	0	0	0	0	2	0	2	0	0	0	0	0	0	0	2	0	0	0	0	0	0	0	0	0	3
ASV_16S_188	Bacteria	Firmicutes	Clostridia	Lachnospirales	Lachnospiraceae	NA	NA	0	0	0	0	0	0	0	0	0	0	0	0	0	0	2	0	12	0	0	0	12	0	40	39	8	17	16	15	11	0	0	37	20	27	0	0	13	0	0	25	0	3	0	0	4	0	0	0	12	0	0	0	0	0	0	4	4	3	0	0	0	0	0	3	0	0	0	0	0	0	0	0	0	0	0	0	5	0	0	0	14	9	3	0	3	5	1	0	7	0	0	0	2	0	0	0	12	0	0	6	0	25	5	0	8	13	0	58	0	0	10	7	18	0	23	19	9	16	0	13	0	0	0	0	0	0	1	0	5	0	0	0	0	0	0	0	0	0	0	0
ASV_16S_189	Bacteria	Firmicutes	Clostridia	Lachnospirales	Lachnospiraceae	NA	NA	0	0	0	0	0	0	0	0	0	0	0	0	0	0	0	0	0	0	0	0	0	0	0	0	0	0	0	0	0	0	0	0	0	0	0	0	0	0	0	0	0	0	0	0	0	0	0	0	0	0	0	0	0	0	0	0	0	0	0	0	0	0	0	0	0	0	0	0	0	0	6	0	15	0	0	1	0	0	0	0	16	10	7	0	23	16	3	19	12	0	0	0	0	1	0	11	19	8	27	0	0	0	0	0	0	0	0	0	0	0	0	0	0	0	0	0	0	0	0	0	0	0	20	6	153	9	0	124	15	28	0	0	0	7	0	25	0	0	18	16
ASV_16S_19	Bacteria	Firmicutes	Clostridia	Lachnospirales	Lachnospiraceae	NA	NA	257	810	660	770	305	950	262	624	633	202	420	614	677	142	447	288	1049	1055	785	1425	25	101	851	24	164	317	180	81	103	79	39	145	171	58	173	82	118	146	59	246	681	1284	678	430	1467	887	519	1172	290	137	343	14	185	106	867	189	467	259	197	635	514	751	99	685	1432	157	70	95	222	307	26	14	29	33	0	357	11	9	38	168	14	41	5	64	46	0	0	0	0	5	12	18	0	0	15	10	0	7	15	0	331	47	2	28	11	1965	330	333	598	508	13	0	0	0	13	14	0	0	12	8	19	34	4	36	25	6	2	17	33	16	21	21	0	16	6	10	5	0	16	9
ASV_16S_190	Bacteria	Firmicutes	Clostridia	NA	NA	NA	NA	0	0	0	0	0	0	0	0	0	0	0	0	0	0	0	0	0	0	0	0	0	0	0	0	0	0	0	0	0	0	0	0	0	0	0	0	0	0	0	0	0	0	0	0	0	0	0	0	0	0	0	0	0	0	0	0	0	0	0	0	9	8	5	11	38	1	0	1	7	0	0	0	0	0	0	20	4	9	9	24	11	12	12	0	7	0	7	3	8	4	0	5	0	2	2	0	9	0	0	1	0	0	0	0	0	0	0	0	0	0	21	0	8	0	11	39	11	0	0	15	5	18	5	22	8	0	7	47	3	16	4	5	11	17	27	15	35	0	2	16
ASV_16S_191	Bacteria	Firmicutes	Clostridia	Lachnospirales	Lachnospiraceae	ASF356	NA	0	0	0	0	0	0	0	0	0	0	0	2	0	0	0	0	0	18	0	0	0	0	0	0	0	0	0	0	0	0	0	0	0	0	12	0	0	0	0	0	0	0	74	21	0	3	36	0	0	0	22	28	0	0	0	0	0	71	96	86	0	0	0	0	0	0	0	0	0	0	0	1	0	0	0	4	4	0	6	6	0	0	11	0	0	0	0	0	0	0	0	0	0	0	0	0	0	0	0	0	3	3	0	1	4	0	0	0	1	0	0	1	0	0	0	0	0	0	0	2	0	0	68	0	0	0	0	0	0	0	0	0	0	0	0	0	0	0	0	0
ASV_16S_192	Bacteria	Firmicutes	Clostridia	Lachnospirales	Lachnospiraceae	NA	NA	0	0	6	0	2	0	1	4	0	0	9	7	6	8	0	0	2	19	4	6	0	0	0	0	0	0	0	0	0	0	1	0	0	1	5	1	2	0	5	2	5	4	2	1	14	0	0	7	6	5	2	0	8	7	9	0	0	3	21	0	0	0	0	0	3	0	0	0	1	0	0	0	0	0	3	0	0	0	0	3	0	7	0	0	0	0	0	0	0	0	0	0	5	0	0	0	0	0	7	0	0	0	0	0	0	5	6	0	2	2	0	2	3	14	0	0	2	2	1	3	4	0	37	1	139	0	0	8	0	0	0	0	24	10	1	63	28	3	0	0
ASV_16S_193	Bacteria	Firmicutes	Clostridia	Oscillospirales	NA	NA	NA	0	0	0	0	5	0	0	0	0	0	15	0	0	0	5	0	0	0	0	0	0	0	0	0	0	0	0	0	0	0	0	0	0	0	8	0	0	0	0	5	22	0	0	0	0	0	0	0	0	0	0	0	0	0	0	0	0	15	0	0	0	0	13	0	0	0	0	0	0	11	0	0	0	0	0	0	0	0	0	0	0	0	0	0	0	0	0	0	0	0	0	0	0	0	0	0	0	0	0	0	52	0	0	33	77	30	59	76	102	0	0	0	0	0	0	0	24	0	0	0	0	17	0	0	0	0	0	0	0	0	0	0	0	0	0	5	0	0	0	0
ASV_16S_194	Bacteria	Firmicutes	Bacilli	Erysipelotrichales	Erysipelatoclostridiaceae	Erysipelatoclostridium	NA	6	6	29	4	2	2	1	3	1	0	0	1	0	0	8	10	8	18	0	25	45	2	29	3	13	0	0	0	1	8	6	30	3	1	17	3	8	4	17	14	2	53	0	18	28	0	1	15	14	2	4	0	8	0	0	2	7	0	0	10	0	2	2	6	5	0	1	5	1	0	7	0	0	0	0	3	0	0	0	13	0	0	0	0	0	0	0	0	0	0	0	0	0	0	0	0	0	0	0	0	2	0	0	3	0	9	0	0	0	4	3	1	0	0	4	0	0	0	0	0	1	1	0	0	0	0	0	0	0	0	0	0	0	1	0	0	0	0	0	0
ASV_16S_195	Bacteria	Firmicutes	Clostridia	Clostridiales	Clostridiaceae	NA	NA	0	0	0	0	0	0	0	0	0	0	0	0	0	0	0	0	0	0	0	0	0	0	0	0	0	0	0	0	0	0	0	0	0	0	0	0	0	0	0	0	0	0	0	0	0	0	0	0	0	0	0	0	0	0	0	0	0	0	0	0	0	0	0	0	0	0	0	0	0	0	0	0	0	0	0	0	0	0	0	0	0	0	0	0	0	0	0	0	0	0	0	0	0	0	0	0	0	0	0	0	0	0	0	0	0	0	0	0	0	0	0	0	560	0	0	0	0	0	0	0	0	0	0	0	0	0	0	0	0	0	0	0	0	0	0	0	0	0	0	0
ASV_16S_196	Bacteria	Firmicutes	Bacilli	RF39	NA	NA	NA	0	1	16	0	8	0	0	2	0	2	15	0	0	0	0	0	0	3	0	0	0	2	25	0	54	0	0	23	0	46	0	54	0	0	0	0	0	0	0	0	0	0	0	0	0	0	0	0	0	0	0	0	0	0	0	0	0	0	0	0	0	0	0	0	0	0	0	0	0	0	0	2	2	0	6	0	0	0	0	3	0	0	0	0	0	0	0	0	0	0	0	0	0	0	0	2	0	0	0	0	0	0	0	0	0	0	0	0	0	0	236	45	1	0	0	0	0	0	0	0	0	0	0	0	0	0	0	0	0	0	0	0	0	0	0	9	0	0	0	0
ASV_16S_197	Bacteria	Firmicutes	Clostridia	Lachnospirales	Lachnospiraceae	[Eubacterium] xylanophilum group	NA	0	0	0	0	0	0	0	0	0	0	0	0	0	0	0	0	0	0	0	0	0	0	0	0	0	0	0	1	0	1	0	0	0	0	0	0	0	0	0	0	0	0	0	0	0	0	0	0	0	0	0	0	0	0	0	0	0	0	0	0	0	0	0	0	0	0	0	0	0	0	0	0	0	0	0	153	81	4	0	140	0	0	0	0	0	0	0	0	0	0	0	0	0	0	0	15	41	0	13	12	0	0	0	0	0	0	0	0	0	0	0	0	0	0	0	0	0	0	0	0	0	0	0	0	0	0	0	0	0	0	0	0	0	0	0	39	40	3	7	6
ASV_16S_198	Bacteria	Firmicutes	Clostridia	Lachnospirales	Lachnospiraceae	Lactonifactor	NA	1	0	0	5	0	11	0	0	4	0	5	4	0	0	0	0	3	0	2	0	0	22	55	15	0	0	0	0	9	19	42	21	0	13	0	4	14	5	8	0	0	0	0	0	0	0	0	4	0	1	0	0	0	0	2	2	0	0	0	0	0	13	4	5	0	2	0	2	0	1	0	4	3	7	0	4	7	0	3	17	3	0	5	2	0	0	0	0	0	0	2	0	5	0	1	0	0	4	0	0	6	0	0	6	14	48	7	17	9	9	18	4	0	5	0	9	3	9	11	0	0	0	0	0	0	0	0	0	0	0	0	0	0	0	0	0	0	3	0	0
ASV_16S_199	Bacteria	Firmicutes	Bacilli	RF39	NA	NA	NA	0	5	0	0	0	0	3	0	0	0	4	2	0	0	0	29	0	0	0	11	6	8	0	0	7	0	0	0	0	3	0	0	0	0	0	0	0	0	0	0	10	0	11	21	4	7	0	0	0	0	0	0	0	5	0	0	0	0	2	21	0	0	0	0	0	4	0	0	0	0	26	12	5	0	13	0	0	3	7	3	0	0	0	0	0	0	0	0	0	0	0	0	0	0	0	5	0	0	0	1	0	26	0	0	1	3	0	0	0	0	5	0	67	0	0	3	0	0	0	0	18	0	0	0	0	0	0	0	0	0	0	0	73	0	0	6	52	0	28	0
ASV_16S_2	Bacteria	Verrucomicrobiota	Verrucomicrobiae	Verrucomicrobiales	Akkermansiaceae	Akkermansia	NA	16	8	16	9	17	13	17	14	10	14	17	9	17	9	17	10	14	13	10	7	8	8	12	7	10	16	16	16	14	10	17	13	18	13	25	13	16	21	19	13	18	14	17	23	13	13	12	19	12	7	11	7	15	7	10	11	6	14	12	13	16	14	26	14	17	14	14	10	0	14	13	12	14	8	3	27	21	11	18	17	14	20	18	10	140	68470	55854	67816	107958	65264	59770	87471	48552	44593	40599	47714	81162	42816	81304	72779	8	12	14	18	8	36	19	22	25	23	18	12	12	15	26	16	8	10	19	12	18	16	13	11	12	36640	90928	31486	34407	50995	75723	47903	24836	33744	57515	33443	68056	30806	29409	54
ASV_16S_20	Bacteria	Firmicutes	Clostridia	Peptostreptococcales-Tissierellales	Peptostreptococcaceae	Romboutsia	NA	0	0	0	0	0	0	0	0	3	5	0	0	0	0	5	0	0	0	0	0	0	0	0	0	3	0	1	0	0	0	0	4	0	0	0	0	4	0	0	0	0	0	0	0	3	0	0	2	0	2	0	0	0	4	4	0	2	0	0	0	3	3	0	0	0	0	2	3	0	0	1	0	0	3	0	0	0	3	0	0	2	2	0	0	0	0	0	0	3	0	0	2	4	4	0	0	0	0	0	0	0	0	0	0	0	0	6	0	0	0	2682	1549	18376	15	593	7018	17	98	428	2445	0	0	0	0	0	0	3	0	0	0	0	0	0	0	0	0	3	0	0	0
ASV_16S_200	Bacteria	Firmicutes	Bacilli	Lactobacillales	Lactobacillaceae	Lactobacillus	NA	0	4	6	3	3	9	0	0	0	5	7	3	4	0	5	6	0	11	6	2	3	4	2	7	5	4	0	4	2	6	5	3	5	4	2	2	7	0	8	4	0	4	4	0	8	0	0	0	3	1	0	0	4	0	8	5	5	5	1	8	2	0	7	5	0	4	0	2	0	5	3	7	1	4	0	5	6	2	4	6	6	4	5	2	4	3	4	4	5	5	0	4	0	0	0	5	6	6	0	6	3	2	8	5	6	4	7	0	6	2	7	8	4	2	4	5	0	4	5	7	6	4	0	4	6	5	6	0	3	3	5	0	3	7	5	0	1	3	7	7
ASV_16S_201	Bacteria	Proteobacteria	Gammaproteobacteria	Enterobacterales	Enterobacteriaceae	NA	NA	0	2	1	0	7	7	0	2	5	1	0	0	4	0	2	8	5	2	4	3	9	2	4	5	0	7	8	6	5	5	4	0	8	6	0	0	4	0	1	5	3	10	5	0	3	4	2	0	0	0	2	0	0	0	0	2	3	4	5	4	9	6	3	4	3	2	0	0	0	8	3	0	4	4	6	4	0	0	0	6	5	0	0	9	4	2	3	4	3	0	3	2	0	6	8	3	2	7	0	5	0	2	5	0	2	5	6	7	0	3	5	0	5	6	9	7	3	4	3	3	7	0	5	8	6	0	8	5	5	5	3	6	7	6	6	5	0	4	5	6
ASV_16S_202	Bacteria	Firmicutes	Clostridia	Lachnospirales	Lachnospiraceae	Anaerostipes	NA	0	0	0	0	0	0	0	0	0	0	0	0	0	0	0	5	0	2	0	1	18	2	26	4	4	7	3	1	7	18	27	0	2	8	3	3	6	4	3	3	0	0	0	0	0	2	0	2	1	1	0	0	1	6	0	0	5	2	0	1	0	3	15	2	4	0	1	0	1	0	3	3	0	0	0	1	1	1	0	0	1	3	2	1	0	0	2	0	0	0	3	0	4	3	3	0	9	0	7	6	0	19	10	7	12	16	0	0	1	6	10	4	13	0	22	16	1	3	14	12	0	3	0	0	0	0	1	0	0	0	4	3	27	0	2	0	6	3	1	0
ASV_16S_203	Bacteria	Firmicutes	Clostridia	Lachnospirales	Lachnospiraceae	NA	NA	0	0	0	0	0	6	0	0	0	2	10	0	0	4	0	11	0	0	4	0	0	11	13	4	0	0	1	0	0	0	0	14	7	0	0	9	19	12	30	11	0	0	0	2	4	0	2	6	6	2	0	0	0	3	0	0	0	10	0	1	18	47	6	25	51	0	11	0	0	4	0	0	0	0	0	14	7	0	0	6	1	0	8	0	0	0	0	0	0	2	7	0	0	0	0	0	2	0	0	0	0	0	1	0	0	5	0	7	0	0	5	6	3	0	10	7	0	2	0	0	0	1	0	0	4	0	1	0	0	0	0	0	0	0	0	0	0	0	2	0
ASV_16S_204	Bacteria	Firmicutes	Bacilli	Lactobacillales	Enterococcaceae	NA	NA	0	0	0	0	0	1	0	3	2	0	5	0	0	1	0	0	0	2	0	2	16	10	45	11	0	16	1	5	0	0	66	21	0	3	12	0	0	8	16	0	0	6	0	0	3	0	0	0	0	0	2	0	0	0	0	0	0	0	0	0	0	2	20	5	4	0	0	0	0	0	0	0	0	2	4	0	5	0	0	0	0	50	18	8	13	13	0	3	15	5	0	0	0	0	0	0	4	0	3	0	0	0	0	0	0	0	3	5	0	0	0	0	0	0	0	0	0	11	0	0	0	0	0	3	0	0	0	0	0	0	4	0	2	0	3	2	0	0	0	0
ASV_16S_205	Bacteria	Firmicutes	Clostridia	Lachnospirales	Lachnospiraceae	Lachnospira	NA	0	0	0	4	2	7	0	0	0	0	3	3	4	5	0	0	0	0	0	8	0	6	6	0	0	0	0	0	5	2	5	8	15	0	0	3	0	0	0	4	0	0	0	0	7	0	4	0	0	0	0	0	4	0	3	0	0	0	0	0	3	14	4	15	0	0	0	0	0	0	0	0	9	10	0	7	5	3	3	0	2	15	0	0	0	0	0	0	0	3	0	0	0	0	0	0	0	0	4	0	0	21	7	0	18	54	4	5	15	20	12	11	0	0	5	15	9	0	0	27	4	12	3	0	0	0	0	0	0	0	0	0	0	0	0	2	5	0	0	0
ASV_16S_206	Bacteria	Firmicutes	Clostridia	Lachnospirales	Lachnospiraceae	Roseburia	NA	0	28	3	5	1	5	0	0	13	21	0	7	0	0	0	0	0	0	0	0	0	7	13	0	0	25	0	0	23	37	0	84	1	0	0	0	0	0	0	0	0	0	0	0	0	0	0	0	0	0	0	0	0	0	0	0	0	0	0	0	1	0	0	0	0	0	0	3	0	0	0	4	0	0	0	0	0	2	0	0	0	0	0	0	0	0	0	0	0	0	3	5	0	15	1	0	0	5	0	1	0	0	0	0	0	0	0	0	0	0	5	13	0	13	6	9	11	0	3	0	0	0	0	0	0	0	0	0	0	0	18	23	0	4	10	0	0	1	0	6
ASV_16S_207	Bacteria	Firmicutes	Clostridia	Oscillospirales	Ruminococcaceae	Negativibacillus	NA	6	5	51	6	0	35	0	0	13	0	4	51	8	0	5	0	10	26	0	6	0	0	0	0	0	0	0	0	0	0	0	0	0	0	0	0	0	0	0	0	0	149	0	21	12	0	0	15	0	0	0	0	3	0	3	0	0	0	0	0	0	0	0	0	0	0	0	0	0	0	0	0	0	0	0	0	0	0	0	0	0	0	0	0	0	0	0	0	0	0	0	0	0	0	0	0	0	0	0	0	0	0	0	0	0	0	0	0	0	0	0	0	0	0	0	0	0	0	0	0	0	0	0	0	0	0	0	0	0	0	0	0	0	0	0	0	0	0	0	0
ASV_16S_208	Bacteria	Firmicutes	Clostridia	Lachnospirales	Lachnospiraceae	Blautia	NA	0	0	0	0	0	0	0	0	0	0	0	0	0	0	0	0	0	0	0	0	0	0	0	0	0	0	0	0	0	0	0	0	0	0	0	0	0	0	0	0	0	0	0	0	0	0	0	0	0	0	0	0	0	0	0	0	0	0	0	0	0	0	0	0	0	0	0	0	0	0	0	0	0	4	0	0	0	0	0	0	34	0	0	0	4	0	0	0	0	0	0	0	10	0	0	8	0	11	8	0	0	9	0	0	0	7	8	10	11	0	4	11	15	0	15	43	56	31	5	19	0	0	0	0	7	0	0	0	0	0	0	12	15	4	0	23	8	3	12	9
ASV_16S_209	Bacteria	Firmicutes	Clostridia	Lachnospirales	Lachnospiraceae	[Acetivibrio] ethanolgignens group	NA	2	10	30	0	0	0	3	6	0	3	9	8	6	2	6	3	7	39	2	3	11	0	0	2	0	0	0	0	0	4	0	11	0	0	4	0	2	0	0	0	12	13	0	6	22	0	2	19	0	26	1	0	3	34	11	3	0	8	9	6	0	0	4	0	0	2	5	0	0	0	1	0	3	1	0	0	0	0	0	0	0	0	0	0	0	0	0	0	0	0	0	0	0	0	0	0	0	0	0	0	10	0	0	4	0	6	7	0	9	0	0	0	0	0	0	0	0	0	0	0	0	0	5	0	4	0	0	2	0	0	0	0	0	0	0	0	0	0	0	0
ASV_16S_21	Bacteria	Firmicutes	Clostridia	Lachnospirales	Lachnospiraceae	NA	NA	65	0	873	59	1	1	311	0	19	0	526	0	431	575	54	45	413	303	606	321	301	4	943	416	0	8	213	0	41	0	194	0	3	289	26	805	166	805	477	419	562	271	366	58	54	172	103	270	189	36	596	383	445	407	217	346	377	356	287	718	163	143	275	115	53	33	351	23	47	168	125	48	153	134	230	250	175	18	404	352	410	213	70	84	263	94	45	250	159	40	0	3	114	4	32	119	0	1	420	273	19	1507	559	347	886	525	578	619	214	184	5	27	172	190	4	583	208	854	135	83	294	95	450	441	367	39	11	304	80	112	0	7	550	42	13	88	18	3	15	114
ASV_16S_210	Bacteria	Firmicutes	Clostridia	Lachnospirales	Lachnospiraceae	NA	NA	3	7	0	1	0	2	0	0	27	0	2	4	0	0	5	0	21	10	0	4	0	45	20	0	26	3	0	1	6	0	9	34	0	0	0	0	24	5	0	17	0	0	8	25	4	0	0	8	0	0	0	1	0	0	0	0	0	0	10	19	0	10	0	0	0	0	0	0	0	0	0	0	0	0	0	0	0	0	0	0	0	0	0	0	0	0	0	0	1	0	0	0	0	0	0	0	0	0	0	0	0	0	0	1	0	9	0	0	0	5	0	0	0	0	0	0	0	0	0	0	0	0	0	0	0	0	0	0	0	0	0	0	0	0	0	0	0	0	0	0
ASV_16S_211	Bacteria	Firmicutes	Bacilli	Lactobacillales	Streptococcaceae	Streptococcus	NA	0	5	0	0	0	1	0	3	2	0	0	1	2	3	1	1	0	0	2	6	4	5	52	0	15	0	0	2	0	26	0	8	0	0	9	9	7	0	0	10	4	6	0	11	0	0	0	5	3	1	0	0	0	0	1	0	0	1	0	0	3	4	0	0	4	0	3	0	0	4	1	2	0	5	2	0	3	0	3	6	0	5	0	2	0	0	0	0	2	0	2	0	3	1	0	0	5	0	0	13	0	3	0	0	0	0	0	1	0	0	4	0	11	0	15	6	0	0	0	0	3	7	5	6	0	0	1	2	4	0	4	0	7	9	2	0	4	2	0	1
ASV_16S_212	Bacteria	Firmicutes	Clostridia	Oscillospirales	Oscillospiraceae	Intestinimonas	NA	0	0	19	7	4	3	6	0	4	12	3	22	0	1	0	0	75	5	0	3	2	3	7	0	17	2	2	4	0	0	7	10	6	0	3	0	11	10	1	0	0	4	6	5	10	0	0	0	7	0	0	0	0	2	3	30	6	0	0	5	1	10	0	0	5	0	0	0	0	0	1	0	0	0	0	0	0	0	0	0	2	0	0	0	0	0	0	0	0	0	0	0	0	0	0	0	0	0	0	0	0	3	3	0	2	3	1	6	0	4	0	0	0	0	0	0	0	1	0	0	0	0	0	0	1	0	0	0	0	0	0	0	0	2	0	3	0	0	0	1
ASV_16S_213	Bacteria	Bacteroidota	Bacteroidia	Bacteroidales	Bacteroidaceae	Bacteroides	NA	0	0	0	0	2	8	1	1	7	0	2	5	0	5	8	2	5	0	0	0	0	5	0	11	3	4	0	3	0	0	0	4	0	0	0	0	0	4	0	0	0	0	7	17	0	0	12	0	3	2	0	0	0	0	2	1	5	3	2	5	0	0	0	0	2	4	0	2	3	5	5	4	0	6	5	6	14	5	6	5	0	3	0	0	0	2	0	5	0	5	4	3	3	4	9	2	0	1	3	11	3	1	0	0	0	0	5	7	0	9	4	0	0	0	0	2	0	0	0	6	6	0	6	2	6	4	7	2	0	0	0	0	2	5	6	3	5	0	0	0
ASV_16S_214	Bacteria	Firmicutes	Clostridia	Lachnospirales	Lachnospiraceae	NA	NA	0	0	0	0	0	0	276	0	0	0	0	0	0	0	0	0	0	0	0	0	2	0	0	2	0	0	3	0	0	0	0	0	0	0	0	0	0	0	0	0	0	0	0	0	0	0	0	0	0	0	0	0	0	0	0	0	0	0	0	0	0	0	0	0	0	0	0	0	0	0	0	0	0	0	0	0	0	0	0	0	0	0	0	0	0	0	0	0	0	0	0	0	0	0	0	0	0	0	0	0	0	0	0	0	0	0	2	6	2	0	0	0	0	55	0	0	0	0	0	0	0	0	0	0	0	0	0	0	0	0	0	0	0	0	0	0	0	0	0	0
ASV_16S_215	Bacteria	Firmicutes	Bacilli	Erysipelotrichales	Erysipelotrichaceae	NA	NA	6	3	4	9	3	0	3	2	8	0	6	2	0	2	0	2	1	6	0	3	2	0	0	4	0	0	5	2	0	6	0	4	3	4	5	2	0	5	0	3	2	3	2	0	0	0	4	0	4	0	0	0	0	0	4	4	6	1	3	3	4	8	6	0	3	1	4	1	0	0	4	3	2	3	0	8	3	3	0	4	1	3	5	0	0	0	1	0	5	0	2	1	4	3	0	0	0	0	4	3	4	6	3	0	0	8	0	3	4	3	3	0	6	4	0	5	0	4	4	2	5	0	4	5	0	3	4	3	0	4	0	7	0	3	3	4	1	3	3	2
ASV_16S_216	Bacteria	Firmicutes	Clostridia	Lachnospirales	Lachnospiraceae	NA	NA	0	0	0	0	0	0	0	0	0	0	0	0	0	0	0	0	0	0	0	0	0	0	0	0	0	0	0	0	0	0	0	0	0	0	0	0	0	0	0	0	0	0	0	0	0	0	0	9	0	0	0	0	0	0	0	0	0	0	0	0	0	0	0	0	0	0	0	0	0	5	0	0	0	0	0	0	0	0	0	0	0	0	0	0	0	0	0	0	0	0	0	0	0	0	0	0	0	0	0	0	0	0	0	0	0	0	0	0	0	0	37	21	69	27	0	67	31	61	0	0	0	0	0	0	0	0	0	0	0	7	0	0	0	0	0	0	0	0	0	0
ASV_16S_217	Bacteria	Bacteroidota	Bacteroidia	Bacteroidales	Bacteroidaceae	Bacteroides	NA	0	4	0	5	0	4	4	0	6	4	5	0	3	0	5	4	5	0	2	0	0	0	0	0	0	0	0	0	0	6	0	0	0	0	0	0	3	10	0	0	4	0	5	21	7	0	0	4	0	0	1	0	0	4	6	0	3	5	0	0	5	3	0	0	0	0	0	0	0	5	2	6	2	5	0	5	7	0	5	5	3	0	5	0	2	2	4	4	0	13	5	11	0	7	0	3	4	3	3	0	0	0	0	0	0	0	5	0	0	6	0	0	5	0	0	10	0	0	0	2	12	0	0	7	2	6	6	0	0	3	0	0	0	0	0	3	0	0	2	5
ASV_16S_218	Bacteria	Firmicutes	Clostridia	Lachnospirales	Lachnospiraceae	Roseburia	NA	0	0	0	0	0	0	0	0	0	0	0	0	0	0	0	0	0	0	0	0	0	0	0	0	0	0	0	0	0	0	0	0	0	0	0	0	0	0	0	0	0	0	0	0	0	0	0	0	0	0	0	0	0	0	0	0	0	0	0	0	0	0	0	0	0	0	0	0	0	0	3	0	0	7	0	0	0	0	0	0	12	7	0	0	12	0	0	14	6	0	0	0	0	0	0	4	11	3	25	0	0	0	0	0	0	0	0	0	0	0	0	0	0	0	0	0	0	0	0	0	0	0	14	3	60	0	0	56	0	20	0	0	0	0	0	19	19	6	17	5
ASV_16S_219	Bacteria	Firmicutes	Clostridia	Peptostreptococcales-Tissierellales	Anaerovoracaceae	NA	NA	3	0	43	13	7	8	5	0	17	1	4	0	4	3	2	1	30	0	16	0	0	0	6	0	2	0	0	1	0	0	0	0	0	0	3	0	3	0	0	4	5	34	12	20	18	0	0	5	0	0	0	0	0	0	0	5	0	0	0	0	0	0	0	0	0	0	1	0	0	0	0	0	0	0	0	0	0	0	0	2	0	2	0	0	0	0	0	0	0	0	0	0	0	0	0	0	0	0	0	0	0	0	0	0	0	4	0	0	0	7	0	0	0	0	6	0	4	0	0	0	0	0	0	0	4	0	0	3	0	1	0	0	0	0	0	2	0	0	0	1
ASV_16S_22	Bacteria	Firmicutes	Clostridia	Lachnospirales	Lachnospiraceae	Lachnoclostridium	NA	30	136	321	70	113	61	111	108	193	23	0	0	397	6	0	381	0	0	47	77	231	306	484	1012	576	420	463	497	841	1443	1471	30	632	4	65	2062	299	109	605	166	3	114	0	0	619	8	5	247	25	100	0	0	10	412	200	76	60	0	0	0	51	42	179	50	67	17	12	111	36	58	79	6	43	88	28	56	21	16	7	44	847	314	127	60	133	0	30	281	244	22	0	0	0	25	0	286	173	308	298	89	449	455	428	209	398	337	268	179	267	36	144	333	1333	361	147	270	612	704	281	131	109	122	157	502	825	11	57	498	56	0	0	0	0	27	3	226	233	213	72	362
ASV_16S_220	Bacteria	Firmicutes	Clostridia	Oscillospirales	Ruminococcaceae	Paludicola	NA	2	1	18	7	3	1	1	5	11	0	2	3	3	1	0	3	2	10	4	4	1	0	4	0	0	2	2	1	0	2	8	0	0	0	0	2	0	1	0	0	3	9	2	8	12	0	0	7	0	0	3	0	0	3	2	8	3	4	0	4	1	1	0	2	7	0	5	0	0	2	4	0	2	0	0	5	0	3	9	25	2	3	0	4	2	0	1	0	0	0	0	0	0	0	0	1	1	0	0	1	5	0	0	1	8	1	2	0	2	3	2	0	0	0	0	0	4	0	0	0	0	2	3	8	3	2	0	4	1	0	3	0	0	0	0	1	1	0	2	1
ASV_16S_221	Bacteria	Firmicutes	Clostridia	Lachnospirales	Lachnospiraceae	NA	NA	0	0	0	0	0	0	9	7	0	2	13	3	10	1	0	4	8	0	0	0	0	0	0	0	0	0	0	0	0	2	0	0	1	0	0	0	0	0	6	0	6	0	0	4	28	0	2	22	12	0	5	0	5	63	16	0	0	20	26	0	0	0	0	0	5	0	0	0	0	0	0	0	0	0	0	0	0	0	0	0	0	0	0	0	0	0	0	0	0	0	0	0	0	0	0	0	0	0	0	0	8	0	0	5	5	0	0	0	10	1	0	0	0	0	0	0	0	0	0	0	0	0	0	0	0	0	0	0	0	0	0	0	0	0	0	0	0	0	0	0
ASV_16S_222	Bacteria	Firmicutes	Clostridia	Lachnospirales	Lachnospiraceae	Blautia	NA	0	0	0	0	0	0	0	0	0	0	0	0	0	0	0	0	0	0	0	0	0	0	0	0	0	0	0	0	0	0	0	0	0	0	0	0	0	0	0	0	0	0	0	0	0	0	0	0	0	0	0	0	0	0	0	0	0	0	0	0	0	0	0	0	0	0	0	0	0	0	0	0	1	3	0	0	0	0	0	0	2	2	0	0	3	0	0	0	0	0	0	0	0	8	1	5	0	0	0	0	0	0	0	0	0	0	0	0	0	0	0	0	6	45	1	12	6	3	0	7	1	6	6	13	71	0	0	18	0	0	0	3	0	2	0	69	1	0	1	9
ASV_16S_223	Bacteria	Firmicutes	Clostridia	Lachnospirales	Lachnospiraceae	NA	NA	0	0	0	0	0	0	0	0	0	0	0	0	0	0	0	0	0	0	0	0	0	0	0	0	0	0	0	0	0	0	0	0	0	0	0	0	0	0	0	0	0	0	0	0	0	0	0	0	0	0	0	0	0	0	0	0	0	0	0	0	0	0	0	0	0	0	0	0	0	0	0	0	0	0	0	0	0	0	0	0	0	0	0	0	0	22	16	21	16	12	0	0	0	0	0	0	0	0	0	0	0	0	0	0	0	0	0	0	0	0	0	0	0	0	0	0	0	0	0	0	0	0	0	0	0	32	49	35	23	65	0	0	0	0	0	0	0	0	0	0
ASV_16S_224	Bacteria	Firmicutes	Bacilli	Staphylococcales	Staphylococcaceae	NA	NA	0	0	0	0	0	0	0	0	0	0	0	0	0	0	0	0	0	0	0	0	4	0	0	10	0	11	5	0	0	0	0	18	0	0	0	0	0	0	0	0	0	1	1	0	0	0	0	0	0	0	0	0	0	0	0	0	0	0	0	0	0	0	7	3	2	0	0	0	0	2	0	0	0	0	0	2	0	0	3	2	0	11	9	7	19	0	0	0	67	0	0	0	0	0	0	0	6	0	0	0	0	4	0	0	0	2	2	0	0	0	4	6	0	0	1	0	10	0	1	0	0	0	0	0	0	0	0	7	0	0	0	0	0	60	0	0	0	0	0	0
ASV_16S_225	Bacteria	Bacteroidota	Bacteroidia	Bacteroidales	Rikenellaceae	Alistipes	NA	0	4	3	0	0	0	0	3	0	7	4	1	0	0	6	0	0	2	8	0	4	2	0	4	1	2	0	0	4	1	0	6	4	0	5	5	2	6	2	4	0	5	0	0	4	2	0	3	6	3	0	4	0	0	0	0	0	0	4	0	4	0	0	6	6	0	0	0	0	4	3	3	0	3	5	6	0	0	0	7	3	3	0	6	6	0	0	2	2	4	0	0	0	3	5	0	0	0	0	5	0	3	0	0	0	0	2	0	0	5	0	2	3	0	6	0	0	0	0	2	7	0	0	4	0	5	7	0	0	0	4	0	0	3	7	1	0	0	0	0
ASV_16S_226	Bacteria	Firmicutes	Clostridia	NA	NA	NA	NA	0	2	21	4	0	0	2	0	7	0	3	2	0	4	0	2	6	6	10	0	1	0	4	0	4	0	0	0	0	0	0	1	0	0	0	1	0	0	0	0	2	9	5	16	9	2	0	6	2	0	2	6	0	0	3	3	1	0	0	3	4	8	0	10	3	2	0	0	0	0	6	0	3	6	0	5	0	2	0	8	0	2	0	1	0	0	0	0	0	6	5	2	0	0	1	2	4	0	0	0	0	0	0	0	0	3	0	1	0	5	0	0	0	0	0	0	0	0	1	0	2	6	0	4	3	0	0	0	0	0	4	0	0	2	1	0	3	0	2	2
ASV_16S_227	Bacteria	Verrucomicrobiota	Verrucomicrobiae	Verrucomicrobiales	Akkermansiaceae	Akkermansia	NA	0	0	0	0	0	0	0	0	0	0	0	0	0	0	0	0	0	0	0	0	0	0	0	0	0	0	0	0	0	0	0	0	0	0	0	0	0	0	0	0	0	0	0	0	0	0	0	0	0	0	0	0	0	0	0	0	0	0	0	0	0	0	0	0	0	0	0	0	0	0	0	0	0	0	0	0	0	0	0	0	0	0	0	0	0	0	0	0	266	0	0	0	0	0	0	0	0	0	0	0	0	0	0	0	0	0	0	0	0	0	0	0	0	0	0	0	0	0	0	0	0	0	0	0	0	0	0	0	0	0	0	0	0	0	0	0	0	0	0	0
ASV_16S_228	Bacteria	Firmicutes	Clostridia	Lachnospirales	Lachnospiraceae	NA	NA	0	13	0	0	0	0	6	10	3	0	11	0	0	0	4	0	4	0	0	0	0	0	0	0	0	0	0	0	0	0	0	0	0	0	0	0	0	0	0	0	0	27	9	0	6	6	0	0	0	6	0	0	24	0	0	2	26	15	15	0	0	0	0	0	0	0	0	0	7	0	2	3	0	7	0	4	0	0	0	1	0	0	0	0	0	0	1	0	0	0	0	0	0	0	0	0	0	0	1	0	0	0	0	0	0	0	0	0	0	0	0	0	0	4	0	0	0	0	0	0	0	0	0	1	35	0	0	3	0	0	0	0	0	0	0	9	0	0	0	0
ASV_16S_229	Bacteria	Firmicutes	Clostridia	Lachnospirales	Lachnospiraceae	Lachnospiraceae UCG-001	NA	0	0	0	0	0	0	0	5	0	0	0	0	6	0	2	0	2	0	0	0	0	0	0	0	0	0	0	0	0	0	0	0	4	0	0	29	0	2	0	4	0	0	0	0	0	0	0	0	4	5	0	0	5	24	6	0	0	0	0	5	0	0	9	0	0	0	0	8	0	1	0	0	0	4	8	0	0	0	0	11	0	0	0	6	0	0	0	0	0	1	0	0	0	0	0	0	0	0	0	0	19	1	5	5	10	0	8	0	6	0	0	0	0	12	0	0	0	0	0	6	0	0	0	15	0	0	1	3	0	0	0	0	0	0	0	0	11	0	0	7
ASV_16S_23	Bacteria	Firmicutes	Clostridia	Clostridia UCG-014	NA	NA	NA	102	0	0	100	58	0	0	84	30	5	189	66	0	11	0	0	261	125	0	0	92	5	0	0	234	0	0	3	529	110	0	295	0	31	5	0	397	948	0	0	38	0	1084	1684	0	54	85	0	102	1	0	52	89	0	4	3	11	1	35	70	855	1496	14	1	0	279	159	0	4	535	47	117	208	3	314	0	296	6	5	35	395	1724	252	949	212	0	68	0	2	586	0	0	1213	5	0	14	23	0	27	36	0	577	451	0	3	673	145	0	0	587	3907	190	372	0	749	7	300	268	259	7	131	1397	9	507	100	0	40	881	0	106	0	0	94	6	0	27	247	0	85	62
ASV_16S_230	Bacteria	Bacteroidota	Bacteroidia	Bacteroidales	Bacteroidaceae	Bacteroides	NA	11	0	0	15	0	0	0	3	0	0	0	0	4	7	0	0	0	0	0	0	0	5	0	0	0	0	0	0	7	0	0	0	14	0	6	2	2	8	6	0	0	0	0	0	0	5	0	10	0	0	0	0	0	0	0	5	0	2	0	0	10	0	0	0	6	0	0	5	0	6	0	0	6	0	0	0	0	0	3	0	0	0	9	8	0	0	0	0	0	0	1	0	5	0	0	0	0	3	1	0	0	4	0	8	5	0	4	0	0	0	0	0	7	0	6	13	0	0	0	0	0	7	0	1	0	0	0	0	0	0	0	0	0	0	0	2	0	0	6	9
ASV_16S_231	Bacteria	Firmicutes	Clostridia	Peptostreptococcales-Tissierellales	Peptostreptococcaceae	NA	NA	0	0	233	0	0	0	0	0	0	0	0	0	0	0	0	0	0	0	0	0	0	0	0	0	0	0	0	0	0	0	0	0	0	0	0	0	0	0	0	0	0	0	0	0	0	0	0	0	0	0	0	0	0	0	0	0	0	0	0	0	0	0	0	0	0	0	0	0	0	0	0	0	0	0	0	0	0	0	0	0	0	0	0	0	0	0	0	0	0	0	0	0	0	0	0	0	0	0	0	0	0	0	0	0	0	0	0	0	0	0	0	0	0	0	0	0	0	0	0	0	0	0	0	0	0	0	0	0	0	0	0	0	0	0	0	0	0	0	0	0
ASV_16S_232	Bacteria	Firmicutes	Clostridia	Lachnospirales	Lachnospiraceae	NA	NA	0	0	0	0	0	0	0	0	0	0	0	0	0	0	0	0	0	0	0	0	0	0	0	0	0	0	0	0	0	0	15	0	0	0	0	0	0	0	0	0	0	0	19	0	0	0	0	0	0	0	0	0	0	0	0	0	0	0	0	0	0	0	0	0	5	0	0	4	0	1	0	0	0	6	5	0	0	0	1	0	0	0	0	1	0	0	1	0	0	0	0	0	13	0	4	0	0	0	0	0	7	0	0	5	25	0	55	13	8	6	0	0	0	0	0	0	16	0	0	0	0	4	0	4	0	0	0	0	0	2	0	0	0	1	0	0	0	0	3	0
ASV_16S_233	Bacteria	Firmicutes	Clostridia	Lachnospirales	Lachnospiraceae	Murimonas	NA	0	0	0	0	0	0	0	0	0	0	0	0	0	0	0	0	0	0	0	0	0	0	0	0	0	0	0	0	0	0	0	0	0	0	0	0	0	0	0	0	0	0	0	1	0	0	0	0	0	0	0	0	0	0	0	0	0	0	0	0	0	69	11	0	0	1	0	0	3	2	10	1	0	14	1	3	3	4	2	59	0	11	3	4	0	0	0	1	0	0	0	2	0	0	0	0	0	0	0	2	1	0	0	0	0	7	0	0	0	3	0	0	0	0	0	2	0	0	0	0	0	0	0	0	0	0	0	0	0	0	0	0	0	0	0	0	0	0	0	0
ASV_16S_234	Bacteria	Firmicutes	Clostridia	Oscillospirales	Ruminococcaceae	Candidatus Soleaferrea	NA	0	0	0	0	0	0	0	0	0	0	3	0	2	4	0	0	0	0	6	0	3	2	1	0	0	0	0	0	0	0	6	4	0	0	0	0	0	0	2	2	0	2	0	0	0	0	0	0	0	0	0	0	0	2	0	0	0	0	1	0	2	0	10	19	0	0	0	0	0	0	0	1	10	0	4	2	0	1	0	3	1	4	0	3	0	0	0	0	0	1	0	0	0	0	0	0	0	0	0	3	4	6	4	5	4	11	5	7	3	3	0	0	0	23	9	0	0	0	0	0	0	3	2	2	0	0	0	0	0	0	3	0	0	2	0	0	0	0	0	1
ASV_16S_235	Bacteria	Firmicutes	Clostridia	Lachnospirales	Lachnospiraceae	NA	NA	0	0	0	0	0	0	0	0	0	0	0	0	0	0	0	0	0	0	0	0	0	0	0	0	0	0	0	0	0	0	0	0	0	0	0	0	0	0	0	0	0	0	0	0	0	0	0	0	0	0	0	0	0	0	0	0	0	0	0	0	0	0	0	0	0	0	0	0	0	0	24	11	9	21	17	11	6	0	7	35	0	0	0	0	0	0	0	0	0	0	0	0	0	1	6	3	0	0	0	0	0	0	0	0	0	0	0	0	0	0	0	0	0	0	4	0	0	0	0	0	0	0	0	0	0	0	0	0	0	0	22	0	4	6	0	0	0	0	2	0
ASV_16S_236	Bacteria	Firmicutes	Clostridia	NA	NA	NA	NA	0	0	0	0	0	0	0	0	0	0	0	0	0	0	0	0	0	0	0	0	0	0	0	0	0	0	0	0	0	0	0	0	0	0	0	0	0	0	0	0	0	0	0	0	0	0	0	0	0	0	0	0	0	0	0	0	0	0	0	0	0	0	0	0	0	0	0	0	0	0	0	0	0	0	0	0	0	0	0	0	0	0	0	0	0	0	0	0	0	0	0	0	0	0	0	0	0	0	0	0	0	0	0	0	0	0	0	0	0	0	0	0	32	8	0	3	21	30	43	47	0	0	0	0	0	0	0	0	0	0	0	0	0	0	0	0	0	0	0	0
ASV_16S_237	Bacteria	Firmicutes	Clostridia	Lachnospirales	Lachnospiraceae	NA	NA	0	0	0	0	0	0	0	0	0	0	0	0	0	0	0	0	0	0	0	0	0	0	0	0	0	0	0	0	0	0	0	0	0	0	0	0	0	0	0	0	0	0	0	0	0	0	0	0	0	0	0	0	0	0	0	0	0	0	0	0	0	0	0	0	0	0	0	0	0	0	0	4	0	0	0	0	0	0	0	0	0	5	1	2	11	0	2	0	6	0	0	0	0	0	0	0	0	0	10	1	0	0	0	0	0	0	0	0	0	0	0	0	0	0	0	0	0	0	0	0	6	6	0	0	52	2	6	42	3	0	0	0	0	0	0	9	0	0	9	0
ASV_16S_238	Bacteria	Firmicutes	Clostridia	Lachnospirales	Lachnospiraceae	Lachnospira	NA	1	0	0	0	0	0	0	2	3	0	0	0	0	3	1	1	0	0	0	0	14	0	0	0	0	0	0	3	0	6	0	0	0	5	0	0	0	4	4	0	0	0	0	0	4	0	0	4	0	0	0	0	0	2	0	2	2	0	0	0	0	7	0	0	0	0	0	0	0	0	0	4	0	0	4	0	7	0	0	0	0	0	0	0	0	0	0	0	0	0	0	0	0	0	0	0	0	0	0	0	6	12	5	0	0	0	0	5	0	0	16	7	0	0	0	22	4	4	9	0	0	0	0	0	0	0	0	0	0	0	0	0	0	0	0	0	0	0	0	0
ASV_16S_239	Bacteria	Firmicutes	Clostridia	Lachnospirales	Lachnospiraceae	NA	NA	0	35	0	0	11	0	0	0	0	13	0	0	0	0	0	5	0	0	7	14	0	0	0	0	0	0	0	0	0	4	0	0	0	0	0	0	0	0	0	0	4	0	0	0	0	0	0	0	0	0	0	1	0	0	0	0	0	6	0	0	0	0	0	0	0	0	0	0	0	0	0	10	0	0	10	0	0	0	0	0	0	0	0	0	0	0	0	0	3	0	0	0	0	0	0	0	0	0	0	0	0	0	0	0	0	0	0	0	0	0	0	0	7	0	0	0	22	10	0	7	0	0	0	0	0	0	0	0	0	0	0	0	0	0	3	0	0	0	0	0
ASV_16S_24	Bacteria	Firmicutes	Clostridia	Oscillospirales	NA	NA	NA	33	31	33	17	41	62	86	64	30	25	6	9	7	34	11	12	26	43	10	73	304	150	278	875	430	1092	1209	263	838	474	1582	789	164	215	100	305	166	188	481	19	30	118	15	39	138	18	4	118	175	15	7	41	28	28	84	10	20	8	7	31	170	54	309	12	62	205	195	613	12	441	146	161	128	77	58	80	155	9	249	428	62	257	20	268	199	408	173	169	4	98	66	11	211	160	192	25	496	58	368	182	35	11	269	5	496	215	106	17	561	73	440	101	64	13	460	398	2201	1687	474	247	244	162	48	125	4	66	18	40	0	26	19	4	54	37	58	11	163	45	70	148
ASV_16S_240	Bacteria	Firmicutes	Clostridia	Lachnospirales	Lachnospiraceae	Lachnospiraceae UCG-001	NA	0	0	9	0	0	0	0	2	0	0	0	8	0	0	0	1	0	5	0	7	0	2	9	0	8	0	0	0	0	3	9	0	0	0	0	3	0	4	0	0	0	3	0	0	10	0	0	0	4	0	0	0	0	0	0	0	5	0	0	0	0	5	0	0	3	0	0	0	0	0	4	0	0	0	0	2	0	0	0	7	0	9	0	2	0	0	0	1	0	1	0	0	0	0	0	0	0	0	0	0	0	3	0	0	0	0	0	0	0	0	10	0	0	0	0	5	0	0	0	0	0	4	0	8	5	0	0	0	0	2	0	0	0	0	0	3	0	1	0	4
ASV_16S_241	Bacteria	Bacteroidota	Bacteroidia	Bacteroidales	Bacteroidaceae	Bacteroides	NA	0	0	0	5	0	0	0	0	0	0	3	1	0	0	0	0	3	0	3	3	3	0	0	0	0	5	0	5	0	3	0	0	4	0	5	0	5	0	0	2	0	0	0	6	0	0	3	0	0	2	0	3	2	0	3	1	0	2	3	3	0	0	5	5	0	0	0	0	3	2	0	0	1	0	2	0	0	0	4	0	0	4	4	0	0	6	0	0	0	0	0	0	0	0	0	5	4	4	2	0	0	3	0	0	2	0	1	0	0	0	0	3	0	0	1	3	0	2	0	0	0	0	0	0	4	0	4	3	0	0	4	0	0	2	0	0	0	4	4	2
ASV_16S_242	Bacteria	Firmicutes	Bacilli	Erysipelotrichales	Erysipelotrichaceae	Dubosiella	NA	0	3	0	0	3	0	2	0	0	0	0	0	2	0	2	2	0	1	1	0	3	3	3	0	0	2	0	1	0	3	0	0	2	0	0	2	0	0	0	2	1	4	0	0	0	1	2	2	0	0	0	2	2	0	3	1	2	2	0	1	2	6	0	1	0	0	0	0	0	0	0	1	0	6	0	4	2	0	1	1	0	0	0	6	5	0	0	0	0	0	0	3	1	0	1	2	3	3	0	3	3	0	2	0	8	3	0	2	4	3	0	0	0	4	1	2	0	0	0	3	0	0	0	2	0	0	5	2	0	1	1	0	0	2	2	3	0	0	0	2
ASV_16S_243	Bacteria	Firmicutes	Clostridia	Lachnospirales	Lachnospiraceae	NA	NA	0	0	0	0	0	0	0	0	0	0	0	0	0	0	0	0	0	0	0	0	0	0	0	0	0	0	0	0	0	0	0	0	0	0	0	0	0	0	0	0	0	0	0	0	0	0	0	0	0	0	0	0	0	0	0	0	0	0	0	0	0	0	0	0	0	0	0	0	0	0	0	0	0	0	0	0	0	0	0	0	0	0	0	0	0	17	12	11	4	2	0	0	0	0	0	0	0	0	0	0	0	0	0	0	0	0	0	0	0	0	0	0	0	0	0	0	0	0	0	0	0	0	0	0	0	12	20	24	19	44	0	0	0	0	0	0	0	0	0	0
ASV_16S_244	Bacteria	Firmicutes	Clostridia	Oscillospirales	Oscillospiraceae	NA	NA	0	0	0	0	0	0	0	0	0	0	0	0	0	0	0	0	0	0	0	0	0	0	0	0	0	0	0	0	0	0	0	0	0	0	0	0	0	0	0	0	0	0	0	0	0	0	0	0	0	0	0	0	0	0	0	0	0	0	0	0	0	0	0	0	0	0	0	0	0	0	0	0	0	0	0	0	0	0	0	0	0	0	0	0	0	9	8	12	7	6	0	0	0	0	0	0	0	0	0	0	0	0	0	0	0	0	0	0	0	0	0	0	0	0	0	0	0	0	0	0	0	0	0	0	0	21	16	42	18	20	0	0	0	0	0	0	0	0	0	0
ASV_16S_245	Bacteria	Firmicutes	Clostridia	Lachnospirales	Lachnospiraceae	NA	NA	0	6	0	0	0	0	0	0	0	0	15	0	4	0	0	6	5	0	13	3	0	0	0	0	0	1	0	0	0	0	0	0	0	0	0	0	0	0	0	0	0	7	1	5	1	4	1	7	2	5	0	0	3	8	9	0	3	12	6	1	0	0	0	0	0	0	0	0	3	0	0	0	0	0	3	0	0	0	0	0	1	0	0	0	0	0	0	0	1	0	0	0	0	0	0	0	0	0	1	0	2	0	0	0	0	0	0	0	0	0	0	0	0	0	0	0	0	0	0	0	2	0	0	0	4	0	0	3	0	0	0	0	1	0	0	6	0	0	0	2
ASV_16S_246	Bacteria	Firmicutes	Clostridia	Lachnospirales	Lachnospiraceae	NA	NA	0	0	0	0	0	0	0	0	0	0	0	0	0	0	0	0	0	0	0	0	0	0	0	0	0	0	0	0	0	0	0	0	0	0	0	0	0	0	0	0	0	0	0	0	0	0	0	0	0	0	0	0	0	0	0	0	0	0	0	0	0	0	0	0	0	0	0	0	0	0	0	0	0	0	0	0	0	0	0	0	0	0	0	0	0	9	9	6	5	7	0	0	0	0	0	0	0	0	0	0	0	0	0	0	0	0	0	0	0	0	0	0	0	0	0	0	0	0	0	0	0	0	0	0	0	6	27	25	17	46	0	0	0	0	0	0	0	0	0	0
ASV_16S_247	Bacteria	Bacteroidota	Bacteroidia	Bacteroidales	Bacteroidaceae	Bacteroides	NA	0	4	0	0	0	2	1	0	0	2	0	0	5	0	0	0	0	0	0	0	0	2	1	0	4	3	3	2	5	0	0	0	4	5	0	1	0	0	0	1	0	0	0	0	2	2	4	0	2	0	0	0	2	3	0	2	0	0	0	0	4	0	5	0	0	0	0	0	0	0	0	0	0	0	0	0	0	5	0	0	3	4	0	0	2	0	0	6	2	0	3	3	7	0	0	4	3	0	0	0	2	0	0	0	0	0	0	0	0	3	4	6	0	2	0	1	0	0	0	0	0	0	4	0	3	0	0	0	3	5	3	0	0	0	0	0	0	0	0	2
ASV_16S_248	Bacteria	Firmicutes	Bacilli	RF39	NA	NA	NA	0	0	0	0	0	0	0	0	0	0	0	0	0	0	0	0	0	0	0	0	0	0	0	0	0	0	0	0	0	0	0	0	0	0	0	0	0	0	0	0	0	0	0	0	0	0	0	0	0	0	0	0	0	0	0	0	0	0	0	0	0	0	0	0	0	0	0	0	0	0	0	0	0	0	0	0	0	0	0	0	0	0	0	0	0	0	0	0	0	0	0	0	0	0	0	0	0	0	0	0	0	0	0	0	0	0	0	0	0	0	1	0	0	0	0	50	0	0	26	70	0	0	0	0	0	0	0	0	0	0	0	0	0	0	0	0	0	0	0	0
ASV_16S_249	Bacteria	Firmicutes	Clostridia	Lachnospirales	Lachnospiraceae	NA	NA	0	0	0	0	0	0	0	0	0	0	0	0	0	0	0	0	0	0	0	0	0	0	0	0	0	0	0	0	0	0	0	0	0	0	0	0	0	0	0	0	0	0	0	0	0	0	0	0	0	0	0	0	0	0	0	0	0	0	0	0	0	0	0	0	0	0	0	0	0	0	0	0	0	0	0	0	0	0	0	0	0	0	0	0	0	0	0	0	0	0	0	0	0	0	0	0	0	57	12	0	0	0	0	0	0	0	0	0	0	0	0	0	0	0	0	0	0	0	0	0	0	0	0	0	0	0	0	0	0	0	0	0	0	0	0	0	0	26	48	0
ASV_16S_25	Bacteria	Firmicutes	Clostridia	Lachnospirales	Lachnospiraceae	GCA-900066575	NA	10	561	1389	41	839	293	105	144	77	161	643	294	430	509	5	263	777	1566	623	24	39	100	82	118	238	220	15	49	19	2091	778	2091	57	287	30	299	514	23	205	51	226	191	107	57	6	58	74	43	88	41	620	3	1052	1054	482	272	539	275	14	209	39	7	29	5	48	8	70	26	3	6	37	7	3	15	4	15	22	25	10	14	17	48	1	5	3	8	12	0	8	1	0	0	4	13	4	7	16	12	1	0	39	161	103	102	199	26	35	120	58	0	273	254	108	138	161	74	303	34	0	73	8	18	2	19	20	8	9	3	9	5	7	28	12	16	0	11	18	13	3	13
ASV_16S_250	Bacteria	Firmicutes	Clostridia	Peptostreptococcales-Tissierellales	Peptostreptococcaceae	NA	NA	0	0	0	0	0	0	0	3	0	0	0	0	0	0	0	0	0	0	0	0	0	0	0	0	0	0	0	0	0	0	0	0	0	0	0	0	0	1	0	0	0	0	0	0	0	0	0	0	0	0	0	0	0	0	0	0	0	0	0	0	0	0	0	0	0	0	0	0	0	0	0	0	0	0	0	0	0	0	0	0	0	0	0	0	0	0	0	0	0	0	0	0	0	0	0	0	0	0	0	0	0	0	0	0	0	0	0	0	0	0	12	0	98	0	0	23	0	0	0	0	0	0	0	0	0	0	0	0	0	0	3	0	0	0	0	0	0	0	0	0
ASV_16S_251	Bacteria	Firmicutes	Clostridia	Eubacteriales	Anaerofustaceae	Anaerofustis	NA	0	2	0	0	0	0	0	0	0	0	0	0	0	0	0	0	0	0	2	0	0	0	21	0	6	7	0	0	2	3	12	0	0	1	3	4	0	3	0	7	0	2	0	2	2	0	0	0	0	0	0	1	0	3	1	0	0	0	0	0	0	0	0	0	4	0	0	0	0	0	0	1	0	2	1	0	0	0	0	0	0	0	0	0	1	0	0	0	0	0	0	0	0	0	0	0	0	0	0	0	0	2	0	0	1	4	0	0	0	0	9	6	3	0	8	6	0	0	2	0	0	0	0	0	0	0	0	0	0	0	0	0	0	0	0	0	0	0	0	0
ASV_16S_252	Bacteria	Firmicutes	Clostridia	Lachnospirales	Lachnospiraceae	ASF356	NA	0	0	0	0	0	0	0	0	0	0	0	0	0	0	0	0	0	0	0	0	0	0	0	0	0	0	0	0	0	0	0	0	0	0	0	0	0	0	0	0	0	0	30	0	0	0	10	0	0	0	5	5	0	0	0	0	0	0	22	28	0	0	0	0	0	0	0	0	0	0	0	0	0	0	0	4	0	0	0	0	0	0	7	0	0	0	0	0	0	0	0	0	0	0	0	0	0	0	0	0	0	0	0	0	3	0	0	0	0	0	0	0	0	0	0	0	0	0	0	2	0	0	17	0	0	0	0	0	0	0	0	0	0	0	0	0	0	0	0	0
ASV_16S_253	Bacteria	Firmicutes	Clostridia	Lachnospirales	Lachnospiraceae	NA	NA	0	0	0	0	0	0	0	0	0	0	0	0	0	0	0	0	0	0	0	0	0	0	0	0	0	0	0	0	0	0	0	0	0	0	0	0	0	0	0	0	0	0	0	0	0	0	0	0	0	0	0	0	0	0	0	0	0	0	0	0	0	0	0	0	0	0	0	0	0	0	0	0	0	0	0	0	0	0	0	0	0	0	0	0	0	71	0	0	60	0	0	0	0	0	0	0	0	0	0	0	0	0	0	0	0	0	0	0	0	0	0	0	0	0	0	0	0	0	0	0	0	0	0	0	0	0	0	0	0	0	0	0	0	0	0	0	0	0	0	0
ASV_16S_254	Bacteria	Firmicutes	Clostridia	Clostridia vadinBB60 group	NA	NA	NA	0	23	0	0	0	0	25	32	0	0	0	1	0	0	37	0	0	0	0	0	0	0	0	0	0	0	0	0	0	0	0	0	0	0	0	0	0	0	0	1	0	0	0	1	0	0	0	0	0	0	0	0	0	0	0	0	0	0	0	0	0	0	0	0	0	0	0	0	0	0	0	0	0	0	0	0	0	0	0	0	0	0	0	0	0	1	0	0	0	0	0	0	0	0	0	0	0	0	0	0	0	0	0	0	0	0	0	5	0	0	0	0	0	0	0	0	0	0	0	0	0	0	0	0	0	0	0	0	0	0	0	0	0	0	0	0	1	0	0	1
ASV_16S_255	Bacteria	Bacteroidota	Bacteroidia	Bacteroidales	NA	NA	NA	3	0	0	0	0	4	4	0	0	0	0	0	3	0	1	0	0	3	0	0	3	0	0	0	0	0	0	0	0	2	3	0	3	0	0	2	0	2	0	0	4	0	0	0	4	0	0	0	0	0	0	0	0	1	3	2	0	2	0	0	0	0	3	5	0	3	0	0	0	0	0	2	4	0	0	0	0	0	0	0	0	0	4	0	0	0	0	2	2	0	0	2	4	1	0	0	0	2	2	0	0	0	0	0	0	6	0	2	0	4	0	0	0	0	0	1	1	0	0	2	0	0	2	0	0	6	0	0	0	2	2	0	3	0	0	0	0	2	3	5
ASV_16S_256	Bacteria	Firmicutes	Clostridia	Monoglobales	Monoglobaceae	Monoglobus	NA	0	0	4	2	1	0	0	0	0	1	1	0	0	0	3	0	0	0	0	0	0	3	1	0	12	0	2	0	0	2	8	0	3	0	0	1	0	4	0	0	2	2	0	0	2	3	0	1	1	1	0	0	0	0	0	5	0	0	0	1	0	0	0	0	0	0	0	0	0	0	0	0	0	0	0	1	0	0	0	0	0	0	0	0	0	2	0	0	5	0	0	0	1	0	0	0	0	0	0	2	0	0	0	0	0	7	0	0	0	0	0	0	3	0	4	7	5	6	0	3	2	0	0	0	0	0	0	0	0	0	0	1	1	0	1	4	0	1	0	0
ASV_16S_257	Bacteria	Firmicutes	Clostridia	Clostridia UCG-014	NA	NA	NA	0	0	0	1	0	0	0	0	0	1	0	0	0	0	0	0	0	0	0	0	0	0	0	0	0	0	1	0	0	0	0	0	0	0	0	0	0	0	0	0	0	0	0	0	3	0	23	4	0	1	0	1	0	0	0	0	0	0	0	0	7	0	2	2	1	0	0	0	0	4	0	3	2	0	0	0	0	0	0	0	0	0	0	0	0	0	0	0	0	0	0	0	0	0	0	0	0	0	0	0	0	0	0	0	0	16	0	3	0	4	0	11	3	0	6	7	0	2	14	0	0	0	0	0	0	0	0	0	0	0	0	0	0	0	0	0	0	0	0	0
ASV_16S_258	Bacteria	Bacteroidota	Bacteroidia	Bacteroidales	Muribaculaceae	Muribaculum	NA	0	0	0	2	0	2	1	0	0	0	0	0	2	3	0	0	1	0	0	0	1	3	0	0	0	0	0	0	0	0	2	0	0	0	0	3	0	0	0	0	1	0	0	0	3	0	0	4	6	0	0	0	4	2	1	3	0	0	1	0	0	0	0	2	1	0	3	4	0	3	0	0	0	0	0	0	0	0	4	1	3	0	0	0	0	2	0	0	0	0	2	0	5	0	0	2	1	0	0	0	0	0	2	1	0	0	0	0	3	3	3	4	1	0	0	2	1	0	0	0	0	0	0	3	5	0	0	0	0	0	3	4	0	0	0	3	4	0	0	1
ASV_16S_259	Bacteria	Firmicutes	Clostridia	Lachnospirales	Lachnospiraceae	Lachnospiraceae NK4A136 group	NA	0	0	0	0	0	0	0	0	0	0	0	0	0	0	0	0	0	0	0	0	0	0	0	0	0	0	0	0	0	0	0	0	0	0	0	0	0	0	0	0	0	0	0	0	0	0	0	0	0	0	0	0	0	0	0	0	0	0	0	0	0	0	0	0	0	0	0	0	118	0	0	0	0	0	0	0	0	0	0	0	0	0	0	0	0	0	0	0	0	0	0	0	0	0	0	0	0	0	0	0	0	0	0	0	0	0	0	0	0	0	0	0	0	0	0	0	0	0	0	0	0	0	0	0	0	0	0	0	0	0	0	0	0	0	0	0	0	0	0	0
ASV_16S_26	Bacteria	Proteobacteria	Gammaproteobacteria	Enterobacterales	Enterobacteriaceae	NA	NA	38	13	76	6	5	6	32	16	0	35	27	15	33	45	115	62	11	11	12	184	101	15	669	5	3	0	29	9	2	671	23	19	119	111	35	47	8	24	78	84	28	16	12	20	41	34	29	726	22	10	1	321	10	13	11	0	6	6	3	52	326	340	871	1199	231	108	27	24	8	392	35	79	22	6	18	7	16	12	10	99	692	1654	2474	1531	1597	296	262	362	436	661	272	53	74	97	120	84	124	22	14	204	14	9	17	63	108	177	30	607	6	30	7	274	9	11	42	72	130	736	215	263	42	208	16	18	13	22	22	22	43	20	14	13	47	4	15	47	19	17	5	48
ASV_16S_260	Bacteria	Bacteroidota	Bacteroidia	Bacteroidales	Muribaculaceae	Muribaculum	NA	3	2	4	0	1	1	0	0	2	0	3	0	0	4	0	0	0	0	0	1	5	0	0	0	0	0	0	2	0	0	0	1	2	0	5	0	0	3	0	0	0	0	0	0	0	0	0	0	0	2	0	0	0	3	5	0	0	0	0	0	0	2	0	3	0	0	3	0	1	0	2	0	3	0	1	4	0	0	0	0	0	1	2	0	0	0	0	2	0	1	0	3	0	1	2	0	3	3	0	2	0	0	2	0	0	0	0	1	0	2	1	0	0	0	0	2	0	0	2	0	0	0	0	0	0	0	2	0	0	0	0	0	0	5	0	3	0	2	0	0
ASV_16S_261	Bacteria	Firmicutes	Clostridia	Lachnospirales	Lachnospiraceae	Lachnospiraceae UCG-001	NA	0	0	0	0	0	0	4	0	0	0	0	0	0	0	0	0	3	0	0	0	0	0	0	0	0	0	0	0	0	2	0	0	6	0	0	10	0	0	0	0	4	0	0	0	0	0	0	0	3	0	0	0	0	10	3	0	0	0	0	2	0	0	3	0	0	0	0	0	0	0	0	0	5	0	3	0	2	0	0	3	0	0	0	0	0	0	0	0	0	0	0	0	0	0	0	0	0	0	0	0	8	0	0	0	0	0	5	0	2	0	0	0	0	0	0	0	0	0	0	3	0	0	0	10	0	0	0	0	0	5	0	0	0	0	0	0	10	0	0	3
ASV_16S_262	Bacteria	Firmicutes	Clostridia	Lachnospirales	Lachnospiraceae	NA	NA	0	0	0	0	0	0	0	0	0	0	0	0	0	0	0	0	0	0	0	0	104	0	0	0	0	0	0	0	0	0	0	0	0	0	0	0	0	0	0	0	0	0	0	0	0	0	0	0	0	0	0	0	0	0	0	0	0	0	0	0	0	0	0	0	0	0	0	0	0	0	0	0	0	0	0	0	0	0	0	0	0	0	0	0	0	0	0	0	0	0	0	0	0	0	0	0	0	0	0	0	0	0	0	0	0	0	0	0	0	0	0	0	0	0	0	0	0	0	0	0	0	0	0	0	0	0	0	0	0	0	0	0	0	0	0	0	0	0	0	0
ASV_16S_263	Bacteria	NA	NA	NA	NA	NA	NA	4	0	1	0	0	0	0	3	0	0	5	0	0	0	1	0	0	0	0	0	0	0	0	0	0	4	0	0	0	0	0	0	0	0	3	0	0	1	0	0	0	0	0	3	0	3	0	2	0	0	0	0	0	0	2	2	0	0	0	0	0	0	3	2	0	0	3	0	0	0	0	2	4	2	0	1	0	0	4	3	5	0	0	3	0	0	0	0	0	0	0	0	0	0	0	0	3	0	0	0	0	0	0	2	0	0	0	4	0	0	1	0	0	0	0	3	0	4	0	0	3	2	2	0	0	0	2	0	0	0	0	0	1	3	0	1	0	3	0	0
ASV_16S_264	Bacteria	Bacteroidota	Bacteroidia	Bacteroidales	NA	NA	NA	1	0	0	2	0	1	0	0	0	0	0	0	0	0	2	0	0	0	0	0	0	0	0	0	0	0	0	0	0	0	1	0	0	0	4	0	1	0	0	1	0	0	0	0	3	0	0	0	2	0	1	0	4	0	0	0	0	0	0	0	2	0	0	0	1	0	0	0	1	0	5	0	0	1	3	2	2	0	0	1	0	0	2	2	4	0	2	0	0	3	0	3	6	3	5	0	0	3	3	0	0	0	1	2	0	0	0	0	0	3	1	0	0	0	0	0	0	0	0	0	0	0	0	0	0	0	3	1	0	1	0	3	2	2	4	0	0	0	0	0
ASV_16S_265	Bacteria	Firmicutes	Clostridia	Lachnospirales	Lachnospiraceae	Lachnospiraceae NK4A136 group	NA	0	0	0	0	0	0	0	0	0	0	0	0	0	0	0	0	0	0	0	0	0	0	0	0	0	0	0	0	0	0	0	0	0	0	0	0	0	0	0	0	0	0	0	0	0	0	0	0	0	0	0	0	0	0	0	0	0	0	0	0	0	0	0	0	0	0	0	0	95	0	0	0	0	0	0	0	0	0	0	0	0	0	0	0	0	0	0	0	0	0	0	0	0	0	0	0	0	0	0	0	0	0	0	0	0	0	0	0	0	0	0	0	0	0	0	0	0	0	0	0	0	0	0	0	0	0	0	0	0	0	0	0	0	0	0	0	0	0	0	0
ASV_16S_266	Bacteria	Bacteroidota	Bacteroidia	Bacteroidales	NA	NA	NA	0	0	0	0	3	1	0	0	0	0	0	0	0	4	0	0	0	0	0	0	0	0	0	0	0	3	0	2	2	0	0	0	1	0	6	3	0	0	3	0	0	0	0	0	6	0	0	0	0	2	0	0	2	0	3	0	2	0	0	0	0	0	1	0	0	0	0	0	0	4	0	0	0	0	0	0	0	0	5	0	1	0	0	0	0	0	0	0	0	0	0	1	0	0	0	0	0	0	3	4	0	0	2	0	0	0	0	0	3	0	0	0	4	0	3	0	4	0	0	2	2	0	0	0	0	0	0	0	0	0	4	2	1	0	1	0	0	0	4	0
ASV_16S_267	Bacteria	Bacteroidota	Bacteroidia	Bacteroidales	NA	NA	NA	0	0	0	0	0	0	0	1	0	0	2	0	2	0	0	2	0	0	0	0	0	0	0	2	2	4	0	2	0	0	0	2	1	0	0	0	0	0	0	0	0	0	0	0	3	0	2	0	0	0	0	0	2	0	0	0	0	1	0	0	0	0	0	0	4	4	0	0	0	3	0	0	2	2	0	0	0	0	0	0	2	0	0	0	0	6	2	0	2	0	0	2	0	0	0	2	0	0	4	0	2	2	0	4	0	0	0	0	1	0	0	0	2	0	2	0	2	0	3	0	0	0	3	0	0	1	0	0	0	0	4	0	0	0	1	0	0	0	0	0
ASV_16S_268	Bacteria	Firmicutes	Clostridia	Lachnospirales	Lachnospiraceae	NA	NA	0	0	0	0	0	0	0	0	0	0	0	0	0	0	0	0	0	0	0	0	0	0	0	0	0	0	0	0	0	0	0	0	0	0	0	0	0	0	0	0	0	0	0	0	0	0	0	0	0	0	0	0	0	0	0	0	0	0	0	0	0	0	0	0	0	0	0	0	0	0	0	0	0	0	0	0	0	0	0	0	0	0	0	0	0	30	13	2	13	0	0	0	2	0	0	1	0	0	0	0	0	0	0	0	0	0	0	0	0	0	0	0	0	0	0	0	0	0	0	0	0	0	0	0	0	9	14	5	1	0	0	0	0	0	0	0	0	0	0	0
ASV_16S_269	Bacteria	Bacteroidota	Bacteroidia	Bacteroidales	Bacteroidaceae	Bacteroides	NA	1	0	0	0	0	0	1	0	0	0	0	0	2	0	4	0	0	7	0	0	0	0	0	0	0	0	1	0	0	0	0	0	0	3	0	0	1	0	0	0	0	0	5	0	6	0	0	0	0	0	0	0	0	0	0	0	0	1	0	0	0	0	4	0	0	1	0	0	0	0	0	0	0	1	1	0	0	0	2	5	0	0	0	1	0	0	1	0	4	0	0	0	0	0	6	0	0	0	0	1	0	0	0	0	0	0	0	0	0	0	2	5	2	3	0	0	0	2	0	0	0	0	0	2	2	0	3	2	0	0	0	4	0	0	0	0	0	0	3	0
ASV_16S_27	Bacteria	Firmicutes	Clostridia	Lachnospirales	Lachnospiraceae	Lachnospiraceae UCG-001	NA	66	191	123	45	124	112	167	164	60	67	215	174	68	36	233	146	179	519	165	123	142	159	163	160	335	80	183	140	116	399	487	356	116	129	150	418	176	179	490	292	377	227	142	211	676	238	80	48	248	221	527	112	723	433	302	45	146	124	233	425	37	44	36	10	121	7	83	57	63	56	104	74	16	98	100	83	35	22	116	110	78	37	20	31	83	81	51	138	49	15	13	6	56	277	30	68	32	29	48	33	179	49	93	216	244	185	389	347	150	57	23	102	161	134	42	366	432	276	49	250	40	50	187	221	213	37	129	257	102	120	13	57	157	181	21	115	41	15	43	84
ASV_16S_270	Bacteria	Firmicutes	Clostridia	NA	NA	NA	NA	0	0	0	5	0	0	0	0	4	0	0	0	0	0	0	0	0	0	0	0	0	0	0	0	0	0	0	0	0	0	0	0	0	0	0	0	0	0	0	0	0	3	0	0	3	0	0	2	0	1	0	0	0	0	2	0	4	0	0	0	0	0	10	0	4	0	5	6	0	0	2	0	0	0	2	0	0	0	0	0	0	0	0	0	0	0	0	0	0	2	0	0	4	0	2	0	0	0	0	0	0	0	0	0	0	0	13	0	0	0	0	0	0	0	0	0	0	0	0	0	3	0	0	0	8	0	0	2	0	0	0	0	0	0	0	0	0	0	0	0
ASV_16S_271	Bacteria	Bacteroidota	Bacteroidia	Bacteroidales	Muribaculaceae	Muribaculum	NA	2	0	6	0	0	0	0	0	2	0	0	0	0	2	0	0	0	0	0	0	0	1	0	1	0	0	0	1	0	0	1	3	0	0	0	0	0	0	0	0	0	0	0	0	0	2	0	0	3	0	0	3	1	0	0	0	0	0	2	0	0	3	0	0	0	0	1	0	0	2	0	0	0	5	0	0	3	0	0	0	0	0	1	2	2	1	0	5	2	0	0	0	0	0	0	0	0	0	0	2	0	0	1	0	0	2	0	1	0	0	2	0	0	0	0	0	0	1	0	0	3	0	0	0	0	0	5	0	0	0	0	1	0	0	2	2	2	0	0	4
ASV_16S_272	Bacteria	Firmicutes	Clostridia	Lachnospirales	Lachnospiraceae	NA	NA	0	0	0	0	0	0	1	1	0	2	3	1	6	1	0	3	3	0	0	0	0	0	0	0	0	0	0	0	0	2	0	0	0	0	0	0	0	0	2	0	4	0	0	2	2	0	3	5	0	0	3	0	0	17	5	0	0	3	2	0	0	0	0	0	0	0	0	0	0	0	0	0	0	0	0	0	0	0	0	0	0	0	0	0	0	0	0	0	0	0	0	0	0	0	0	0	0	0	0	0	2	0	0	4	0	0	0	0	5	1	0	0	0	0	0	0	0	0	0	0	0	0	0	0	0	0	0	0	0	0	0	0	0	0	0	0	0	0	0	0
ASV_16S_273	Bacteria	Firmicutes	NA	NA	NA	NA	NA	0	0	0	0	0	0	0	0	0	0	0	0	0	0	0	0	0	0	0	0	0	0	0	0	0	0	0	0	0	0	0	0	0	0	0	0	0	0	0	0	11	0	9	0	0	0	0	0	0	0	0	0	0	0	12	0	0	0	0	2	0	0	0	0	0	0	0	0	0	0	0	0	0	0	8	0	0	0	10	16	0	0	0	0	0	0	0	0	0	0	0	0	0	0	0	0	0	0	0	0	6	9	0	0	0	0	0	0	0	0	0	0	0	0	0	0	0	0	0	0	0	0	0	0	0	0	0	0	0	0	0	0	0	0	0	0	0	0	0	0
ASV_16S_274	Bacteria	Firmicutes	Clostridia	Lachnospirales	Lachnospiraceae	NA	NA	29	0	0	0	0	0	0	0	0	0	0	0	0	0	0	0	0	0	1	0	15	0	0	0	0	0	0	0	0	0	14	0	0	0	0	0	0	0	2	0	0	0	0	0	0	0	0	0	0	0	0	0	0	0	0	0	0	0	4	0	0	0	0	0	0	0	0	0	0	0	0	0	0	0	0	0	0	0	0	0	0	0	0	0	0	0	0	0	0	0	0	0	0	0	0	0	0	0	0	0	0	0	0	0	0	0	0	0	0	0	2	0	0	0	0	2	0	13	0	0	0	0	0	0	0	0	0	0	0	0	0	0	0	0	0	0	0	0	0	0
ASV_16S_275	Bacteria	Bacteroidota	Bacteroidia	Bacteroidales	NA	NA	NA	1	0	0	0	0	2	0	0	1	1	2	0	0	0	0	0	0	0	0	0	0	0	0	0	0	0	0	0	0	0	2	1	0	4	2	1	0	0	2	0	2	0	0	0	0	0	0	0	0	0	0	0	1	0	0	0	2	0	0	0	0	0	4	0	2	0	2	0	0	0	2	0	0	0	0	0	0	0	0	2	0	1	2	0	0	0	0	0	0	3	0	0	4	0	0	0	0	0	0	2	0	0	0	0	0	4	0	3	0	3	0	0	0	0	4	0	0	0	0	0	3	0	0	0	0	0	0	0	0	0	0	0	4	1	1	4	0	0	0	0
ASV_16S_276	NA	NA	NA	NA	NA	NA	NA	0	0	0	0	0	1	0	1	2	0	0	0	1	0	1	0	0	0	0	0	0	0	1	0	1	0	0	0	2	0	1	4	0	1	0	0	0	0	1	1	0	0	0	6	0	0	0	1	0	0	0	0	0	0	0	1	0	0	0	1	0	1	0	0	1	0	0	0	0	0	0	0	0	0	1	0	0	0	4	3	0	0	0	0	0	0	0	0	1	0	0	2	2	0	0	1	0	0	0	2	0	6	0	0	0	2	0	0	0	0	6	0	0	2	0	2	0	0	0	0	0	0	2	0	0	3	0	0	0	0	0	0	0	0	0	2	3	0	0	2
ASV_16S_277	Bacteria	Bacteroidota	Bacteroidia	Bacteroidales	NA	NA	NA	0	0	0	0	0	1	0	0	0	3	0	0	0	0	0	0	0	1	0	3	0	0	0	0	0	0	0	0	0	0	1	0	1	0	0	0	0	0	0	1	0	0	0	4	0	0	0	0	1	0	0	2	0	0	2	0	0	1	0	0	3	0	0	0	2	3	4	1	0	0	0	2	0	0	0	1	1	0	0	0	0	2	0	0	0	0	0	3	1	1	0	2	0	0	0	0	0	0	0	0	0	0	0	2	0	0	0	2	2	0	0	0	0	0	0	1	0	0	0	1	0	2	0	1	0	1	3	0	0	3	1	0	0	0	1	0	3	2	0	2
ASV_16S_278	Bacteria	Firmicutes	Clostridia	Lachnospirales	Lachnospiraceae	NA	NA	1	12	0	2	4	0	0	0	0	0	0	0	0	2	0	3	0	0	1	0	0	0	0	0	1	0	0	0	0	0	0	0	0	0	0	0	0	0	0	0	3	6	0	0	2	5	0	0	2	0	0	0	12	4	0	0	8	0	1	0	0	0	0	0	0	0	0	0	1	0	0	0	0	0	0	0	0	0	0	0	0	0	0	0	0	0	0	0	0	0	0	0	0	0	0	0	0	0	0	0	0	0	0	0	0	0	0	0	0	0	0	0	0	0	0	0	0	0	0	0	0	0	0	0	0	0	0	0	0	0	0	0	1	0	0	0	0	0	0	0
ASV_16S_279	Bacteria	Bacteroidota	Bacteroidia	Bacteroidales	Rikenellaceae	Alistipes	NA	0	0	1	0	0	0	0	0	5	0	0	0	0	0	0	0	0	0	2	0	0	0	0	0	0	0	0	0	0	0	0	0	0	0	3	0	0	0	0	0	0	0	0	0	2	0	0	0	0	0	0	0	0	0	4	0	0	0	0	0	0	0	0	0	2	0	0	6	0	0	2	0	0	0	0	0	0	4	0	0	0	0	0	0	0	0	0	0	0	0	0	0	5	0	0	0	0	0	0	3	0	0	0	3	0	3	4	3	0	0	0	0	2	0	0	0	0	0	0	1	0	1	0	0	3	2	0	3	0	0	0	0	4	0	0	0	0	0	3	0
ASV_16S_28	Bacteria	Firmicutes	Clostridia	Clostridia UCG-014	NA	NA	NA	27	123	291	82	70	0	142	41	24	10	35	16	82	0	12	8	69	156	80	116	1013	774	182	572	878	0	569	367	74	710	798	33	383	0	425	145	149	656	82	10	8	63	141	312	500	70	126	370	7	77	0	31	0	13	331	110	111	120	11	101	172	289	45	31	81	106	37	139	35	140	35	15	131	171	110	306	4	31	29	32	242	257	225	58	102	0	68	39	29	0	0	0	223	4	0	16	28	83	9	4	72	103	37	103	1576	477	10	77	180	47	72	126	358	101	18	201	40	0	119	7	460	891	272	198	42	5	0	0	203	17	0	0	71	34	0	22	12	79	41	5
ASV_16S_280	NA	NA	NA	NA	NA	NA	NA	0	0	0	0	0	0	0	0	0	0	0	0	0	0	0	0	0	0	1	0	0	1	0	0	1	0	0	2	0	0	0	0	0	0	0	2	0	0	0	0	0	0	2	0	0	2	0	0	0	1	1	0	0	0	0	0	0	0	1	0	0	0	0	1	0	0	0	0	0	0	0	0	1	0	0	0	0	0	0	0	0	0	0	1	3	0	0	1	0	0	0	0	4	0	1	0	0	0	0	0	0	0	0	0	2	2	2	0	3	0	4	0	0	1	4	2	0	1	0	0	0	2	0	2	2	0	0	0	0	0	2	4	0	0	0	0	4	0	3	3
ASV_16S_281	Bacteria	Firmicutes	Clostridia	NA	NA	NA	NA	0	0	0	0	0	0	0	0	0	0	0	0	0	0	0	0	0	0	0	0	0	0	0	0	0	0	0	0	0	0	0	0	0	0	0	0	0	0	0	0	0	0	0	0	0	0	0	0	0	0	0	0	0	0	0	0	0	0	0	0	0	0	0	0	0	0	0	0	56	0	0	0	0	0	0	0	0	0	0	0	0	0	0	0	0	0	0	0	0	0	0	0	0	0	0	0	0	0	0	0	0	0	0	0	0	0	0	0	0	0	0	0	0	0	0	13	0	0	0	0	0	0	0	0	0	0	0	0	0	0	0	0	0	0	0	0	0	0	0	0
ASV_16S_282	Bacteria	Firmicutes	Clostridia	Lachnospirales	Lachnospiraceae	NA	NA	0	0	0	0	0	0	0	0	0	0	6	1	4	0	0	4	0	9	1	0	0	0	0	0	0	0	0	0	0	0	0	0	0	0	0	0	0	0	0	0	13	0	0	0	0	0	0	0	0	0	2	0	0	2	1	0	0	3	0	0	0	0	0	0	0	0	1	0	0	0	0	0	0	0	0	0	0	0	0	0	0	0	0	0	0	0	0	0	0	0	0	0	0	0	0	0	0	0	0	0	0	0	0	0	0	0	1	0	1	0	0	0	0	0	0	0	0	0	0	0	0	0	1	2	10	1	0	1	0	0	0	0	0	0	0	0	0	0	0	3
ASV_16S_283	Bacteria	Firmicutes	Clostridia	Lachnospirales	Lachnospiraceae	Lachnospiraceae NK4A136 group	NA	0	0	0	0	0	0	0	0	0	0	0	0	0	0	0	0	0	0	0	0	0	0	0	0	0	0	0	0	0	0	0	0	0	0	0	0	0	0	0	0	0	0	0	0	0	0	0	0	0	0	0	0	0	0	0	0	0	0	0	0	0	0	0	0	0	0	0	0	67	0	0	0	0	0	0	0	0	0	0	0	0	0	0	0	0	0	0	0	0	0	0	0	0	0	0	0	0	0	0	0	0	0	0	0	0	0	0	0	0	0	0	0	0	0	0	0	0	0	0	0	0	0	0	0	0	0	0	0	0	0	0	0	0	0	0	0	0	0	0	0
ASV_16S_284	Bacteria	Firmicutes	Clostridia	Lachnospirales	Lachnospiraceae	NA	NA	0	0	0	0	0	0	0	0	0	0	0	0	0	0	0	0	0	0	0	0	0	0	0	0	0	0	0	0	0	0	0	0	0	0	0	0	0	0	0	0	0	0	0	0	0	0	0	0	0	0	0	0	0	0	0	0	0	0	0	0	0	0	0	0	0	0	0	0	0	0	0	0	0	0	0	0	0	0	0	0	1	0	0	0	0	0	0	0	6	0	0	0	0	0	0	4	0	2	13	3	0	0	0	0	0	0	0	0	0	0	0	0	0	0	0	0	0	0	0	0	0	0	0	0	0	0	1	14	4	0	0	0	0	0	0	0	10	2	0	7
ASV_16S_285	Bacteria	Bacteroidota	Bacteroidia	Bacteroidales	Bacteroidaceae	Bacteroides	NA	0	0	0	0	2	0	0	0	0	0	4	0	0	0	6	0	0	0	0	0	0	0	0	0	0	0	0	0	0	0	0	0	6	3	0	2	0	0	0	0	0	0	3	0	0	0	0	0	0	0	0	0	0	2	2	2	0	0	0	0	0	0	0	0	0	0	0	0	0	0	1	0	4	0	0	0	0	0	0	0	0	0	0	0	0	0	2	0	0	0	0	0	0	2	0	0	0	3	0	0	0	0	0	0	0	0	0	0	4	0	0	2	0	0	0	0	0	0	0	3	0	0	4	0	0	0	0	0	0	0	0	2	0	0	0	6	0	0	0	0
ASV_16S_286	Bacteria	Firmicutes	Clostridia	Lachnospirales	Lachnospiraceae	NA	NA	0	0	0	0	0	0	0	0	0	0	0	0	0	0	0	0	0	0	0	0	0	0	0	0	0	0	0	0	0	0	0	0	0	0	0	0	0	0	0	0	0	0	0	0	0	0	0	0	0	0	0	0	0	0	0	0	0	0	0	0	0	0	0	0	0	0	0	0	65	0	0	0	0	0	0	0	0	0	0	0	0	0	0	0	0	0	0	0	0	0	0	0	0	0	0	0	0	0	0	0	0	0	0	0	0	0	0	0	0	0	0	0	0	0	0	0	0	0	0	0	0	0	0	0	0	0	0	0	0	0	0	0	0	0	0	0	0	0	0	0
ASV_16S_287	Bacteria	Bacteroidota	Bacteroidia	Bacteroidales	Bacteroidaceae	Bacteroides	NA	0	0	0	0	0	9	0	0	0	8	0	0	0	0	2	0	0	0	10	0	0	0	0	0	4	7	0	0	0	0	0	0	0	3	0	0	0	0	0	0	0	0	0	0	0	0	0	0	0	0	0	0	0	0	0	0	0	0	0	0	0	0	0	0	0	0	0	0	0	0	0	0	0	0	0	0	0	0	0	4	7	0	0	0	0	0	0	0	0	0	0	0	0	0	0	0	0	0	0	0	0	0	0	0	0	0	0	0	0	0	0	0	0	0	0	0	0	0	0	0	0	0	0	0	0	0	9	0	0	0	0	0	0	0	0	0	0	0	0	0
ASV_16S_288	Bacteria	Bacteroidota	Bacteroidia	Bacteroidales	Prevotellaceae	NA	NA	0	0	2	4	0	0	1	0	0	0	0	0	0	0	0	2	0	1	0	3	0	0	0	1	0	0	0	0	2	0	0	0	0	2	3	0	0	0	0	0	0	0	2	0	0	0	0	3	0	0	1	0	0	0	0	0	0	0	0	0	0	1	0	0	0	0	0	0	0	0	2	0	0	0	0	0	0	0	0	0	0	1	0	0	0	0	0	0	0	0	0	0	0	0	0	1	1	0	0	2	0	0	0	0	0	2	0	0	2	1	0	0	0	0	1	0	0	0	0	0	0	0	2	0	0	0	0	3	0	0	2	1	0	0	0	0	0	2	2	2
ASV_16S_289	Bacteria	Firmicutes	Clostridia	Lachnospirales	Lachnospiraceae	NA	NA	0	0	0	0	0	4	0	0	4	0	0	0	0	0	0	0	0	0	0	0	0	0	0	0	0	2	0	0	0	0	0	0	0	0	0	0	0	0	0	0	0	0	0	0	0	0	0	0	0	0	0	0	0	0	0	0	0	0	0	0	0	3	2	0	0	0	0	0	0	0	0	0	0	0	0	0	0	0	0	3	0	5	0	0	2	0	0	0	0	0	0	0	0	0	0	0	3	0	0	0	0	0	0	0	0	0	0	0	0	0	0	0	0	0	0	0	0	1	0	0	0	3	0	9	13	0	0	0	0	0	0	0	0	0	0	0	0	0	0	0
ASV_16S_29	Bacteria	Firmicutes	Clostridia	Lachnospirales	Lachnospiraceae	Marvinbryantia	NA	77	134	115	156	173	182	19	200	124	115	132	130	23	82	126	208	347	116	145	141	259	128	133	112	110	111	81	119	119	134	79	120	308	239	255	168	86	215	245	91	126	238	136	83	208	223	96	169	191	118	56	45	124	144	141	162	158	143	74	154	133	301	111	123	269	80	101	78	15	117	107	114	108	164	64	130	135	68	45	183	204	678	270	91	79	141	32	137	52	83	53	58	116	109	58	67	48	170	54	23	84	138	156	210	188	254	202	719	289	322	218	166	81	414	77	349	140	215	213	188	151	255	126	63	75	31	52	83	92	65	96	147	150	199	183	72	103	76	65	76
ASV_16S_290	Bacteria	Bacteroidota	Bacteroidia	Bacteroidales	Bacteroidaceae	Bacteroides	NA	0	3	0	0	0	0	0	0	0	0	3	0	2	1	0	3	2	0	3	0	0	0	0	0	0	0	3	0	0	0	0	0	0	0	0	0	0	0	0	0	0	0	0	0	3	0	0	0	0	0	0	0	0	0	0	3	0	0	0	0	0	0	0	1	0	0	1	0	0	2	0	0	0	0	1	0	0	0	0	3	0	0	0	0	3	0	0	0	0	2	2	0	1	0	0	2	0	0	0	2	0	0	0	0	0	0	0	0	0	2	0	0	0	0	0	3	0	0	0	0	0	0	0	0	0	0	0	0	0	0	0	0	0	0	0	0	0	0	0	0
ASV_16S_291	Bacteria	Bacteroidota	Bacteroidia	NA	NA	NA	NA	0	0	0	0	0	0	0	0	0	0	0	0	0	0	0	0	0	1	0	0	0	0	0	0	0	0	0	1	0	3	0	0	0	0	0	0	0	2	0	0	0	2	1	0	1	0	0	0	0	0	0	0	0	0	0	0	0	0	1	1	2	0	0	0	0	0	0	0	0	0	0	0	2	0	0	0	2	0	0	1	0	0	1	0	0	0	0	0	0	0	0	0	0	2	0	0	0	1	0	0	0	2	3	0	0	1	0	2	0	0	0	0	0	3	3	0	0	0	0	1	1	0	0	1	0	0	2	0	2	0	3	1	0	0	2	0	0	0	0	0
ASV_16S_292	Bacteria	Bacteroidota	Bacteroidia	Bacteroidales	Muribaculaceae	Muribaculum	NA	0	2	0	0	0	0	0	0	0	0	0	0	2	0	0	0	0	0	2	2	0	0	0	0	0	0	0	0	0	0	0	0	0	0	0	0	3	0	0	0	0	0	0	0	0	0	0	0	0	0	0	0	0	0	0	0	0	0	0	0	3	0	0	0	0	0	3	0	0	0	0	5	0	0	3	2	0	3	1	0	0	0	2	0	0	0	3	0	0	0	2	0	0	0	3	0	1	0	0	0	0	0	0	0	0	0	0	0	0	0	0	0	0	0	0	0	0	0	1	0	5	0	0	0	0	0	0	0	0	0	0	2	0	0	0	0	0	0	0	0
ASV_16S_293	Bacteria	Firmicutes	Clostridia	Lachnospirales	Lachnospiraceae	NA	NA	0	0	0	0	0	0	0	0	0	0	3	0	0	0	0	0	0	0	0	0	0	0	0	0	0	0	0	0	0	2	0	0	0	0	0	1	0	0	0	0	1	0	3	0	0	0	0	0	0	1	1	0	0	0	4	0	0	0	0	0	0	0	0	0	0	0	0	0	15	0	0	0	0	0	0	0	0	0	2	0	0	0	0	0	1	0	0	0	0	0	0	0	0	4	0	0	0	0	0	0	0	0	0	0	0	0	0	0	0	0	0	0	0	0	0	0	0	0	0	2	0	0	0	0	4	0	0	1	0	0	0	0	0	2	0	0	0	0	3	0
ASV_16S_294	Bacteria	Bacteroidota	Bacteroidia	Bacteroidales	NA	NA	NA	0	0	0	0	0	1	0	0	0	0	3	0	1	0	0	0	0	0	0	0	0	0	0	0	0	0	0	0	0	0	0	0	0	0	0	1	0	0	0	5	0	0	0	0	3	0	0	0	0	0	0	0	0	1	1	1	0	0	0	5	0	0	6	0	0	0	0	0	0	0	0	0	0	0	1	2	0	0	1	0	0	1	1	0	0	0	1	0	1	0	1	0	0	1	1	0	0	0	0	0	0	0	0	0	0	0	0	0	0	2	0	0	1	0	0	0	0	0	0	0	0	0	0	1	0	0	0	0	0	0	1	0	0	0	3	0	0	0	1	0
ASV_16S_295	Bacteria	Bacteroidota	Bacteroidia	Bacteroidales	NA	NA	NA	0	0	0	0	2	0	0	0	1	0	0	0	0	0	0	0	0	0	0	0	0	0	0	0	0	0	0	0	0	0	0	0	0	0	0	0	0	0	0	1	0	0	0	0	0	0	0	0	0	2	0	1	0	0	0	0	0	0	2	0	0	2	0	3	0	0	0	0	0	4	0	0	0	3	0	0	0	0	0	0	0	0	0	0	2	0	0	3	2	0	0	0	0	0	0	1	0	0	0	0	0	0	0	0	2	0	3	0	0	2	0	0	2	0	1	0	0	0	0	0	1	0	0	0	0	0	0	0	0	0	0	3	0	0	0	0	1	0	1	1
ASV_16S_296	Bacteria	Proteobacteria	Gammaproteobacteria	Burkholderiales	Sutterellaceae	Parasutterella	NA	0	0	0	0	0	0	0	0	0	2	0	0	2	0	0	0	2	0	1	0	0	0	0	0	0	0	0	0	1	0	0	0	3	0	0	1	0	0	0	1	0	0	2	0	0	0	0	0	0	0	0	3	0	0	0	0	0	0	0	3	0	1	0	0	0	1	0	0	0	0	0	0	0	0	0	0	2	0	0	0	0	1	0	0	0	0	0	0	0	0	0	1	0	2	0	1	3	0	0	0	0	0	0	0	0	0	0	0	0	0	0	0	0	0	0	5	0	0	0	0	0	0	0	1	0	3	0	0	0	0	0	0	1	0	0	1	0	0	0	0
ASV_16S_297	Bacteria	Firmicutes	Clostridia	Lachnospirales	Lachnospiraceae	Lachnospiraceae UCG-006	NA	0	0	0	0	0	0	0	0	0	0	0	0	0	0	0	0	0	0	0	0	0	0	0	0	0	0	0	0	0	0	0	0	0	0	0	0	0	0	0	0	0	0	0	0	0	0	0	0	0	0	0	0	0	0	0	0	0	0	0	0	0	0	0	0	0	0	0	0	0	0	0	0	0	0	0	0	0	0	0	0	0	0	0	0	0	0	0	0	0	0	0	0	0	0	0	0	0	0	0	0	0	0	0	0	0	0	0	0	0	0	0	0	0	0	0	0	0	0	0	0	0	0	0	0	0	0	0	43	0	0	0	0	0	0	0	0	0	0	0	0
ASV_16S_298	Bacteria	Firmicutes	Clostridia	Lachnospirales	Lachnospiraceae	Marvinbryantia	NA	0	0	0	0	0	0	0	0	0	0	0	0	0	0	0	0	0	0	0	0	0	0	0	0	0	0	0	0	0	0	0	0	0	0	0	0	0	0	0	0	0	0	0	0	0	0	0	0	0	0	0	0	0	0	0	0	0	0	0	0	0	0	0	0	0	0	0	0	0	0	0	0	0	0	0	0	0	0	0	0	0	0	0	0	0	0	0	0	0	0	0	0	0	0	0	0	0	0	0	0	0	0	0	0	0	0	0	0	0	0	0	0	0	0	0	42	0	0	0	0	0	0	0	0	0	0	0	0	0	0	0	0	0	0	0	0	0	0	0	0
ASV_16S_299	Bacteria	Firmicutes	Clostridia	Lachnospirales	Lachnospiraceae	Lachnospiraceae UCG-006	NA	0	0	0	0	0	0	0	0	0	0	0	0	0	0	0	0	0	0	0	0	0	0	0	0	0	0	0	0	0	0	0	0	0	0	0	0	0	0	0	0	0	0	0	0	0	0	0	0	0	0	0	0	0	0	0	0	0	0	0	0	0	0	0	0	27	0	0	0	0	0	0	0	0	0	0	0	0	0	0	0	0	0	0	0	0	0	0	0	0	0	0	0	0	0	0	0	0	0	0	0	0	0	0	0	0	0	0	0	0	0	14	0	0	0	0	0	0	0	0	0	0	0	0	0	0	0	0	0	0	0	0	0	0	0	0	0	0	0	0	0
ASV_16S_3	Bacteria	Firmicutes	Clostridia	Oscillospirales	[Eubacterium] coprostanoligenes group	NA	NA	252	3	3102	2486	516	2031	777	909	2320	1899	370	200	479	473	4	1226	515	26	428	1266	6826	2	14487	12819	8051	3907	1982	7840	10346	5217	16154	3331	2005	1228	9	4833	1514	7384	4490	1571	499	1918	2136	5738	5	2	2	1301	1484	190	289	809	0	12	0	401	450	330	38	496	2801	4825	0	0	5684	2	535	160	159	637	1453	538	1891	1705	873	1549	1003	416	1059	1379	11580	7579	1	0	4108	0	620	439	1689	1066	0	241	635	280	3	522	2218	1196	564	315	1199	18071	15710	364	3	13518	3122	2	8	8770	15927	12356	6129	0	30734	3146	6476	11547	5060	15346	1452	4909	0	0	810	0	914	1656	705	1218	0	381	1505	604	4	741	1996	361	2412	1333
ASV_16S_30	Bacteria	Firmicutes	Clostridia	Lachnospirales	Lachnospiraceae	Lachnoclostridium	NA	88	66	432	102	28	304	85	40	173	45	52	69	85	72	145	186	186	115	118	301	320	172	391	214	97	166	116	75	171	176	98	138	266	210	124	148	236	180	145	381	71	288	136	119	227	76	83	187	85	47	47	5	47	71	149	37	52	72	24	79	169	485	102	219	295	37	47	15	36	52	112	47	81	325	37	83	150	48	64	307	89	305	116	108	100	74	52	59	30	76	68	61	240	87	124	50	68	55	51	38	159	138	61	53	163	590	84	804	135	113	283	258	106	206	171	494	125	234	102	160	124	125	173	193	83	46	71	124	75	144	286	135	349	286	190	134	111	42	85	10
ASV_16S_300	Bacteria	Bacteroidota	Bacteroidia	Bacteroidales	NA	NA	NA	0	0	0	2	0	0	0	1	0	2	0	0	0	0	0	0	0	0	0	0	1	0	0	0	0	0	0	0	0	2	0	0	0	0	0	0	0	1	0	0	0	0	0	0	0	0	0	0	0	0	1	2	0	0	0	0	1	0	0	2	0	0	3	2	3	0	0	0	0	0	0	1	1	0	0	0	0	0	0	0	0	0	0	1	2	0	0	0	0	0	1	0	0	0	0	0	0	0	1	0	1	0	0	0	0	1	0	0	0	0	0	0	0	0	2	0	0	0	1	0	1	0	2	0	0	0	0	0	0	0	0	0	0	0	2	0	0	0	0	0
ASV_16S_301	Bacteria	Firmicutes	Clostridia	Lachnospirales	Lachnospiraceae	NA	NA	0	0	0	0	0	0	0	0	0	0	0	0	0	0	0	0	0	0	0	0	0	0	0	0	0	0	0	0	0	0	0	0	0	0	0	0	0	0	0	0	0	0	0	0	0	0	0	0	0	0	0	0	0	0	0	0	0	0	0	0	2	0	0	0	0	0	0	0	9	0	0	0	0	0	0	0	0	0	0	0	0	3	0	0	0	0	0	0	1	0	0	0	0	0	0	0	0	0	0	0	0	0	2	0	0	0	0	12	0	0	2	1	0	1	0	0	0	0	0	0	0	0	0	0	4	0	0	1	1	0	0	0	0	0	0	0	0	0	0	0
ASV_16S_302	Bacteria	Bacteroidota	Bacteroidia	Bacteroidales	Porphyromonadaceae	Porphyromonas	NA	0	1	0	0	0	0	1	0	0	0	0	0	0	0	0	0	0	0	0	1	0	0	0	0	0	0	0	0	0	0	1	0	1	0	0	4	0	0	0	0	1	0	0	0	2	0	0	0	0	0	0	0	0	0	0	1	0	0	0	0	0	0	0	0	0	0	0	0	0	2	2	0	0	0	0	0	0	0	0	0	2	0	0	0	1	0	0	0	0	0	0	0	0	0	0	0	0	0	0	0	0	2	0	0	0	3	0	0	0	0	0	0	0	0	0	0	0	0	0	0	2	0	0	0	0	0	1	0	0	0	0	0	0	0	0	0	4	0	2	0
ASV_16S_303	Bacteria	Actinobacteriota	Coriobacteriia	Coriobacteriales	Eggerthellaceae	Enterorhabdus	NA	0	0	0	0	0	0	0	0	0	0	0	0	0	0	0	0	0	0	0	0	0	0	0	0	0	0	0	0	0	0	0	0	0	0	0	0	0	0	0	0	0	0	0	0	0	0	0	0	0	0	0	0	0	0	0	0	0	0	0	0	0	0	0	0	0	0	0	0	0	0	0	0	0	0	0	0	0	0	0	0	0	0	0	0	0	0	0	6	0	1	0	3	0	1	3	0	0	0	0	0	0	0	0	0	0	0	0	0	0	0	0	0	0	0	0	0	0	0	0	0	0	0	0	0	0	0	0	5	3	4	4	0	0	4	0	0	0	0	0	0
ASV_16S_304	Bacteria	Bacteroidota	Bacteroidia	Bacteroidales	Rikenellaceae	Alistipes	NA	0	0	0	0	0	0	4	0	0	0	0	0	0	0	0	0	0	2	0	0	0	0	0	0	0	1	0	0	0	0	0	0	2	0	2	0	0	0	0	0	3	0	0	0	0	0	0	0	0	0	0	0	0	0	0	0	0	0	2	0	0	0	0	0	0	0	0	0	0	0	0	0	0	0	0	0	0	0	0	0	0	0	0	0	0	0	0	1	0	0	0	0	0	1	0	0	0	0	0	0	3	0	0	0	0	0	6	0	0	0	0	0	0	0	0	0	0	0	0	0	0	0	0	0	0	0	1	0	0	0	2	0	0	0	0	3	0	0	0	0
ASV_16S_305	Bacteria	Bacteroidota	Bacteroidia	Bacteroidales	NA	NA	NA	0	2	0	0	1	0	0	0	0	0	0	0	0	0	2	0	0	0	0	0	0	1	0	0	0	0	0	0	0	0	0	1	0	0	0	0	0	0	0	2	0	0	0	0	0	0	0	0	0	0	0	0	0	0	0	0	0	0	0	0	0	0	1	0	0	2	0	0	0	0	0	0	0	0	0	2	1	2	0	0	1	0	0	0	0	0	0	0	0	0	2	0	0	0	0	0	0	2	0	0	0	0	0	0	0	1	0	0	0	0	0	0	0	0	0	0	0	0	0	0	1	0	0	0	0	0	0	0	3	0	1	1	0	0	0	0	0	0	2	0
ASV_16S_306	Bacteria	Proteobacteria	Alphaproteobacteria	Rickettsiales	Mitochondria	NA	NA	0	0	0	0	0	0	0	0	0	0	0	0	0	0	0	0	0	0	0	0	0	0	10	0	0	0	0	0	0	5	0	0	0	1	0	0	0	0	2	2	0	0	0	0	0	0	0	0	0	0	0	0	0	0	0	0	0	0	0	0	0	0	0	3	0	0	1	0	0	2	0	0	0	0	0	0	0	0	0	0	0	1	0	0	0	0	1	0	0	0	0	0	0	0	0	0	0	0	0	0	0	0	0	0	1	0	0	0	0	0	0	0	0	0	0	1	0	0	0	0	0	0	0	0	0	0	0	0	0	0	0	0	0	0	1	0	0	0	0	0
ASV_16S_307	Bacteria	Firmicutes	Clostridia	Oscillospirales	Ruminococcaceae	Paludicola	NA	0	0	0	1	0	0	0	0	4	0	0	0	0	0	0	0	0	0	0	0	0	0	0	0	0	0	0	0	0	0	0	0	0	0	0	0	0	0	0	0	0	0	1	0	0	0	0	1	0	0	1	0	0	1	0	0	0	0	0	0	0	2	1	1	2	0	1	0	0	0	2	0	0	0	0	1	0	0	2	2	0	0	0	0	2	0	0	0	0	0	0	0	0	0	0	0	0	0	0	0	0	0	0	0	1	0	2	0	1	0	0	0	0	0	0	0	0	0	0	0	0	0	0	0	0	0	0	0	0	1	0	0	0	0	0	0	0	0	0	0
ASV_16S_308	Bacteria	Bacteroidota	Bacteroidia	Bacteroidales	Rikenellaceae	Alistipes	NA	0	0	0	0	0	0	0	0	2	0	0	0	0	0	0	0	0	4	0	0	3	0	0	0	0	0	0	0	0	0	0	0	0	0	0	0	0	0	0	0	0	0	0	0	0	6	0	0	0	0	0	0	0	0	0	0	0	0	0	0	0	0	0	0	5	0	0	0	0	0	0	0	0	0	0	2	0	0	0	0	0	0	0	0	0	0	0	0	0	0	0	0	0	0	0	0	0	0	0	0	0	0	2	0	0	0	0	0	0	0	0	0	0	0	0	0	1	0	0	0	0	0	0	4	0	0	0	0	0	0	0	0	0	0	0	0	0	0	1	0
ASV_16S_309	Bacteria	Firmicutes	Clostridia	Lachnospirales	Lachnospiraceae	Lachnospiraceae UCG-001	NA	0	0	0	0	0	0	0	0	0	0	0	0	0	0	0	0	0	0	0	0	0	0	0	0	0	0	0	0	0	0	0	0	0	0	0	0	0	0	0	0	0	0	0	0	0	0	0	0	0	0	0	0	0	0	0	0	0	0	0	0	0	0	0	0	0	0	0	0	0	0	0	0	0	0	0	0	0	0	0	0	0	0	0	0	0	0	0	0	0	0	0	0	0	0	0	0	0	0	0	0	0	0	0	0	0	0	0	0	0	0	0	0	0	0	0	0	30	0	0	0	0	0	0	0	0	0	0	0	0	0	0	0	0	0	0	0	0	0	0	0
ASV_16S_31	Bacteria	Firmicutes	Clostridia	Lachnospirales	Lachnospiraceae	NA	NA	0	523	3391	0	363	0	2002	1474	0	1	0	0	0	0	0	0	1632	0	0	0	0	220	1559	0	608	0	516	1122	0	0	0	0	0	0	0	0	1293	0	0	0	0	4239	0	0	0	0	0	0	0	0	0	0	0	0	0	499	132	0	0	0	0	0	0	0	0	0	0	0	0	0	0	0	0	0	0	0	0	0	0	0	0	0	0	0	0	0	0	0	0	0	0	0	0	0	0	0	0	0	0	0	0	0	0	0	0	0	0	0	0	1	0	0	0	0	0	0	0	0	0	0	0	0	0	0	0	0	0	0	0	0	0	0	0	0	0	0	0	0	0	0
ASV_16S_310	Bacteria	Firmicutes	Clostridia	Oscillospirales	Ruminococcaceae	Ruminococcus	NA	0	0	0	0	0	0	0	0	27	0	0	0	0	0	0	0	0	0	0	0	0	0	0	0	0	0	0	0	0	0	0	0	0	0	0	0	0	0	0	0	0	0	0	0	0	0	0	0	0	0	0	0	0	0	0	0	0	0	0	0	0	0	0	0	0	0	0	0	0	0	0	0	0	0	0	0	0	0	0	0	0	0	0	0	0	0	0	0	0	0	0	0	0	0	0	0	0	0	0	0	0	0	0	0	0	0	0	0	0	0	0	0	0	0	0	0	0	0	0	0	0	0	0	0	0	0	0	0	0	0	0	0	0	0	0	0	0	0	0	0
ASV_16S_311	Bacteria	Firmicutes	Clostridia	Lachnospirales	Lachnospiraceae	Anaerostignum	NA	0	0	0	0	0	0	0	0	0	0	0	0	0	0	0	0	0	0	0	0	0	0	0	0	0	0	0	0	0	0	0	0	0	0	0	0	0	0	0	0	0	0	0	0	0	0	0	0	0	0	0	0	0	0	0	0	0	0	0	0	0	0	0	0	0	0	0	0	0	0	0	0	0	0	0	0	0	0	0	0	0	0	0	0	0	0	0	2	0	0	0	0	0	0	0	0	0	1	2	0	0	0	0	0	0	0	0	0	0	0	0	0	0	0	0	0	0	0	0	0	0	0	0	0	0	6	1	0	1	4	0	0	0	0	0	6	4	0	0	0
ASV_16S_312	Bacteria	NA	NA	NA	NA	NA	NA	0	0	0	1	1	2	0	0	0	0	1	0	0	0	1	0	0	1	0	0	0	0	0	0	0	0	0	0	2	0	0	0	0	0	0	0	0	0	0	0	0	0	0	0	0	0	0	0	0	0	0	0	0	0	0	0	0	0	0	0	0	0	0	0	2	0	0	0	0	0	0	0	1	0	0	0	0	0	0	0	1	0	3	0	0	0	0	0	0	0	0	0	0	0	0	0	0	0	0	0	0	0	0	0	0	0	0	0	0	0	2	1	0	0	0	1	0	0	0	0	0	0	0	0	0	0	0	0	0	0	0	0	0	0	1	3	0	0	0	0
ASV_16S_313	Bacteria	Proteobacteria	Gammaproteobacteria	Burkholderiales	Neisseriaceae	Neisseria	NA	0	0	0	0	0	0	0	0	0	0	0	0	0	0	0	0	0	0	0	0	0	0	0	0	0	0	0	0	0	0	0	0	0	0	0	0	0	0	0	0	0	0	0	22	0	0	0	0	0	0	0	0	0	0	0	0	0	0	0	0	0	0	0	0	0	0	0	0	0	0	0	0	0	0	0	0	0	0	0	0	0	0	0	0	0	0	0	0	0	0	0	0	0	0	0	0	0	0	0	0	0	0	0	0	0	0	0	0	0	0	0	0	0	0	0	0	0	0	0	0	0	0	0	0	0	0	0	0	0	0	0	0	0	0	0	0	0	0	0	0
ASV_16S_314	Bacteria	Proteobacteria	Gammaproteobacteria	Burkholderiales	Sutterellaceae	Parasutterella	NA	0	0	0	1	0	0	0	0	0	0	0	0	0	0	0	0	0	0	0	0	0	0	0	0	0	0	0	0	0	0	0	0	2	0	0	0	1	0	0	0	3	0	1	0	0	0	0	0	1	0	1	0	0	0	0	0	0	0	0	0	0	0	0	0	0	0	0	0	0	0	1	0	0	0	0	0	0	0	1	1	0	1	0	0	0	0	0	0	0	0	0	0	0	0	1	0	1	0	0	0	0	0	0	0	0	0	1	0	0	0	0	0	0	0	1	0	0	0	0	0	1	0	0	0	2	0	0	0	0	0	0	0	0	0	0	0	0	0	0	0
ASV_16S_315	Bacteria	Bacteroidota	Bacteroidia	Bacteroidales	NA	NA	NA	0	0	0	0	0	0	0	0	1	0	0	0	0	0	0	0	0	0	0	1	0	0	3	0	0	0	0	0	0	0	0	0	0	0	0	0	0	0	0	0	0	0	0	0	0	0	0	0	0	0	0	0	1	2	0	0	0	0	0	0	0	0	0	0	0	0	0	0	0	0	0	2	0	0	0	0	0	0	0	0	0	0	0	0	0	0	0	0	0	0	0	0	0	0	0	0	0	0	0	0	0	0	0	0	0	0	0	4	0	0	0	0	0	0	0	0	0	0	0	0	1	0	0	0	0	0	1	3	0	0	0	1	0	0	1	0	0	0	0	0
ASV_16S_316	Bacteria	Bacteroidota	Bacteroidia	Bacteroidales	Bacteroidaceae	Bacteroides	NA	0	0	0	0	0	0	0	0	0	0	0	0	0	0	0	0	0	0	0	0	0	0	0	0	0	0	0	0	0	0	0	0	0	0	0	0	0	0	0	0	0	0	0	21	0	0	0	0	0	0	0	0	0	0	0	0	0	0	0	0	0	0	0	0	0	0	0	0	0	0	0	0	0	0	0	0	0	0	0	0	0	0	0	0	0	0	0	0	0	0	0	0	0	0	0	0	0	0	0	0	0	0	0	0	0	0	0	0	0	0	0	0	0	0	0	0	0	0	0	0	0	0	0	0	0	0	0	0	0	0	0	0	0	0	0	0	0	0	0	0
ASV_16S_317	Bacteria	Bacteroidota	Bacteroidia	Bacteroidales	Tannerellaceae	Parabacteroides	NA	0	0	0	0	0	0	0	0	0	0	0	0	0	0	0	0	0	0	0	0	0	0	0	0	0	0	0	0	0	0	0	0	0	0	0	0	0	0	0	0	0	0	0	21	0	0	0	0	0	0	0	0	0	0	0	0	0	0	0	0	0	0	0	0	0	0	0	0	0	0	0	0	0	0	0	0	0	0	0	0	0	0	0	0	0	0	0	0	0	0	0	0	0	0	0	0	0	0	0	0	0	0	0	0	0	0	0	0	0	0	0	0	0	0	0	0	0	0	0	0	0	0	0	0	0	0	0	0	0	0	0	0	0	0	0	0	0	0	0	0
ASV_16S_318	Bacteria	Bacteroidota	Bacteroidia	Bacteroidales	Muribaculaceae	Muribaculum	NA	0	0	0	0	0	1	1	0	0	0	0	0	0	0	0	0	3	0	0	0	1	0	0	0	0	0	0	0	0	0	1	0	0	0	0	0	0	0	0	0	0	0	0	0	0	0	0	0	0	0	0	0	2	0	0	0	0	0	0	0	0	0	0	1	1	0	0	3	0	0	0	0	0	0	0	0	0	0	0	0	0	0	0	0	0	0	0	2	0	0	0	0	0	0	0	0	0	0	0	0	0	0	0	0	0	0	2	0	0	0	0	0	0	0	0	0	0	0	0	0	0	0	0	0	2	0	0	0	0	0	0	0	0	0	0	0	0	0	0	0
ASV_16S_319	Bacteria	Firmicutes	Clostridia	Oscillospirales	[Clostridium] methylpentosum group	NA	NA	0	0	0	0	0	0	0	0	0	0	0	0	0	0	0	0	0	0	0	0	0	0	0	0	0	0	0	0	0	0	0	0	0	0	0	0	0	0	0	0	0	0	0	0	0	0	0	0	0	0	0	0	0	0	0	0	0	0	0	0	0	0	3	0	0	0	0	0	0	1	0	0	0	0	0	0	0	0	0	0	0	0	0	0	0	0	0	0	0	0	0	0	0	0	0	0	0	0	0	0	0	0	0	0	3	5	3	0	0	0	0	0	0	0	0	0	2	0	0	0	0	1	0	0	0	0	0	0	0	0	0	0	0	0	0	0	0	0	0	0
ASV_16S_32	Bacteria	Firmicutes	Clostridia	NA	NA	NA	NA	27	40	137	89	34	41	32	76	37	6	36	50	69	36	47	52	83	89	56	102	123	229	234	144	269	122	152	147	118	455	670	219	54	113	248	90	152	107	90	117	11	129	79	147	166	68	15	87	165	52	6	123	63	58	47	80	63	57	38	66	73	68	169	60	94	24	38	50	23	53	61	83	47	39	85	86	56	26	34	106	732	85	42	103	104	171	95	313	153	11	165	44	67	82	83	91	317	118	205	74	171	311	667	89	637	214	92	478	344	197	244	286	306	0	536	433	163	779	121	382	73	57	107	58	87	9	129	199	38	75	175	54	57	73	162	109	158	28	78	225
ASV_16S_320	Bacteria	Firmicutes	Bacilli	Lactobacillales	Streptococcaceae	Streptococcus	NA	0	0	0	0	0	0	0	0	0	0	0	0	0	0	0	0	0	0	0	0	0	0	0	0	0	0	0	0	0	0	0	0	0	0	0	0	0	0	0	0	0	0	0	17	0	0	0	0	0	0	0	0	0	0	0	0	0	0	0	0	0	0	0	0	0	0	0	0	0	0	0	0	0	0	0	0	0	0	0	0	0	0	0	0	0	0	0	0	0	0	0	0	0	0	0	0	0	0	0	0	0	0	0	0	0	0	0	0	0	0	0	0	0	0	0	0	0	0	0	0	0	0	0	0	0	0	0	0	0	0	0	0	0	0	0	0	0	0	0	0
ASV_16S_321	Bacteria	Firmicutes	Clostridia	Lachnospirales	Lachnospiraceae	NA	NA	1	0	0	0	0	0	0	0	0	0	0	0	0	0	0	0	0	0	0	0	0	0	0	0	0	0	0	0	1	0	0	0	0	0	0	0	0	0	0	0	0	0	0	0	0	0	0	0	0	0	0	0	1	0	0	0	0	0	0	0	0	0	0	0	0	0	0	0	0	0	0	0	0	0	0	0	0	0	0	0	0	2	0	0	0	0	0	0	0	0	0	0	0	0	0	0	1	0	0	0	0	0	0	0	0	0	1	0	0	0	0	0	0	0	0	0	0	0	0	0	0	0	0	1	0	0	0	0	0	0	0	1	0	3	0	4	0	0	0	0
ASV_16S_322	Bacteria	NA	NA	NA	NA	NA	NA	0	0	0	0	0	0	0	0	0	0	0	0	0	0	0	0	0	0	0	0	0	0	0	0	0	0	0	0	0	0	0	0	0	0	0	0	0	0	0	0	0	0	0	15	0	0	0	0	0	0	0	0	0	0	0	0	0	0	0	0	0	0	0	0	0	0	0	0	0	0	0	0	0	0	0	0	0	0	0	0	0	0	0	0	0	0	0	0	0	0	0	0	0	0	0	0	0	0	0	0	0	0	0	0	0	0	0	0	0	0	0	0	0	0	0	0	0	0	0	0	0	0	0	0	0	0	0	0	0	0	0	0	0	0	0	0	0	0	0	0
ASV_16S_323	Bacteria	Fusobacteriota	Fusobacteriia	Fusobacteriales	Fusobacteriaceae	Fusobacterium	NA	0	0	0	0	0	0	0	0	0	0	0	0	0	0	0	0	0	0	0	0	0	0	0	0	0	0	0	0	0	0	0	0	0	0	0	0	0	0	0	0	0	0	0	15	0	0	0	0	0	0	0	0	0	0	0	0	0	0	0	0	0	0	0	0	0	0	0	0	0	0	0	0	0	0	0	0	0	0	0	0	0	0	0	0	0	0	0	0	0	0	0	0	0	0	0	0	0	0	0	0	0	0	0	0	0	0	0	0	0	0	0	0	0	0	0	0	0	0	0	0	0	0	0	0	0	0	0	0	0	0	0	0	0	0	0	0	0	0	0	0
ASV_16S_324	Bacteria	Bacteroidota	Bacteroidia	Bacteroidales	Muribaculaceae	Muribaculum	NA	0	0	0	0	0	0	0	0	0	0	0	0	1	0	0	0	0	0	2	0	0	0	0	0	0	0	0	0	0	0	0	0	0	0	0	0	0	0	0	0	0	0	0	0	0	0	0	0	0	0	0	0	0	0	0	0	0	0	5	0	1	0	0	0	0	0	0	0	0	1	0	0	0	0	0	0	0	1	0	0	0	0	0	0	0	0	0	0	0	0	1	0	0	0	0	0	0	0	0	0	0	0	1	0	0	0	0	0	0	0	0	0	0	0	0	0	0	0	1	0	0	0	0	0	0	0	0	0	0	0	0	0	0	0	0	0	0	0	0	0
ASV_16S_325	Bacteria	Cyanobacteria	Cyanobacteriia	Chloroplast	NA	NA	NA	0	0	0	0	0	0	0	0	0	0	0	0	0	0	0	0	0	0	0	0	0	0	0	0	0	0	1	0	0	0	0	0	0	0	0	0	0	0	0	0	0	0	1	0	0	0	0	0	2	0	0	0	0	0	0	0	0	0	0	0	0	0	0	0	0	0	0	0	0	0	0	3	0	0	0	0	0	0	0	2	0	0	0	0	0	0	0	0	0	0	0	0	0	0	0	0	0	0	0	0	0	0	0	0	0	0	0	0	0	0	0	0	0	0	1	0	0	0	0	0	0	0	0	0	0	0	0	0	0	0	0	0	0	0	0	0	3	0	0	0
ASV_16S_326	Bacteria	Proteobacteria	Gammaproteobacteria	Pasteurellales	Pasteurellaceae	NA	NA	0	0	0	0	0	0	0	0	0	0	0	0	0	0	0	0	0	0	0	0	0	0	0	0	0	0	0	0	0	0	0	0	0	0	0	0	0	0	0	0	0	0	0	12	0	0	0	0	0	0	0	0	0	0	0	0	0	0	0	0	0	0	0	0	0	0	0	0	0	0	0	0	0	0	0	0	0	0	0	0	0	0	0	0	0	0	0	0	0	0	0	0	0	0	0	0	0	0	0	0	0	0	0	0	0	0	0	0	0	0	0	0	0	0	0	0	0	0	0	0	0	0	0	0	0	0	0	0	0	0	0	0	0	0	0	0	0	0	0	0
ASV_16S_327	Bacteria	Firmicutes	Clostridia	Lachnospirales	Lachnospiraceae	NA	NA	0	0	0	0	0	0	0	0	0	0	0	0	1	0	0	0	0	0	0	0	0	0	0	0	0	0	0	0	0	0	0	0	0	0	0	0	0	0	0	0	2	0	0	0	0	0	0	3	0	0	1	0	0	0	0	0	0	0	0	0	0	2	0	0	0	0	0	1	0	0	0	0	0	0	0	0	0	0	0	0	0	0	0	0	0	0	0	0	0	0	0	0	0	0	0	0	0	0	0	0	0	0	0	0	0	0	0	0	0	0	0	0	0	0	0	0	0	0	0	0	0	0	0	0	1	0	0	0	0	0	0	0	0	0	0	0	0	0	0	0
ASV_16S_328	Bacteria	Proteobacteria	Gammaproteobacteria	Enterobacterales	Morganellaceae	NA	NA	0	0	0	0	0	0	0	0	0	0	0	0	0	0	0	0	0	0	0	0	0	0	0	0	0	0	0	0	0	0	0	0	0	0	0	0	0	0	0	0	0	0	0	11	0	0	0	0	0	0	0	0	0	0	0	0	0	0	0	0	0	0	0	0	0	0	0	0	0	0	0	0	0	0	0	0	0	0	0	0	0	0	0	0	0	0	0	0	0	0	0	0	0	0	0	0	0	0	0	0	0	0	0	0	0	0	0	0	0	0	0	0	0	0	0	0	0	0	0	0	0	0	0	0	0	0	0	0	0	0	0	0	0	0	0	0	0	0	0	0
ASV_16S_329	Bacteria	Firmicutes	Negativicutes	Veillonellales-Selenomonadales	Veillonellaceae	Veillonella	NA	0	0	0	0	0	0	0	0	0	0	0	0	0	0	0	0	0	0	0	0	0	0	0	0	0	0	0	0	0	0	0	0	0	0	0	0	0	0	0	0	0	0	0	11	0	0	0	0	0	0	0	0	0	0	0	0	0	0	0	0	0	0	0	0	0	0	0	0	0	0	0	0	0	0	0	0	0	0	0	0	0	0	0	0	0	0	0	0	0	0	0	0	0	0	0	0	0	0	0	0	0	0	0	0	0	0	0	0	0	0	0	0	0	0	0	0	0	0	0	0	0	0	0	0	0	0	0	0	0	0	0	0	0	0	0	0	0	0	0	0
ASV_16S_33	Bacteria	Firmicutes	Clostridia	Lachnospirales	Lachnospiraceae	NA	NA	0	0	0	0	0	0	0	0	0	0	163	785	694	1893	111	128	0	0	0	720	0	0	0	0	0	0	0	0	0	0	61	1026	342	1802	791	786	0	0	0	847	0	0	14	0	0	0	155	0	1245	0	0	0	191	0	0	0	0	611	2293	225	73	0	0	0	0	0	0	0	0	0	0	0	57	0	0	0	0	0	109	0	27	0	0	0	0	0	0	0	103	0	0	0	0	0	0	116	0	85	293	0	0	0	0	0	0	0	0	0	1379	0	0	0	0	0	0	0	846	0	0	0	16	0	0	0	0	0	1	0	100	0	0	0	0	0	0	326	0	54	269	0
ASV_16S_330	Bacteria	Bacteroidota	Bacteroidia	Bacteroidales	Bacteroidaceae	Bacteroides	NA	0	0	0	0	0	0	0	0	0	0	0	0	0	0	0	0	0	0	0	0	0	0	0	0	0	0	0	0	0	0	0	0	0	0	0	0	0	0	0	0	0	0	0	10	0	0	0	0	0	0	0	0	0	0	0	0	0	0	0	0	0	0	0	0	0	0	0	0	0	0	0	0	0	0	0	0	0	0	0	0	0	0	0	0	0	0	0	0	0	0	0	0	0	0	0	0	0	0	0	0	0	0	0	0	0	0	0	0	0	0	0	0	0	0	0	0	0	0	0	0	0	0	0	0	0	0	0	0	0	0	0	0	0	0	0	0	0	0	0	0
ASV_16S_331	Bacteria	NA	NA	NA	NA	NA	NA	0	0	0	0	0	0	0	0	0	0	0	0	0	0	1	0	0	0	0	0	0	0	0	0	0	0	0	0	0	0	0	1	0	0	0	0	0	0	0	0	0	0	0	0	0	0	0	0	0	0	0	0	0	0	0	3	0	0	0	0	0	0	0	0	0	0	0	0	0	1	1	0	0	0	0	0	0	0	0	0	0	0	0	0	0	0	0	0	0	0	0	0	0	0	0	0	0	1	0	0	0	0	0	0	0	1	0	0	0	0	0	0	0	0	0	0	0	0	0	0	0	0	0	0	0	0	0	0	0	0	0	0	0	0	0	0	0	0	0	0
ASV_16S_332	NA	NA	NA	NA	NA	NA	NA	0	0	0	0	0	0	0	0	0	0	0	0	0	0	0	0	0	0	0	0	0	0	0	0	0	0	0	0	0	0	0	0	0	0	0	0	0	0	0	0	0	0	0	9	0	0	0	0	0	0	0	0	0	0	0	0	0	0	0	0	0	0	0	0	0	0	0	0	0	0	0	0	0	0	0	0	0	0	0	0	0	0	0	0	0	0	0	0	0	0	0	0	0	0	0	0	0	0	0	0	0	0	0	0	0	0	0	0	0	0	0	0	0	0	0	0	0	0	0	0	0	0	0	0	0	0	0	0	0	0	0	0	0	0	0	0	0	0	0	0
ASV_16S_333	Bacteria	Firmicutes	NA	NA	NA	NA	NA	0	0	0	0	2	0	0	0	0	0	0	0	0	0	0	0	0	0	0	0	0	0	0	0	0	0	0	0	0	0	0	0	0	0	0	0	0	0	0	0	0	0	0	0	0	0	0	0	0	0	0	0	0	0	0	0	0	0	0	0	0	0	0	0	0	0	0	0	0	0	0	0	0	0	0	0	0	0	0	0	0	0	0	0	0	0	0	0	0	0	0	0	0	0	0	0	0	0	0	0	0	0	0	1	0	0	2	0	0	1	1	0	0	0	0	1	0	0	0	0	0	0	0	0	0	0	0	0	0	0	0	0	0	0	0	0	0	0	0	0
ASV_16S_334	Bacteria	Fusobacteriota	Fusobacteriia	Fusobacteriales	Fusobacteriaceae	Cetobacterium	NA	0	0	0	0	0	0	0	0	0	0	0	0	0	0	0	0	0	0	0	0	0	0	0	0	0	0	0	0	0	0	0	0	0	0	0	0	0	0	0	0	0	0	0	8	0	0	0	0	0	0	0	0	0	0	0	0	0	0	0	0	0	0	0	0	0	0	0	0	0	0	0	0	0	0	0	0	0	0	0	0	0	0	0	0	0	0	0	0	0	0	0	0	0	0	0	0	0	0	0	0	0	0	0	0	0	0	0	0	0	0	0	0	0	0	0	0	0	0	0	0	0	0	0	0	0	0	0	0	0	0	0	0	0	0	0	0	0	0	0	0
ASV_16S_335	Bacteria	Verrucomicrobiota	Verrucomicrobiae	Verrucomicrobiales	Akkermansiaceae	Akkermansia	NA	0	0	0	0	0	0	0	0	0	0	0	0	0	0	0	0	0	0	0	0	0	0	0	0	0	0	0	0	0	0	0	0	0	0	0	0	0	0	0	0	0	0	0	0	0	0	0	0	0	0	0	0	0	0	0	0	0	0	0	0	0	0	0	0	0	0	0	0	0	0	0	0	0	0	0	0	0	0	0	0	0	0	0	0	0	0	0	0	0	0	0	0	0	0	0	0	0	0	0	0	0	0	0	0	0	0	0	0	0	0	0	0	0	0	0	0	0	0	0	0	0	0	0	0	0	0	0	0	0	0	0	0	0	0	8	0	0	0	0	0
ASV_16S_336	Bacteria	Bacteroidota	Bacteroidia	Bacteroidales	Bacteroidaceae	Bacteroides	NA	0	0	0	6	0	0	0	0	0	0	0	0	0	0	0	0	0	0	0	0	0	0	0	0	0	0	0	0	0	0	0	0	0	0	0	0	0	0	0	0	0	0	0	0	0	0	0	0	0	0	0	0	0	0	0	0	0	0	0	0	0	0	0	0	0	0	0	0	0	0	0	0	0	0	0	0	0	0	0	0	0	0	0	0	0	0	0	0	0	0	0	0	0	0	0	0	0	0	0	0	0	0	0	0	0	0	0	0	0	0	0	0	0	0	0	0	0	0	0	0	0	0	0	0	0	0	0	0	0	0	0	0	0	0	0	0	0	0	0	0
ASV_16S_337	Bacteria	Firmicutes	Clostridia	NA	NA	NA	NA	0	0	0	0	0	0	1	0	0	0	0	0	0	0	0	0	0	0	0	0	0	0	0	0	0	0	0	0	0	0	0	0	0	0	0	0	0	0	0	0	1	0	0	0	0	1	0	0	0	0	0	0	0	0	0	0	0	0	0	0	0	0	0	0	0	0	0	0	0	0	0	0	0	0	0	0	0	0	0	0	0	0	0	0	0	0	0	0	0	0	0	0	0	0	0	0	0	0	0	0	0	0	0	0	0	0	0	0	0	0	0	0	0	0	0	0	0	1	0	0	0	0	1	0	1	0	0	0	0	0	0	0	0	0	0	0	0	0	0	0
ASV_16S_338	Bacteria	Bacteroidota	Bacteroidia	Bacteroidales	Prevotellaceae	Prevotella	NA	0	0	0	0	0	0	0	0	0	0	0	0	0	0	0	0	0	0	0	0	0	0	0	0	0	0	0	0	0	0	0	0	0	0	0	0	0	0	0	0	0	0	0	6	0	0	0	0	0	0	0	0	0	0	0	0	0	0	0	0	0	0	0	0	0	0	0	0	0	0	0	0	0	0	0	0	0	0	0	0	0	0	0	0	0	0	0	0	0	0	0	0	0	0	0	0	0	0	0	0	0	0	0	0	0	0	0	0	0	0	0	0	0	0	0	0	0	0	0	0	0	0	0	0	0	0	0	0	0	0	0	0	0	0	0	0	0	0	0	0
ASV_16S_339	Bacteria	Firmicutes	Clostridia	Lachnospirales	Lachnospiraceae	NA	NA	0	0	0	0	0	0	0	0	0	0	5	0	0	0	0	0	0	0	0	0	0	0	0	0	0	0	0	0	0	0	0	0	0	0	0	0	0	0	0	0	0	0	0	0	0	0	0	0	0	0	0	0	0	0	0	0	0	0	0	0	0	0	0	0	0	0	0	0	0	0	0	0	0	0	0	0	0	0	0	0	0	0	0	0	0	0	0	0	0	0	0	0	0	0	0	0	0	0	0	0	0	0	0	0	0	0	0	0	0	0	0	0	0	0	0	0	0	0	0	0	0	0	0	0	0	0	0	0	0	0	0	0	0	0	0	0	0	0	0	0
ASV_16S_34	Bacteria	Firmicutes	Clostridia	Lachnospirales	Lachnospiraceae	NA	NA	29	0	0	82	0	41	0	0	257	0	0	0	0	0	0	0	0	1	0	0	386	0	0	1260	0	1418	7	2	548	0	0	0	0	0	0	0	0	0	0	0	0	0	0	0	0	0	0	0	1	0	0	0	0	0	1	0	1	0	0	0	0	0	0	0	0	0	0	0	0	0	0	0	0	5	18	0	0	0	3	3	15	1	10	1	0	0	93	0	0	0	0	177	0	259	0	471	218	905	759	99	0	3	262	0	0	0	59	0	0	0	0	293	330	0	7	1311	2951	1307	9	380	8	0	0	0	0	0	199	0	0	0	0	575	1	956	0	1078	315	326	182	977
ASV_16S_340	Bacteria	Bacteroidota	Bacteroidia	Bacteroidales	Tannerellaceae	Parabacteroides	NA	0	0	0	0	0	0	0	0	0	0	0	0	5	0	0	0	0	0	0	0	0	0	0	0	0	0	0	0	0	0	0	0	0	0	0	0	0	0	0	0	0	0	0	0	0	0	0	0	0	0	0	0	0	0	0	0	0	0	0	0	0	0	0	0	0	0	0	0	0	0	0	0	0	0	0	0	0	0	0	0	0	0	0	0	0	0	0	0	0	0	0	0	0	0	0	0	0	0	0	0	0	0	0	0	0	0	0	0	0	0	0	0	0	0	0	0	0	0	0	0	0	0	0	0	0	0	0	0	0	0	0	0	0	0	0	0	0	0	0	0
ASV_16S_341	Bacteria	NA	NA	NA	NA	NA	NA	0	0	0	0	0	0	0	0	0	0	0	0	0	0	0	0	0	0	5	0	0	0	0	0	0	0	0	0	0	0	0	0	0	0	0	0	0	0	0	0	0	0	0	0	0	0	0	0	0	0	0	0	0	0	0	0	0	0	0	0	0	0	0	0	0	0	0	0	0	0	0	0	0	0	0	0	0	0	0	0	0	0	0	0	0	0	0	0	0	0	0	0	0	0	0	0	0	0	0	0	0	0	0	0	0	0	0	0	0	0	0	0	0	0	0	0	0	0	0	0	0	0	0	0	0	0	0	0	0	0	0	0	0	0	0	0	0	0	0	0
ASV_16S_342	Bacteria	Bacteroidota	Bacteroidia	Bacteroidales	Bacteroidaceae	Bacteroides	NA	0	0	0	0	0	0	0	0	0	0	0	0	0	0	0	0	0	0	0	0	0	0	0	0	0	0	0	0	5	0	0	0	0	0	0	0	0	0	0	0	0	0	0	0	0	0	0	0	0	0	0	0	0	0	0	0	0	0	0	0	0	0	0	0	0	0	0	0	0	0	0	0	0	0	0	0	0	0	0	0	0	0	0	0	0	0	0	0	0	0	0	0	0	0	0	0	0	0	0	0	0	0	0	0	0	0	0	0	0	0	0	0	0	0	0	0	0	0	0	0	0	0	0	0	0	0	0	0	0	0	0	0	0	0	0	0	0	0	0	0
ASV_16S_343	Bacteria	Firmicutes	Clostridia	Lachnospirales	Lachnospiraceae	NA	NA	0	0	0	0	0	0	0	0	0	0	0	0	0	0	0	0	0	0	0	0	0	0	0	0	0	0	0	0	0	0	0	0	0	0	0	0	0	0	0	0	0	0	0	0	0	0	0	0	0	0	0	0	0	5	0	0	0	0	0	0	0	0	0	0	0	0	0	0	0	0	0	0	0	0	0	0	0	0	0	0	0	0	0	0	0	0	0	0	0	0	0	0	0	0	0	0	0	0	0	0	0	0	0	0	0	0	0	0	0	0	0	0	0	0	0	0	0	0	0	0	0	0	0	0	0	0	0	0	0	0	0	0	0	0	0	0	0	0	0	0
ASV_16S_344	Bacteria	Firmicutes	Clostridia	Lachnospirales	Lachnospiraceae	NA	NA	0	0	0	0	0	1	0	0	0	0	0	0	0	0	0	0	0	0	0	0	0	0	0	0	0	0	0	0	0	0	0	0	0	0	0	0	0	0	0	0	0	0	0	0	0	0	0	0	0	0	0	0	0	0	0	0	0	0	0	0	0	0	0	0	0	0	0	0	0	0	0	0	0	0	0	0	0	0	0	0	0	0	0	0	0	0	0	0	0	0	0	0	0	0	0	0	0	0	1	0	0	0	0	0	0	0	0	0	0	0	0	0	0	0	0	0	0	0	0	0	0	0	0	1	0	0	1	0	0	0	0	0	0	0	0	0	0	0	0	0
ASV_16S_345	Bacteria	Firmicutes	Bacilli	Erysipelotrichales	Erysipelotrichaceae	Turicibacter	NA	0	0	0	0	0	0	0	0	0	0	0	0	0	0	0	0	0	0	4	0	0	0	0	0	0	0	0	0	0	0	0	0	0	0	0	0	0	0	0	0	0	0	0	0	0	0	0	0	0	0	0	0	0	0	0	0	0	0	0	0	0	0	0	0	0	0	0	0	0	0	0	0	0	0	0	0	0	0	0	0	0	0	0	0	0	0	0	0	0	0	0	0	0	0	0	0	0	0	0	0	0	0	0	0	0	0	0	0	0	0	0	0	0	0	0	0	0	0	0	0	0	0	0	0	0	0	0	0	0	0	0	0	0	0	0	0	0	0	0	0
ASV_16S_346	Bacteria	Cyanobacteria	Cyanobacteriia	Chloroplast	NA	NA	NA	0	0	0	0	0	0	0	0	0	0	0	0	0	0	0	0	0	0	0	0	0	0	0	0	0	0	0	0	0	0	0	0	4	0	0	0	0	0	0	0	0	0	0	0	0	0	0	0	0	0	0	0	0	0	0	0	0	0	0	0	0	0	0	0	0	0	0	0	0	0	0	0	0	0	0	0	0	0	0	0	0	0	0	0	0	0	0	0	0	0	0	0	0	0	0	0	0	0	0	0	0	0	0	0	0	0	0	0	0	0	0	0	0	0	0	0	0	0	0	0	0	0	0	0	0	0	0	0	0	0	0	0	0	0	0	0	0	0	0	0
ASV_16S_347	Bacteria	NA	NA	NA	NA	NA	NA	0	0	0	0	0	0	0	0	3	0	0	0	0	0	0	0	0	0	0	0	0	0	0	0	0	0	0	0	0	0	0	0	0	0	0	0	0	0	0	0	0	0	0	0	0	0	0	0	0	0	0	0	0	0	0	0	0	0	0	0	0	0	0	0	0	0	0	0	0	0	0	0	0	0	0	0	0	0	0	0	0	0	0	0	0	0	0	0	0	0	0	0	0	0	0	0	0	0	0	0	0	0	0	0	0	0	0	0	0	0	0	0	0	0	0	0	0	0	0	0	0	0	0	0	0	0	0	0	0	0	0	0	0	0	0	0	0	0	0	0
ASV_16S_348	Bacteria	Bacteroidota	Bacteroidia	Bacteroidales	Rikenellaceae	Alistipes	NA	0	0	0	0	0	0	0	0	0	0	0	0	0	0	0	0	0	0	0	0	0	0	0	0	3	0	0	0	0	0	0	0	0	0	0	0	0	0	0	0	0	0	0	0	0	0	0	0	0	0	0	0	0	0	0	0	0	0	0	0	0	0	0	0	0	0	0	0	0	0	0	0	0	0	0	0	0	0	0	0	0	0	0	0	0	0	0	0	0	0	0	0	0	0	0	0	0	0	0	0	0	0	0	0	0	0	0	0	0	0	0	0	0	0	0	0	0	0	0	0	0	0	0	0	0	0	0	0	0	0	0	0	0	0	0	0	0	0	0	0
ASV_16S_349	Bacteria	NA	NA	NA	NA	NA	NA	0	0	0	0	0	0	0	0	0	0	0	0	0	0	0	0	0	0	0	0	0	0	0	0	0	0	0	0	0	0	0	0	0	0	0	0	0	0	0	0	0	0	0	0	0	0	0	0	0	0	0	0	0	0	0	0	0	0	0	0	0	0	0	0	0	0	0	0	0	0	0	0	0	0	0	0	0	3	0	0	0	0	0	0	0	0	0	0	0	0	0	0	0	0	0	0	0	0	0	0	0	0	0	0	0	0	0	0	0	0	0	0	0	0	0	0	0	0	0	0	0	0	0	0	0	0	0	0	0	0	0	0	0	0	0	0	0	0	0	0
ASV_16S_35	Bacteria	Firmicutes	Clostridia	Lachnospirales	Lachnospiraceae	A2	NA	5	97	118	10	31	0	57	36	2	11	130	96	65	577	124	93	92	97	156	39	245	61	403	191	341	0	73	111	11	270	613	482	68	1282	953	277	243	191	146	297	94	148	75	144	197	155	58	165	419	94	79	11	434	110	52	43	295	138	84	152	33	39	222	38	63	33	8	151	9	54	39	10	25	55	25	20	30	2	19	48	1039	182	326	13	32	0	28	175	232	65	35	19	226	18	38	6	61	29	24	41	134	285	221	51	534	171	36	238	182	12	0	0	197	54	0	136	0	131	86	5	208	56	102	41	36	16	3	103	5	18	149	44	442	1	112	8	118	34	36	29
ASV_16S_350	Bacteria	NA	NA	NA	NA	NA	NA	0	0	0	0	0	0	0	0	0	0	0	0	0	0	0	0	0	0	0	0	0	0	0	0	0	0	0	0	0	0	0	0	0	0	0	0	0	0	0	0	0	0	0	0	0	0	0	0	0	0	0	0	0	0	0	0	0	0	0	0	0	0	0	0	0	0	0	0	0	0	0	0	0	0	0	0	0	0	0	0	0	0	0	0	0	0	0	0	0	0	0	0	0	0	0	0	0	0	0	0	0	0	0	3	0	0	0	0	0	0	0	0	0	0	0	0	0	0	0	0	0	0	0	0	0	0	0	0	0	0	0	0	0	0	0	0	0	0	0	0
ASV_16S_351	Bacteria	Proteobacteria	Alphaproteobacteria	Rhizobiales	Beijerinckiaceae	Methylobacterium-Methylorubrum	NA	0	0	0	0	0	0	0	0	0	0	0	0	0	0	0	0	0	0	0	0	0	0	0	0	0	0	0	0	0	0	0	0	0	0	0	0	0	0	0	0	0	0	0	0	0	0	0	0	0	0	0	0	0	0	0	0	0	0	0	0	0	0	0	0	0	0	0	0	0	0	0	0	0	0	0	0	0	0	0	0	0	0	0	0	0	0	0	0	0	0	0	0	0	0	0	0	0	0	0	0	0	0	0	0	0	0	0	0	0	0	0	0	0	0	3	0	0	0	0	0	0	0	0	0	0	0	0	0	0	0	0	0	0	0	0	0	0	0	0	0
ASV_16S_352	Bacteria	NA	NA	NA	NA	NA	NA	0	0	0	0	2	0	0	0	0	0	0	0	0	0	0	0	0	0	0	0	0	0	0	0	0	0	0	0	0	0	0	0	0	0	0	0	0	0	0	0	0	0	0	0	0	0	0	0	0	0	0	0	0	0	0	0	0	0	0	0	0	0	0	0	0	0	0	0	0	0	0	0	0	0	0	0	0	0	0	0	0	0	0	0	0	0	0	0	0	0	0	0	0	0	0	0	0	0	0	0	0	0	0	0	0	0	0	0	0	0	0	0	0	0	0	0	0	0	0	0	0	0	0	0	0	0	0	0	0	0	0	0	0	0	0	0	0	0	0	0
ASV_16S_353	Bacteria	Firmicutes	Clostridia	Lachnospirales	Lachnospiraceae	NA	NA	0	0	0	0	0	0	0	0	0	0	0	2	0	0	0	0	0	0	0	0	0	0	0	0	0	0	0	0	0	0	0	0	0	0	0	0	0	0	0	0	0	0	0	0	0	0	0	0	0	0	0	0	0	0	0	0	0	0	0	0	0	0	0	0	0	0	0	0	0	0	0	0	0	0	0	0	0	0	0	0	0	0	0	0	0	0	0	0	0	0	0	0	0	0	0	0	0	0	0	0	0	0	0	0	0	0	0	0	0	0	0	0	0	0	0	0	0	0	0	0	0	0	0	0	0	0	0	0	0	0	0	0	0	0	0	0	0	0	0	0
ASV_16S_354	Bacteria	Firmicutes	Clostridia	Lachnospirales	Lachnospiraceae	NA	NA	0	0	0	0	0	0	0	0	0	0	0	0	2	0	0	0	0	0	0	0	0	0	0	0	0	0	0	0	0	0	0	0	0	0	0	0	0	0	0	0	0	0	0	0	0	0	0	0	0	0	0	0	0	0	0	0	0	0	0	0	0	0	0	0	0	0	0	0	0	0	0	0	0	0	0	0	0	0	0	0	0	0	0	0	0	0	0	0	0	0	0	0	0	0	0	0	0	0	0	0	0	0	0	0	0	0	0	0	0	0	0	0	0	0	0	0	0	0	0	0	0	0	0	0	0	0	0	0	0	0	0	0	0	0	0	0	0	0	0	0
ASV_16S_355	Bacteria	Firmicutes	Clostridia	Lachnospirales	Lachnospiraceae	NA	NA	0	0	0	0	0	0	0	0	0	0	0	0	2	0	0	0	0	0	0	0	0	0	0	0	0	0	0	0	0	0	0	0	0	0	0	0	0	0	0	0	0	0	0	0	0	0	0	0	0	0	0	0	0	0	0	0	0	0	0	0	0	0	0	0	0	0	0	0	0	0	0	0	0	0	0	0	0	0	0	0	0	0	0	0	0	0	0	0	0	0	0	0	0	0	0	0	0	0	0	0	0	0	0	0	0	0	0	0	0	0	0	0	0	0	0	0	0	0	0	0	0	0	0	0	0	0	0	0	0	0	0	0	0	0	0	0	0	0	0	0
ASV_16S_356	Bacteria	Actinobacteriota	Coriobacteriia	Coriobacteriales	Eggerthellaceae	NA	NA	0	0	0	0	0	0	0	0	0	0	0	0	0	2	0	0	0	0	0	0	0	0	0	0	0	0	0	0	0	0	0	0	0	0	0	0	0	0	0	0	0	0	0	0	0	0	0	0	0	0	0	0	0	0	0	0	0	0	0	0	0	0	0	0	0	0	0	0	0	0	0	0	0	0	0	0	0	0	0	0	0	0	0	0	0	0	0	0	0	0	0	0	0	0	0	0	0	0	0	0	0	0	0	0	0	0	0	0	0	0	0	0	0	0	0	0	0	0	0	0	0	0	0	0	0	0	0	0	0	0	0	0	0	0	0	0	0	0	0	0
ASV_16S_357	Bacteria	Firmicutes	Clostridia	Lachnospirales	Lachnospiraceae	NA	NA	0	0	0	0	0	0	0	0	0	0	0	0	0	0	0	0	0	0	0	0	0	0	0	0	0	0	0	0	0	0	0	0	0	0	0	0	0	0	0	0	0	0	0	0	0	0	0	0	2	0	0	0	0	0	0	0	0	0	0	0	0	0	0	0	0	0	0	0	0	0	0	0	0	0	0	0	0	0	0	0	0	0	0	0	0	0	0	0	0	0	0	0	0	0	0	0	0	0	0	0	0	0	0	0	0	0	0	0	0	0	0	0	0	0	0	0	0	0	0	0	0	0	0	0	0	0	0	0	0	0	0	0	0	0	0	0	0	0	0	0
ASV_16S_358	Bacteria	Bacteroidota	Bacteroidia	Bacteroidales	Bacteroidaceae	Bacteroides	NA	0	0	0	0	0	0	0	0	0	0	0	0	0	0	0	0	0	0	0	0	0	0	0	0	0	0	0	0	0	0	0	0	0	0	0	0	0	0	0	0	0	0	0	0	0	0	0	0	0	0	0	2	0	0	0	0	0	0	0	0	0	0	0	0	0	0	0	0	0	0	0	0	0	0	0	0	0	0	0	0	0	0	0	0	0	0	0	0	0	0	0	0	0	0	0	0	0	0	0	0	0	0	0	0	0	0	0	0	0	0	0	0	0	0	0	0	0	0	0	0	0	0	0	0	0	0	0	0	0	0	0	0	0	0	0	0	0	0	0	0
ASV_16S_359	Bacteria	Cyanobacteria	Cyanobacteriia	Chloroplast	NA	NA	NA	0	0	0	0	0	0	0	0	0	0	0	0	0	0	0	0	0	0	0	0	0	0	0	0	0	0	0	0	0	0	0	0	0	0	0	0	0	0	0	0	0	0	0	0	0	0	0	0	0	0	0	0	0	0	0	0	0	0	0	0	2	0	0	0	0	0	0	0	0	0	0	0	0	0	0	0	0	0	0	0	0	0	0	0	0	0	0	0	0	0	0	0	0	0	0	0	0	0	0	0	0	0	0	0	0	0	0	0	0	0	0	0	0	0	0	0	0	0	0	0	0	0	0	0	0	0	0	0	0	0	0	0	0	0	0	0	0	0	0	0
ASV_16S_36	Bacteria	Firmicutes	Clostridia	Lachnospirales	Lachnospiraceae	Blautia	NA	116	17	47	53	0	97	0	15	182	10	228	27	48	30	44	607	0	81	155	64	515	223	787	203	120	27	35	51	21	616	813	230	227	71	177	114	218	197	139	198	56	9	80	15	0	50	37	78	59	0	34	18	58	67	32	11	28	38	67	46	237	847	82	450	309	16	25	16	7	19	120	39	24	62	2	32	60	13	15	959	109	143	92	45	23	26	27	13	31	57	13	21	34	82	33	4	5	16	38	114	133	359	325	173	345	436	130	680	176	144	117	187	271	141	289	186	97	182	242	150	50	98	37	116	28	40	7	9	18	32	35	63	89	58	74	0	32	28	6	41
ASV_16S_360	Bacteria	Bacteroidota	Bacteroidia	Bacteroidales	NA	NA	NA	0	0	0	0	0	0	0	0	0	0	0	0	0	0	0	0	0	0	0	0	0	0	0	0	0	0	0	0	0	0	0	0	0	0	0	0	0	0	0	0	0	0	0	0	0	0	0	0	0	0	0	0	0	0	0	0	0	0	0	0	0	0	0	0	0	0	0	0	0	1	0	0	0	0	0	0	0	0	0	0	0	0	0	0	0	0	0	0	0	0	0	0	0	0	0	0	0	0	0	0	0	0	0	0	0	0	0	0	0	0	0	0	0	0	0	0	0	0	0	0	1	0	0	0	0	0	0	0	0	0	0	0	0	0	0	0	0	0	0	0
ASV_16S_361	NA	NA	NA	NA	NA	NA	NA	0	0	0	0	0	0	0	0	0	0	0	0	0	0	0	0	0	0	0	0	0	0	0	0	0	0	0	0	0	0	0	0	0	0	0	0	0	0	0	0	0	0	0	0	0	0	0	0	0	0	0	0	0	0	0	0	0	0	0	0	0	0	0	0	0	0	0	0	0	0	0	0	0	0	0	0	0	0	0	0	0	0	0	0	0	0	0	0	0	2	0	0	0	0	0	0	0	0	0	0	0	0	0	0	0	0	0	0	0	0	0	0	0	0	0	0	0	0	0	0	0	0	0	0	0	0	0	0	0	0	0	0	0	0	0	0	0	0	0	0
ASV_16S_362	Bacteria	Proteobacteria	Gammaproteobacteria	Burkholderiales	Sutterellaceae	Parasutterella	NA	0	0	0	0	0	0	0	0	0	0	0	0	0	0	0	0	0	0	0	0	0	0	0	0	0	0	0	0	0	0	0	0	0	0	0	0	0	0	0	0	0	0	0	0	0	0	0	0	0	0	0	0	0	0	0	0	0	0	0	0	0	0	0	0	0	0	0	0	0	0	0	0	0	0	0	0	0	0	0	0	0	0	0	0	0	0	0	0	0	0	0	0	0	2	0	0	0	0	0	0	0	0	0	0	0	0	0	0	0	0	0	0	0	0	0	0	0	0	0	0	0	0	0	0	0	0	0	0	0	0	0	0	0	0	0	0	0	0	0	0
ASV_16S_363	Bacteria	NA	NA	NA	NA	NA	NA	0	0	0	0	0	0	0	0	0	0	0	0	0	0	0	0	0	0	0	0	0	0	0	0	0	0	0	0	0	0	0	0	0	0	0	0	0	0	0	0	0	0	0	0	0	0	0	0	0	0	0	0	0	0	0	0	0	0	0	0	0	0	0	0	0	0	0	0	0	0	0	0	0	0	0	0	0	0	0	0	0	0	0	0	0	0	0	0	0	0	0	0	0	0	0	0	0	0	0	0	0	0	0	0	0	0	2	0	0	0	0	0	0	0	0	0	0	0	0	0	0	0	0	0	0	0	0	0	0	0	0	0	0	0	0	0	0	0	0	0
ASV_16S_364	Bacteria	Firmicutes	Clostridia	NA	NA	NA	NA	0	0	0	0	0	0	0	0	0	0	0	0	0	0	0	0	0	0	0	0	0	0	0	0	0	0	0	0	0	0	0	0	0	0	0	0	0	0	0	0	0	0	0	0	0	0	0	0	0	0	0	0	0	0	0	0	0	0	0	0	0	0	0	0	0	0	0	0	0	0	0	0	0	0	0	0	0	0	0	0	0	0	0	0	0	0	0	0	0	0	0	0	0	0	0	0	0	0	0	0	0	0	0	0	0	0	0	0	0	0	0	0	0	0	0	2	0	0	0	0	0	0	0	0	0	0	0	0	0	0	0	0	0	0	0	0	0	0	0	0
ASV_16S_365	Bacteria	Firmicutes	Clostridia	Lachnospirales	Lachnospiraceae	NA	NA	0	0	0	0	0	0	0	0	0	0	0	0	0	0	0	0	0	0	0	0	0	0	0	0	0	0	0	0	0	0	0	0	0	0	0	0	0	0	0	0	0	0	0	0	0	0	0	0	0	0	0	0	0	0	0	0	0	0	0	0	0	0	0	0	0	0	0	0	0	0	0	0	0	0	0	0	0	0	0	0	0	0	0	0	0	0	0	0	0	0	0	0	0	0	0	0	0	0	0	0	0	0	0	0	0	0	0	0	0	0	0	0	0	0	0	0	0	0	0	0	0	2	0	0	0	0	0	0	0	0	0	0	0	0	0	0	0	0	0	0
ASV_16S_366	Bacteria	Bacteroidota	Bacteroidia	Bacteroidales	Tannerellaceae	Parabacteroides	NA	0	0	0	0	0	0	0	0	0	0	0	0	0	0	0	0	0	0	0	0	0	0	0	0	0	0	0	0	0	0	0	0	0	0	0	0	0	0	0	0	0	0	0	0	0	0	0	0	0	0	0	0	0	0	0	0	0	0	0	0	0	0	0	0	0	0	0	0	0	0	0	0	0	0	0	0	0	0	0	0	0	0	0	0	0	0	0	0	0	0	0	0	0	0	0	0	0	0	0	0	0	0	0	0	0	0	0	0	0	0	0	0	0	0	0	0	0	0	0	0	0	0	0	0	0	0	0	0	0	0	0	0	0	0	0	0	0	0	2	0
ASV_16S_367	Bacteria	Firmicutes	Clostridia	Lachnospirales	Lachnospiraceae	NA	NA	1	0	0	0	0	0	0	0	0	0	0	0	0	0	0	0	0	0	0	0	0	0	0	0	0	0	0	0	0	0	0	0	0	0	0	0	0	0	0	0	0	0	0	0	0	0	0	0	0	0	0	0	0	0	0	0	0	0	0	0	0	0	0	0	0	0	0	0	0	0	0	0	0	0	0	0	0	0	0	0	0	0	0	0	0	0	0	0	0	0	0	0	0	0	0	0	0	0	0	0	0	0	0	0	0	0	0	0	0	0	0	0	0	0	0	0	0	0	0	0	0	0	0	0	0	0	0	0	0	0	0	0	0	0	0	0	0	0	0	0
ASV_16S_368	Bacteria	Firmicutes	Clostridia	Lachnospirales	Lachnospiraceae	NA	NA	0	0	0	1	0	0	0	0	0	0	0	0	0	0	0	0	0	0	0	0	0	0	0	0	0	0	0	0	0	0	0	0	0	0	0	0	0	0	0	0	0	0	0	0	0	0	0	0	0	0	0	0	0	0	0	0	0	0	0	0	0	0	0	0	0	0	0	0	0	0	0	0	0	0	0	0	0	0	0	0	0	0	0	0	0	0	0	0	0	0	0	0	0	0	0	0	0	0	0	0	0	0	0	0	0	0	0	0	0	0	0	0	0	0	0	0	0	0	0	0	0	0	0	0	0	0	0	0	0	0	0	0	0	0	0	0	0	0	0	0
ASV_16S_369	Bacteria	Firmicutes	Clostridia	Lachnospirales	Lachnospiraceae	NA	NA	0	0	0	0	0	0	0	0	0	0	0	0	0	0	1	0	0	0	0	0	0	0	0	0	0	0	0	0	0	0	0	0	0	0	0	0	0	0	0	0	0	0	0	0	0	0	0	0	0	0	0	0	0	0	0	0	0	0	0	0	0	0	0	0	0	0	0	0	0	0	0	0	0	0	0	0	0	0	0	0	0	0	0	0	0	0	0	0	0	0	0	0	0	0	0	0	0	0	0	0	0	0	0	0	0	0	0	0	0	0	0	0	0	0	0	0	0	0	0	0	0	0	0	0	0	0	0	0	0	0	0	0	0	0	0	0	0	0	0	0
ASV_16S_37	Bacteria	Firmicutes	Clostridia	Lachnospirales	Lachnospiraceae	A2	NA	0	2	0	0	209	0	0	130	0	0	382	24	0	0	135	175	283	324	211	95	0	56	101	0	249	0	0	177	0	0	44	19	0	149	166	2188	266	22	560	507	248	36	158	81	209	323	8	153	281	299	455	241	12	0	0	0	0	392	203	461	0	65	0	263	0	0	176	4	0	76	0	25	122	14	95	19	37	0	26	1	0	255	0	71	0	0	25	0	0	65	0	5	109	37	33	18	21	0	0	0	519	32	1	5	231	242	611	0	230	57	2	11	546	0	79	539	0	0	0	305	0	265	0	447	0	0	71	0	0	251	0	56	397	124	15	78	329	0	0	0
ASV_16S_370	Bacteria	Firmicutes	Clostridia	Lachnospirales	Lachnospiraceae	NA	NA	0	0	0	0	0	0	0	0	0	0	0	0	0	0	0	1	0	0	0	0	0	0	0	0	0	0	0	0	0	0	0	0	0	0	0	0	0	0	0	0	0	0	0	0	0	0	0	0	0	0	0	0	0	0	0	0	0	0	0	0	0	0	0	0	0	0	0	0	0	0	0	0	0	0	0	0	0	0	0	0	0	0	0	0	0	0	0	0	0	0	0	0	0	0	0	0	0	0	0	0	0	0	0	0	0	0	0	0	0	0	0	0	0	0	0	0	0	0	0	0	0	0	0	0	0	0	0	0	0	0	0	0	0	0	0	0	0	0	0	0
ASV_16S_371	Bacteria	Firmicutes	Clostridia	Lachnospirales	Lachnospiraceae	NA	NA	0	0	0	0	0	0	0	0	0	0	0	0	0	0	0	0	1	0	0	0	0	0	0	0	0	0	0	0	0	0	0	0	0	0	0	0	0	0	0	0	0	0	0	0	0	0	0	0	0	0	0	0	0	0	0	0	0	0	0	0	0	0	0	0	0	0	0	0	0	0	0	0	0	0	0	0	0	0	0	0	0	0	0	0	0	0	0	0	0	0	0	0	0	0	0	0	0	0	0	0	0	0	0	0	0	0	0	0	0	0	0	0	0	0	0	0	0	0	0	0	0	0	0	0	0	0	0	0	0	0	0	0	0	0	0	0	0	0	0	0
ASV_16S_372	Bacteria	Firmicutes	Clostridia	Lachnospirales	Lachnospiraceae	NA	NA	0	0	0	0	0	0	0	0	0	0	0	0	0	0	0	0	0	1	0	0	0	0	0	0	0	0	0	0	0	0	0	0	0	0	0	0	0	0	0	0	0	0	0	0	0	0	0	0	0	0	0	0	0	0	0	0	0	0	0	0	0	0	0	0	0	0	0	0	0	0	0	0	0	0	0	0	0	0	0	0	0	0	0	0	0	0	0	0	0	0	0	0	0	0	0	0	0	0	0	0	0	0	0	0	0	0	0	0	0	0	0	0	0	0	0	0	0	0	0	0	0	0	0	0	0	0	0	0	0	0	0	0	0	0	0	0	0	0	0	0
ASV_16S_373	Bacteria	Firmicutes	Clostridia	NA	NA	NA	NA	0	0	0	0	0	0	0	0	0	0	0	0	0	0	0	0	0	0	0	1	0	0	0	0	0	0	0	0	0	0	0	0	0	0	0	0	0	0	0	0	0	0	0	0	0	0	0	0	0	0	0	0	0	0	0	0	0	0	0	0	0	0	0	0	0	0	0	0	0	0	0	0	0	0	0	0	0	0	0	0	0	0	0	0	0	0	0	0	0	0	0	0	0	0	0	0	0	0	0	0	0	0	0	0	0	0	0	0	0	0	0	0	0	0	0	0	0	0	0	0	0	0	0	0	0	0	0	0	0	0	0	0	0	0	0	0	0	0	0	0
ASV_16S_374	Bacteria	NA	NA	NA	NA	NA	NA	0	0	0	0	0	0	0	0	0	0	0	0	0	0	0	0	0	0	0	0	0	0	0	0	0	0	0	1	0	0	0	0	0	0	0	0	0	0	0	0	0	0	0	0	0	0	0	0	0	0	0	0	0	0	0	0	0	0	0	0	0	0	0	0	0	0	0	0	0	0	0	0	0	0	0	0	0	0	0	0	0	0	0	0	0	0	0	0	0	0	0	0	0	0	0	0	0	0	0	0	0	0	0	0	0	0	0	0	0	0	0	0	0	0	0	0	0	0	0	0	0	0	0	0	0	0	0	0	0	0	0	0	0	0	0	0	0	0	0	0
ASV_16S_375	Bacteria	Firmicutes	NA	NA	NA	NA	NA	0	0	0	0	0	0	0	0	0	0	0	0	0	0	0	0	0	0	0	0	0	0	0	0	0	0	0	0	1	0	0	0	0	0	0	0	0	0	0	0	0	0	0	0	0	0	0	0	0	0	0	0	0	0	0	0	0	0	0	0	0	0	0	0	0	0	0	0	0	0	0	0	0	0	0	0	0	0	0	0	0	0	0	0	0	0	0	0	0	0	0	0	0	0	0	0	0	0	0	0	0	0	0	0	0	0	0	0	0	0	0	0	0	0	0	0	0	0	0	0	0	0	0	0	0	0	0	0	0	0	0	0	0	0	0	0	0	0	0	0
ASV_16S_376	Bacteria	Firmicutes	Clostridia	Lachnospirales	Lachnospiraceae	NA	NA	0	0	0	0	0	0	0	0	0	0	0	0	0	0	0	0	0	0	0	0	0	0	0	0	0	0	0	0	0	0	0	0	0	0	0	0	0	0	0	1	0	0	0	0	0	0	0	0	0	0	0	0	0	0	0	0	0	0	0	0	0	0	0	0	0	0	0	0	0	0	0	0	0	0	0	0	0	0	0	0	0	0	0	0	0	0	0	0	0	0	0	0	0	0	0	0	0	0	0	0	0	0	0	0	0	0	0	0	0	0	0	0	0	0	0	0	0	0	0	0	0	0	0	0	0	0	0	0	0	0	0	0	0	0	0	0	0	0	0	0
ASV_16S_377	Bacteria	Firmicutes	Clostridia	Lachnospirales	Lachnospiraceae	NA	NA	0	0	0	0	0	0	0	0	0	0	0	0	0	0	0	0	0	0	0	0	0	0	0	0	0	0	0	0	0	0	0	0	0	0	0	0	0	0	0	0	1	0	0	0	0	0	0	0	0	0	0	0	0	0	0	0	0	0	0	0	0	0	0	0	0	0	0	0	0	0	0	0	0	0	0	0	0	0	0	0	0	0	0	0	0	0	0	0	0	0	0	0	0	0	0	0	0	0	0	0	0	0	0	0	0	0	0	0	0	0	0	0	0	0	0	0	0	0	0	0	0	0	0	0	0	0	0	0	0	0	0	0	0	0	0	0	0	0	0	0
ASV_16S_378	Bacteria	Firmicutes	Clostridia	NA	NA	NA	NA	0	0	0	0	0	0	0	0	0	0	0	0	0	0	0	0	0	0	0	0	0	0	0	0	0	0	0	0	0	0	0	0	0	0	0	0	0	0	0	0	1	0	0	0	0	0	0	0	0	0	0	0	0	0	0	0	0	0	0	0	0	0	0	0	0	0	0	0	0	0	0	0	0	0	0	0	0	0	0	0	0	0	0	0	0	0	0	0	0	0	0	0	0	0	0	0	0	0	0	0	0	0	0	0	0	0	0	0	0	0	0	0	0	0	0	0	0	0	0	0	0	0	0	0	0	0	0	0	0	0	0	0	0	0	0	0	0	0	0	0
ASV_16S_379	Bacteria	Firmicutes	Clostridia	Lachnospirales	Lachnospiraceae	NA	NA	0	0	0	0	0	0	0	0	0	0	0	0	0	0	0	0	0	0	0	0	0	0	0	0	0	0	0	0	0	0	0	0	0	0	0	0	0	0	0	0	0	0	0	0	0	0	0	0	0	1	0	0	0	0	0	0	0	0	0	0	0	0	0	0	0	0	0	0	0	0	0	0	0	0	0	0	0	0	0	0	0	0	0	0	0	0	0	0	0	0	0	0	0	0	0	0	0	0	0	0	0	0	0	0	0	0	0	0	0	0	0	0	0	0	0	0	0	0	0	0	0	0	0	0	0	0	0	0	0	0	0	0	0	0	0	0	0	0	0	0
ASV_16S_38	Bacteria	Firmicutes	Clostridia	Lachnospirales	Lachnospiraceae	Lachnospiraceae NC2004 group	NA	12	56	259	78	50	86	47	45	98	23	52	41	54	53	7	60	78	90	67	78	143	218	1110	194	284	315	135	107	134	447	793	383	131	181	261	195	260	210	167	283	34	148	94	79	121	43	45	119	46	28	0	0	0	1	0	0	0	0	0	0	87	130	85	148	127	37	40	33	16	42	121	55	78	78	56	121	69	13	69	141	244	93	134	107	108	80	43	45	51	47	20	23	58	6	0	66	98	65	66	44	139	282	165	69	239	303	109	256	118	142	417	335	539	2	460	380	138	281	157	268	100	96	55	119	88	45	10	59	35	49	41	23	40	49	39	51	78	26	55	73
ASV_16S_380	Bacteria	Firmicutes	Clostridia	Lachnospirales	Lachnospiraceae	NA	NA	0	0	0	0	0	0	0	0	0	0	0	0	0	0	0	0	0	0	0	0	0	0	0	0	0	0	0	0	0	0	0	0	0	0	0	0	0	0	0	0	0	0	0	0	0	0	0	0	0	0	0	0	1	0	0	0	0	0	0	0	0	0	0	0	0	0	0	0	0	0	0	0	0	0	0	0	0	0	0	0	0	0	0	0	0	0	0	0	0	0	0	0	0	0	0	0	0	0	0	0	0	0	0	0	0	0	0	0	0	0	0	0	0	0	0	0	0	0	0	0	0	0	0	0	0	0	0	0	0	0	0	0	0	0	0	0	0	0	0	0
ASV_16S_381	Bacteria	NA	NA	NA	NA	NA	NA	0	0	0	0	0	0	0	0	0	0	0	0	0	0	0	0	0	0	0	0	0	0	0	0	0	0	0	0	0	0	0	0	0	0	0	0	0	0	0	0	0	0	0	0	0	0	0	0	0	0	0	0	0	0	1	0	0	0	0	0	0	0	0	0	0	0	0	0	0	0	0	0	0	0	0	0	0	0	0	0	0	0	0	0	0	0	0	0	0	0	0	0	0	0	0	0	0	0	0	0	0	0	0	0	0	0	0	0	0	0	0	0	0	0	0	0	0	0	0	0	0	0	0	0	0	0	0	0	0	0	0	0	0	0	0	0	0	0	0	0
ASV_16S_382	Bacteria	Firmicutes	Clostridia	Lachnospirales	Lachnospiraceae	NA	NA	0	0	0	0	0	0	0	0	0	0	0	0	0	0	0	0	0	0	0	0	0	0	0	0	0	0	0	0	0	0	0	0	0	0	0	0	0	0	0	0	0	0	0	0	0	0	0	0	0	0	0	0	0	0	0	0	0	0	0	0	1	0	0	0	0	0	0	0	0	0	0	0	0	0	0	0	0	0	0	0	0	0	0	0	0	0	0	0	0	0	0	0	0	0	0	0	0	0	0	0	0	0	0	0	0	0	0	0	0	0	0	0	0	0	0	0	0	0	0	0	0	0	0	0	0	0	0	0	0	0	0	0	0	0	0	0	0	0	0	0
ASV_16S_383	Bacteria	Firmicutes	Clostridia	Lachnospirales	Lachnospiraceae	NA	NA	0	0	0	0	0	0	0	0	0	0	0	0	0	0	0	0	0	0	0	0	0	0	0	0	0	0	0	0	0	0	0	0	0	0	0	0	0	0	0	0	0	0	0	0	0	0	0	0	0	0	0	0	0	0	0	0	0	0	0	0	0	1	0	0	0	0	0	0	0	0	0	0	0	0	0	0	0	0	0	0	0	0	0	0	0	0	0	0	0	0	0	0	0	0	0	0	0	0	0	0	0	0	0	0	0	0	0	0	0	0	0	0	0	0	0	0	0	0	0	0	0	0	0	0	0	0	0	0	0	0	0	0	0	0	0	0	0	0	0	0
ASV_16S_384	Bacteria	Firmicutes	Clostridia	Lachnospirales	Lachnospiraceae	NA	NA	0	0	0	0	0	0	0	0	0	0	0	0	0	0	0	0	0	0	0	0	0	0	0	0	0	0	0	0	0	0	0	0	0	0	0	0	0	0	0	0	0	0	0	0	0	0	0	0	0	0	0	0	0	0	0	0	0	0	0	0	0	0	0	0	0	0	0	0	0	0	0	0	1	0	0	0	0	0	0	0	0	0	0	0	0	0	0	0	0	0	0	0	0	0	0	0	0	0	0	0	0	0	0	0	0	0	0	0	0	0	0	0	0	0	0	0	0	0	0	0	0	0	0	0	0	0	0	0	0	0	0	0	0	0	0	0	0	0	0	0
ASV_16S_385	Bacteria	NA	NA	NA	NA	NA	NA	0	0	0	0	0	0	0	0	0	0	0	0	0	0	0	0	0	0	0	0	0	0	0	0	0	0	0	0	0	0	0	0	0	0	0	0	0	0	0	0	0	0	0	0	0	0	0	0	0	0	0	0	0	0	0	0	0	0	0	0	0	0	0	0	0	0	0	0	0	0	0	0	0	0	0	0	1	0	0	0	0	0	0	0	0	0	0	0	0	0	0	0	0	0	0	0	0	0	0	0	0	0	0	0	0	0	0	0	0	0	0	0	0	0	0	0	0	0	0	0	0	0	0	0	0	0	0	0	0	0	0	0	0	0	0	0	0	0	0	0
ASV_16S_386	Bacteria	Firmicutes	Clostridia	Lachnospirales	Lachnospiraceae	NA	NA	0	0	0	0	0	0	0	0	0	0	0	0	0	0	0	0	0	0	0	0	0	0	0	0	0	0	0	0	0	0	0	0	0	0	0	0	0	0	0	0	0	0	0	0	0	0	0	0	0	0	0	0	0	0	0	0	0	0	0	0	0	0	0	0	0	0	0	0	0	0	0	0	0	0	0	0	0	0	1	0	0	0	0	0	0	0	0	0	0	0	0	0	0	0	0	0	0	0	0	0	0	0	0	0	0	0	0	0	0	0	0	0	0	0	0	0	0	0	0	0	0	0	0	0	0	0	0	0	0	0	0	0	0	0	0	0	0	0	0	0
ASV_16S_387	Bacteria	Firmicutes	Clostridia	NA	NA	NA	NA	0	0	0	0	0	0	0	0	0	0	0	0	0	0	0	0	0	0	0	0	0	0	0	0	0	0	0	0	0	0	0	0	0	0	0	0	0	0	0	0	0	0	0	0	0	0	0	0	0	0	0	0	0	0	0	0	0	0	0	0	0	0	0	0	0	0	0	0	0	0	0	0	0	0	0	0	0	0	0	0	0	0	0	0	0	0	0	0	0	0	0	1	0	0	0	0	0	0	0	0	0	0	0	0	0	0	0	0	0	0	0	0	0	0	0	0	0	0	0	0	0	0	0	0	0	0	0	0	0	0	0	0	0	0	0	0	0	0	0	0
ASV_16S_388	Bacteria	Firmicutes	Clostridia	NA	NA	NA	NA	0	0	0	0	0	0	0	0	0	0	0	0	0	0	0	0	0	0	0	0	0	0	0	0	0	0	0	0	0	0	0	0	0	0	0	0	0	0	0	0	0	0	0	0	0	0	0	0	0	0	0	0	0	0	0	0	0	0	0	0	0	0	0	0	0	0	0	0	0	0	0	0	0	0	0	0	0	0	0	0	0	0	0	0	0	0	0	0	0	0	0	0	0	0	0	0	0	0	0	0	1	0	0	0	0	0	0	0	0	0	0	0	0	0	0	0	0	0	0	0	0	0	0	0	0	0	0	0	0	0	0	0	0	0	0	0	0	0	0	0
ASV_16S_389	Bacteria	Firmicutes	Clostridia	Lachnospirales	Lachnospiraceae	NA	NA	0	0	0	0	0	0	0	0	0	0	0	0	0	0	0	0	0	0	0	0	0	0	0	0	0	0	0	0	0	0	0	0	0	0	0	0	0	0	0	0	0	0	0	0	0	0	0	0	0	0	0	0	0	0	0	0	0	0	0	0	0	0	0	0	0	0	0	0	0	0	0	0	0	0	0	0	0	0	0	0	0	0	0	0	0	0	0	0	0	0	0	0	0	0	0	0	0	0	0	0	1	0	0	0	0	0	0	0	0	0	0	0	0	0	0	0	0	0	0	0	0	0	0	0	0	0	0	0	0	0	0	0	0	0	0	0	0	0	0	0
ASV_16S_39	Bacteria	Firmicutes	Clostridia	Clostridiales	Clostridiaceae	NA	NA	0	4	0	0	2	2	5	0	0	0	0	1	1	0	1	0	0	4	4	4	6	0	0	0	0	0	2	0	0	5	2	0	0	1	0	1	0	3	0	3	0	0	0	0	1	2	0	4	0	0	0	4	0	0	0	1	0	4	0	0	2	2	0	0	3	2	2	0	0	1	2	2	0	0	2	3	0	0	0	2	0	0	4	1	0	0	0	0	0	0	2	0	4	0	3	0	0	2	3	2	0	0	1	3	0	2	0	0	0	0	784	527	10649	0	815	2969	30	41	80	699	3	0	0	0	0	0	1	0	0	1	3	0	0	0	0	0	0	0	3	4
ASV_16S_390	Bacteria	Firmicutes	NA	NA	NA	NA	NA	0	0	0	0	0	0	0	0	0	0	0	0	0	0	0	0	0	0	0	0	0	0	0	0	0	0	0	0	0	0	0	0	0	0	0	0	0	0	0	0	0	0	0	0	0	0	0	0	0	0	0	0	0	0	0	0	0	0	0	0	0	0	0	0	0	0	0	0	0	0	0	0	0	0	0	0	0	0	0	0	0	0	0	0	0	0	0	0	0	0	0	0	0	0	0	0	0	0	0	0	1	0	0	0	0	0	0	0	0	0	0	0	0	0	0	0	0	0	0	0	0	0	0	0	0	0	0	0	0	0	0	0	0	0	0	0	0	0	0	0
ASV_16S_391	NA	NA	NA	NA	NA	NA	NA	0	0	0	0	0	0	0	0	0	0	0	0	0	0	0	0	0	0	0	0	0	0	0	0	0	0	0	0	0	0	0	0	0	0	0	0	0	0	0	0	0	0	0	0	0	0	0	0	0	0	0	0	0	0	0	0	0	0	0	0	0	0	0	0	0	0	0	0	0	0	0	0	0	0	0	0	0	0	0	0	0	0	0	0	0	0	0	0	0	0	0	0	0	0	0	0	0	0	0	0	0	0	0	0	0	0	1	0	0	0	0	0	0	0	0	0	0	0	0	0	0	0	0	0	0	0	0	0	0	0	0	0	0	0	0	0	0	0	0	0
ASV_16S_392	Bacteria	NA	NA	NA	NA	NA	NA	0	0	0	0	0	0	0	0	0	0	0	0	0	0	0	0	0	0	0	0	0	0	0	0	0	0	0	0	0	0	0	0	0	0	0	0	0	0	0	0	0	0	0	0	0	0	0	0	0	0	0	0	0	0	0	0	0	0	0	0	0	0	0	0	0	0	0	0	0	0	0	0	0	0	0	0	0	0	0	0	0	0	0	0	0	0	0	0	0	0	0	0	0	0	0	0	0	0	0	0	0	0	0	0	0	0	1	0	0	0	0	0	0	0	0	0	0	0	0	0	0	0	0	0	0	0	0	0	0	0	0	0	0	0	0	0	0	0	0	0
ASV_16S_393	Bacteria	Firmicutes	Bacilli	Lactobacillales	NA	NA	NA	0	0	0	0	0	0	0	0	0	0	0	0	0	0	0	0	0	0	0	0	0	0	0	0	0	0	0	0	0	0	0	0	0	0	0	0	0	0	0	0	0	0	0	0	0	0	0	0	0	0	0	0	0	0	0	0	0	0	0	0	0	0	0	0	0	0	0	0	0	0	0	0	0	0	0	0	0	0	0	0	0	0	0	0	0	0	0	0	0	0	0	0	0	0	0	0	0	0	0	0	0	0	0	0	0	0	0	0	0	1	0	0	0	0	0	0	0	0	0	0	0	0	0	0	0	0	0	0	0	0	0	0	0	0	0	0	0	0	0	0
ASV_16S_394	Bacteria	Firmicutes	Clostridia	Lachnospirales	Lachnospiraceae	NA	NA	0	0	0	0	0	0	0	0	0	0	0	0	0	0	0	0	0	0	0	0	0	0	0	0	0	0	0	0	0	0	0	0	0	0	0	0	0	0	0	0	0	0	0	0	0	0	0	0	0	0	0	0	0	0	0	0	0	0	0	0	0	0	0	0	0	0	0	0	0	0	0	0	0	0	0	0	0	0	0	0	0	0	0	0	0	0	0	0	0	0	0	0	0	0	0	0	0	0	0	0	0	0	0	0	0	0	0	0	0	1	0	0	0	0	0	0	0	0	0	0	0	0	0	0	0	0	0	0	0	0	0	0	0	0	0	0	0	0	0	0
ASV_16S_395	Bacteria	Firmicutes	Bacilli	Lactobacillales	NA	NA	NA	0	0	0	0	0	0	0	0	0	0	0	0	0	0	0	0	0	0	0	0	0	0	0	0	0	0	0	0	0	0	0	0	0	0	0	0	0	0	0	0	0	0	0	0	0	0	0	0	0	0	0	0	0	0	0	0	0	0	0	0	0	0	0	0	0	0	0	0	0	0	0	0	0	0	0	0	0	0	0	0	0	0	0	0	0	0	0	0	0	0	0	0	0	0	0	0	0	0	0	0	0	0	0	0	0	0	0	0	0	1	0	0	0	0	0	0	0	0	0	0	0	0	0	0	0	0	0	0	0	0	0	0	0	0	0	0	0	0	0	0
ASV_16S_396	Bacteria	Firmicutes	Bacilli	Lactobacillales	NA	NA	NA	0	0	0	0	0	0	0	0	0	0	0	0	0	0	0	0	0	0	0	0	0	0	0	0	0	0	0	0	0	0	0	0	0	0	0	0	0	0	0	0	0	0	0	0	0	0	0	0	0	0	0	0	0	0	0	0	0	0	0	0	0	0	0	0	0	0	0	0	0	0	0	0	0	0	0	0	0	0	0	0	0	0	0	0	0	0	0	0	0	0	0	0	0	0	0	0	0	0	0	0	0	0	0	0	0	0	0	0	0	1	0	0	0	0	0	0	0	0	0	0	0	0	0	0	0	0	0	0	0	0	0	0	0	0	0	0	0	0	0	0
ASV_16S_397	Bacteria	Firmicutes	Bacilli	Lactobacillales	NA	NA	NA	0	0	0	0	0	0	0	0	0	0	0	0	0	0	0	0	0	0	0	0	0	0	0	0	0	0	0	0	0	0	0	0	0	0	0	0	0	0	0	0	0	0	0	0	0	0	0	0	0	0	0	0	0	0	0	0	0	0	0	0	0	0	0	0	0	0	0	0	0	0	0	0	0	0	0	0	0	0	0	0	0	0	0	0	0	0	0	0	0	0	0	0	0	0	0	0	0	0	0	0	0	0	0	0	0	0	0	0	0	1	0	0	0	0	0	0	0	0	0	0	0	0	0	0	0	0	0	0	0	0	0	0	0	0	0	0	0	0	0	0
ASV_16S_398	Bacteria	Firmicutes	Bacilli	Lactobacillales	NA	NA	NA	0	0	0	0	0	0	0	0	0	0	0	0	0	0	0	0	0	0	0	0	0	0	0	0	0	0	0	0	0	0	0	0	0	0	0	0	0	0	0	0	0	0	0	0	0	0	0	0	0	0	0	0	0	0	0	0	0	0	0	0	0	0	0	0	0	0	0	0	0	0	0	0	0	0	0	0	0	0	0	0	0	0	0	0	0	0	0	0	0	0	0	0	0	0	0	0	0	0	0	0	0	0	0	0	0	0	0	0	0	1	0	0	0	0	0	0	0	0	0	0	0	0	0	0	0	0	0	0	0	0	0	0	0	0	0	0	0	0	0	0
ASV_16S_399	Bacteria	Firmicutes	Clostridia	NA	NA	NA	NA	0	0	0	0	0	0	0	0	0	0	0	0	0	0	0	0	0	0	0	0	0	0	0	0	0	0	0	0	0	0	0	0	0	0	0	0	0	0	0	0	0	0	0	0	0	0	0	0	0	0	0	0	0	0	0	0	0	0	0	0	0	0	0	0	0	0	0	0	0	0	0	0	0	0	0	0	0	0	0	0	0	0	0	0	0	0	0	0	0	0	0	0	0	0	0	0	0	0	0	0	0	0	0	0	0	0	0	0	0	0	0	0	0	0	1	0	0	0	0	0	0	0	0	0	0	0	0	0	0	0	0	0	0	0	0	0	0	0	0	0
ASV_16S_4	Bacteria	Firmicutes	Clostridia	Lachnospirales	Lachnospiraceae	Lachnospiraceae NK4A136 group	NA	174	3524	1899	579	2213	273	1275	2468	334	1384	861	1550	862	2940	2141	1782	475	2649	908	2343	178	1204	615	1792	4792	495	707	784	662	5603	2297	4283	486	2226	4198	3848	2107	297	408	2518	2084	2186	257	1078	3560	2193	492	2279	3267	2621	1460	605	4945	1898	505	213	1422	882	2355	1053	133	223	128	290	781	419	192	441	637	126	681	914	728	1639	480	513	228	124	311	939	277	147	137	93	10	181	94	305	117	25	393	378	241	579	604	202	358	215	374	128	4482	1542	513	1604	1890	1016	244	1190	1981	348	693	1267	4039	4340	1101	2885	2447	3274	634	3852	119	179	1196	710	20	147	241	1232	313	182	1352	2154	710	784	1685	372	479	81	430	459
ASV_16S_40	Bacteria	Firmicutes	Clostridia	Lachnospirales	Lachnospiraceae	NA	NA	41	0	0	92	0	255	0	0	149	0	0	0	0	0	0	0	0	0	0	0	81	0	0	26	0	267	0	0	71	0	0	0	0	0	0	0	0	0	0	0	0	0	0	0	2	0	0	0	0	1	0	0	0	0	0	0	0	0	0	0	0	161	345	313	0	0	0	0	0	0	105	0	144	91	0	58	125	0	67	395	314	245	70	65	411	0	0	0	1	0	0	14	53	28	0	187	278	557	714	42	0	0	0	0	0	0	0	0	0	0	0	0	17	379	37	43	238	561	31	170	262	272	344	1212	1124	0	0	0	0	0	7	238	130	195	63	1074	716	431	301	1528
ASV_16S_400	Bacteria	NA	NA	NA	NA	NA	NA	0	0	0	0	0	0	0	0	0	0	0	0	0	0	0	0	0	0	0	0	0	0	0	0	0	0	0	0	0	0	0	0	0	0	0	0	0	0	0	0	0	0	0	0	0	0	0	0	0	0	0	0	0	0	0	0	0	0	0	0	0	0	0	0	0	0	0	0	0	0	0	0	0	0	0	0	0	0	0	0	0	0	0	0	0	0	0	0	0	0	0	0	0	0	0	0	0	0	0	0	0	0	0	0	0	0	0	0	0	0	0	0	0	0	0	1	0	0	0	0	0	0	0	0	0	0	0	0	0	0	0	0	0	0	0	0	0	0	0	0
ASV_16S_401	Bacteria	NA	NA	NA	NA	NA	NA	0	0	0	0	0	0	0	0	0	0	0	0	0	0	0	0	0	0	0	0	0	0	0	0	0	0	0	0	0	0	0	0	0	0	0	0	0	0	0	0	0	0	0	0	0	0	0	0	0	0	0	0	0	0	0	0	0	0	0	0	0	0	0	0	0	0	0	0	0	0	0	0	0	0	0	0	0	0	0	0	0	0	0	0	0	0	0	0	0	0	0	0	0	0	0	0	0	0	0	0	0	0	0	0	0	0	0	0	0	0	0	0	0	0	0	0	1	0	0	0	0	0	0	0	0	0	0	0	0	0	0	0	0	0	0	0	0	0	0	0
ASV_16S_402	Bacteria	Firmicutes	Clostridia	Lachnospirales	Lachnospiraceae	NA	NA	0	0	0	0	0	0	0	0	0	0	0	0	0	0	0	0	0	0	0	0	0	0	0	0	0	0	0	0	0	0	0	0	0	0	0	0	0	0	0	0	0	0	0	0	0	0	0	0	0	0	0	0	0	0	0	0	0	0	0	0	0	0	0	0	0	0	0	0	0	0	0	0	0	0	0	0	0	0	0	0	0	0	0	0	0	0	0	0	0	0	0	0	0	0	0	0	0	0	0	0	0	0	0	0	0	0	0	0	0	0	0	0	0	0	0	0	0	0	1	0	0	0	0	0	0	0	0	0	0	0	0	0	0	0	0	0	0	0	0	0
ASV_16S_403	Bacteria	Firmicutes	Clostridia	NA	NA	NA	NA	0	0	0	0	0	0	0	0	0	0	0	0	0	0	0	0	0	0	0	0	0	0	0	0	0	0	0	0	0	0	0	0	0	0	0	0	0	0	0	0	0	0	0	0	0	0	0	0	0	0	0	0	0	0	0	0	0	0	0	0	0	0	0	0	0	0	0	0	0	0	0	0	0	0	0	0	0	0	0	0	0	0	0	0	0	0	0	0	0	0	0	0	0	0	0	0	0	0	0	0	0	0	0	0	0	0	0	0	0	0	0	0	0	0	0	0	0	0	1	0	0	0	0	0	0	0	0	0	0	0	0	0	0	0	0	0	0	0	0	0
ASV_16S_404	Bacteria	Firmicutes	Clostridia	Lachnospirales	Lachnospiraceae	NA	NA	0	0	0	0	0	0	0	0	0	0	0	0	0	0	0	0	0	0	0	0	0	0	0	0	0	0	0	0	0	0	0	0	0	0	0	0	0	0	0	0	0	0	0	0	0	0	0	0	0	0	0	0	0	0	0	0	0	0	0	0	0	0	0	0	0	0	0	0	0	0	0	0	0	0	0	0	0	0	0	0	0	0	0	0	0	0	0	0	0	0	0	0	0	0	0	0	0	0	0	0	0	0	0	0	0	0	0	0	0	0	0	0	0	0	0	0	0	0	0	0	1	0	0	0	0	0	0	0	0	0	0	0	0	0	0	0	0	0	0	0
ASV_16S_405	Bacteria	Firmicutes	Clostridia	Lachnospirales	Lachnospiraceae	NA	NA	0	0	0	0	0	0	0	0	0	0	0	0	0	0	0	0	0	0	0	0	0	0	0	0	0	0	0	0	0	0	0	0	0	0	0	0	0	0	0	0	0	0	0	0	0	0	0	0	0	0	0	0	0	0	0	0	0	0	0	0	0	0	0	0	0	0	0	0	0	0	0	0	0	0	0	0	0	0	0	0	0	0	0	0	0	0	0	0	0	0	0	0	0	0	0	0	0	0	0	0	0	0	0	0	0	0	0	0	0	0	0	0	0	0	0	0	0	0	0	0	0	0	0	1	0	0	0	0	0	0	0	0	0	0	0	0	0	0	0	0
ASV_16S_406	Bacteria	Firmicutes	Clostridia	Lachnospirales	Lachnospiraceae	NA	NA	0	0	0	0	0	0	0	0	0	0	0	0	0	0	0	0	0	0	0	0	0	0	0	0	0	0	0	0	0	0	0	0	0	0	0	0	0	0	0	0	0	0	0	0	0	0	0	0	0	0	0	0	0	0	0	0	0	0	0	0	0	0	0	0	0	0	0	0	0	0	0	0	0	0	0	0	0	0	0	0	0	0	0	0	0	0	0	0	0	0	0	0	0	0	0	0	0	0	0	0	0	0	0	0	0	0	0	0	0	0	0	0	0	0	0	0	0	0	0	0	0	0	0	1	0	0	0	0	0	0	0	0	0	0	0	0	0	0	0	0
ASV_16S_407	Bacteria	Bacteroidota	Bacteroidia	NA	NA	NA	NA	0	0	0	0	0	0	0	0	0	0	0	0	0	0	0	0	0	0	0	0	0	0	0	0	0	0	0	0	0	0	0	0	0	0	0	0	0	0	0	0	0	0	0	0	0	0	0	0	0	0	0	0	0	0	0	0	0	0	0	0	0	0	0	0	0	0	0	0	0	0	0	0	0	0	0	0	0	0	0	0	0	0	0	0	0	0	0	0	0	0	0	0	0	0	0	0	0	0	0	0	0	0	0	0	0	0	0	0	0	0	0	0	0	0	0	0	0	0	0	0	0	0	0	0	1	0	0	0	0	0	0	0	0	0	0	0	0	0	0	0
ASV_16S_408	NA	NA	NA	NA	NA	NA	NA	0	0	0	0	0	0	0	0	0	0	0	0	0	0	0	0	0	0	0	0	0	0	0	0	0	0	0	0	0	0	0	0	0	0	0	0	0	0	0	0	0	0	0	0	0	0	0	0	0	0	0	0	0	0	0	0	0	0	0	0	0	0	0	0	0	0	0	0	0	0	0	0	0	0	0	0	0	0	0	0	0	0	0	0	0	0	0	0	0	0	0	0	0	0	0	0	0	0	0	0	0	0	0	0	0	0	0	0	0	0	0	0	0	0	0	0	0	0	0	0	0	0	0	0	0	0	0	0	0	0	0	1	0	0	0	0	0	0	0	0
ASV_16S_41	Bacteria	Firmicutes	Clostridia	Lachnospirales	Lachnospiraceae	NA	NA	51	0	0	114	0	245	0	0	148	0	0	0	0	0	0	0	0	0	0	0	71	0	0	22	0	246	0	0	73	0	0	0	1	0	0	0	0	0	0	0	0	0	0	0	0	0	0	0	0	0	0	0	0	0	0	0	0	0	0	0	0	177	324	348	0	0	0	0	0	0	102	0	144	96	0	60	133	0	93	328	322	274	82	65	404	0	0	0	0	0	0	24	52	30	0	174	279	589	723	23	0	0	0	0	0	0	2	0	0	0	4	0	14	316	39	47	270	598	20	133	257	265	352	1176	1128	0	0	0	0	1	17	268	109	161	60	1004	747	478	291	1513
ASV_16S_42	Bacteria	Firmicutes	Clostridia	Oscillospirales	Ruminococcaceae	NA	NA	2	88	280	91	85	69	170	101	95	47	135	52	80	126	36	121	166	139	149	116	60	59	238	44	141	160	53	77	48	34	797	317	92	156	72	831	301	67	279	280	208	197	108	78	193	85	47	31	78	84	126	44	80	238	23	138	124	146	126	202	61	21	58	115	200	23	73	74	106	65	2	69	54	46	22	148	181	36	82	252	360	265	17	70	142	36	47	23	223	6	0	0	111	13	24	18	11	5	50	2	30	55	91	106	122	153	220	112	167	43	26	14	0	20	34	2	139	32	34	40	184	113	201	193	398	37	47	108	40	68	0	2	15	98	19	23	86	20	57	37
ASV_16S_43	Bacteria	Firmicutes	Clostridia	Lachnospirales	Lachnospiraceae	NA	NA	72	154	697	210	90	49	228	220	109	69	0	0	0	0	0	0	0	0	0	0	61	10	89	84	74	91	17	11	109	87	0	0	0	0	0	0	0	0	0	0	76	339	13	0	868	39	9	402	172	274	0	0	0	0	0	0	0	0	0	0	38	36	36	78	370	11	90	41	177	30	273	265	175	446	139	95	134	41	476	407	92	59	5	11	124	6	26	115	16	27	0	0	0	0	0	88	93	40	208	29	182	123	135	110	128	175	451	71	65	13	36	0	22	129	40	22	182	230	23	70	29	115	6	691	697	29	42	542	43	76	0	0	1	17	2	362	81	22	75	68
ASV_16S_44	Bacteria	Firmicutes	Clostridia	NA	NA	NA	NA	47	280	405	60	124	68	257	211	79	218	235	98	88	241	56	102	198	308	106	99	24	55	61	22	72	80	31	76	64	35	92	39	15	172	59	51	55	47	82	29	346	136	113	68	288	96	101	310	725	161	241	40	343	264	305	231	204	202	280	135	38	6	65	23	0	22	66	39	99	39	87	56	29	67	53	157	80	45	53	100	120	69	17	47	143	13	16	31	25	8	19	10	46	46	101	14	33	47	15	13	38	116	75	2	23	110	191	24	129	109	38	16	14	173	48	84	208	242	43	71	40	42	65	197	209	15	46	157	26	28	3	22	25	71	67	140	67	3	44	35
ASV_16S_45	Bacteria	Firmicutes	Bacilli	Lactobacillales	Lactobacillaceae	Lactobacillus	NA	20	18	8	10	9	5	6	12	27	4	23	0	5	21	5	47	19	18	0	32	311	167	751	141	144	224	27	7	76	508	490	77	52	22	81	38	95	39	42	78	25	0	10	0	50	11	20	23	4	3	12	5	3	6	2	24	13	18	8	10	10	79	19	30	25	0	0	7	0	7	48	47	37	74	76	121	308	32	16	651	34	88	13	14	18	13	19	46	9	15	11	9	12	17	13	182	9	22	19	13	112	344	173	155	678	136	67	146	289	311	636	269	1086	32	917	428	76	180	332	926	11	23	10	35	79	4	26	18	12	45	40	2	65	7	3	101	8	3	11	15
ASV_16S_46	Bacteria	Firmicutes	Bacilli	Lactobacillales	Lactobacillaceae	Lactobacillus	NA	28	15	0	13	12	0	0	0	0	0	30	0	0	24	6	33	20	10	0	45	323	94	174	131	174	225	24	0	57	107	537	68	47	21	80	45	98	27	41	84	29	0	0	0	57	11	13	29	9	0	13	0	0	0	6	0	16	15	0	0	9	91	28	15	33	7	0	0	0	15	71	60	38	99	80	122	345	22	27	699	42	77	14	20	0	0	0	35	8	14	11	6	16	0	14	221	0	24	12	11	82	348	157	162	724	141	62	154	328	401	696	326	1242	35	1180	486	57	230	319	1002	0	12	0	33	89	0	18	16	0	53	69	0	42	0	0	106	0	0	0	21
ASV_16S_47	Bacteria	Firmicutes	Clostridia	Oscillospirales	Ruminococcaceae	Ruminococcus	NA	97	69	141	79	109	96	34	25	262	21	83	461	37	17	131	50	232	275	91	76	167	264	274	53	161	52	56	31	39	90	209	514	29	28	269	18	276	118	9	214	59	359	76	191	149	109	29	135	34	7	66	18	90	0	57	577	90	10	16	156	58	40	79	128	67	13	20	11	0	53	475	63	53	96	12	361	34	21	51	336	29	56	25	25	25	10	15	27	6	12	84	47	12	22	15	56	0	27	0	22	27	22	12	5	51	72	0	115	36	41	354	105	177	22	186	737	20	49	212	175	42	46	16	59	43	15	0	34	0	13	126	97	30	57	58	82	61	12	32	44
ASV_16S_48	Bacteria	Firmicutes	Clostridia	Lachnospirales	Lachnospiraceae	Lachnospiraceae UCG-008	NA	0	0	0	0	0	2	0	0	0	0	0	0	0	0	0	0	0	0	0	0	0	0	0	1	0	0	0	0	0	0	0	0	0	0	0	0	0	0	0	0	0	0	0	0	0	0	0	0	0	0	0	0	0	2	0	0	0	0	0	0	0	0	0	0	1	0	0	0	0	0	275	172	127	406	91	3	0	52	111	305	152	205	24	13	128	29	68	53	105	82	0	0	41	287	32	86	101	175	28	99	0	0	0	0	0	0	0	0	0	0	199	163	598	345	306	706	1007	980	125	733	74	418	352	755	59	64	25	640	49	222	0	0	85	550	56	454	185	135	142	249
ASV_16S_49	Bacteria	Firmicutes	Clostridia	Lachnospirales	Lachnospiraceae	NA	NA	90	169	163	50	219	28	81	236	111	122	87	264	121	65	185	222	47	362	37	7	52	19	142	17	144	4	11	49	18	158	191	392	20	20	57	156	141	30	101	147	344	154	155	62	350	317	69	264	33	295	271	8	348	76	121	52	161	300	395	27	22	16	214	17	41	20	66	72	12	15	55	7	22	27	12	26	7	3	18	14	48	3	14	8	41	15	15	37	20	10	0	0	9	0	7	12	15	57	77	7	230	166	69	63	84	194	164	111	102	5	19	3	109	281	37	54	58	95	42	65	20	9	23	119	69	15	28	393	8	0	0	0	10	32	2	129	20	33	5	12
ASV_16S_5	Bacteria	Firmicutes	Clostridia	Lachnospirales	Lachnospiraceae	Lachnospiraceae NK4A136 group	NA	200	2004	1319	165	26	354	603	763	87	2652	5436	2178	3236	2405	36	3756	1679	2741	5111	1635	485	227	739	700	240	516	147	538	287	4680	2646	1143	955	1001	407	4809	27	614	2015	2159	1617	1776	316	1660	5678	3230	1279	4942	3412	6821	1054	160	207	5640	2505	722	1178	6826	9562	3057	371	630	514	580	674	343	760	505	2546	523	86	326	313	0	606	33	568	17	11	82	2189	1510	463	474	438	17	45	5	732	486	273	253	819	107	540	50	50	400	205	88	1040	822	699	2085	1533	1336	1767	144	978	470	211	155	441	177	334	29	1446	1039	259	648	740	1111	480	1027	1375	5	121	1714	79	497	1140	118	484	0	933	274	590	422	297	134
ASV_16S_50	Bacteria	Firmicutes	Clostridia	Lachnospirales	Lachnospiraceae	NA	NA	0	0	0	0	0	0	0	0	0	0	0	0	0	0	0	0	0	0	0	0	0	0	0	0	0	0	0	0	0	0	0	0	0	0	0	0	0	0	0	0	0	0	0	0	0	0	0	0	0	0	0	0	0	0	0	0	0	0	0	0	0	0	0	0	0	0	0	0	0	0	0	0	0	1071	0	0	0	0	0	0	0	0	0	0	0	0	0	0	0	0	110	647	237	2476	630	0	0	0	0	0	0	0	0	0	0	0	0	0	0	0	0	0	0	0	0	726	0	0	0	1115	0	0	0	0	0	0	0	0	0	0	476	2089	349	1016	793	0	0	0	0	0
ASV_16S_51	Bacteria	Firmicutes	Clostridia	Lachnospirales	Lachnospiraceae	NA	NA	8	80	417	103	68	33	63	80	68	39	48	77	74	88	57	78	174	101	208	123	139	47	451	154	306	54	179	53	71	375	332	154	81	38	120	42	147	122	86	39	77	121	113	65	159	80	28	70	80	23	44	54	54	51	68	50	65	52	21	185	40	135	78	128	156	33	30	0	2	43	47	12	18	36	16	41	62	3	10	64	20	72	35	47	23	12	6	5	0	12	5	16	9	7	8	22	14	62	13	5	124	128	128	41	239	594	114	93	200	303	286	61	50	21	213	76	15	14	122	106	21	100	13	236	35	2	4	24	11	10	15	4	61	28	31	29	42	0	22	34
ASV_16S_52	Bacteria	Firmicutes	Clostridia	Oscillospirales	Oscillospiraceae	Flavonifractor	NA	11	108	631	140	23	138	65	68	126	59	134	235	74	98	61	67	120	250	100	85	50	226	143	235	313	103	351	245	122	483	145	359	31	76	107	14	240	238	39	0	24	327	10	167	390	93	65	118	37	144	0	0	40	81	38	33	40	16	21	28	19	133	56	177	84	7	14	8	61	0	107	0	3	14	0	19	47	0	0	40	70	50	209	42	19	18	6	20	0	0	3	12	2	5	0	20	5	32	0	0	33	25	55	65	83	324	43	95	108	75	59	5	0	82	91	23	10	30	50	51	3	64	63	66	111	4	15	213	0	14	25	26	0	0	21	114	77	5	10	63
ASV_16S_53	Bacteria	Firmicutes	Clostridia	Lachnospirales	Lachnospiraceae	Lachnospiraceae UCG-006	NA	9	76	90	47	28	42	59	39	45	56	70	10	81	55	60	56	74	62	72	137	120	163	252	126	82	121	10	96	81	240	166	63	282	270	195	298	95	107	130	123	85	114	62	64	126	61	47	86	47	66	68	10	18	121	92	9	50	79	54	98	30	11	51	28	70	16	56	43	9	29	60	38	55	102	56	36	53	16	38	45	15	63	24	23	37	18	14	36	19	21	48	87	224	44	227	14	36	26	10	6	82	39	31	77	98	147	192	113	126	68	64	124	134	0	72	196	174	69	24	136	73	25	123	65	36	6	32	50	18	2	221	14	67	136	98	19	39	26	28	28
ASV_16S_54	Bacteria	Firmicutes	Clostridia	Oscillospirales	Oscillospiraceae	Oscillibacter	NA	14	0	0	32	0	27	49	0	52	0	0	0	135	140	0	86	0	0	328	42	67	0	0	5	0	47	4	0	13	0	35	0	35	60	31	93	0	0	92	31	94	0	145	97	0	37	34	72	17	0	177	5	169	135	87	96	81	151	200	215	82	31	27	11	124	0	19	5	72	27	165	93	86	247	90	174	108	55	161	419	24	151	13	18	49	11	34	23	64	44	37	56	91	62	162	24	32	9	59	16	104	48	58	99	114	78	231	138	76	111	96	0	29	67	134	252	368	375	40	181	34	92	111	167	106	29	30	91	6	48	171	136	51	283	68	40	51	34	82	0
ASV_16S_55	Bacteria	Firmicutes	Clostridia	Lachnospirales	Lachnospiraceae	ASF356	NA	21	227	216	78	95	60	90	84	79	59	389	129	223	198	119	86	91	402	318	77	12	20	24	10	8	57	26	59	11	40	176	75	26	17	22	107	26	37	32	7	93	196	1	66	183	47	1	147	217	338	0	0	180	314	142	71	248	14	0	0	116	60	95	51	107	22	27	43	99	51	72	66	49	149	24	62	96	41	111	255	117	242	0	44	0	0	0	0	2	0	19	4	82	47	61	0	7	50	0	5	89	0	22	225	25	51	114	23	106	70	14	18	48	7	21	55	46	0	32	38	111	112	0	274	67	0	0	0	0	0	26	50	44	160	61	3	4	0	0	53
ASV_16S_56	Bacteria	Firmicutes	Clostridia	Lachnospirales	Lachnospiraceae	NA	NA	11	140	37	21	61	24	89	79	19	34	95	25	62	74	77	61	46	195	86	77	114	64	165	116	112	134	30	70	136	379	296	233	160	279	184	581	151	143	185	237	117	89	39	24	80	76	12	94	104	151	89	51	54	127	71	34	96	194	106	119	20	10	32	38	41	19	7	13	16	28	28	28	43	34	2	12	17	4	36	3	57	129	14	33	75	12	9	28	10	13	7	15	27	10	22	14	23	30	20	12	174	61	90	152	73	117	173	87	98	26	6	2	25	28	43	198	421	79	2	77	84	19	34	118	20	3	19	21	18	29	14	20	19	5	20	11	18	15	14	17
ASV_16S_57	Bacteria	Firmicutes	Clostridia	Lachnospirales	Lachnospiraceae	GCA-900066575	NA	37	68	157	47	37	14	40	48	29	10	164	184	100	55	44	53	73	177	51	75	76	19	75	72	64	66	24	14	123	53	103	148	41	103	197	131	74	98	120	200	142	77	21	65	203	50	33	162	118	88	103	17	54	142	145	29	70	92	369	102	21	22	26	36	68	16	16	29	21	2	93	44	61	173	43	41	21	7	74	40	21	54	7	10	31	4	18	27	3	16	32	134	44	73	125	38	4	19	54	6	81	127	41	85	85	89	162	19	54	39	30	15	2	3	1	247	108	170	31	8	30	24	74	152	153	14	12	140	11	52	155	309	128	216	213	134	28	12	37	22
ASV_16S_58	Bacteria	Firmicutes	Clostridia	Lachnospirales	Lachnospiraceae	Lachnospiraceae UCG-006	NA	13	39	101	47	48	9	90	15	40	6	64	48	65	8	22	80	62	113	135	21	60	32	425	325	116	113	9	40	151	268	243	213	53	31	44	359	140	71	157	407	353	38	70	27	37	108	2	21	8	25	278	66	15	38	19	47	43	63	83	88	4	0	9	3	9	0	0	26	1	0	26	9	12	14	0	17	6	0	18	19	40	6	6	14	82	5	2	27	26	0	0	0	13	14	4	13	7	12	126	6	108	79	42	33	85	279	89	74	43	46	69	291	527	99	129	360	269	451	144	149	2	0	40	18	247	9	0	43	9	9	0	4	0	8	0	11	9	8	27	9
ASV_16S_59	Bacteria	Firmicutes	Clostridia	Oscillospirales	Oscillospiraceae	Colidextribacter	NA	34	81	243	54	126	55	54	35	71	34	316	30	75	239	34	141	234	289	255	39	16	19	40	8	76	40	0	31	23	37	150	0	24	96	46	47	94	36	71	36	160	284	302	120	354	127	85	200	161	63	233	54	153	117	274	46	199	117	83	431	13	17	42	0	16	0	22	6	43	10	100	58	29	61	61	68	167	32	122	369	16	53	23	28	69	20	0	15	0	11	0	0	0	0	0	0	11	0	21	0	0	29	14	53	0	49	0	38	13	240	47	0	0	34	222	73	144	141	7	0	13	42	82	98	149	21	0	56	5	20	0	0	0	0	0	17	33	11	41	0
ASV_16S_6	Bacteria	Deferribacterota	Deferribacteres	Deferribacterales	Deferribacteraceae	Mucispirillum	NA	1346	3311	4238	233	4149	200	972	9201	300	2241	1122	2500	1284	980	1089	993	999	4174	2688	379	148	549	554	838	1437	1157	628	712	329	463	2946	1639	258	507	927	1	892	460	1302	196	1539	160	1949	83	1252	1327	1669	1200	1225	1090	1334	3397	2270	1445	2424	1095	944	2290	1027	1636	477	96	309	139	165	92	106	100	77	35	194	511	249	398	287	232	0	100	244	234	11030	787	1378	719	1112	424	329	260	993	423	82	348	252	706	140	527	1880	1581	1395	412	3657	2476	1464	1436	1052	1834	3252	1345	1528	828	705	1586	427	2394	3759	3181	625	0	929	2702	787	451	498	287	1034	266	370	2745	505	227	68	202	180	219	190	3587	466	196	75	250
ASV_16S_60	Bacteria	Firmicutes	Clostridia	NA	NA	NA	NA	0	0	0	85	1	103	257	26	96	0	0	0	0	0	0	0	0	0	0	0	61	4	80	35	72	130	80	112	96	0	0	0	2	0	0	0	0	0	0	0	0	0	0	0	0	0	0	0	0	0	0	0	0	0	0	0	0	0	0	0	51	56	57	83	92	17	24	34	125	28	0	0	0	0	0	182	94	41	252	420	124	189	95	65	100	8	38	36	2	50	1	0	0	0	1	3	3	7	0	0	323	324	200	135	258	483	1087	117	503	465	7	0	1	58	0	1	177	5	15	0	41	296	162	334	294	42	28	344	6	30	1	0	0	6	2	9	171	1	10	6
ASV_16S_61	Bacteria	Firmicutes	Clostridia	Lachnospirales	Lachnospiraceae	[Eubacterium] ventriosum group	NA	0	37	142	88	0	12	32	0	64	12	0	0	0	0	1	0	0	0	0	0	5	197	1284	58	330	157	40	0	190	363	0	0	0	0	0	0	0	0	0	0	0	0	0	14	134	0	15	89	28	36	0	0	29	80	62	0	0	73	50	55	48	112	20	73	0	18	40	18	0	6	25	46	52	78	12	64	40	16	5	156	21	91	49	41	35	14	23	9	14	20	22	18	37	3	15	18	16	25	13	6	74	143	80	58	115	280	57	112	148	248	668	116	143	42	517	329	101	78	97	279	35	99	16	59	47	0	3	22	24	30	24	42	37	4	18	33	11	11	24	29
ASV_16S_62	Bacteria	Firmicutes	Clostridia	Oscillospirales	Oscillospiraceae	Oscillibacter	NA	0	0	0	0	0	0	0	0	0	0	0	0	0	0	0	0	0	0	0	0	0	0	0	0	0	0	0	0	0	0	0	0	0	0	0	0	0	0	0	0	0	0	1	0	0	0	0	0	0	0	0	0	0	2	0	1	0	0	0	0	0	0	0	0	0	0	0	0	0	0	662	18	162	407	37	0	0	0	0	0	1	0	0	0	0	0	9	0	0	0	53	81	120	5	204	85	80	166	74	47	0	0	0	0	0	1	0	0	0	0	137	145	77	51	132	467	525	936	498	2299	0	0	0	0	0	0	3	1	0	0	101	275	143	168	93	319	98	35	162	221
ASV_16S_63	Bacteria	Firmicutes	Clostridia	Oscillospirales	Oscillospiraceae	Intestinimonas	NA	27	79	186	64	113	27	38	123	67	82	274	34	89	69	36	63	127	223	130	37	24	12	0	9	6	29	0	0	15	12	0	24	0	20	0	13	13	0	58	22	145	163	92	74	195	67	39	158	158	163	284	23	99	138	186	179	114	380	165	154	48	15	19	30	71	0	21	17	54	23	0	0	0	0	12	49	28	21	15	33	91	101	24	18	42	13	39	7	32	15	12	22	28	58	32	20	4	36	33	0	89	0	41	167	16	135	243	10	45	42	10	0	0	154	8	15	411	36	0	0	75	54	51	108	202	24	118	102	8	40	83	69	26	55	74	115	79	27	16	0
ASV_16S_64	Bacteria	Firmicutes	Clostridia	Lachnospirales	Lachnospiraceae	NA	NA	27	230	377	0	112	14	70	24	53	23	379	245	180	89	27	96	126	371	112	33	11	4	0	15	23	35	0	2	0	20	16	58	13	37	0	18	31	13	92	6	482	60	71	29	73	81	83	272	257	138	187	34	102	88	104	15	90	339	434	87	22	12	5	3	11	10	19	0	22	0	20	9	21	44	0	0	0	0	0	16	82	33	87	5	89	5	13	43	5	21	0	0	0	0	0	39	25	31	35	3	15	54	0	23	4	0	43	0	18	17	4	5	0	21	18	118	228	376	10	82	26	26	96	62	298	0	40	202	14	24	0	0	0	25	0	134	40	16	28	36
ASV_16S_65	Bacteria	Firmicutes	Clostridia	Lachnospirales	Lachnospiraceae	Marvinbryantia	NA	31	0	229	197	22	44	7	38	265	37	0	124	71	50	57	451	125	150	281	191	0	0	69	0	103	12	0	7	121	1	0	120	0	22	0	0	2	43	121	109	21	558	151	787	666	12	32	208	7	5	126	47	94	168	97	38	46	82	11	35	112	139	23	423	428	56	109	0	2	45	0	0	0	0	0	7	0	0	21	38	0	0	1	24	33	0	0	0	0	0	0	0	0	0	0	0	1	0	0	0	0	214	97	75	106	157	113	0	123	70	34	0	0	0	10	3	0	0	0	2	0	0	0	15	35	0	0	0	0	0	0	0	0	0	0	0	0	0	0	0
ASV_16S_66	Bacteria	Firmicutes	Clostridia	Lachnospirales	Lachnospiraceae	NA	NA	19	237	373	11	108	23	70	24	53	20	333	232	203	73	4	82	104	319	113	23	0	0	4	4	18	33	0	6	5	13	21	49	6	36	19	16	30	13	79	28	473	56	74	31	71	64	98	277	263	133	175	33	80	79	103	15	70	349	415	61	15	0	0	5	9	0	0	9	8	7	19	7	24	26	12	1	7	4	20	0	75	45	77	0	99	2	14	35	15	14	0	0	14	0	0	40	45	51	39	13	8	41	0	26	4	17	24	0	27	14	0	0	12	19	13	84	239	348	14	86	0	15	103	75	245	10	47	185	14	30	0	0	0	6	0	121	42	19	21	31
ASV_16S_67	Bacteria	Firmicutes	Clostridia	Lachnospirales	Lachnospiraceae	NA	NA	24	0	0	66	0	54	118	0	482	0	0	0	1940	628	0	56	0	0	446	85	77	0	0	45	0	153	0	0	893	0	0	0	628	240	0	416	0	0	260	90	0	0	0	0	0	0	0	0	0	0	0	0	0	0	0	0	0	0	0	0	0	0	10	0	28	0	17	0	173	0	0	81	0	0	0	0	0	0	0	18	47	16	0	0	0	0	9	31	0	0	0	0	0	0	0	0	0	20	0	0	70	46	73	29	91	70	70	67	101	0	0	0	0	45	15	36	112	72	22	0	0	0	30	0	0	0	0	174	0	31	0	0	0	0	0	0	27	17	0	0
ASV_16S_68	Bacteria	Firmicutes	Clostridia	Lachnospirales	Lachnospiraceae	Lachnospiraceae UCG-006	NA	20	74	346	42	54	24	73	42	57	78	125	37	168	36	17	117	87	95	337	60	29	135	341	96	141	98	68	51	69	406	277	66	75	0	71	115	138	44	122	302	11	84	2	16	121	77	30	54	25	71	105	7	66	119	63	39	13	87	68	126	27	11	51	8	21	5	0	22	78	26	6	33	17	19	3	66	36	37	34	48	9	25	0	6	0	22	40	31	79	22	13	6	15	4	25	2	0	0	14	0	59	88	76	4	77	102	39	69	26	14	9	122	42	5	15	224	75	195	30	67	5	0	0	2	3	20	38	46	13	5	32	4	15	6	3	7	8	0	3	3
ASV_16S_69	Bacteria	Firmicutes	Clostridia	Lachnospirales	Lachnospiraceae	NA	NA	37	84	52	21	53	28	75	65	27	32	74	56	22	15	78	59	60	209	68	38	58	62	66	68	111	46	85	34	53	168	159	136	43	37	58	138	65	96	182	100	152	83	55	69	231	84	11	100	69	70	202	28	257	167	110	0	63	37	89	149	0	0	12	15	43	11	23	35	17	19	34	24	14	31	40	33	0	0	31	42	28	0	0	0	30	18	18	46	23	0	0	8	35	122	10	14	10	10	26	7	81	17	31	91	118	89	148	114	45	23	13	51	59	64	9	160	156	92	16	105	16	14	69	87	89	23	67	113	36	49	5	15	35	63	0	48	32	0	11	31
ASV_16S_7	Bacteria	Firmicutes	Clostridia	Lachnospirales	Lachnospiraceae	Blautia	NA	387	708	3188	870	1160	529	1003	1670	869	352	5383	3048	2046	742	607	1455	2310	3543	1698	461	600	104	2085	816	1188	1472	283	1182	739	2920	3338	5664	317	867	829	3018	1024	379	1386	1921	1818	1697	784	1571	2978	1320	502	2050	1258	4093	1696	737	2753	2119	2346	1108	1766	2579	5971	2022	207	241	296	338	796	171	589	295	1272	176	638	532	434	691	374	255	240	75	329	844	504	733	290	209	543	74	194	487	140	0	1	27	0	424	28	657	247	437	643	290	1885	1790	813	777	1343	1611	1612	1007	1420	648	607	397	1552	2431	868	1214	1951	1046	373	874	265	397	304	1907	5148	94	193	2504	77	88	0	161	0	241	26	4860	511	260	429	1160
ASV_16S_70	Bacteria	Firmicutes	Clostridia	Lachnospirales	Lachnospiraceae	Hungatella	NA	78	192	135	165	77	214	62	157	155	50	100	131	140	28	75	74	240	244	198	322	0	20	221	0	30	61	35	21	23	15	0	31	37	13	27	9	24	20	0	56	169	317	155	106	285	224	128	311	68	42	76	11	48	25	198	49	123	61	25	180	118	159	17	142	271	15	0	0	46	60	0	0	0	0	0	86	0	0	0	22	0	0	0	0	0	0	0	0	0	0	0	0	0	0	0	0	0	0	0	0	65	0	0	0	0	389	65	70	143	106	0	0	0	0	0	0	0	0	0	0	3	9	0	0	7	0	0	5	4	0	0	0	0	0	0	0	0	0	0	0
ASV_16S_71	Bacteria	Firmicutes	Clostridia	Lachnospirales	Lachnospiraceae	Roseburia	NA	12	84	126	33	41	24	50	100	31	18	75	63	48	79	26	60	73	211	32	59	25	12	217	60	147	22	4	56	94	309	637	84	6	62	97	93	33	59	166	85	117	44	7	50	203	60	15	20	21	86	118	29	101	124	43	41	72	177	119	96	16	29	27	74	86	4	77	57	0	31	48	6	5	35	8	0	24	0	12	42	15	32	12	15	45	8	9	16	16	10	4	15	14	32	15	38	24	27	17	5	117	33	97	17	17	72	71	20	109	22	20	70	93	30	7	0	57	133	9	40	38	47	21	84	189	0	23	13	15	38	24	20	22	29	0	94	64	24	48	12
ASV_16S_72	Bacteria	Firmicutes	Clostridia	Oscillospirales	NA	NA	NA	3	30	248	72	14	43	30	25	27	24	34	41	37	47	32	45	25	30	19	85	37	18	58	34	54	92	13	15	32	22	57	24	18	50	30	51	0	42	38	29	39	133	78	78	124	20	11	116	87	4	4	25	29	27	52	5	37	41	37	27	101	180	78	194	172	23	49	0	6	26	135	92	157	169	35	105	73	20	109	260	176	90	161	92	46	31	31	39	28	57	30	20	105	63	46	16	69	57	110	60	15	32	20	45	35	51	28	108	29	26	0	14	4	13	42	80	36	50	0	32	68	128	40	145	29	65	50	74	18	24	63	0	41	51	74	5	209	18	44	50
ASV_16S_73	Bacteria	Firmicutes	Clostridia	Lachnospirales	Lachnospiraceae	NA	NA	23	141	30	9	58	0	110	73	34	49	139	59	41	21	115	99	64	194	101	71	0	26	0	24	114	29	56	39	0	132	107	52	58	25	39	128	31	31	100	70	229	105	57	98	292	164	32	125	132	115	165	19	312	237	187	0	110	84	216	175	0	0	0	15	49	12	28	24	63	0	23	0	0	51	42	35	25	0	33	47	9	0	0	0	20	13	0	36	0	0	0	0	27	114	0	0	0	0	11	0	90	0	21	121	29	29	124	87	44	0	0	0	54	56	0	60	66	19	0	52	0	0	94	60	98	0	41	148	47	20	15	35	58	65	0	48	15	8	0	0
ASV_16S_74	Bacteria	Firmicutes	Clostridia	Peptostreptococcales-Tissierellales	Peptostreptococcaceae	NA	NA	0	1	0	0	0	0	0	0	0	0	1	0	2	1	0	0	0	0	0	0	0	0	0	0	0	0	0	1	0	0	2	0	0	0	0	0	0	0	0	0	0	0	0	0	0	0	0	0	0	0	0	0	0	0	0	1	0	0	0	0	0	0	0	0	0	0	0	0	0	0	0	6	2	0	0	0	0	0	0	0	0	0	0	3	3	0	0	0	0	4	0	0	0	0	2	0	0	0	0	0	0	2	0	0	0	0	0	0	0	0	616	316	3991	0	167	1632	6	12	94	590	0	0	1	0	0	0	0	2	0	3	0	0	0	0	5	0	0	0	0	0
ASV_16S_75	Bacteria	Firmicutes	Bacilli	Erysipelotrichales	Erysipelatoclostridiaceae	NA	NA	26	29	17	17	21	137	0	20	0	7	20	8	30	23	0	92	9	51	22	66	130	173	579	117	88	111	12	37	10	478	530	127	73	38	65	49	148	111	120	25	20	17	47	49	80	6	21	29	48	0	11	18	8	15	29	13	0	5	0	5	30	129	69	33	189	4	17	27	5	42	7	0	10	10	9	75	16	5	9	101	18	25	16	0	0	0	8	0	0	0	0	3	4	1	0	0	6	0	18	15	16	184	129	50	22	72	16	425	72	15	31	91	533	5	99	351	0	65	19	84	4	20	19	14	2	3	10	26	0	5	5	8	25	13	6	15	58	0	11	4
ASV_16S_76	Bacteria	Firmicutes	Clostridia	Lachnospirales	Lachnospiraceae	Lachnospiraceae UCG-001	NA	0	1095	0	0	535	0	0	0	0	48	481	0	0	0	149	0	0	0	39	0	0	12	0	0	130	0	0	0	0	57	96	0	0	0	9	0	0	0	7	0	785	169	197	27	0	201	41	54	0	0	0	36	0	1	103	0	1049	403	0	0	0	0	0	0	5	0	0	0	26	1	0	0	0	0	15	0	0	0	0	0	0	0	0	2	201	0	0	90	156	0	0	0	0	0	0	0	0	0	0	0	0	39	0	62	0	0	0	6	0	23	0	0	0	0	0	0	0	0	0	0	0	0	0	0	594	0	0	296	64	0	0	0	0	0	0	0	0	0	0	0
ASV_16S_77	Bacteria	Firmicutes	Clostridia	Oscillospirales	Oscillospiraceae	Colidextribacter	NA	0	0	0	0	0	0	0	0	0	0	0	0	0	0	0	0	0	0	0	0	0	0	0	0	0	0	0	0	0	0	0	0	0	0	0	0	0	0	0	0	0	0	0	0	0	0	0	0	0	0	0	0	0	3	0	0	0	0	0	0	0	0	0	0	0	0	0	0	0	0	508	216	118	168	231	572	117	64	288	396	34	98	9	45	64	0	47	49	13	33	31	15	53	66	108	111	10	61	111	37	0	0	0	0	0	0	0	0	0	0	204	30	52	179	248	350	161	284	38	148	67	110	91	260	199	21	50	112	21	35	50	81	54	164	49	178	60	48	64	102
ASV_16S_78	Bacteria	Firmicutes	Clostridia	Lachnospirales	Lachnospiraceae	NA	NA	16	142	233	35	115	19	52	50	70	73	38	0	0	21	31	23	61	0	119	3	0	14	106	19	87	22	39	70	35	40	8	4	0	15	68	32	71	2	16	3	106	195	37	0	15	5	42	151	36	15	205	36	46	0	0	105	72	60	2	6	414	0	721	0	484	12	166	97	182	92	155	35	0	2	0	65	19	17	101	2	32	0	10	0	67	2	22	0	20	11	0	0	0	0	0	43	0	49	122	0	0	6	20	70	0	15	91	40	0	9	10	16	22	138	32	41	0	207	1	21	37	0	5	21	118	6	53	5	26	8	0	0	0	0	0	124	16	78	119	0
ASV_16S_79	Bacteria	Firmicutes	Clostridia	Lachnospirales	Lachnospiraceae	NA	NA	0	0	0	0	0	0	0	0	0	0	0	0	0	0	0	0	0	0	1	0	0	0	0	0	0	0	0	0	0	0	0	0	0	0	0	0	0	0	0	0	0	0	0	0	0	0	0	0	0	0	0	0	0	0	0	0	0	0	0	0	0	0	0	0	0	0	0	0	0	0	17	112	59	60	11	2	23	14	94	34	157	170	100	147	288	38	55	70	58	41	63	60	306	13	112	73	14	45	197	37	0	2	0	2	0	0	0	0	0	0	164	311	112	84	155	690	908	812	64	262	163	19	110	23	76	6	80	43	29	34	106	0	41	93	72	20	74	32	61	45
ASV_16S_8	Bacteria	Firmicutes	Clostridia	Lachnospirales	Lachnospiraceae	NA	NA	839	0	0	1007	0	0	0	0	973	351	565	232	910	0	74	852	0	2128	158	781	502	0	0	605	0	1	3	0	366	928	379	577	1005	0	0	926	0	632	378	493	1440	0	742	537	1	200	285	1387	3	983	2509	312	0	1195	923	0	0	557	3	0	748	2403	1073	1999	1674	429	1216	1825	497	1015	2147	1976	646	1682	703	838	0	250	2134	3102	142	170	112	490	877	405	286	474	295	223	1	0	0	8	0	299	0	178	275	227	1063	275	401	430	2093	773	2797	434	1249	228	639	657	1469	1184	734	1387	1858	795	432	809	123	60	482	2683	1021	503	366	312	234	914	0	0	1	0	0	204	0	53	1022	319
ASV_16S_80	Bacteria	Firmicutes	Clostridia	Lachnospirales	Lachnospiraceae	Blautia	NA	10	15	161	22	12	0	8	9	22	37	47	50	50	18	16	38	68	63	30	14	153	28	186	152	86	81	21	51	219	359	180	209	70	95	184	311	0	41	74	113	84	41	14	31	0	83	14	72	8	61	18	3	45	124	65	26	34	59	47	37	9	8	0	5	31	5	33	21	47	0	29	0	11	9	37	5	30	9	20	4	6	0	0	1	30	0	0	0	1	3	0	7	5	14	6	12	3	6	13	1	73	344	81	82	61	48	93	37	45	19	17	41	59	50	35	134	67	174	12	87	51	0	24	53	198	3	4	58	11	0	132	75	20	35	57	30	16	6	22	25
ASV_16S_81	Bacteria	Firmicutes	Clostridia	Lachnospirales	Lachnospiraceae	Lachnoclostridium	NA	0	1	0	0	0	0	0	0	0	0	0	0	0	0	0	0	0	0	0	0	0	0	0	0	0	0	0	0	0	0	0	0	0	0	0	0	0	0	0	0	0	0	0	0	0	0	0	0	0	0	0	0	0	0	0	0	0	0	0	0	0	0	0	0	0	0	0	0	0	0	106	24	103	103	30	21	34	13	40	91	238	107	39	27	50	26	23	22	34	11	20	20	76	74	40	135	100	147	485	163	0	0	0	0	0	0	0	0	0	0	31	86	205	291	143	179	73	1387	112	345	15	37	18	163	114	28	9	33	41	54	39	40	69	89	67	87	244	108	92	169
ASV_16S_82	Bacteria	Firmicutes	Clostridia	Lachnospirales	Lachnospiraceae	NA	NA	0	22	67	0	44	0	27	0	7	0	0	5	24	10	0	44	20	28	17	12	64	3	360	119	132	92	26	66	48	221	169	102	26	17	93	509	59	21	195	302	79	24	13	13	11	14	8	38	15	25	46	32	0	6	21	12	30	36	34	98	0	0	5	0	5	0	9	20	0	9	17	38	7	15	24	35	11	4	16	23	48	21	4	22	25	4	11	23	25	5	0	13	11	27	30	31	6	19	80	0	219	31	69	64	146	193	183	83	46	4	54	131	173	44	17	176	286	419	22	58	24	14	22	28	16	0	10	9	0	12	14	0	0	0	4	4	0	5	13	22
ASV_16S_83	Bacteria	Firmicutes	Bacilli	Staphylococcales	Staphylococcaceae	Staphylococcus	NA	0	0	0	0	0	0	0	0	0	0	0	0	0	0	0	0	0	0	0	0	0	0	0	0	3	0	0	0	1	0	0	0	0	0	0	0	0	0	0	0	0	0	0	0	0	0	0	0	0	0	0	0	0	0	0	0	0	0	0	0	0	0	0	0	0	0	0	0	0	0	0	0	0	0	0	0	0	0	0	0	286	248	76	77	370	987	78	309	550	67	4	14	22	30	8	19	31	161	21	49	0	0	0	0	0	0	0	0	0	0	0	0	0	0	0	0	0	0	0	0	221	317	262	292	156	199	0	308	474	77	28	176	77	356	73	36	54	33	38	0
ASV_16S_84	Bacteria	Firmicutes	Bacilli	Lactobacillales	Streptococcaceae	Lactococcus	NA	5	9	19	16	12	23	8	5	16	9	15	3	8	10	0	7	14	18	0	0	72	212	1052	7	195	89	35	42	54	404	620	50	32	12	57	90	74	25	21	57	9	25	24	13	6	0	5	12	4	3	8	0	12	24	0	4	10	0	5	13	28	31	0	19	10	16	0	20	10	25	21	21	11	22	7	48	26	2	14	31	26	57	9	45	28	3	20	12	24	25	10	11	3	12	10	9	12	15	12	24	27	56	76	39	102	15	20	26	11	86	157	118	368	0	383	198	6	23	132	177	26	33	0	39	6	7	12	2	5	12	0	0	9	14	4	0	22	0	8	23
ASV_16S_85	Bacteria	Firmicutes	Clostridia	Oscillospirales	Oscillospiraceae	Colidextribacter	NA	0	0	0	0	0	0	0	14	9	0	0	0	0	0	0	0	0	0	0	0	119	69	44	136	150	164	65	118	144	120	0	0	0	0	0	0	0	0	0	0	0	0	0	0	0	0	0	0	0	0	0	0	0	0	0	0	0	0	0	0	0	41	0	0	81	22	0	33	0	44	51	26	38	42	45	35	80	10	62	142	64	157	33	67	80	58	33	40	51	52	12	43	71	20	38	29	55	34	31	37	0	199	119	51	0	0	0	0	0	0	285	131	0	0	276	330	299	327	111	390	74	83	0	59	0	23	24	33	59	64	41	29	164	68	12	10	90	28	37	51
ASV_16S_86	Bacteria	Firmicutes	Clostridia	Lachnospirales	Lachnospiraceae	NA	NA	42	21	114	34	32	420	12	0	207	18	35	32	63	23	0	22	25	28	66	34	226	28	470	93	66	34	87	10	68	189	0	117	94	32	209	0	29	20	49	257	24	101	18	28	75	61	0	131	46	71	6	10	0	0	37	8	80	11	7	15	11	38	22	142	59	25	7	24	0	12	32	0	19	30	0	53	17	0	0	25	18	14	16	0	0	7	16	3	5	16	14	0	74	10	0	0	35	0	18	33	0	124	0	13	17	30	0	31	12	27	54	50	95	23	72	191	40	72	28	71	0	0	0	0	0	0	0	7	0	0	42	43	327	20	17	9	25	5	4	38
ASV_16S_87	Bacteria	NA	NA	NA	NA	NA	NA	12	30	77	34	11	23	26	25	17	11	15	17	21	19	8	24	27	30	22	22	48	28	94	206	176	96	82	6	92	70	72	27	45	45	115	169	80	75	171	154	23	41	38	10	39	20	12	24	26	18	13	11	13	54	0	0	24	34	26	23	45	0	65	2	25	25	28	82	0	20	27	38	11	18	35	39	32	0	49	37	0	35	50	45	125	26	77	54	42	0	0	7	64	6	64	35	35	36	93	11	0	31	30	26	46	133	17	32	35	0	11	59	69	8	9	231	79	194	0	45	45	61	42	12	18	0	0	42	56	28	0	7	23	67	21	21	79	25	34	90
ASV_16S_88	Bacteria	Firmicutes	Clostridia	Lachnospirales	Lachnospiraceae	Lachnospiraceae UCG-006	NA	4	26	67	27	26	6	45	11	21	6	28	21	41	2	16	59	36	87	74	16	40	24	241	196	87	63	5	19	78	177	151	121	34	20	22	209	80	28	86	287	200	31	38	26	27	52	3	17	15	14	173	29	13	13	13	26	19	34	47	53	0	0	2	0	2	0	0	14	1	3	19	7	6	0	0	10	0	0	9	12	22	4	9	6	33	0	0	13	15	0	1	3	2	6	2	11	4	5	56	3	64	58	33	19	39	153	53	36	30	19	52	187	294	54	57	203	160	268	104	80	2	0	20	8	100	2	0	19	1	0	0	0	0	5	0	7	5	5	22	5
ASV_16S_89	Bacteria	Firmicutes	Clostridia	Lachnospirales	Lachnospiraceae	NA	NA	15	74	24	13	32	11	42	45	18	18	48	16	35	23	45	25	40	116	48	42	69	91	86	59	75	82	12	37	76	222	159	99	110	145	132	324	67	89	113	121	61	35	13	14	47	50	25	55	48	74	52	32	32	69	27	12	63	86	51	68	12	5	18	16	15	6	1	13	19	14	10	3	25	12	0	8	3	3	16	0	30	65	13	19	47	11	9	10	4	6	7	13	16	7	12	9	6	15	16	4	107	44	39	98	47	56	95	33	58	14	3	1	11	18	14	106	212	38	1	55	64	6	35	68	7	1	7	20	10	17	10	8	11	4	10	0	10	9	11	6
ASV_16S_9	Bacteria	Firmicutes	Clostridia	Lachnospirales	Lachnospiraceae	NA	NA	795	0	0	954	0	0	0	0	807	363	446	243	908	0	9	783	2	2030	157	749	445	0	0	568	0	0	0	0	386	883	345	643	1100	0	5	872	4	652	387	484	1334	1	770	500	0	234	280	1287	0	914	2324	298	0	1132	831	1	0	551	0	3	687	2112	1103	2017	1600	513	1194	1714	437	976	2046	1801	653	1614	738	781	1	259	2000	2910	131	207	102	461	833	412	312	428	312	281	0	0	0	8	0	274	5	208	290	43	991	319	428	401	2054	758	2534	481	1179	227	608	676	1222	1125	703	1416	1936	822	455	914	160	13	469	2529	995	461	382	288	184	1153	0	0	0	0	0	222	3	95	947	334
ASV_16S_90	Bacteria	Firmicutes	Clostridia	Lachnospirales	Lachnospiraceae	GCA-900066575	NA	0	0	90	13	0	7	29	30	17	0	61	72	45	55	0	31	37	63	39	35	0	18	52	31	33	41	11	15	53	47	82	74	31	65	121	75	41	45	53	91	78	48	0	39	109	37	29	81	76	47	66	13	23	55	66	12	27	53	209	44	14	17	17	16	44	0	24	0	24	0	52	34	0	108	23	0	12	0	0	35	11	16	0	0	0	0	6	14	4	0	19	54	0	48	72	29	0	9	0	0	49	73	44	46	64	68	101	0	40	17	24	13	0	14	0	139	80	105	26	29	14	0	37	122	67	0	0	82	6	43	80	148	63	109	34	66	15	6	20	19
ASV_16S_91	Bacteria	Firmicutes	Clostridia	Lachnospirales	Lachnospiraceae	NA	NA	0	4	0	0	99	1	0	0	3	16	0	0	55	3	0	14	0	0	7	0	0	30	0	0	43	1	0	0	0	3	247	0	6	14	0	489	0	0	131	0	74	6	160	0	0	3	74	0	0	0	1	0	67	216	84	27	252	190	0	0	37	2	18	0	129	29	3	95	15	19	111	0	30	457	69	109	216	18	83	0	0	0	0	0	1	7	0	0	47	16	0	0	81	0	0	1	0	0	111	0	9	90	45	50	65	5	206	90	67	93	0	6	0	18	0	131	234	1	0	0	0	0	0	0	0	10	0	0	1	0	0	0	38	0	0	0	0	0	7	0
ASV_16S_92	Bacteria	Firmicutes	Clostridia	Oscillospirales	Oscillospiraceae	Colidextribacter	NA	0	12	20	0	12	0	5	54	0	0	41	0	16	90	0	17	46	17	9	20	53	18	85	6	3	67	6	31	0	15	46	185	70	54	31	61	26	14	73	0	0	0	15	11	25	17	0	0	7	10	0	7	0	67	0	115	24	7	0	7	16	8	0	28	46	20	0	13	7	35	0	18	0	52	0	74	72	0	42	78	0	105	0	0	10	0	7	0	24	29	0	0	40	23	0	0	24	0	9	26	247	33	34	0	223	0	333	233	111	0	42	53	13	0	0	248	554	0	44	221	16	85	0	97	9	0	5	0	9	21	0	8	39	63	0	4	32	0	10	60
ASV_16S_93	Bacteria	Firmicutes	Clostridia	Lachnospirales	Lachnospiraceae	Acetatifactor	NA	21	53	234	86	37	19	90	64	34	23	0	1	0	0	0	0	0	0	0	0	22	3	48	35	28	39	10	12	35	33	0	0	0	0	0	0	0	0	0	0	32	105	0	0	270	20	6	132	62	100	0	0	0	0	0	0	0	0	0	0	14	12	10	34	103	6	47	11	106	21	94	90	62	163	47	43	48	18	160	120	24	21	1	2	49	2	6	36	9	13	0	0	0	0	0	28	27	13	69	9	73	28	42	49	42	46	176	20	20	9	9	0	8	62	18	9	78	83	7	24	11	39	2	230	264	16	26	194	12	24	0	0	0	0	0	134	19	7	29	12
ASV_16S_94	Bacteria	Firmicutes	Clostridia	NA	NA	NA	NA	0	0	0	0	79	0	12	19	3	1	5	0	5	0	0	8	0	0	40	12	0	0	8	0	18	0	4	5	2	0	1	22	8	0	0	13	1	10	0	0	71	0	43	21	0	10	5	0	0	8	42	5	0	0	10	0	0	0	3	26	0	32	18	0	40	10	20	16	22	0	14	0	187	48	5	0	0	0	71	5	0	0	0	8	408	0	74	77	76	0	29	38	376	42	37	130	0	0	38	48	0	30	0	0	84	20	0	5	0	16	134	1	158	4	197	28	0	458	49	67	0	172	0	106	145	36	0	46	76	0	45	36	130	7	80	67	0	0	94	129
ASV_16S_95	Bacteria	Firmicutes	Clostridia	Lachnospirales	Lachnospiraceae	Frisingicoccus	NA	14	23	71	5	27	0	10	11	35	2	2	0	5	0	8	16	15	28	0	30	51	29	173	111	56	65	23	22	97	123	78	153	74	0	76	23	127	8	11	127	24	48	28	28	62	10	0	23	7	6	13	20	7	0	21	11	12	6	8	27	0	12	37	0	22	8	0	9	4	0	30	10	23	7	13	24	18	3	6	33	215	10	9	31	75	15	24	21	32	8	19	0	0	9	0	22	28	20	49	25	14	214	0	10	0	223	0	25	0	76	209	51	82	16	248	46	12	172	20	73	18	26	4	35	0	7	2	3	6	0	25	10	0	11	18	12	0	12	26	17
ASV_16S_96	Bacteria	Firmicutes	Clostridia	Lachnospirales	Lachnospiraceae	Hungatella	NA	0	86	70	22	50	15	0	29	17	19	60	61	60	99	39	141	100	183	142	188	24	9	87	21	48	0	0	20	24	54	35	41	46	69	40	32	30	67	64	44	66	133	57	86	201	74	55	135	79	50	44	0	16	78	84	11	22	46	46	87	13	60	16	71	37	0	6	0	0	0	18	6	16	50	0	23	16	0	0	45	32	26	36	0	0	0	0	6	0	0	12	7	34	7	0	0	8	0	0	3	15	0	6	7	34	48	19	15	15	23	14	12	25	7	22	52	20	34	16	0	0	7	10	16	13	7	0	9	0	0	54	17	25	9	25	0	11	0	12	9
ASV_16S_97	Bacteria	Firmicutes	Clostridia	Oscillospirales	Oscillospiraceae	Oscillibacter	NA	23	112	658	40	81	25	29	54	36	28	9	40	92	111	4	12	21	102	109	35	0	0	0	2	0	8	0	5	5	0	46	9	0	16	2	3	2	0	22	8	48	414	59	178	101	58	0	126	80	28	88	12	53	8	31	39	31	28	98	67	6	15	11	6	65	7	13	11	12	0	36	8	21	37	0	56	24	8	36	96	7	16	0	0	8	3	0	0	1	0	12	2	0	0	22	10	0	33	18	6	40	3	2	46	7	7	116	2	20	0	6	0	0	15	18	0	19	27	2	8	0	20	8	36	68	12	0	41	7	0	23	14	5	39	0	22	31	14	35	12
ASV_16S_98	Bacteria	Firmicutes	Bacilli	Staphylococcales	Staphylococcaceae	Staphylococcus	NA	0	0	0	0	0	0	0	0	0	0	0	0	0	0	0	0	0	0	0	0	0	0	0	0	0	0	0	0	0	0	0	0	0	0	0	0	0	0	0	0	0	0	0	0	0	0	0	0	0	0	0	0	0	0	0	0	0	0	0	0	0	0	0	0	0	0	0	0	0	0	0	0	0	0	0	0	0	0	0	0	58	45	17	15	31	269	0	114	247	0	4	0	60	1103	18	11	62	295	0	80	0	0	0	0	0	0	0	0	0	0	0	0	0	0	0	0	0	0	0	0	35	33	0	18	0	3	3	0	25	5	0	0	0	2043	0	0	0	9	3	10
ASV_16S_99	Bacteria	Firmicutes	Clostridia	Lachnospirales	Lachnospiraceae	NA	NA	10	127	159	24	65	5	29	42	49	54	37	0	0	15	15	10	32	7	112	0	0	10	55	6	83	13	31	35	18	19	7	3	0	2	36	24	38	1	11	2	61	115	17	0	16	10	18	99	27	5	130	16	28	0	0	76	59	55	4	6	277	0	433	0	297	8	108	62	107	56	93	19	0	0	0	30	5	9	59	0	14	0	5	0	38	0	5	0	13	9	0	0	0	0	0	43	0	26	71	1	0	0	16	38	0	12	55	30	0	0	2	10	11	73	25	23	0	102	0	5	22	0	3	13	119	3	28	1	21	6	0	0	0	0	0	70	9	47	58	0
