#SampleID	SRR387669	SRR387670	SRR387937	SRR387938	SRR387939	SRR387940	SRR387941	SRR387942	SRR387943	SRR387944	SRR387945	SRR387946	SRR387947	SRR387948	SRR387949	SRR387950	SRR387951	SRR387952	SRR387953	SRR387954	SRR387955	SRR387956	SRR387957	SRR387958	SRR387959	SRR387960	SRR387961	SRR387962	SRR387963	SRR387964	SRR387965	SRR387966	SRR387967	SRR387968	SRR387969	SRR387970	SRR387971	SRR387972	SRR387973	SRR387974	SRR387975	SRR387976	SRR387977	SRR387978	SRR387979	SRR387980	SRR387981	SRR387982	SRR387983	SRR387984	SRR387985	SRR387986	SRR387987	SRR387988	SRR387989	SRR387990	SRR387991	SRR387992	SRR387993	SRR387994	SRR387995	SRR387996	SRR387997	SRR387998	SRR387999	SRR388000	SRR388001	SRR388002	SRR388003	SRR388004	SRR388005	SRR388006	SRR388007	SRR388008	SRR388009	SRR388010	SRR388011	SRR388012	SRR388013	SRR388014	SRR388015	SRR388016	SRR388017	SRR388018	SRR388019	SRR388020	SRR388021	SRR388022	SRR388023	SRR388024	SRR388025	SRR388026	SRR388027	SRR388028	SRR388029	SRR388030	SRR388031	SRR388032	SRR388033	SRR388034	SRR388035	SRR388036	SRR388037	SRR388038	SRR388039	SRR388040	SRR388041	SRR388042	SRR388043	SRR388044	SRR388045	SRR388046	SRR388047	SRR388048	SRR388049	SRR388050	SRR388051	SRR388052	SRR388053	SRR388054	SRR388055	SRR388056	SRR388057	SRR388058	SRR388059	SRR388060	SRR388061	SRR388062	SRR388063	SRR388064	SRR388065	SRR388066	SRR388067	SRR388068	SRR388069	SRR388070	SRR388071	SRR388072	SRR388073	SRR388074	SRR388075	SRR388076	SRR388077	SRR388078	SRR388079	SRR388080	SRR388081	SRR388082	SRR388083	SRR388084	SRR388085	SRR388086	SRR388087	SRR388088	SRR388089	SRR388090	SRR388091	SRR388092	SRR388093	SRR388094	SRR388095	SRR388096	SRR388097	SRR388098	SRR388099	SRR388100	SRR388101	SRR388102	SRR388103	SRR388104	SRR388105	SRR388106	SRR388107	SRR388108	SRR388109	SRR388110	SRR388111	SRR388112
sk__Archaea;k__;p__Euryarchaeota;c__Methanobacteria;o__Methanobacteriales;f__Methanobacteriaceae;g__Methanobrevibacter	0	0	0	0	0	0	0	0	0	0	0	0	0	0	0	0	0	0	0	0	0	0	0	0	0	0	0	0	0	0	0	0	0	0	0	0	0	0	0	0	0	0	0	0	0	0	0	0	0	0	0	0	0	0	0	0	0	0	0	0	0	0	0	0	0	0	0	0	0	0	0	0	0	0	0	0	0	0	0	0	0	0	0	1.0	0	0	0	0	0	0	0	0	0	0	0	0	0	0	0	0	0	0	0	0	0	0	0	0	0	0	0	0	0	0	0	0	0	0	0	0	0	0	0	0	0	0	0	0	0	0	0	0	0	0	0	0	0	0	0	0	0	0	0	0	0	0	0	0	0	0	0	0	0	0	0	0	0	0	0	0	0	0	0	0	0	0	0	0	0	0	0	0	0	0	1.0	0	0	0
sk__Bacteria	310.0	265.0	268.0	234.0	421.0	912.0	151.0	235.0	10.0	272.0	354.0	255.0	83.0	205.0	31.0	77.0	82.0	53.0	113.0	522.0	135.0	84.0	277.0	169.0	208.0	59.0	39.0	186.0	388.0	943.0	171.0	39.0	203.0	69.0	352.0	536.0	204.0	72.0	209.0	177.0	630.0	21.0	338.0	113.0	41.0	887.0	331.0	437.0	261.0	362.0	109.0	600.0	323.0	107.0	541.0	50.0	47.0	153.0	64.0	260.0	29.0	165.0	363.0	424.0	527.0	360.0	225.0	646.0	274.0	254.0	538.0	750.0	396.0	657.0	86.0	581.0	303.0	60.0	283.0	214.0	234.0	327.0	346.0	214.0	206.0	166.0	279.0	226.0	304.0	300.0	778.0	119.0	168.0	346.0	97.0	183.0	42.0	97.0	269.0	30.0	168.0	600.0	168.0	543.0	388.0	84.0	99.0	2017.0	274.0	468.0	328.0	45.0	371.0	100.0	176.0	415.0	85.0	147.0	169.0	74.0	199.0	14.0	36.0	28.0	60.0	107.0	158.0	219.0	241.0	125.0	107.0	144.0	99.0	59.0	91.0	320.0	143.0	274.0	55.0	72.0	64.0	1487.0	112.0	787.0	90.0	225.0	195.0	134.0	349.0	60.0	859.0	132.0	303.0	38.0	272.0	94.0	1553.0	215.0	335.0	93.0	434.0	188.0	446.0	258.0	145.0	174.0	517.0	63.0	259.0	233.0	44.0	89.0	50.0	67.0	316.0	128.0	266.0	86.0
sk__Bacteria;k__;p__;c__;o__;f__;g__;s__Firmicutes_oral_clone_CH017	0	1.0	0	0	0	0	0	0	0	0	0	0	0	0	0	0	0	0	0	0	0	0	0	0	0	0	0	0	0	0	0	0	0	0	0	0	0	0	0	0	0	0	0	0	0	0	0	0	0	0	0	0	0	0	0	0	0	0	0	0	0	0	0	0	0	0	0	0	0	0	0	0	0	0	0	0	0	0	0	0	8.0	0	1.0	0	0	0	0	0	0	0	0	0	8.0	0	0	0	0	0	0	0	0	0	0	0	0	0	0	0	0	0	0	0	0	0	0	0	0	0	0	0	0	0	0	0	0	0	40.0	0	48.0	0	0	0	0	0	0	0	0	0	0	0	0	0	0	0	0	0	0	0	0	53.0	0	0	0	0	0	0	0	0	0	0	0	0	0	0	0	0	0	0	0	0	0	0	0	0	0	0	0	0
sk__Bacteria;k__;p__;c__;o__;f__;g__;s__Firmicutes_oral_clone_CK051	0	0	0	0	0	0	0	0	0	0	0	0	0	0	0	0	0	0	0	0	0	0	0	0	0	0	0	0	0	0	0	0	0	0	0	0	0	0	0	0	0	0	0	0	0	0	0	0	0	0	0	0	0	0	0	0	0	0	0	0	0	0	2.0	0	0	0	0	0	0	0	0	0	0	0	0	0	0	0	0	0	0	0	0	1.0	0	3.0	0	0	0	0	0	0	0	0	0	0	0	0	0	0	0	0	0	0	0	0	0	0	0	0	0	0	0	0	0	0	0	0	0	0	0	0	0	0	0	0	0	0	0	0	0	0	0	0	0	0	0	0	0	0	0	0	0	0	0	0	0	0	0	0	0	0	0	0	0	0	0	0	0	0	0	0	0	0	0	0	4.0	0	0	0	0	0	0	0	0	0	0	0
sk__Bacteria;k__;p__;c__;o__;f__;g__;s__Firmicutes_oral_clone_FM046	0	0	0	0	0	0	0	0	0	0	0	0	0	0	0	0	0	0	0	0	0	0	0	0	0	0	0	0	0	0	0	0	0	0	0	0	0	0	0	0	0	0	0	0	0	0	0	0	0	0	0	0	0	0	0	0	0	0	0	0	0	0	0	0	0	0	0	0	0	0	0	0	0	0	0	0	0	0	0	0	0	0	0	0	0	0	0	0	0	0	0	0	0	0	0	0	0	0	0	0	0	0	0	0	0	0	0	0	0	0	0	0	0	0	0	0	0	0	0	0	0	0	0	0	0	0	0	0	0	0	0	0	0	0	0	0	0	0	0	0	0	0	0	0	0	0	0	0	0	0	0	0	0	0	0	0	0	0	0	0	0	0	0	0	0	0	0	0	0	1.0	0	0	0	0	0	0	0	0
sk__Bacteria;k__;p__;c__;o__;f__;g__;s__bacterium_FCC9	0	2.0	0	0	0	0	0	0	0	0	0	0	0	0	0	0	0	0	0	0	0	0	0	0	0	0	0	0	0	0	0	0	0	0	0	0	0	0	0	0	0	0	0	0	0	0	0	0	0	0	0	0	0	0	0	0	0	0	0	0	0	0	0	0	4.0	0	0	0	0	0	0	0	0	0	0	0	0	0	0	0	0	0	0	0	0	0	0	0	0	0	0	0	0	0	0	0	0	0	0	0	0	0	0	0	0	0	0	0	0	0	0	0	0	0	0	0	0	0	0	0	0	0	0	0	0	0	0	0	0	0	0	0	0	0	0	0	0	0	0	0	0	0	0	0	0	0	0	0	0	0	0	0	0	0	0	0	0	0	0	0	0	0	0	0	0	0	0	0	0	0	0	0	0	0	0	0	0	0
sk__Bacteria;k__;p__;c__;o__;f__;g__;s__bacterium_H25	0	1.0	0	0	0	0	0	0	0	0	0	0	0	0	0	0	0	0	0	0	0	0	0	0	0	0	0	0	0	0	0	0	0	0	0	0	0	0	0	0	0	0	0	0	0	0	0	0	0	0	0	0	0	0	0	0	0	0	0	0	0	0	0	0	1.0	0	0	0	0	0	0	0	0	0	0	0	0	0	0	0	0	0	0	0	0	0	0	0	0	0	0	0	0	0	0	0	0	0	0	0	0	0	0	0	0	0	0	0	0	0	0	0	0	0	0	0	0	0	0	0	0	0	0	0	0	0	0	0	0	0	0	0	0	0	0	0	0	0	0	0	0	0	0	0	0	0	0	0	0	0	0	0	0	0	0	0	0	0	0	0	0	0	0	0	0	0	0	0	0	0	0	0	0	0	0	0	0	0
sk__Bacteria;k__;p__;c__;o__;f__;g__;s__bacterium_NLAE-zl-H389	0	0	0	0	0	0	0	0	0	0	0	0	0	0	0	0	0	0	0	0	0	0	0	0	0	0	0	0	0	0	0	0	0	0	0	0	0	0	0	0	0	0	0	0	0	0	0	0	0	0	0	0	0	0	0	0	0	0	0	0	0	0	0	1.0	0	0	0	0	0	0	0	0	0	0	0	0	0	0	0	0	0	0	0	0	0	0	0	0	0	0	0	0	0	0	0	0	0	0	0	0	0	0	0	0	0	0	0	0	0	0	0	0	0	0	0	0	0	0	0	0	0	0	0	0	0	0	0	0	0	0	0	0	0	0	0	0	0	0	0	0	0	0	0	0	0	0	0	0	0	0	0	0	0	0	0	0	0	0	0	0	0	0	0	0	0	0	0	0	0	0	0	0	0	0	0	0	0	0
sk__Bacteria;k__;p__;c__;o__;f__;g__;s__bacterium_NTL113	2.0	0	0	0	0	0	0	0	0	0	0	0	0	0	0	0	0	0	0	0	0	0	0	0	0	0	0	0	0	0	0	0	0	0	0	0	0	0	0	0	0	0	0	0	0	0	0	0	0	0	0	0	0	0	0	0	0	0	0	0	0	0	0	3.0	0	0	0	0	0	0	0	1.0	0	0	0	0	0	0	0	0	0	0	0	0	0	0	0	0	0	0	0	0	0	0	0	0	0	0	0	0	0	0	0	0	0	0	0	0	0	0	0	0	0	0	0	0	0	0	0	0	0	0	0	0	0	0	0	0	0	0	0	0	0	0	0	0	0	0	0	0	0	0	0	0	0	0	0	0	0	0	0	0	0	0	0	0	0	0	0	0	0	0	0	0	0	0	0	0	0	0	0	0	0	0	0	0	0	0
sk__Bacteria;k__;p__;c__;o__;f__;g__;s__bacterium_enrichment_culture_clone_B75(2011)	0	0	0	0	0	0	0	0	0	0	0	0	0	0	0	0	0	0	0	0	0	0	0	0	0	0	0	0	0	0	0	0	0	0	0	0	0	0	0	0	0	0	0	0	0	0	0	0	0	0	0	0	0	0	0	1.0	0	0	0	0	0	0	0	0	0	0	0	0	0	0	0	0	0	0	0	0	0	0	0	0	0	0	0	0	0	0	0	0	0	0	0	0	0	0	0	0	0	0	0	0	0	0	0	0	0	0	0	0	0	0	0	0	0	0	0	0	0	0	0	0	0	0	0	0	0	0	0	0	0	0	0	0	0	0	0	0	0	0	0	0	0	0	0	0	0	0	0	0	0	0	0	0	0	0	0	0	0	0	0	0	0	0	0	0	0	0	0	0	0	0	0	0	0	0	0	0	0	0
sk__Bacteria;k__;p__;c__;o__;f__;g__;s__bacterium_enrichment_culture_clone_R3-1	0	0	0	0	0	0	0	0	0	0	0	0	0	0	0	0	0	0	0	0	0	0	0	0	0	0	0	0	0	0	0	0	0	0	0	0	0	0	0	0	0	0	0	0	0	0	0	0	0	0	0	0	0	0	0	0	0	0	0	0	0	0	0	0	0	0	0	0	0	0	0	0	0	0	0	0	0	0	0	0	0	0	0	0	0	0	0	0	0	0	0	0	0	0	0	0	0	0	0	0	0	0	0	0	0	0	0	0	0	0	0	0	0	0	0	0	0	0	0	0	0	1.0	3.0	0	0	0	0	0	0	0	0	0	0	0	0	0	0	0	0	0	0	0	0	0	0	0	0	0	0	0	0	0	0	0	0	0	0	0	0	0	0	0	0	0	0	0	0	0	0	0	0	0	0	0	0	0	0	0
sk__Bacteria;k__;p__Acidobacteria	0	0	1.0	0	0	0	0	0	0	0	0	0	0	0	0	0	0	0	0	3.0	0	0	0	0	0	0	0	0	0	0	0	0	0	0	0	0	0	0	0	0	0	0	0	0	1.0	0	0	0	0	0	0	0	0	0	0	0	0	0	0	0	0	0	0	0	0	0	0	0	0	0	0	0	0	0	0	0	0	0	0	0	0	0	0	0	0	0	0	0	0	0	0	0	0	0	0	0	0	0	0	0	0	0	0	0	0	0	0	0	2.0	0	0	1.0	0	0	0	0	0	0	0	0	0	0	0	0	0	0	0	0	0	0	0	1.0	0	0	0	0	0	0	0	0	0	0	0	0	0	0	0	0	2.0	0	0	0	0	0	0	0	0	0	0	0	0	0	0	0	0	0	0	0	0	0	0	0	0	0	0	0	0	0
sk__Bacteria;k__;p__Acidobacteria;c__Acidobacteriia;o__Acidobacteriales;f__Acidobacteriaceae	0	0	0	0	0	0	0	0	0	0	0	0	0	0	0	0	0	0	0	0	0	0	0	0	0	0	0	0	0	0	0	0	0	0	0	0	0	0	0	0	0	0	0	0	0	0	0	2.0	0	0	0	0	0	0	0	0	0	0	0	0	0	0	0	0	0	0	0	0	0	0	0	0	0	0	0	0	0	0	0	0	0	0	0	0	0	0	0	0	0	0	0	0	0	0	0	0	0	0	0	0	0	0	0	0	0	0	0	0	0	0	0	0	0	0	0	0	0	0	0	0	0	0	0	0	0	0	0	0	0	0	0	0	0	0	0	0	0	0	0	0	0	0	0	0	0	0	0	0	0	0	0	0	0	0	0	0	0	0	0	0	0	0	0	0	0	0	0	0	0	0	0	0	0	0	0	0	0	0
sk__Bacteria;k__;p__Acidobacteria;c__Acidobacteriia;o__Acidobacteriales;f__Acidobacteriaceae;g__Occallatibacter	0	0	0	0	0	0	0	0	0	0	0	0	0	0	0	0	0	0	0	0	0	0	0	0	0	0	0	0	0	0	0	0	0	0	0	0	1.0	0	0	0	0	0	0	0	0	0	0	0	0	0	0	0	0	0	0	0	0	0	0	0	0	0	0	0	0	0	0	0	0	0	0	0	0	0	0	0	0	0	0	0	0	0	0	0	0	0	0	0	0	0	0	0	0	0	0	0	0	0	0	0	0	0	0	0	0	0	0	0	0	0	0	0	0	0	0	0	0	0	0	0	0	0	0	0	0	0	0	0	0	0	0	0	0	0	0	0	0	0	0	0	0	0	0	0	0	0	0	0	0	0	0	0	0	0	0	0	0	0	0	0	0	0	0	0	0	0	0	0	0	0	0	0	0	0	0	0	0	0
sk__Bacteria;k__;p__Acidobacteria;c__Blastocatellia	0	0	0	0	1.0	0	0	0	0	0	0	0	1.0	0	0	0	0	0	0	0	0	0	0	0	0	0	0	0	0	1.0	0	0	0	0	0	0	0	0	0	0	0	0	0	1.0	0	0	0	0	0	0	0	0	0	0	0	0	0	0	0	0	0	0	0	0	0	0	0	0	0	0	0	0	0	0	0	0	0	0	0	0	0	0	0	0	0	0	0	0	0	0	0	0	0	0	0	0	0	0	0	0	0	0	0	0	0	0	0	0	0	0	0	0	0	0	0	0	0	0	0	0	0	0	0	0	0	0	0	0	0	0	0	6.0	0	0	0	0	0	0	0	0	0	0	0	0	0	0	0	0	0	0	0	0	0	0	0	0	0	0	0	0	0	0	0	0	0	0	0	0	0	0	0	0	0	0	0	0	0	0
sk__Bacteria;k__;p__Acidobacteria;c__Blastocatellia;o__;f__;g__Blastocatella	0	0	0	0	0	0	0	0	0	0	0	0	0	0	0	0	0	0	0	0	0	0	0	0	0	0	0	0	0	0	0	0	0	0	0	0	0	0	0	0	0	0	0	0	1.0	0	0	0	0	0	0	0	0	0	0	0	0	0	0	0	0	0	0	0	0	0	0	0	0	0	0	0	0	1.0	0	0	0	0	0	0	0	0	0	0	0	0	0	0	0	0	0	0	0	0	0	0	0	0	0	0	0	0	0	0	0	0	0	0	0	0	0	0	0	0	0	0	0	0	0	0	0	0	0	0	0	0	0	0	0	0	0	1.0	0	0	0	2.0	0	0	0	0	0	0	0	0	0	0	0	0	4.0	0	0	0	0	0	0	0	0	0	0	0	0	0	0	0	0	0	0	0	0	0	0	0	0	0	0	0	0	0
sk__Bacteria;k__;p__Acidobacteria;c__Holophagae	0	0	2.0	0	0	0	0	0	0	0	0	0	0	0	0	0	0	0	0	0	0	0	0	0	0	0	0	0	0	0	0	0	0	0	0	0	0	0	0	0	0	0	0	0	0	0	0	0	0	0	0	0	0	0	0	0	0	0	0	0	0	0	0	0	0	0	0	0	0	0	0	0	0	0	0	0	0	0	0	0	0	0	0	0	0	0	0	0	0	0	0	0	0	0	0	0	0	0	0	0	0	0	0	0	0	0	0	0	0	0	0	0	0	0	0	0	0	0	0	0	0	0	0	0	0	0	0	0	0	0	0	0	0	0	0	0	0	0	0	0	0	0	0	0	0	0	0	0	0	0	0	0	0	0	0	0	0	0	0	0	0	0	0	0	0	0	0	0	0	0	0	0	0	0	0	0	0	0
sk__Bacteria;k__;p__Acidobacteria;c__Holophagae;o__Holophagales;f__Holophagaceae	1.0	0	0	0	0	0	0	0	0	0	0	0	0	0	0	0	0	0	0	0	0	0	0	0	0	0	0	0	0	0	0	0	0	0	0	0	0	0	0	0	0	0	0	0	0	0	0	0	0	0	0	0	0	0	0	0	0	0	0	0	0	0	0	0	0	0	0	0	0	0	0	0	0	0	0	0	0	0	0	0	0	0	0	0	0	0	0	0	0	0	0	0	0	0	0	0	0	0	0	0	0	0	0	0	0	0	0	0	0	0	0	0	0	0	0	0	0	0	0	0	0	0	0	0	0	0	0	0	0	0	0	2.0	0	0	0	0	0	0	0	0	0	0	0	0	0	0	0	0	0	0	0	0	0	0	0	0	0	0	0	0	0	0	0	0	0	0	0	0	0	0	0	0	0	0	0	0	0	0
sk__Bacteria;k__;p__Acidobacteria;c__Holophagae;o__Holophagales;f__Holophagaceae;g__Holophaga	0	0	2.0	0	0	0	0	0	0	0	0	0	0	0	0	0	0	0	0	0	0	0	0	0	0	0	0	0	0	0	0	0	0	0	0	0	0	0	0	0	0	0	0	0	0	0	0	0	0	0	0	0	0	0	0	0	0	0	0	0	0	0	0	0	0	0	0	0	0	0	0	0	0	0	0	0	0	0	0	0	0	0	0	0	0	0	0	0	0	0	0	0	0	0	0	0	0	0	0	0	0	0	0	0	0	0	0	0	0	0	0	0	0	0	0	0	0	0	0	0	0	0	0	0	0	0	0	0	0	0	0	0	0	0	0	0	0	0	0	0	0	0	0	0	0	0	0	0	0	0	0	0	0	0	0	0	0	0	0	0	0	0	0	0	0	0	0	0	0	0	0	0	0	0	0	0	0	0
sk__Bacteria;k__;p__Acidobacteria;c__Solibacteres;o__Solibacterales;f__Bryobacteraceae;g__Bryobacter	0	0	0	0	0	0	0	0	0	0	0	0	0	0	0	0	0	0	0	0	0	0	0	0	0	0	0	0	0	0	0	0	0	0	0	0	0	0	0	0	0	0	0	2.0	0	0	0	0	0	0	0	0	0	0	0	0	0	0	0	0	0	0	0	0	0	2.0	0	0	0	0	0	0	0	0	0	0	0	0	0	0	0	0	0	0	0	0	0	0	0	0	0	0	0	0	0	0	0	0	0	0	0	0	0	0	0	0	0	0	0	0	0	0	0	0	0	0	0	1.0	0	0	0	0	0	0	0	0	0	0	0	0	0	0	0	0	0	0	0	0	0	0	0	0	0	0	0	0	0	0	0	0	0	0	0	0	0	0	0	0	0	0	0	0	0	0	0	0	0	0	0	0	0	0	0	0	0	0	0	0
sk__Bacteria;k__;p__Acidobacteria;c__Solibacteres;o__Solibacterales;f__Bryobacteraceae;g__Paludibaculum	0	0	0	0	0	0	0	0	0	0	0	0	0	0	0	0	0	0	0	0	0	0	0	0	0	0	0	0	0	0	0	0	0	0	0	0	0	0	0	0	0	0	0	3.0	0	0	0	0	0	0	0	0	0	0	0	0	0	0	0	0	0	0	0	0	0	0	0	0	0	0	0	0	0	0	0	0	0	0	0	0	0	0	0	0	0	0	0	0	0	0	0	0	0	0	0	0	0	0	0	0	0	0	0	0	0	0	0	0	0	0	0	0	0	0	0	0	0	0	0	0	0	0	0	0	0	0	0	0	0	0	0	0	0	0	0	0	0	0	0	0	0	0	0	0	0	0	0	0	0	0	0	0	0	0	0	0	0	0	0	0	0	0	0	0	0	0	0	0	0	0	0	0	0	0	0	0	0	0
sk__Bacteria;k__;p__Acidobacteria;c__Solibacteres;o__Solibacterales;f__Solibacteraceae;g__Candidatus_Solibacter	0	0	0	0	0	0	0	0	0	0	0	0	0	0	0	0	0	0	0	0	0	0	0	0	0	0	0	0	0	0	0	0	0	0	0	0	0	0	0	0	0	0	0	8.0	0	0	0	0	0	0	0	0	0	0	0	0	0	0	0	0	0	0	0	0	0	0	0	0	0	0	0	0	0	0	0	0	0	0	0	0	0	0	0	0	0	0	0	0	0	0	0	0	0	0	0	0	0	0	0	0	0	0	0	0	0	0	0	0	0	0	0	0	0	0	0	0	0	0	0	0	0	0	0	0	0	0	0	0	0	0	0	0	0	0	0	0	0	0	0	0	0	0	0	0	0	0	0	0	0	0	0	0	0	0	0	0	0	0	0	0	0	0	0	0	0	0	0	0	0	0	0	0	0	0	0	0	0	0
sk__Bacteria;k__;p__Actinobacteria	0	0	0	0	0	3.0	0	7.0	0	1.0	0	1.0	2.0	1.0	3.0	1.0	1.0	1.0	2.0	0	1.0	0	2.0	28.0	2.0	3.0	0	2.0	3.0	0	1.0	0	0	2.0	0	34.0	0	4.0	0	0	0	0	0	0	4.0	0	0	74.0	1.0	27.0	0	3.0	11.0	25.0	0	16.0	0	0	15.0	4.0	1.0	0	0	0	1.0	0	1.0	0	0	0	1.0	0	1.0	0	0	0	0	0	0	0	3.0	0	1.0	1.0	0	1.0	0	1.0	0	0	3.0	0	0	0	0	0	0	0	1.0	0	0	0	0	2.0	0	1.0	0	0	5.0	0	0	0	0	0	0	1.0	0	0	0	3.0	0	0	0	3.0	0	0	3.0	11.0	5.0	3.0	0	0	5.0	0	0	40.0	0	0	0	1.0	0	1.0	0	65.0	1.0	7.0	0	0	2.0	6.0	0	0	0	0	0	0	1.0	0	3.0	1.0	0	0	0	0	0	0	0	0	0	0	0	0	0	0	0	0	1.0	0
sk__Bacteria;k__;p__Actinobacteria;c__Acidimicrobiia	0	0	0	0	0	0	0	0	0	0	0	0	0	0	0	0	0	0	0	0	0	0	0	0	0	0	0	0	0	0	0	0	0	0	0	0	0	0	0	0	0	0	0	0	0	0	0	0	0	0	0	0	0	0	0	0	0	0	0	0	0	0	0	0	0	0	0	0	0	0	0	0	0	0	0	0	0	0	0	0	1.0	0	0	0	0	0	0	0	0	0	0	0	0	0	0	0	0	0	0	0	0	0	0	0	0	0	0	0	0	0	0	0	0	0	0	0	0	0	0	0	0	0	0	0	0	0	0	0	0	0	0	0	0	0	0	0	0	0	0	0	0	0	0	0	0	0	0	0	0	0	0	0	0	0	0	0	0	0	0	0	0	0	0	0	0	0	0	0	0	0	0	0	0	0	0	0	0	0
sk__Bacteria;k__;p__Actinobacteria;c__Acidimicrobiia;o__Acidimicrobiales	0	0	0	0	0	0	0	0	0	0	0	0	0	0	0	0	0	0	0	0	0	0	0	0	0	0	0	0	0	0	0	0	0	0	0	0	0	0	0	0	0	0	0	0	0	0	0	0	0	0	0	0	0	0	0	0	0	0	0	0	0	0	0	0	0	0	0	0	0	0	0	0	0	0	0	0	0	0	0	0	0	0	0	0	0	0	0	0	0	0	0	0	0	0	0	0	0	0	0	0	0	0	0	0	0	0	0	0	0	0	0	0	0	0	0	0	0	0	0	0	0	0	0	0	0	0	0	0	0	0	1.0	0	0	0	0	0	0	0	0	0	0	0	0	0	0	0	0	0	0	0	0	0	0	0	0	0	0	0	0	0	0	0	0	0	0	0	0	0	0	0	0	0	0	0	0	0	0	0
sk__Bacteria;k__;p__Actinobacteria;c__Actinobacteria	1.0	0	2.0	1.0	10.0	21.0	1.0	1.0	0	1.0	0	2.0	0	93.0	0	0	1.0	0	2.0	1.0	3.0	0	0	1.0	2.0	0	0	0	2.0	2.0	1.0	1.0	4.0	0	0	6.0	2.0	0	0	10.0	3.0	1.0	3.0	0	11.0	0	9.0	1.0	7.0	2.0	1.0	24.0	0	9.0	0	2.0	0	1.0	3.0	0	6.0	0	1.0	0	11.0	0	13.0	0	14.0	0	0	1.0	1.0	0	2.0	0	0	0	6.0	0	2.0	0	0	0	0	0	1.0	0	1.0	0	0	0	0	0	0	0	1.0	0	1.0	0	1.0	0	3.0	0	0	1.0	16.0	0	8.0	0	2.0	0	1.0	4.0	5.0	0	19.0	0	0	1.0	0	0	0	0	51.0	0	5.0	6.0	7.0	0	1.0	4.0	8.0	0	0	3.0	3.0	1.0	2.0	0	3.0	0	0	3.0	1.0	4.0	0	0	3.0	8.0	0	0	0	1.0	0	2.0	0	2.0	0	3.0	0	0	1.0	0	0	0	0	0	0	3.0	0	12.0	0	119.0	0	0	0	1.0
sk__Bacteria;k__;p__Actinobacteria;c__Actinobacteria;o__Actinomycetales	0	0	0	0	0	0	0	0	0	0	0	0	0	0	0	0	0	0	0	0	0	0	0	0	0	0	0	0	0	0	0	0	0	0	0	0	0	0	0	0	0	0	0	0	0	0	0	0	0	0	0	0	0	0	0	0	0	0	0	0	0	1.0	0	0	1.0	0	0	0	1.0	0	0	0	0	0	0	0	0	0	0	0	0	0	0	0	0	0	1.0	0	0	0	0	0	0	0	0	0	0	0	1.0	0	0	0	0	0	0	0	2.0	0	0	0	0	0	0	0	0	0	0	0	0	0	0	0	2.0	0	0	0	0	0	0	0	0	0	0	0	0	0	1.0	1.0	0	0	0	0	0	0	0	0	0	0	0	0	0	0	0	0	0	0	0	0	0	0	0	0	0	0	0	0	0	0	0	0	0	1.0	2.0	0	0	0	0	0
sk__Bacteria;k__;p__Actinobacteria;c__Actinobacteria;o__Actinomycetales;f__Actinomycetaceae	196.0	13.0	4.0	3.0	12.0	9.0	336.0	63.0	857.0	59.0	91.0	27.0	54.0	115.0	1.0	2.0	65.0	2.0	3.0	48.0	17.0	81.0	39.0	14.0	1.0	0	0	1.0	2.0	5.0	6.0	369.0	62.0	0	2.0	0	4.0	26.0	7.0	0	1.0	37.0	9.0	18.0	10.0	5.0	6.0	0	1.0	4.0	0	1.0	13.0	5.0	0	0	0	1.0	1.0	14.0	8.0	124.0	22.0	261.0	200.0	33.0	23.0	7.0	17.0	0	1.0	2.0	10.0	6.0	3.0	0	0	160.0	25.0	77.0	26.0	53.0	7.0	19.0	1.0	43.0	39.0	1.0	3.0	78.0	26.0	85.0	9.0	0	0	1.0	0	333.0	56.0	138.0	25.0	60.0	27.0	54.0	17.0	215.0	43.0	1.0	1.0	6.0	3.0	3.0	1.0	26.0	7.0	33.0	26.0	211.0	7.0	92.0	19.0	1.0	1.0	0	35.0	78.0	23.0	45.0	39.0	115.0	15.0	23.0	3.0	166.0	4.0	61.0	8.0	3.0	5.0	0	4.0	8.0	7.0	2.0	2.0	7.0	5.0	0	1.0	1.0	1.0	0	118.0	15.0	9.0	0	5.0	1.0	34.0	0	0	0	1.0	1.0	0	1.0	25.0	7.0	0	0	3.0	15.0	3.0	98.0	1.0	1.0	0	0
sk__Bacteria;k__;p__Actinobacteria;c__Actinobacteria;o__Actinomycetales;f__Actinomycetaceae;g__Actinobaculum	0	0	0	0	0	0	0	0	0	0	0	0	0	0	0	0	0	0	0	0	0	0	0	0	0	0	0	0	0	0	0	0	0	0	0	0	0	0	0	0	0	0	0	0	0	0	0	0	0	0	0	0	0	0	0	0	0	0	0	0	0	0	0	0	0	0	0	0	0	0	0	0	0	0	0	0	0	0	0	0	0	0	1.0	0	0	0	0	0	0	0	1.0	0	0	0	0	0	0	0	2.0	0	0	0	1.0	0	1.0	0	0	0	0	0	0	0	0	0	0	0	0	0	0	0	0	0	0	0	0	0	0	0	1.0	0	0	0	0	0	0	0	1.0	0	0	0	0	0	0	0	0	0	0	0	0	0	0	0	0	0	0	0	0	0	0	0	0	0	0	0	0	0	0	0	0	0	0	0	0	0	0	0	0	0
sk__Bacteria;k__;p__Actinobacteria;c__Actinobacteria;o__Actinomycetales;f__Actinomycetaceae;g__Actinobaculum;s__Actinobaculum_sp._oral_taxon_183	0	0	0	1.0	0	0	0	1.0	0	1.0	0	0	0	0	0	0	0	0	0	0	1.0	0	2.0	0	0	0	0	0	0	0	0	0	0	0	0	0	0	0	0	0	0	0	1.0	0	0	0	0	0	0	0	0	0	0	0	0	0	0	0	0	0	0	0	0	0	0	0	0	0	0	0	1.0	0	0	0	0	0	0	0	0	0	4.0	0	1.0	0	0	0	0	0	0	0	0	0	0	0	0	0	0	0	1.0	0	0	0	0	0	0	0	1.0	0	0	0	0	0	0	0	0	0	0	0	0	0	0	0	0	0	0	0	2.0	0	0	0	0	0	0	0	0	0	0	0	0	0	0	0	0	0	0	0	0	0	0	0	0	0	0	1.0	0	0	0	0	0	0	0	0	0	0	0	0	0	0	0	0	0	0	0	0	0	0	0	0
sk__Bacteria;k__;p__Actinobacteria;c__Actinobacteria;o__Actinomycetales;f__Actinomycetaceae;g__Actinomyces	345.0	57.0	501.0	129.0	311.0	377.0	201.0	26.0	257.0	44.0	249.0	78.0	315.0	196.0	100.0	236.0	261.0	4.0	282.0	84.0	18.0	677.0	293.0	60.0	17.0	21.0	5.0	180.0	119.0	144.0	271.0	238.0	93.0	15.0	13.0	1168.0	217.0	156.0	42.0	129.0	59.0	320.0	298.0	1194.0	663.0	356.0	41.0	5.0	6.0	255.0	10.0	15.0	317.0	149.0	271.0	287.0	148.0	44.0	274.0	185.0	146.0	172.0	23.0	139.0	337.0	194.0	97.0	406.0	120.0	589.0	97.0	341.0	188.0	409.0	122.0	143.0	63.0	170.0	50.0	464.0	105.0	165.0	30.0	107.0	22.0	106.0	52.0	106.0	14.0	132.0	33.0	363.0	65.0	169.0	25.0	109.0	11.0	1097.0	139.0	293.0	76.0	132.0	27.0	155.0	58.0	191.0	43.0	18.0	61.0	48.0	17.0	36.0	28.0	179.0	43.0	179.0	54.0	283.0	7.0	593.0	41.0	358.0	23.0	303.0	57.0	157.0	116.0	936.0	689.0	185.0	22.0	111.0	57.0	93.0	6.0	173.0	15.0	132.0	20.0	456.0	13.0	124.0	13.0	91.0	65.0	183.0	291.0	27.0	69.0	115.0	193.0	11.0	293.0	16.0	94.0	10.0	133.0	7.0	219.0	11.0	17.0	3.0	151.0	30.0	127.0	37.0	69.0	12.0	173.0	6.0	531.0	120.0	491.0	203.0	124.0	50.0	101.0	5.0
sk__Bacteria;k__;p__Actinobacteria;c__Actinobacteria;o__Actinomycetales;f__Actinomycetaceae;g__Actinomyces;s__Actinomyces_cardiffensis	0	0	1.0	0	0	0	0	0	0	0	0	0	0	0	0	0	0	0	0	0	0	0	0	0	0	0	0	0	0	0	0	1.0	0	0	0	1.0	0	0	0	0	0	0	0	1.0	0	0	0	0	0	3.0	0	0	0	0	0	0	0	0	0	0	0	0	0	0	0	0	0	2.0	0	4.0	0	3.0	0	5.0	0	3.0	0	1.0	0	0	0	0	0	0	0	0	0	0	0	0	0	0	0	0	0	0	0	0	0	0	0	0	0	0	0	0	0	0	0	0	0	0	0	1.0	0	0	0	0	0	0	0	0	0	0	0	0	0	0	0	0	0	0	0	0	0	0	0	3.0	0	0	0	0	0	0	0	0	0	0	0	0	0	0	2.0	0	0	0	0	0	0	0	0	0	0	0	0	0	0	0	4.0	0	1.0	0	0	0	1.0	0	0	0
sk__Bacteria;k__;p__Actinobacteria;c__Actinobacteria;o__Actinomycetales;f__Actinomycetaceae;g__Actinomyces;s__Actinomyces_gerencseriae	0	0	0	1.0	0	0	0	2.0	0	0	0	7.0	0	0	0	0	0	1.0	0	0	0	0	0	0	0	0	0	0	0	0	0	0	0	0	0	0	0	0	0	0	0	0	0	0	0	0	0	0	0	0	0	0	0	0	0	0	0	0	0	0	1.0	0	0	0	0	0	1.0	0	4.0	0	0	0	0	0	0	0	0	0	1.0	0	1.0	0	0	0	0	0	2.0	0	0	0	0	0	0	0	4.0	0	0	0	1.0	0	0	0	0	0	0	0	0	0	0	0	0	0	0	0	0	0	0	0	0	0	0	0	0	0	0	0	4.0	0	3.0	0	0	0	0	0	1.0	0	0	0	0	0	1.0	0	0	0	0	0	0	0	0	0	0	0	0	0	0	0	0	0	0	0	0	0	0	0	0	0	0	0	0	0	0	0	0	0	0	0	0	0
sk__Bacteria;k__;p__Actinobacteria;c__Actinobacteria;o__Actinomycetales;f__Actinomycetaceae;g__Actinomyces;s__Actinomyces_graevenitzii	0	0	0	0	0	0	0	0	0	0	0	0	0	0	0	0	0	0	0	0	0	0	0	0	0	0	0	0	0	0	1.0	0	2.0	0	0	0	0	0	0	0	0	0	0	0	0	0	0	0	0	0	0	0	0	0	0	0	0	0	0	0	1.0	0	0	0	0	0	0	0	0	0	0	0	0	0	0	0	0	0	0	0	0	0	0	0	0	0	0	0	0	0	0	0	0	0	0	0	0	0	0	0	0	0	0	0	1.0	0	0	0	0	0	0	0	0	0	0	0	0	0	0	0	0	0	0	0	0	0	0	0	0	0	0	0	0	0	0	0	0	0	0	0	0	0	0	0	0	0	0	0	0	0	0	0	0	0	0	0	0	0	0	0	0	0	0	0	0	0	0	0	0	0	0	0	0	0	0	0	0	0
sk__Bacteria;k__;p__Actinobacteria;c__Actinobacteria;o__Actinomycetales;f__Actinomycetaceae;g__Actinomyces;s__Actinomyces_israelii	0	0	0	0	0	0	0	1.0	0	0	0	0	0	0	0	0	0	0	0	0	0	0	0	0	0	0	0	0	0	0	0	0	0	0	0	0	0	0	0	0	0	0	0	0	0	0	1.0	0	0	0	2.0	0	0	0	0	0	0	0	0	0	0	0	0	0	0	0	0	0	1.0	0	3.0	0	2.0	0	0	0	0	0	0	0	0	0	0	0	0	0	1.0	0	0	0	0	0	0	0	0	0	1.0	0	3.0	0	0	0	0	0	0	0	0	0	0	0	0	0	0	0	0	0	0	0	0	0	0	0	0	0	0	0	0	0	0	0	0	0	0	0	0	0	1.0	0	0	0	1.0	0	0	0	0	0	0	0	0	0	0	0	0	1.0	0	0	0	0	0	0	0	0	0	0	0	0	0	0	0	0	0	0	0	0	0	1.0	0	0
sk__Bacteria;k__;p__Actinobacteria;c__Actinobacteria;o__Actinomycetales;f__Actinomycetaceae;g__Actinomyces;s__Actinomyces_johnsonii	0	0	0	0	0	0	0	0	0	3.0	0	3.0	0	0	0	0	0	0	0	0	0	0	3.0	0	0	0	0	0	0	0	0	0	0	0	0	0	0	0	0	0	0	0	0	0	0	0	0	0	0	0	0	0	0	0	0	0	0	0	0	0	0	0	0	0	0	0	0	0	0	0	0	0	0	0	0	0	0	0	0	0	0	0	0	0	0	0	0	0	0	0	0	0	1.0	0	0	0	0	0	0	0	2.0	0	0	0	0	0	0	0	0	0	0	0	0	0	0	0	0	0	0	0	0	0	0	0	0	0	0	0	1.0	0	0	0	0	0	0	0	0	0	0	0	0	0	0	0	0	0	0	0	0	0	0	0	0	0	0	0	0	0	0	0	0	0	0	0	0	0	0	0	0	0	0	0	0	0	0	0	0	0
sk__Bacteria;k__;p__Actinobacteria;c__Actinobacteria;o__Actinomycetales;f__Actinomycetaceae;g__Actinomyces;s__Actinomyces_lingnae	0	0	0	0	0	0	0	0	0	0	0	0	0	0	0	0	0	0	0	0	0	0	0	0	0	0	0	0	0	0	0	0	2.0	0	0	0	0	0	0	0	0	0	0	0	0	0	0	0	0	0	0	0	0	0	0	0	0	0	0	0	0	0	0	0	0	0	0	0	0	0	0	0	0	0	0	0	0	0	0	0	0	0	0	0	0	0	0	0	0	0	0	0	0	0	0	0	0	0	0	0	0	0	0	0	0	0	0	0	0	0	0	0	0	0	0	0	0	0	0	0	0	0	1.0	0	1.0	0	0	0	0	0	0	0	0	0	0	0	0	0	0	0	0	0	0	0	0	0	0	0	0	0	0	0	0	0	0	0	0	0	0	0	0	0	0	0	0	0	0	0	0	0	0	0	0	0	0	0	0	0
sk__Bacteria;k__;p__Actinobacteria;c__Actinobacteria;o__Actinomycetales;f__Actinomycetaceae;g__Actinomyces;s__Actinomyces_naeslundii	0	0	0	0	0	0	0	0	0	0	0	0	0	0	0	0	0	0	0	0	0	0	0	0	0	0	0	0	0	0	0	1.0	0	0	0	0	0	0	0	0	0	0	0	0	0	0	0	0	0	0	0	0	0	0	0	0	0	0	0	0	0	0	0	0	0	0	0	0	0	0	0	0	0	0	0	0	0	0	0	0	0	0	0	0	0	0	0	0	0	0	0	0	0	0	0	0	0	0	0	0	0	0	0	0	0	0	0	0	0	0	0	0	0	0	0	0	0	0	0	0	0	0	0	0	0	0	0	0	0	0	0	0	0	0	0	0	0	0	0	0	0	0	0	0	0	0	0	0	0	0	0	0	0	0	0	0	0	0	0	0	0	0	0	0	0	0	0	0	0	0	0	0	0	0	0	0	0	0
sk__Bacteria;k__;p__Actinobacteria;c__Actinobacteria;o__Actinomycetales;f__Actinomycetaceae;g__Actinomyces;s__Actinomyces_odontolyticus	0	0	0	0	0	0	0	0	0	0	0	0	0	0	0	0	0	0	0	0	0	0	0	0	0	0	0	0	0	0	0	0	0	0	0	0	1.0	0	0	0	0	0	0	0	0	0	0	0	0	0	0	0	0	0	0	0	0	0	0	0	0	0	0	0	0	0	0	0	0	0	0	0	0	0	0	0	0	0	0	0	0	0	0	0	0	0	0	0	0	0	0	0	0	0	0	0	0	0	0	0	0	0	0	0	0	0	0	0	0	0	0	0	0	0	0	0	0	0	0	0	0	0	0	0	0	0	0	0	0	0	0	0	0	0	0	0	0	0	0	0	0	0	0	0	0	0	0	0	0	0	0	0	0	0	0	0	0	0	0	0	0	0	0	0	0	0	0	0	0	0	0	0	0	0	0	0	0	0
sk__Bacteria;k__;p__Actinobacteria;c__Actinobacteria;o__Actinomycetales;f__Actinomycetaceae;g__Actinomyces;s__Actinomyces_oris	0	11.0	0	8.0	0	29.0	0	1.0	0	2.0	0	4.0	0	6.0	0	2.0	0	0	3.0	0	0	0	7.0	0	1.0	0	0	0	11.0	0	9.0	0	33.0	0	0	0	43.0	0	1.0	0	5.0	0	52.0	0	144.0	0	2.0	0	4.0	0	0	7.0	0	2.0	0	5.0	0	18.0	8.0	0	38.0	0	4.0	0	14.0	0	3.0	0	2.0	0	5.0	0	10.0	0	14.0	0	21.0	0	4.0	0	9.0	0	0	0	2.0	0	3.0	0	10.0	0	0	0	6.0	0	0	0	0	0	41.0	0	23.0	0	1.0	0	5.0	0	0	0	2.0	0	1.0	0	8.0	0	4.0	0	17.0	0	1.0	0	8.0	0	0	0	8.0	0	2.0	0	55.0	0	1.0	0	7.0	0	1.0	0	6.0	0	2.0	0	0	0	0	0	11.0	14.0	0	5.0	0	39.0	0	0	0	5.0	0	3.0	0	1.0	0	8.0	0	0	0	3.0	0	5.0	0	1.0	0	0	0	7.0	0	14.0	0	0	0	0
sk__Bacteria;k__;p__Actinobacteria;c__Actinobacteria;o__Actinomycetales;f__Actinomycetaceae;g__Actinomyces;s__Actinomyces_sp._oral_clone_CT047	0	0	0	0	0	0	0	0	0	0	0	0	0	0	0	0	0	0	0	0	0	0	0	0	0	0	0	0	0	0	0	0	0	0	0	0	0	0	0	0	0	0	0	0	0	0	0	0	0	0	0	0	0	0	0	0	0	0	0	0	1.0	0	0	0	0	0	0	0	0	0	0	0	0	0	0	0	0	0	0	0	0	0	0	0	0	0	0	0	0	0	0	0	0	0	0	0	0	0	0	0	0	0	0	0	0	0	0	0	0	0	0	0	0	0	0	0	0	0	0	0	0	0	0	0	0	0	0	0	0	0	0	0	1.0	0	0	0	0	0	0	0	0	0	0	0	0	0	0	0	0	0	0	0	0	0	0	0	0	0	0	0	0	0	0	0	0	0	0	0	0	0	0	0	0	0	0	0	0	0
sk__Bacteria;k__;p__Actinobacteria;c__Actinobacteria;o__Actinomycetales;f__Actinomycetaceae;g__Actinomyces;s__Actinomyces_sp._oral_taxon_414	0	0	0	0	0	0	0	0	0	0	0	0	0	0	0	0	0	0	0	0	0	0	0	0	0	0	0	0	0	0	0	0	0	0	0	0	0	0	0	0	0	0	0	0	0	0	0	0	0	0	0	0	0	0	0	0	0	0	0	0	0	0	2.0	0	1.0	0	0	0	0	0	0	0	0	0	0	0	0	0	1.0	0	5.0	0	0	0	1.0	0	0	0	0	0	0	0	0	0	0	0	0	0	0	0	0	0	0	0	0	0	0	0	0	0	0	0	0	0	0	0	0	0	0	0	0	0	0	0	0	0	0	0	0	0	0	0	0	0	0	0	0	0	0	0	0	0	0	0	0	0	0	0	0	0	0	0	0	0	0	0	0	1.0	0	0	0	0	0	0	0	0	0	0	0	9.0	0	0	0	0	0	0	0	0
sk__Bacteria;k__;p__Actinobacteria;c__Actinobacteria;o__Actinomycetales;f__Actinomycetaceae;g__Actinomyces;s__Actinomyces_sp._oral_taxon_448	0	0	0	0	0	0	0	0	0	0	0	0	0	0	0	0	0	0	0	0	0	0	0	0	0	0	0	0	0	0	0	0	0	0	0	0	0	0	0	0	0	0	0	0	1.0	0	0	0	0	0	0	0	0	0	0	0	0	0	0	0	0	0	0	0	0	0	0	0	0	0	0	0	0	0	0	0	0	0	0	0	0	0	0	0	0	0	0	0	0	0	0	0	0	0	0	0	0	0	0	0	0	0	0	0	0	0	0	0	0	0	0	0	0	0	0	0	0	0	0	0	1.0	0	0	0	0	0	0	0	0	0	0	0	0	0	0	0	0	0	0	0	0	0	0	0	1.0	0	0	0	0	0	0	0	0	0	0	0	0	0	0	0	0	0	0	0	0	0	0	0	0	0	0	0	0	0	0	0	0	0
sk__Bacteria;k__;p__Actinobacteria;c__Actinobacteria;o__Actinomycetales;f__Actinomycetaceae;g__Actinomyces;s__Actinomyces_timonensis	0	0	0	0	0	0	0	0	0	0	0	0	0	0	0	0	0	0	0	0	0	0	0	0	0	0	0	0	0	0	0	0	0	0	0	0	0	0	0	0	0	0	0	0	0	0	0	0	0	0	0	0	0	0	0	0	0	0	0	0	0	0	0	0	2.0	0	0	0	0	0	0	0	0	0	0	0	0	0	0	0	2.0	0	0	0	0	0	0	0	0	0	0	0	1.0	0	0	0	0	0	0	0	0	0	0	0	0	0	0	0	0	0	0	0	0	0	0	0	0	0	0	0	0	0	0	0	0	0	0	0	0	0	0	0	0	0	0	0	0	0	0	0	0	0	0	0	0	0	0	0	0	0	0	0	0	0	0	0	0	0	0	0	0	0	0	0	0	0	0	0	0	1.0	0	0	0	0	0	0	0	0
sk__Bacteria;k__;p__Actinobacteria;c__Actinobacteria;o__Actinomycetales;f__Actinomycetaceae;g__Actinomyces;s__Actinomyces_turicensis	0	0	0	0	0	0	0	0	0	0	0	0	0	0	0	0	0	0	0	0	0	0	0	0	3.0	0	0	0	0	0	0	0	0	0	0	0	0	0	0	0	0	0	0	0	0	0	0	0	0	0	0	0	0	0	0	0	0	0	0	0	0	0	0	0	0	0	0	0	0	0	0	0	0	0	0	0	0	0	0	0	0	0	0	0	0	0	0	0	0	0	0	0	0	0	0	0	0	0	0	0	0	0	0	0	0	0	0	0	0	0	0	0	0	0	0	0	0	0	0	0	0	0	0	0	0	0	0	0	0	0	0	0	0	0	0	0	0	0	0	0	0	0	0	0	0	0	0	0	0	0	0	0	0	0	0	0	0	0	0	0	0	0	0	0	0	0	0	0	0	0	0	0	0	0	0	0	0	0
sk__Bacteria;k__;p__Actinobacteria;c__Actinobacteria;o__Actinomycetales;f__Actinomycetaceae;g__Varibaculum	0	0	0	0	0	0	0	0	0	0	0	0	0	0	0	0	0	0	0	0	0	0	0	0	0	0	0	0	0	0	0	0	0	0	0	0	0	0	0	0	0	0	0	0	0	0	0	0	0	0	0	0	0	0	0	0	0	0	0	0	0	0	0	1.0	0	0	0	0	0	0	0	0	0	0	0	0	0	0	0	0	0	0	0	0	0	0	0	0	0	0	0	0	0	0	0	0	0	0	0	0	0	0	0	0	0	0	0	0	0	0	0	0	0	0	0	0	0	0	0	0	0	0	0	0	0	0	0	0	0	0	0	0	0	0	0	0	0	0	0	0	0	0	0	0	0	0	0	0	0	0	0	0	0	0	0	0	0	0	0	0	0	0	0	0	0	0	0	0	0	0	0	0	0	0	0	0	0	0
sk__Bacteria;k__;p__Actinobacteria;c__Actinobacteria;o__Bifidobacteriales	0	0	0	0	0	0	0	0	0	0	0	0	0	0	0	0	0	0	0	0	0	0	0	0	0	0	0	0	0	0	0	0	0	0	0	0	0	0	0	0	0	0	0	0	0	0	0	0	0	0	0	0	0	0	0	0	0	0	0	0	0	0	0	0	0	0	0	0	0	0	0	0	0	0	0	0	0	0	0	0	0	0	0	0	0	0	0	0	0	0	0	0	0	0	0	0	0	0	0	0	0	0	0	0	0	0	0	0	0	1.0	0	0	0	4.0	0	0	0	0	0	0	0	0	0	0	0	0	0	0	0	0	0	0	0	0	0	0	0	0	0	0	0	0	0	0	0	0	0	0	0	0	0	0	0	0	0	0	0	0	0	0	0	0	0	0	0	0	0	0	0	0	0	0	0	0	0	0	0	0
sk__Bacteria;k__;p__Actinobacteria;c__Actinobacteria;o__Bifidobacteriales;f__Bifidobacteriaceae	40.0	0	0	0	11.0	1.0	3.0	0	0	0	0	0	1.0	0	0	0	0	0	0	0	0	16.0	0	6.0	0	0	0	0	0	0	0	0	0	0	0	0	0	0	0	0	0	0	0	313.0	0	0	0	1.0	0	2.0	0	0	0	0	3.0	0	6.0	0	0	0	0	0	0	0	0	0	0	0	0	30.0	0	27.0	0	38.0	0	0	0	0	0	0	0	0	0	0	0	2.0	0	2.0	0	0	0	0	0	4.0	0	6.0	0	81.0	0	53.0	0	0	0	0	0	0	0	0	0	172.0	1.0	1.0	0	1836.0	5.0	131.0	0	110.0	0	1118.0	73.0	186.0	0	51.0	0	0	0	0	0	0	0	2.0	0	0	0	16.0	0	0	0	1.0	0	13.0	0	0	0	0	4.0	0	0	0	0	0	0	0	0	0	0	0	9.0	0	0	0	809.0	7.0	3.0	0	2.0	0	0	0	222.0	0	28.0	0	0	0	0	0
sk__Bacteria;k__;p__Actinobacteria;c__Actinobacteria;o__Bifidobacteriales;f__Bifidobacteriaceae;g__Alloscardovia	0	0	0	0	0	0	0	0	0	0	0	0	0	0	0	0	0	0	0	0	0	0	0	0	0	0	0	0	0	0	0	0	0	0	0	0	0	0	0	0	0	0	0	0	0	0	0	0	0	0	0	0	0	0	0	0	0	0	0	0	0	0	0	0	0	0	0	0	0	0	0	0	0	0	0	0	0	0	0	0	0	0	0	0	0	0	0	0	0	0	0	0	0	0	0	0	0	0	0	0	0	0	0	0	0	0	0	0	0	0	0	0	0	0	0	0	0	0	0	0	0	1.0	0	0	0	0	0	0	0	0	0	0	0	0	0	0	0	0	0	0	0	0	0	0	0	0	0	0	0	0	0	0	0	0	0	0	0	0	0	0	0	0	0	0	0	0	0	0	0	0	0	0	0	0	0	0	0	0
sk__Bacteria;k__;p__Actinobacteria;c__Actinobacteria;o__Bifidobacteriales;f__Bifidobacteriaceae;g__Bifidobacterium	0	0	0	0	0	0	1.0	0	0	0	0	0	0	0	0	0	0	0	0	0	0	3.0	0	7.0	0	0	0	0	0	0	0	0	0	0	0	0	0	0	0	0	0	0	0	57.0	1.0	0	0	0	0	0	0	0	0	0	0	0	0	0	0	0	0	0	0	0	0	0	0	0	0	1351.0	4.0	1.0	0	34.0	0	0	0	0	0	0	0	0	0	0	0	5.0	0	0	0	0	0	0	0	7.0	0	5.0	0	0	0	0	0	0	0	1.0	0	0	0	0	0	34.0	0	3.0	1.0	1191.0	0	15.0	0	15.0	0	1.0	0	84.0	0	41.0	0	0	0	0	0	3.0	0	1.0	0	0	0	0	0	0	0	0	0	22.0	0	1.0	0	0	0	0	0	0	38.0	0	2.0	0	3.0	0	0	0	19.0	0	0	0	238.0	1.0	8.0	0	0	0	0	0	0	0	0	0	0	0	0	0
sk__Bacteria;k__;p__Actinobacteria;c__Actinobacteria;o__Bifidobacteriales;f__Bifidobacteriaceae;g__Parascardovia	0	0	0	0	0	0	0	0	2.0	0	0	0	0	0	0	0	0	0	0	0	0	0	0	0	0	0	0	0	0	0	0	3.0	0	0	0	0	0	0	0	0	0	0	0	40.0	1.0	0	0	0	0	0	0	0	0	0	0	0	0	0	0	0	0	0	0	0	0	0	0	0	0	0	0	0	0	5.0	0	0	0	0	0	0	0	0	0	0	0	0	0	0	0	0	0	0	0	0	0	2.0	0	0	0	0	0	0	0	0	0	0	0	0	0	0	0	1.0	0	0	0	0	0	0	0	0	0	43.0	0	2.0	0	0	0	0	0	0	0	0	0	0	0	0	0	0	0	0	0	1.0	0	3.0	0	0	0	0	0	0	0	0	0	0	0	0	0	0	0	0	0	0	591.0	21.0	0	0	1.0	0	0	0	0	0	0	0	0	0	0	0
sk__Bacteria;k__;p__Actinobacteria;c__Actinobacteria;o__Bifidobacteriales;f__Bifidobacteriaceae;g__Parascardovia;s__Parascardovia_denticolens	0	0	0	0	0	0	0	0	0	0	0	0	0	0	0	0	0	0	0	0	0	0	0	0	0	0	0	0	0	0	0	0	0	0	0	0	0	0	0	0	0	0	0	0	0	0	0	0	0	0	0	0	0	0	0	0	0	0	0	0	0	0	0	0	0	0	0	0	0	0	0	0	0	0	0	0	0	0	0	0	0	0	0	0	0	0	0	0	0	0	0	0	0	0	0	0	0	0	0	0	0	0	0	0	0	0	0	0	0	0	0	0	0	0	0	0	0	0	0	0	0	0	0	0	0	0	0	0	0	0	0	0	0	0	0	0	0	0	0	0	0	0	0	0	0	0	0	0	0	0	0	0	0	0	0	0	0	0	0	0	0	0	1.0	0	0	0	0	0	0	0	0	0	0	0	0	0	0	0
sk__Bacteria;k__;p__Actinobacteria;c__Actinobacteria;o__Bifidobacteriales;f__Bifidobacteriaceae;g__Scardovia	0	0	0	0	1.0	0	0	2.0	0	0	0	0	0	1.0	0	0	0	0	0	0	0	0	0	0	0	0	0	0	0	0	0	0	0	0	0	0	0	0	0	0	0	0	0	1.0	28.0	0	0	0	0	0	0	1.0	0	0	0	2.0	0	0	0	0	0	0	0	0	0	0	0	0	0	0	0	1.0	3.0	0	3.0	0	0	0	0	0	0	0	0	0	0	0	0	0	0	0	0	0	0	0	0	0	0	1.0	6.0	0	4.0	0	0	0	0	0	0	0	0	3.0	30.0	0	1.0	12.0	136.0	0	1.0	1.0	0	16.0	17.0	0	1.0	1.0	1.0	0	0	0	0	0	0	0	0	0	0	0	0	0	0	0	0	0	2.0	0	0	0	0	0	0	0	0	0	0	0	0	0	0	0	0	0	0	0	14.0	119.0	0	0	0	0	0	0	0	4.0	1.0	2.0	0	0	0	0
sk__Bacteria;k__;p__Actinobacteria;c__Actinobacteria;o__Bifidobacteriales;f__Bifidobacteriaceae;g__Scardovia;s__Scardovia_wiggsiae	0	0	0	0	0	0	0	0	0	0	0	0	0	0	0	0	0	0	0	0	0	0	0	0	0	0	0	0	0	0	0	0	0	0	0	0	0	0	0	0	0	0	0	0	1.0	0	0	0	0	0	0	0	0	0	0	0	0	0	0	0	0	0	0	0	0	0	0	0	0	0	0	0	0	0	0	0	0	0	0	0	0	0	0	0	0	0	0	0	0	0	0	0	0	0	0	0	0	0	0	0	0	0	0	0	0	0	0	0	0	0	0	0	0	0	0	0	0	0	0	0	0	0	0	0	0	0	0	0	0	0	0	0	0	0	0	0	0	0	0	0	0	0	0	0	0	0	0	0	0	0	0	0	0	0	0	0	0	0	0	0	0	0	0	0	0	0	0	0	0	0	0	0	0	0	0	0	0	0
sk__Bacteria;k__;p__Actinobacteria;c__Actinobacteria;o__Corynebacteriales	0	0	0	0	0	1.0	0	0	0	0	0	0	1.0	0	0	0	0	0	0	0	0	0	0	0	1.0	0	0	0	0	0	0	0	0	0	0	0	0	0	0	0	0	0	0	0	0	0	0	0	0	0	0	0	0	0	0	0	0	0	0	0	0	0	0	0	0	1.0	0	0	0	0	0	0	0	0	0	0	0	0	0	0	0	0	0	0	0	1.0	0	0	0	0	0	0	0	0	0	0	0	0	0	0	0	0	0	0	0	0	0	1.0	0	0	0	0	0	0	0	2.0	0	0	0	0	0	0	0	0	0	0	0	0	0	0	0	0	0	0	0	0	0	0	0	0	0	0	0	0	0	0	0	0	0	0	0	0	0	0	0	0	0	0	0	0	0	0	0	0	0	0	0	0	0	0	0	0	0	1.0	0	0	0	1.0
sk__Bacteria;k__;p__Actinobacteria;c__Actinobacteria;o__Corynebacteriales;f__;g__Lawsonella	0	0	0	0	0	0	0	0	0	0	0	0	0	0	0	0	0	0	0	0	0	0	0	0	0	0	0	0	0	0	0	0	0	0	0	0	0	0	0	0	0	0	0	1.0	0	0	0	0	0	0	0	0	7.0	0	2.0	0	0	0	0	0	0	0	0	0	0	0	0	0	0	0	0	0	0	0	0	0	0	0	0	0	0	0	0	0	0	0	0	0	0	0	0	0	0	0	0	0	0	0	0	0	0	0	0	3.0	0	0	0	2.0	0	0	0	0	0	0	0	0	0	0	0	2.0	0	0	0	0	0	0	0	0	0	0	0	0	0	0	0	0	0	0	0	0	0	0	0	0	0	0	0	0	1.0	0	0	0	0	0	0	0	0	0	0	0	0	0	0	0	0	0	0	0	0	0	0	0	0	0	0	0	0	0
sk__Bacteria;k__;p__Actinobacteria;c__Actinobacteria;o__Corynebacteriales;f__;g__Lawsonella;s__Lawsonella_clevelandensis	0	0	0	0	0	0	0	0	0	0	0	0	0	0	0	0	0	0	0	0	0	0	0	0	0	0	0	0	0	0	0	0	0	0	0	0	0	0	0	0	0	0	0	0	0	0	0	0	0	0	0	0	0	0	0	1.0	0	0	0	0	0	0	0	0	0	0	0	0	0	0	0	0	0	0	0	0	0	0	0	0	0	0	0	0	0	0	0	0	0	0	0	0	0	0	0	0	0	0	0	0	0	0	0	0	0	0	0	0	0	0	0	0	0	0	0	0	0	0	0	0	0	0	0	0	0	0	0	0	0	0	0	0	0	0	0	0	0	0	0	0	0	0	0	0	0	0	0	0	0	0	0	0	0	0	0	0	0	0	0	0	0	0	0	0	0	0	0	0	0	0	0	0	0	0	0	0	0	0
sk__Bacteria;k__;p__Actinobacteria;c__Actinobacteria;o__Corynebacteriales;f__Corynebacteriaceae	0	0	3.0	0	23.0	7.0	1.0	0	0	0	0	0	2.0	0	3.0	0	2.0	0	1.0	4.0	0	0	0	5.0	1.0	0	0	0	0	0	0	0	0	2.0	0	1.0	0	0	0	4.0	3.0	1.0	0	4.0	1.0	1.0	0	3.0	0	1.0	0	1.0	14.0	2.0	5.0	0	3.0	0	0	2.0	1.0	0	0	0	1.0	1.0	2.0	3.0	0	0	0	3.0	0	0	0	2.0	0	2.0	0	0	0	1.0	0	0	0	7.0	0	0	0	0	0	0	0	0	0	0	0	4.0	0	2.0	0	0	0	1.0	0	0	0	5.0	1.0	0	0	0	0	0	0	2.0	0	1.0	0	0	0	0	0	0	0	3.0	0	7.0	0	0	0	12.0	0	2.0	0	0	1.0	0	0	1.0	0	0	0	1.0	0	1.0	0	1.0	9.0	0	0	0	1.0	0	0	0	0	0	8.0	1.0	2.0	0	0	1.0	0	0	0	0	0	0	2.0	0	2.0	1.0	1.0	0	0	0
sk__Bacteria;k__;p__Actinobacteria;c__Actinobacteria;o__Corynebacteriales;f__Corynebacteriaceae;g__Corynebacterium	137.0	41.0	273.0	111.0	431.0	258.0	243.0	85.0	456.0	144.0	482.0	255.0	701.0	72.0	49.0	52.0	31.0	4.0	72.0	89.0	7.0	105.0	58.0	5.0	1.0	5.0	1.0	122.0	34.0	18.0	10.0	25.0	20.0	1.0	0	138.0	37.0	131.0	17.0	132.0	39.0	46.0	54.0	0	0	380.0	33.0	2.0	10.0	0	0	6.0	10.0	2.0	62.0	175.0	12.0	4.0	150.0	46.0	52.0	46.0	28.0	165.0	249.0	797.0	160.0	280.0	47.0	49.0	28.0	246.0	107.0	35.0	10.0	10.0	2.0	110.0	54.0	192.0	46.0	11.0	6.0	18.0	15.0	127.0	63.0	321.0	64.0	21.0	8.0	54.0	44.0	0	0	0	0	153.0	148.0	110.0	83.0	294.0	48.0	198.0	70.0	161.0	41.0	15.0	29.0	11.0	9.0	26.0	7.0	27.0	25.0	387.0	104.0	198.0	24.0	57.0	6.0	11.0	0	275.0	1.0	254.0	123.0	375.0	156.0	159.0	30.0	28.0	10.0	0	0	2.0	0	25.0	6.0	97.0	9.0	35.0	3.0	18.0	3.0	5.0	136.0	32.0	20.0	13.0	30.0	1.0	47.0	1.0	64.0	17.0	70.0	5.0	110.0	21.0	22.0	3.0	0	0	9.0	6.0	13.0	4.0	160.0	31.0	878.0	65.0	1372.0	484.0	6.0	2.0	3.0	1.0
sk__Bacteria;k__;p__Actinobacteria;c__Actinobacteria;o__Corynebacteriales;f__Corynebacteriaceae;g__Corynebacterium;s__Corynebacterium_deserti	0	0	0	0	0	3.0	0	0	0	0	0	0	0	0	0	0	0	0	0	0	0	0	0	0	0	0	0	0	0	0	0	0	3.0	0	0	0	0	0	0	0	1.0	0	0	0	0	0	0	0	0	0	0	0	0	0	0	0	0	0	0	0	2.0	0	0	0	0	0	0	0	0	0	0	0	0	0	0	0	0	0	0	0	0	0	0	0	0	0	0	0	0	0	0	0	0	0	0	0	0	0	0	0	0	0	0	0	0	0	0	0	0	0	0	0	0	0	0	0	0	0	0	0	0	0	0	0	0	0	0	0	0	0	0	0	0	0	0	0	0	0	0	0	0	0	0	0	0	0	0	0	0	0	0	0	0	0	0	0	0	0	0	0	0	0	0	0	0	0	0	0	0	0	0	0	0	0	0	0	0	0
sk__Bacteria;k__;p__Actinobacteria;c__Actinobacteria;o__Corynebacteriales;f__Corynebacteriaceae;g__Corynebacterium;s__Corynebacterium_durum	0	0	0	0	0	0	0	0	0	0	0	0	0	0	0	0	0	0	0	0	0	0	0	0	0	0	0	0	0	0	0	0	0	0	0	0	0	0	0	0	0	0	0	0	0	0	0	0	0	0	0	0	0	0	0	0	0	0	0	0	0	0	0	1.0	0	0	0	0	0	0	0	0	0	1.0	0	0	0	0	0	0	0	0	0	0	0	0	0	0	0	0	0	0	0	0	0	0	0	0	0	0	0	0	0	0	0	0	0	0	0	0	0	0	0	0	0	0	0	0	0	0	0	0	0	0	0	0	0	2.0	0	0	0	0	0	0	0	0	0	0	0	0	0	0	0	0	0	0	0	0	0	0	0	0	0	0	0	0	0	0	0	0	0	0	0	0	0	0	0	0	0	0	0	0	0	0	0	0	0	0
sk__Bacteria;k__;p__Actinobacteria;c__Actinobacteria;o__Corynebacteriales;f__Corynebacteriaceae;g__Corynebacterium;s__Corynebacterium_sp._canine_oral_taxon_423	0	0	0	0	0	0	0	0	0	0	0	0	0	0	0	0	0	0	0	0	0	0	0	0	0	0	0	0	0	0	0	0	0	0	0	0	0	0	0	0	0	0	0	0	0	0	0	0	0	0	0	0	0	0	0	0	0	0	0	0	0	0	0	0	0	0	0	0	0	0	0	0	0	0	0	0	0	0	0	0	0	0	0	0	0	0	0	0	0	0	0	0	0	0	0	0	0	0	0	0	0	0	0	0	0	0	0	0	0	0	0	0	0	0	0	0	0	0	0	0	0	0	0	0	0	0	0	0	0	0	0	0	0	0	0	0	0	0	0	0	0	0	0	0	0	0	0	0	0	6.0	0	0	0	0	0	0	0	0	0	0	0	0	0	0	0	0	0	0	0	0	0	0	0	0	0	0	0	0
sk__Bacteria;k__;p__Actinobacteria;c__Actinobacteria;o__Corynebacteriales;f__Dietziaceae;g__Dietzia	0	0	0	0	0	0	0	0	0	0	0	0	0	0	0	0	0	0	0	0	0	0	0	0	0	0	0	0	0	0	0	0	0	0	0	0	0	0	0	0	0	0	0	0	1.0	0	0	0	0	0	0	0	0	0	0	0	0	0	0	0	0	0	0	0	0	0	0	0	0	0	0	0	0	0	0	0	0	0	0	0	0	0	0	0	0	0	0	0	0	0	0	0	0	0	0	0	0	0	0	0	0	0	0	0	0	0	0	0	0	0	0	0	0	0	0	0	0	0	0	0	0	0	0	0	0	0	0	2.0	0	0	0	0	0	0	0	0	0	0	0	0	0	0	0	0	0	0	0	0	0	0	0	0	0	0	0	0	0	0	0	0	0	0	0	0	0	0	0	0	0	0	0	0	0	0	0	0	0	0
sk__Bacteria;k__;p__Actinobacteria;c__Actinobacteria;o__Corynebacteriales;f__Mycobacteriaceae;g__Mycobacterium	0	0	0	0	0	0	0	0	0	0	0	0	0	0	0	0	0	0	0	0	0	0	0	0	0	0	0	0	0	0	0	0	0	0	0	0	0	0	0	0	0	0	0	3.0	0	0	0	0	0	0	0	0	0	0	0	1.0	0	0	0	0	0	0	0	0	0	0	0	0	0	0	0	0	0	0	0	0	0	0	0	0	0	0	0	0	0	0	0	0	0	0	0	0	0	0	0	0	0	0	0	0	0	0	0	0	0	0	0	0	0	0	0	0	0	0	0	0	0	0	0	0	0	0	0	0	0	0	0	0	0	0	0	0	0	0	0	0	0	0	0	0	0	0	0	0	0	0	0	0	0	0	0	0	0	0	0	0	0	0	0	0	0	0	0	0	0	0	0	0	0	0	0	0	0	0	0	0	0	0
sk__Bacteria;k__;p__Actinobacteria;c__Actinobacteria;o__Corynebacteriales;f__Nocardiaceae	0	0	0	0	0	0	0	0	0	0	0	0	0	0	0	0	0	0	0	0	0	0	0	0	0	0	0	0	0	0	0	0	0	0	0	0	0	0	0	0	0	0	0	0	0	0	0	0	0	0	0	0	0	1.0	0	0	0	0	0	0	0	0	0	0	0	0	0	0	0	0	0	0	0	0	0	0	0	0	0	0	0	0	0	0	0	0	0	0	0	0	0	0	0	0	0	0	0	0	0	0	0	0	0	0	0	0	0	0	0	0	0	0	0	0	0	0	0	0	0	0	0	0	0	0	0	0	0	0	0	0	0	0	0	0	0	0	0	0	0	0	0	0	0	0	0	0	0	0	0	0	0	0	0	0	0	0	0	0	0	0	0	0	0	0	0	0	0	0	0	0	0	0	0	0	0	0	0	0
sk__Bacteria;k__;p__Actinobacteria;c__Actinobacteria;o__Corynebacteriales;f__Nocardiaceae;g__Rhodococcus	0	0	0	0	0	1.0	0	0	0	0	0	0	0	0	0	0	0	0	0	0	0	0	0	0	0	0	0	0	0	0	0	0	0	0	0	0	0	0	0	0	0	0	0	0	0	0	0	0	0	0	0	0	0	0	0	0	0	0	0	0	0	0	0	0	0	0	0	0	0	0	0	0	0	0	0	0	0	0	0	0	0	0	0	0	0	0	0	0	0	0	0	0	0	0	0	0	0	0	0	0	0	0	0	0	0	0	0	0	0	0	0	0	0	0	0	0	0	0	0	0	0	0	0	0	0	0	1.0	0	0	0	0	0	0	0	0	0	0	0	0	0	0	0	0	2.0	0	0	0	0	0	0	0	0	0	0	0	0	0	0	0	0	0	0	0	0	0	0	0	0	0	0	0	0	0	0	0	0	0	0
sk__Bacteria;k__;p__Actinobacteria;c__Actinobacteria;o__Corynebacteriales;f__Tsukamurellaceae;g__Tsukamurella	0	0	0	0	0	0	0	0	0	0	0	0	0	0	0	0	0	0	0	0	0	1.0	0	0	0	0	0	0	0	0	0	0	0	0	0	0	0	0	0	0	0	0	0	0	0	0	0	0	0	0	0	0	0	0	0	0	0	0	0	0	0	0	0	0	0	0	0	0	0	0	0	0	0	0	0	0	0	0	0	0	0	0	0	0	0	0	0	0	0	0	0	0	0	0	0	0	0	0	0	0	0	0	0	0	0	0	0	0	0	0	0	0	0	0	0	0	0	0	0	0	0	0	0	0	0	0	0	0	0	0	0	0	0	0	0	0	0	0	0	0	0	0	0	0	0	0	0	0	0	0	0	0	0	0	0	0	0	0	0	0	0	0	0	0	0	0	0	0	0	0	0	0	0	0	0	0	0	0
sk__Bacteria;k__;p__Actinobacteria;c__Actinobacteria;o__Frankiales	0	0	0	0	0	0	0	0	0	0	0	0	0	0	0	0	0	0	0	0	0	0	0	0	0	0	0	0	0	0	0	0	0	0	0	0	0	0	0	0	0	0	0	0	0	0	0	0	0	0	0	1.0	0	0	0	0	0	0	0	0	0	0	0	0	0	0	0	0	0	0	0	0	0	0	0	0	0	0	0	0	0	0	0	0	0	0	0	0	0	0	0	0	0	0	0	0	0	0	0	0	0	0	0	0	0	0	0	0	0	0	0	0	0	0	0	0	0	0	0	0	0	0	0	0	0	0	0	0	0	0	0	0	0	0	0	0	0	0	0	0	0	0	0	0	0	0	0	0	0	0	0	0	0	0	0	0	0	0	0	0	0	0	0	0	0	0	0	0	0	0	0	0	0	0	0	0	0	0
sk__Bacteria;k__;p__Actinobacteria;c__Actinobacteria;o__Frankiales;f__Cryptosporangiaceae;g__Fodinicola	0	0	0	0	0	0	0	0	0	0	0	0	0	0	0	0	0	0	0	0	0	0	0	0	0	0	0	0	0	0	0	0	0	0	0	0	0	0	0	0	0	0	0	0	0	0	0	0	0	0	1.0	0	0	0	0	0	0	0	0	0	0	0	0	0	0	0	0	0	0	0	0	0	0	0	0	0	0	0	0	0	0	0	0	0	0	0	0	0	0	0	0	0	0	0	0	0	0	0	0	0	0	0	0	0	0	0	0	0	0	0	0	0	0	0	0	0	0	0	0	0	0	0	0	0	0	0	0	0	0	0	0	0	0	0	0	0	0	0	0	0	0	0	0	0	0	0	0	0	0	0	0	0	0	0	0	0	0	0	0	0	0	0	0	0	0	0	0	0	0	0	0	0	0	0	0	0	0	0
sk__Bacteria;k__;p__Actinobacteria;c__Actinobacteria;o__Frankiales;f__Sporichthyaceae	0	0	0	0	0	0	0	0	0	0	0	0	0	0	0	0	0	0	0	0	0	0	0	0	0	0	0	0	0	0	0	0	0	0	0	0	0	0	0	0	0	0	0	0	0	0	0	0	2.0	0	0	0	0	0	0	0	0	0	0	0	0	0	0	0	0	0	0	0	0	0	0	0	0	0	0	0	0	0	0	0	0	0	0	0	0	0	0	0	0	0	0	0	0	0	0	0	0	0	0	0	0	0	0	0	0	0	0	0	0	0	0	0	0	0	0	0	0	0	0	0	0	0	0	0	0	0	0	0	0	0	0	0	0	0	0	0	0	0	0	0	0	0	0	0	0	0	0	0	0	0	0	0	0	0	0	0	0	0	0	0	0	0	0	0	0	0	0	0	0	0	0	0	0	0	0	0	0	0
sk__Bacteria;k__;p__Actinobacteria;c__Actinobacteria;o__Micrococcales	0	0	1.0	0	21.0	20.0	2.0	0	0	0	0	0	0	0	1.0	1.0	0	0	1.0	0	1.0	0	1.0	1.0	2.0	0	1.0	0	0	2.0	1.0	3.0	3.0	0	0	22.0	5.0	3.0	1.0	16.0	6.0	0	1.0	0	0	0	0	10.0	8.0	2.0	0	17.0	46.0	8.0	1.0	0	2.0	0	4.0	7.0	2.0	0	0	0	0	0	0	0	0	0	0	0	0	0	0	0	0	0	0	0	0	0	0	0	0	0	0	0	0	1.0	0	0	0	0	0	0	0	0	0	0	0	0	0	0	0	0	1.0	1.0	0	0	0	0	0	2.0	0	0	0	1.0	0	3.0	0	3.0	0	3.0	0	3.0	0	49.0	4.0	1.0	3.0	22.0	10.0	0	0	4.0	1.0	0	0	2.0	0	0	1.0	12.0	2.0	2.0	0	0	13.0	10.0	2.0	0	4.0	1.0	0	0	1.0	0	0	0	0	0	0	0	0	0	2.0	0	0	0	0	0	1.0	0	2.0	0	2.0	2.0
sk__Bacteria;k__;p__Actinobacteria;c__Actinobacteria;o__Micrococcales;f__Brevibacteriaceae;g__Brevibacterium	0	0	0	0	0	0	0	0	0	0	0	0	0	0	0	0	0	0	1.0	0	0	0	0	0	0	0	0	0	0	0	0	0	0	0	0	0	0	0	0	0	0	0	0	0	0	0	0	0	0	0	0	0	0	0	0	0	0	0	0	0	0	0	0	0	0	0	0	0	0	0	0	0	0	0	0	0	0	0	0	0	0	0	0	0	0	0	0	0	0	0	0	0	0	0	0	0	0	0	0	0	0	0	0	0	0	0	0	0	1.0	0	0	0	0	0	0	0	0	0	0	0	0	0	0	0	0	0	0	0	0	0	0	0	0	0	0	0	0	0	0	0	0	0	0	0	0	0	0	0	0	0	0	0	0	0	0	0	0	0	0	0	0	0	0	0	0	0	0	0	0	0	0	0	0	0	0	0	0	0
sk__Bacteria;k__;p__Actinobacteria;c__Actinobacteria;o__Micrococcales;f__Dermabacteraceae	0	0	0	0	9.0	307.0	0	3.0	0	0	0	0	0	0	0	49.0	0	1.0	62.0	0	1.0	0	0	2.0	73.0	0	7.0	0	6.0	1.0	14.0	1.0	27.0	0	2.0	4.0	151.0	1.0	4.0	2.0	66.0	0	26.0	0	0	0	0	3.0	325.0	0	22.0	788.0	1.0	97.0	0	17.0	0	5.0	31.0	1.0	98.0	0	0	0	0	0	0	0	0	0	0	0	0	0	0	0	0	0	0	0	0	0	0	0	3.0	0	0	0	0	0	0	0	0	0	0	0	0	0	0	0	0	0	0	0	0	0	0	0	0	0	0	0	0	0	0	0	0	0	1.0	0	2.0	0	0	0	9.0	0	29.0	13.0	137.0	1.0	5.0	0	103.0	0	1.0	1.0	62.0	0	8.0	1.0	0	0	0	3.0	34.0	108.0	0	4.0	1.0	182.0	0	4.0	0	3.0	0	6.0	0	6.0	0	0	0	0	0	0	0	0	0	4.0	0	4.0	0	0	0	12.0	0	1.0	3.0	13.0
sk__Bacteria;k__;p__Actinobacteria;c__Actinobacteria;o__Micrococcales;f__Dermabacteraceae;g__Brachybacterium	0	0	0	0	376.0	15.0	22.0	0	0	0	0	0	0	0	18.0	0	4.0	0	3.0	0	0	3.0	0	53.0	1.0	2.0	0	4.0	0	3.0	2.0	24.0	0	0	0	259.0	9.0	20.0	0	158.0	2.0	19.0	0	0	0	0	0	123.0	15.0	64.0	1.0	19.0	92.0	5.0	4.0	0	40.0	0	1.0	51.0	1.0	0	0	0	0	0	0	0	0	0	0	0	0	0	0	0	0	0	0	0	0	0	0	0	0	0	0	0	0	0	0	0	0	0	0	0	0	0	0	0	0	0	0	0	0	0	0	0	0	0	0	0	0	0	0	0	0	4.0	0	11.0	0	2.0	0	16.0	0	15.0	0	228.0	3.0	11.0	0	67.0	5.0	2.0	0	125.0	1.0	11.0	0	4.0	0	6.0	0	173.0	1.0	4.0	4.0	1.0	67.0	4.0	17.0	0	14.0	0	10.0	0	10.0	0	3.0	0	0	0	0	0	0	0	5.0	0	6.0	0	0	0	15.0	0	0	0	17.0	0
sk__Bacteria;k__;p__Actinobacteria;c__Actinobacteria;o__Micrococcales;f__Dermacoccaceae	0	0	0	0	0	0	0	0	0	0	0	0	0	0	0	0	0	0	0	0	0	0	0	0	0	0	0	0	0	0	0	0	0	0	0	0	0	0	0	0	0	0	0	0	0	0	0	0	0	0	0	0	8.0	0	0	0	0	0	0	0	0	0	0	0	0	0	0	0	0	0	0	0	0	0	0	0	0	0	0	0	0	0	0	0	0	0	0	0	0	0	0	0	0	0	0	0	0	0	0	0	0	0	0	0	0	0	0	1.0	0	0	0	0	0	0	0	0	0	0	0	0	0	0	0	0	0	0	0	0	0	0	0	0	0	0	0	0	0	0	0	0	0	0	0	1.0	0	0	0	0	0	0	0	0	0	0	0	0	0	0	0	0	0	0	0	0	0	0	0	0	0	0	0	0	0	0	0	0	0	0
sk__Bacteria;k__;p__Actinobacteria;c__Actinobacteria;o__Micrococcales;f__Dermacoccaceae;g__Dermacoccus	0	0	0	0	0	0	0	0	0	0	0	0	0	0	0	0	0	0	3.0	0	0	0	0	0	0	0	0	0	0	0	0	0	0	0	0	0	2.0	0	0	0	0	0	0	0	0	0	0	0	1.0	0	0	3.0	1.0	35.0	0	0	0	0	0	0	0	0	0	0	0	0	0	0	0	0	0	0	0	0	0	0	0	0	0	0	0	0	0	0	0	0	0	0	0	0	0	0	0	0	0	0	0	0	0	0	0	0	0	0	0	0	0	0	6.0	0	0	0	0	0	0	0	0	0	0	0	0	0	0	0	0	0	0	0	2.0	0	0	1.0	1.0	0	0	0	0	0	1.0	0	0	0	0	0	1.0	2.0	0	0	0	3.0	0	0	0	0	0	0	0	0	0	0	0	0	0	0	0	0	0	0	0	0	0	0	0	0	0	2.0	0	0
sk__Bacteria;k__;p__Actinobacteria;c__Actinobacteria;o__Micrococcales;f__Intrasporangiaceae	0	0	0	0	0	1.0	0	0	0	0	0	0	0	0	0	0	0	0	0	0	0	0	0	0	2.0	0	0	0	0	0	0	0	0	0	0	0	2.0	0	0	0	0	0	0	0	0	0	0	0	4.0	0	0	5.0	0	0	0	0	0	0	0	0	1.0	0	0	0	0	0	0	0	0	0	0	0	0	0	0	0	0	0	0	0	0	0	0	0	0	0	0	0	0	0	0	0	0	0	0	0	0	0	0	0	0	0	0	0	0	0	0	0	0	0	0	0	0	0	0	0	0	0	0	0	0	0	0	0	0	0	1.0	0	1.0	0	0	0	2.0	0	0	0	0	0	0	0	0	0	0	0	0	1.0	0	0	0	1.0	0	0	0	0	0	0	0	0	0	0	0	0	0	0	0	0	0	0	0	0	0	0	0	0	0	0	0	0
sk__Bacteria;k__;p__Actinobacteria;c__Actinobacteria;o__Micrococcales;f__Intrasporangiaceae;g__Janibacter	0	0	0	0	0	0	0	0	0	0	0	0	0	0	0	2.0	0	0	0	0	0	0	0	0	0	0	0	0	0	0	0	0	0	0	0	0	0	0	0	0	0	0	0	0	0	0	0	0	0	0	0	0	0	0	0	0	0	0	0	0	0	0	0	0	0	0	0	0	0	0	0	0	0	0	0	0	0	0	0	0	0	0	0	0	0	0	0	0	0	0	0	0	0	0	0	0	0	0	0	0	0	0	0	0	0	0	0	0	0	0	0	0	0	0	0	0	0	0	0	0	0	0	0	0	0	0	0	0	0	0	0	0	0	0	0	0	0	0	0	0	0	0	0	0	0	0	0	0	0	0	0	0	0	0	0	0	0	0	0	0	0	0	0	0	0	0	0	0	0	0	0	0	0	0	0	0	0	0
sk__Bacteria;k__;p__Actinobacteria;c__Actinobacteria;o__Micrococcales;f__Intrasporangiaceae;g__Tetrasphaera	0	0	0	0	0	2.0	0	0	0	0	0	0	0	0	0	1.0	0	0	1.0	0	0	0	0	0	3.0	0	0	0	0	0	0	0	0	0	0	0	2.0	0	0	0	1.0	0	0	0	0	0	0	0	2.0	0	1.0	3.0	0	2.0	0	0	0	0	0	0	0	0	0	0	0	0	0	0	0	0	0	0	0	0	0	0	0	0	0	0	0	0	0	0	0	0	0	0	0	0	0	0	0	0	0	0	0	0	0	0	0	0	0	0	0	0	0	0	0	0	0	0	0	0	0	0	0	0	1.0	0	0	0	0	0	0	0	1.0	0	3.0	0	0	0	0	0	0	0	1.0	0	0	0	0	0	0	0	2.0	0	0	0	0	1.0	0	0	0	0	0	0	0	0	0	0	0	0	0	0	0	0	0	0	0	0	0	0	0	0	0	0	0	0
sk__Bacteria;k__;p__Actinobacteria;c__Actinobacteria;o__Micrococcales;f__Microbacteriaceae	0	0	0	0	0	0	1.0	0	0	0	0	1.0	0	0	0	0	0	0	1.0	0	0	0	1.0	0	5.0	0	0	0	1.0	0	0	0	1.0	0	0	2.0	3.0	0	0	0	0	0	0	0	3.0	0	0	0	16.0	0	0	21.0	0	0	0	0	0	0	1.0	0	0	0	1.0	0	2.0	0	0	0	0	0	0	0	0	0	0	0	0	0	0	0	0	0	0	0	0	0	0	0	0	0	0	0	0	0	0	0	0	0	0	0	0	0	0	0	0	0	0	0	0	0	1.0	0	0	0	0	0	0	0	1.0	0	0	0	0	0	0	0	1.0	0	1.0	0	2.0	0	0	0	0	3.0	2.0	0	0	0	0	0	0	1.0	2.0	6.0	0	0	0	1.0	0	0	0	1.0	0	0	0	0	0	0	0	0	0	0	0	0	0	0	0	0	0	0	0	0	0	0	0	0
sk__Bacteria;k__;p__Actinobacteria;c__Actinobacteria;o__Micrococcales;f__Microbacteriaceae;g__Agreia;s__Agreia_pratensis	0	0	0	0	0	0	0	0	0	0	0	0	0	0	0	0	0	0	0	0	0	0	0	0	0	0	0	0	0	0	0	0	0	0	0	0	0	0	0	0	0	0	0	0	0	0	0	0	0	0	0	1.0	0	0	0	0	0	0	0	0	0	0	0	0	0	0	0	0	0	0	0	0	0	0	0	0	0	0	0	0	0	0	0	0	0	0	0	0	0	0	0	0	0	0	0	0	0	0	0	0	0	0	0	0	0	0	0	0	0	0	0	0	0	0	0	0	0	0	0	0	0	0	0	0	0	0	0	0	0	0	0	0	0	0	0	0	0	0	0	0	0	0	0	0	0	0	0	0	0	0	0	0	0	0	0	0	0	0	0	0	0	0	0	0	0	0	0	0	0	0	0	0	0	0	0	0	0	0
sk__Bacteria;k__;p__Actinobacteria;c__Actinobacteria;o__Micrococcales;f__Microbacteriaceae;g__Curtobacterium	0	0	0	0	0	0	0	0	0	0	0	0	0	0	0	0	0	0	0	0	0	0	0	0	0	0	0	0	0	0	0	0	1.0	0	0	0	0	0	0	0	0	0	0	0	0	0	0	0	0	0	0	1.0	0	0	0	0	0	0	0	0	0	0	0	0	0	0	0	0	0	0	0	0	0	0	0	0	0	0	0	0	0	0	0	0	0	0	0	0	0	0	0	0	0	0	0	0	0	0	0	0	0	0	0	0	0	0	0	0	0	0	0	0	0	0	0	0	0	0	0	0	0	0	0	0	0	0	0	0	0	0	0	0	0	0	0	0	0	0	0	0	0	0	0	0	0	0	0	0	0	0	0	0	0	0	0	0	0	0	0	0	0	0	0	0	0	0	0	0	0	0	0	0	0	0	0	0	0	0
sk__Bacteria;k__;p__Actinobacteria;c__Actinobacteria;o__Micrococcales;f__Microbacteriaceae;g__Leucobacter	0	0	0	0	0	0	0	0	0	3.0	0	9.0	0	0	0	0	0	0	0	0	0	0	0	0	0	0	0	0	0	0	0	0	0	0	0	0	0	0	0	0	0	0	0	0	0	0	0	0	0	0	0	0	0	0	0	0	0	0	0	0	0	0	0	0	1.0	0	0	0	0	0	10.0	0	0	0	0	0	0	0	0	0	0	0	0	0	0	0	0	0	0	0	0	0	0	0	0	0	0	0	0	0	0	0	2.0	0	1.0	0	0	0	0	0	0	0	0	0	0	0	0	0	0	0	0	0	0	0	0	0	15.0	0	5.0	0	0	0	0	0	0	0	0	0	0	0	0	0	0	0	0	0	0	0	0	0	0	0	0	0	0	0	0	1.0	0	1.0	0	4.0	0	0	0	0	0	0	0	0	0	0	0	0	0	1.0	0	0
sk__Bacteria;k__;p__Actinobacteria;c__Actinobacteria;o__Micrococcales;f__Microbacteriaceae;g__Leucobacter;s__Leucobacter_tardus	0	0	0	0	0	0	0	0	0	0	0	0	0	0	0	0	0	0	0	0	0	0	0	0	0	0	0	0	0	0	0	0	1.0	0	0	0	0	0	0	0	0	0	0	0	0	0	0	0	0	0	0	0	0	0	0	0	0	0	0	0	0	0	0	0	0	0	0	0	0	0	0	0	0	0	0	0	0	0	0	0	0	0	0	0	0	0	0	0	0	0	0	0	0	0	0	0	0	0	0	0	0	0	0	0	0	0	0	0	0	0	0	0	0	0	0	0	0	0	0	0	0	0	0	0	0	0	0	0	0	0	0	0	0	0	0	0	0	0	0	0	0	0	0	0	0	0	0	0	0	0	0	0	0	0	0	0	0	0	0	0	0	0	0	0	0	0	0	0	0	0	0	0	0	0	0	0	0	0
sk__Bacteria;k__;p__Actinobacteria;c__Actinobacteria;o__Micrococcales;f__Microbacteriaceae;g__Microbacterium	0	5.0	0	11.0	0	30.0	0	1.0	0	0	0	0	0	1.0	0	2.0	0	0	4.0	0	5.0	0	6.0	0	2.0	0	0	0	0	0	1.0	0	3.0	0	0	0	4.0	0	0	0	6.0	0	1.0	0	7.0	0	0	0	17.0	0	2.0	40.0	0	8.0	0	6.0	0	0	2.0	0	7.0	0	4.0	0	22.0	0	0	0	0	0	0	0	3.0	0	2.0	0	0	0	0	0	0	0	0	0	0	0	1.0	0	0	0	0	0	0	0	0	0	0	0	0	0	0	0	1.0	0	1.0	0	0	0	3.0	0	0	0	0	0	0	0	0	0	0	0	0	0	0	0	0	0	1.0	0	12.0	0	2.0	0	13.0	0	0	0	5.0	0	0	0	0	0	0	0	1.0	4.0	0	0	0	16.0	0	0	0	0	0	0	0	0	0	1.0	0	0	0	0	0	0	0	1.0	0	0	0	0	0	1.0	0	0	0	0
sk__Bacteria;k__;p__Actinobacteria;c__Actinobacteria;o__Micrococcales;f__Microbacteriaceae;g__Pseudoclavibacter	0	0	0	0	0	0	0	0	0	0	0	0	0	0	0	0	0	0	0	0	0	0	0	0	0	0	0	0	0	0	0	0	0	0	0	0	0	0	0	0	0	0	0	0	0	0	0	0	0	0	0	0	0	0	0	0	0	0	0	0	0	0	0	0	1.0	0	0	0	0	0	0	0	0	0	0	0	0	0	0	0	0	0	0	0	0	0	0	0	0	0	0	0	0	0	0	0	0	0	0	0	0	0	0	0	0	0	0	0	0	0	0	0	0	0	0	0	0	0	0	0	0	0	0	0	0	0	0	0	0	0	0	0	0	0	0	0	0	0	0	0	0	0	0	0	0	0	0	0	0	0	0	0	0	0	0	0	0	0	0	0	0	0	0	0	0	0	0	0	0	0	0	0	0	0	0	0	0	0
sk__Bacteria;k__;p__Actinobacteria;c__Actinobacteria;o__Micrococcales;f__Microbacteriaceae;g__Pseudoclavibacter;s__Pseudoclavibacter_helvolus	0	1.0	0	0	0	0	0	0	0	0	0	0	0	0	0	0	0	0	0	0	0	0	0	0	0	0	0	0	0	0	0	0	0	0	0	0	0	0	0	0	0	0	0	0	0	0	0	0	0	0	0	0	0	0	0	0	0	0	0	0	0	0	0	0	0	0	0	0	0	0	0	0	0	0	0	0	0	0	0	0	0	0	0	0	0	0	0	0	0	0	0	0	0	0	0	0	0	0	0	0	0	0	0	0	0	0	0	0	0	0	0	0	0	0	0	0	0	0	0	0	0	0	0	0	0	0	0	0	0	0	0	0	0	0	0	0	0	0	0	0	0	0	0	0	0	0	0	0	0	0	0	0	0	0	0	0	0	0	0	0	0	0	0	0	0	0	0	0	0	0	0	0	0	0	0	0	0	0
sk__Bacteria;k__;p__Actinobacteria;c__Actinobacteria;o__Micrococcales;f__Microbacteriaceae;g__Rathayibacter	0	0	0	0	0	0	0	0	0	0	0	1.0	0	6.0	0	3.0	0	0	5.0	0	0	0	0	0	27.0	0	4.0	0	2.0	0	0	0	3.0	0	0	0	25.0	0	1.0	0	0	0	0	0	0	0	0	0	103.0	0	5.0	241.0	0	5.0	0	0	0	0	0	0	14.0	0	0	0	0	0	0	0	0	0	0	0	0	0	0	0	0	0	0	0	0	0	0	0	0	0	1.0	0	0	0	0	0	0	0	0	0	0	0	0	0	1.0	0	0	0	3.0	0	0	0	1.0	0	0	0	0	0	0	0	0	0	0	0	0	0	1.0	0	2.0	0	0	0	5.0	0	0	0	0	0	0	0	20.0	0	1.0	0	0	0	0	0	12.0	46.0	0	1.0	0	8.0	0	0	0	0	0	0	0	0	0	0	0	0	0	0	0	0	0	0	0	0	0	0	0	0	0	0	0	0
sk__Bacteria;k__;p__Actinobacteria;c__Actinobacteria;o__Micrococcales;f__Micrococcaceae	0	0	1.0	0	4.0	7.0	0	0	0	0	0	0	0	0	0	0	0	0	3.0	0	0	0	0	1.0	0	0	0	1.0	0	3.0	0	0	0	0	0	13.0	2.0	1.0	0	0	0	0	1.0	0	0	0	0	1.0	0	0	0	1.0	13.0	2.0	3.0	0	0	0	0	1.0	1.0	1.0	0	0	0	0	0	0	0	0	0	0	0	0	1.0	1.0	0	0	0	0	0	0	0	0	0	2.0	0	0	0	0	0	0	0	0	0	0	0	0	0	0	0	0	0	0	0	0	0	0	0	0	0	0	0	0	0	0	0	0	0	3.0	0	0	0	0	0	1.0	0	18.0	5.0	1.0	1.0	19.0	3.0	3.0	0	1.0	0	0	0	0	0	0	0	2.0	0	0	1.0	0	9.0	8.0	0	0	2.0	0	0	0	0	0	1.0	0	0	0	0	0	0	0	0	0	1.0	1.0	0	0	0	0	0	0	4.0	0
sk__Bacteria;k__;p__Actinobacteria;c__Actinobacteria;o__Micrococcales;f__Micrococcaceae;g__Arthrobacter	0	0	0	0	394.0	333.0	25.0	9.0	0	0	0	0	0	0	48.0	81.0	1.0	1.0	108.0	2.0	0	2.0	1.0	8.0	10.0	0	0	5.0	3.0	40.0	51.0	44.0	33.0	22.0	16.0	579.0	212.0	103.0	9.0	384.0	123.0	32.0	35.0	1.0	8.0	2.0	0	14.0	27.0	5.0	4.0	65.0	1034.0	924.0	21.0	59.0	99.0	17.0	66.0	83.0	162.0	0	0	0	0	0	0	0	0	0	4.0	0	0	0	0	0	0	0	0	0	0	0	0	0	0	0	0	0	0	0	0	0	0	0	0	0	0	0	0	0	0	0	0	0	0	0	0	0	0	0	0	0	0	0	0	0	1.0	4.0	1.0	145.0	19.0	19.0	6.0	46.0	12.0	122.0	104.0	2119.0	1062.0	50.0	27.0	947.0	1125.0	58.0	10.0	10.0	5.0	2.0	1.0	0	0	2.0	1.0	33.0	5.0	11.0	51.0	28.0	761.0	1248.0	6.0	0	155.0	27.0	7.0	2.0	7.0	5.0	13.0	4.0	0	0	1.0	0	1.0	0	23.0	11.0	3.0	0	6.0	4.0	18.0	12.0	5.0	3.0	84.0	55.0
sk__Bacteria;k__;p__Actinobacteria;c__Actinobacteria;o__Micrococcales;f__Micrococcaceae;g__Glutamicibacter	0	0	0	0	0	0	0	0	0	0	0	0	0	0	0	0	0	0	0	0	0	0	0	0	0	0	0	0	0	0	0	0	0	0	0	0	0	0	0	0	0	0	0	0	0	0	0	0	0	0	0	1.0	2.0	1.0	0	0	0	0	0	0	0	0	0	0	0	0	0	0	0	0	0	0	0	0	0	0	0	0	0	0	0	0	0	0	0	0	0	0	0	0	0	0	0	0	0	0	0	0	0	0	0	0	0	0	0	0	0	0	0	0	0	0	0	0	0	0	0	0	0	0	0	0	0	1.0	0	0	0	0	0	0	0	2.0	0	0	0	0	0	0	0	0	0	0	0	0	0	0	0	0	0	0	0	0	0	0	0	0	0	0	0	0	0	0	0	0	0	0	0	0	0	0	0	0	0	0	0	0	0	0
sk__Bacteria;k__;p__Actinobacteria;c__Actinobacteria;o__Micrococcales;f__Micrococcaceae;g__Kocuria	0	0	0	0	0	1.0	0	0	0	0	0	0	0	0	0	0	0	0	1.0	0	0	0	0	0	1.0	0	0	0	0	0	0	0	0	0	0	0	0	0	0	0	0	0	0	0	0	0	0	0	1.0	1.0	0	3.0	0	2.0	0	1.0	0	0	1.0	0	0	0	0	0	0	0	0	0	0	0	0	0	0	0	0	0	0	0	0	0	0	0	0	0	0	0	0	0	0	0	0	0	0	0	0	0	0	0	0	0	0	0	0	0	0	0	0	0	0	0	0	0	0	0	0	0	0	0	0	0	0	0	0	0	0	0	0	2.0	1.0	0	0	1.0	0	0	0	1.0	2.0	0	0	0	0	0	0	3.0	0	0	0	0	0	0	0	0	0	1.0	0	0	0	0	0	0	0	0	0	0	0	0	0	0	0	0	0	0	0	0	0	0	0	0
sk__Bacteria;k__;p__Actinobacteria;c__Actinobacteria;o__Micrococcales;f__Micrococcaceae;g__Kocuria;s__Kocuria_rhizophila	0	0	0	0	0	0	0	0	0	0	0	0	0	0	0	0	0	0	2.0	0	0	0	0	0	0	0	0	0	0	0	1.0	0	0	0	0	0	1.0	0	0	0	0	0	0	0	0	0	0	0	0	0	0	2.0	0	0	0	0	0	0	1.0	0	0	0	0	0	0	0	0	0	0	0	0	0	0	0	0	0	0	0	0	0	0	0	0	0	0	0	0	0	0	0	0	0	0	0	0	0	0	0	0	0	0	0	0	0	0	0	0	0	0	0	0	0	0	0	0	0	0	0	0	0	0	0	0	0	0	0	0	0	1.0	0	0	0	0	0	0	0	0	0	0	0	0	0	0	0	3.0	3.0	0	0	0	1.0	0	0	0	0	0	0	0	0	0	0	0	0	0	0	0	0	0	0	0	0	0	0	0	0	0	0	0	0
sk__Bacteria;k__;p__Actinobacteria;c__Actinobacteria;o__Micrococcales;f__Micrococcaceae;g__Kocuria;s__Kocuria_sp._H-KB5	0	0	0	0	0	0	0	0	0	0	0	0	0	0	0	0	0	0	0	0	0	0	0	0	0	0	0	0	0	0	0	0	0	0	0	0	0	0	0	0	0	0	0	0	0	0	0	0	0	0	0	0	0	1.0	0	0	0	0	0	0	0	0	0	0	0	0	0	0	0	0	0	0	0	0	0	0	0	0	0	0	0	0	0	0	0	0	0	0	0	0	0	0	0	0	0	0	0	0	0	0	0	0	0	0	0	0	0	0	0	0	0	0	0	0	0	0	0	0	0	0	0	0	0	0	0	0	0	0	0	0	0	0	0	0	0	0	0	0	0	0	0	0	0	0	0	0	0	0	0	0	0	0	0	0	0	0	0	0	0	0	0	0	0	0	0	0	0	0	0	0	0	0	0	0	0	0	0	0
sk__Bacteria;k__;p__Actinobacteria;c__Actinobacteria;o__Micrococcales;f__Micrococcaceae;g__Micrococcus	0	0	0	0	0	0	0	0	0	0	0	0	0	0	0	0	0	0	0	0	0	0	0	0	0	0	0	0	0	0	0	0	0	0	0	0	0	0	0	0	0	0	0	0	0	0	0	0	0	0	0	3.0	0	0	0	0	0	0	0	0	0	0	0	0	0	0	0	0	0	0	0	0	0	0	0	0	0	0	0	0	0	0	0	0	0	0	0	0	0	0	0	0	0	0	0	0	0	0	0	0	0	0	0	0	0	0	0	0	0	0	0	0	0	0	0	0	0	0	0	0	0	0	0	0	0	0	0	0	0	0	0	0	0	0	0	0	0	0	0	0	1.0	0	0	0	1.0	0	0	0	0	0	0	0	0	0	0	0	0	0	0	0	0	0	0	0	0	0	0	0	0	0	0	0	0	0	0	0	0	0
sk__Bacteria;k__;p__Actinobacteria;c__Actinobacteria;o__Micrococcales;f__Micrococcaceae;g__Neomicrococcus	0	0	0	0	0	0	0	0	0	0	0	0	0	0	0	0	0	0	1.0	0	0	0	0	0	0	0	0	0	0	0	4.0	0	0	0	0	0	8.0	0	0	0	0	0	0	0	0	0	0	0	0	0	0	1.0	0	10.0	0	5.0	0	0	7.0	0	2.0	0	0	0	0	0	0	0	0	0	0	0	0	0	0	0	0	0	0	0	0	0	0	0	0	0	0	0	0	0	0	0	0	0	0	0	0	0	0	0	0	0	0	0	0	0	0	0	0	0	0	0	0	0	0	0	0	0	0	0	0	0	0	0	0	0	0	0	9.0	0	0	0	10.0	0	0	0	0	0	0	0	0	0	0	0	0	0	0	0	0	8.0	0	0	0	1.0	0	0	0	0	0	0	0	0	0	0	0	0	0	0	0	0	0	0	0	0	0	0	0	0
sk__Bacteria;k__;p__Actinobacteria;c__Actinobacteria;o__Micrococcales;f__Micrococcaceae;g__Neomicrococcus;s__Neomicrococcus_aestuarii	0	0	0	0	0	0	0	0	0	0	0	0	0	0	0	0	0	0	0	0	0	0	0	0	0	0	0	0	0	0	0	0	0	0	0	0	0	0	0	0	0	0	0	0	0	0	0	0	0	0	0	0	0	0	0	0	0	0	0	0	0	0	0	0	0	0	0	0	0	0	0	0	0	0	0	0	0	0	0	0	0	0	0	0	0	0	0	0	0	0	0	0	0	0	0	0	0	0	0	0	0	0	0	0	0	0	0	0	0	0	0	0	0	0	0	0	0	0	0	0	0	0	0	0	0	0	0	0	0	0	0	0	0	0	0	0	0	0	0	0	0	0	0	0	0	0	0	0	0	1.0	0	0	0	0	0	0	0	0	0	0	0	0	0	0	0	0	0	0	0	0	0	0	0	0	0	0	0	0
sk__Bacteria;k__;p__Actinobacteria;c__Actinobacteria;o__Micrococcales;f__Micrococcaceae;g__Rothia	63.0	2.0	1443.0	73.0	322.0	117.0	17.0	6.0	177.0	124.0	2.0	12.0	76.0	98.0	202.0	41.0	3.0	0	65.0	26.0	0	109.0	10.0	30.0	41.0	0	17.0	8.0	20.0	35.0	51.0	92.0	84.0	0	5.0	754.0	138.0	628.0	197.0	875.0	285.0	10.0	13.0	86.0	38.0	13.0	1.0	8.0	18.0	546.0	3.0	91.0	265.0	40.0	35.0	22.0	51.0	1.0	15.0	28.0	14.0	4.0	4.0	35.0	29.0	43.0	40.0	13.0	4.0	5.0	0	6.0	0	93.0	4.0	207.0	14.0	55.0	74.0	124.0	41.0	1.0	1.0	7.0	0	43.0	11.0	19.0	5.0	12.0	7.0	15.0	22.0	1.0	0	5.0	0	84.0	142.0	43.0	8.0	3.0	7.0	17.0	38.0	32.0	49.0	61.0	261.0	43.0	0	11.0	0	5.0	0	1.0	0	13.0	0	90.0	4.0	8.0	0	35.0	1.0	64.0	10.0	352.0	193.0	12.0	17.0	26.0	7.0	189.0	2.0	375.0	11.0	7.0	1.0	1.0	0	20.0	2.0	56.0	2.0	3.0	12.0	3.0	6.0	19.0	0	0	6.0	0	4.0	3.0	0	0	25.0	1.0	3.0	2.0	18.0	1.0	20.0	1.0	42.0	0	3.0	1.0	28.0	3.0	9.0	1.0	9.0	4.0	7.0	9.0
sk__Bacteria;k__;p__Actinobacteria;c__Actinobacteria;o__Micrococcales;f__Micrococcaceae;g__Rothia;s__Rothia_dentocariosa	0	0	0	0	1.0	0	0	0	1.0	0	0	0	0	0	2.0	0	0	0	0	0	0	0	0	0	0	0	0	0	0	0	0	0	0	0	0	4.0	0	0	0	0	0	0	0	0	0	0	0	0	0	1.0	0	0	1.0	0	0	0	0	0	0	0	0	0	0	0	0	0	0	0	0	0	0	0	0	0	1.0	0	0	0	0	0	0	0	0	0	0	0	0	0	0	0	0	0	0	0	0	0	0	0	0	0	0	0	0	0	0	0	0	0	0	0	0	0	0	0	0	0	0	0	0	0	0	0	0	0	0	0	0	0	0	0	0	0	0	1.0	0	1.0	0	0	0	0	0	0	0	0	0	0	0	0	0	0	0	0	0	0	0	0	0	0	0	0	0	0	0	0	0	0	0	0	0	0	0	0	0	0	0	0	0	0
sk__Bacteria;k__;p__Actinobacteria;c__Actinobacteria;o__Micrococcales;f__Promicromonosporaceae;g__Cellulosimicrobium	0	0	0	0	0	0	0	0	0	0	0	0	0	0	0	0	0	0	0	0	0	0	0	0	0	0	0	0	0	0	2.0	0	0	0	0	0	0	0	0	0	0	0	0	0	0	0	0	0	0	0	0	0	0	0	0	0	0	0	0	0	0	0	0	0	0	0	0	0	0	0	0	0	0	0	0	0	0	0	0	0	0	0	0	0	0	0	0	0	0	0	0	0	0	0	0	0	0	0	0	0	0	0	0	0	0	0	0	0	0	0	0	0	0	0	0	0	0	0	0	0	0	0	0	0	0	0	0	0	0	0	0	0	0	0	0	0	0	0	0	0	0	0	0	0	0	0	0	0	0	0	0	0	0	0	0	0	0	0	0	0	0	0	0	0	0	0	0	0	0	0	0	0	0	0	0	0	0	0
sk__Bacteria;k__;p__Actinobacteria;c__Actinobacteria;o__Propionibacteriales	0	0	0	0	0	0	0	0	0	0	0	0	0	0	0	0	0	0	0	0	0	0	0	0	0	0	0	0	0	0	0	0	0	0	0	0	0	0	0	0	0	0	0	0	0	0	0	0	0	0	0	0	0	0	0	0	0	0	0	0	0	0	0	0	0	0	0	0	0	0	0	0	0	0	0	0	0	0	0	0	0	0	0	0	0	0	0	0	0	1.0	0	0	0	0	0	0	0	0	0	0	0	0	0	0	0	0	0	0	0	0	0	0	0	0	0	0	0	0	0	0	0	0	0	0	0	0	0	0	0	0	0	0	0	0	0	0	0	0	0	0	0	0	0	0	0	0	0	0	0	0	0	0	0	0	0	0	0	0	0	0	0	0	0	0	0	0	0	0	0	0	0	0	0	0	0	0	0	0
sk__Bacteria;k__;p__Actinobacteria;c__Actinobacteria;o__Propionibacteriales;f__Nocardioidaceae	0	0	0	0	0	0	0	0	0	0	0	0	0	0	0	0	0	0	0	0	0	0	0	0	0	0	0	0	0	0	0	0	0	0	0	0	0	0	0	0	0	0	0	0	0	0	0	0	0	0	0	0	0	0	0	0	0	0	0	0	0	0	0	0	0	0	0	0	0	0	0	0	0	0	0	0	0	0	0	0	0	0	0	0	0	0	0	0	0	0	0	0	0	0	0	0	0	0	0	0	0	0	0	0	0	0	0	0	0	0	0	0	0	0	0	0	0	0	0	0	0	0	0	1.0	0	0	0	0	0	0	0	0	0	0	0	0	0	0	0	0	0	0	0	0	0	0	0	0	0	0	0	0	0	0	0	0	0	0	0	0	0	0	0	0	0	0	0	0	0	0	0	0	0	0	0	0	0	0
sk__Bacteria;k__;p__Actinobacteria;c__Actinobacteria;o__Propionibacteriales;f__Propionibacteriaceae	0	0	0	0	0	0	0	0	0	0	0	0	0	0	0	0	0	0	0	0	0	0	0	0	0	0	0	0	0	0	0	0	0	0	0	0	0	0	6.0	0	0	0	0	0	0	0	0	0	0	0	0	0	0	0	0	0	0	0	0	0	1.0	0	0	0	1.0	0	0	0	0	0	0	0	1.0	0	0	0	0	0	0	3.0	0	0	0	0	0	0	1.0	0	0	0	0	0	0	0	0	0	0	0	0	0	0	0	0	0	0	0	0	0	0	0	0	0	0	0	0	0	0	0	0	0	0	0	0	0	0	0	0	0	0	0	0	0	0	0	0	0	0	0	0	0	0	0	0	0	0	0	0	0	0	0	0	0	0	0	0	0	0	0	0	0	0	0	0	0	0	0	0	0	0	0	0	0	0	0	0	0	0	0
sk__Bacteria;k__;p__Actinobacteria;c__Actinobacteria;o__Propionibacteriales;f__Propionibacteriaceae;g__Aestuariimicrobium	0	0	0	0	0	0	0	0	0	0	0	0	0	0	0	0	0	0	0	0	0	0	0	0	0	0	0	0	0	0	0	0	0	0	0	0	0	0	0	0	0	0	0	0	0	0	0	0	0	0	0	0	0	0	0	0	0	0	0	0	0	0	0	0	0	0	0	0	0	0	0	0	2.0	0	0	0	0	0	0	0	0	0	0	0	0	0	0	0	0	0	0	0	0	0	0	0	0	0	0	0	0	0	0	0	0	0	0	0	0	0	0	0	0	0	0	0	0	0	0	0	0	0	0	0	0	0	0	0	0	0	0	0	0	0	0	0	0	0	0	0	0	0	0	0	0	0	0	0	0	0	0	0	0	0	0	0	0	0	0	0	0	0	0	0	0	0	0	0	0	0	0	0	0	0	0	0	0	0
sk__Bacteria;k__;p__Actinobacteria;c__Actinobacteria;o__Propionibacteriales;f__Propionibacteriaceae;g__Brooklawnia	0	0	0	0	0	0	0	0	0	0	0	0	0	0	0	0	0	0	0	0	0	0	0	0	0	0	0	0	0	0	0	0	0	0	0	0	0	0	0	0	0	0	0	0	0	0	0	0	0	0	0	0	0	0	0	0	0	0	0	0	0	0	0	0	0	0	0	0	0	0	0	0	0	0	0	0	0	0	0	0	0	0	0	0	0	0	0	0	1.0	0	0	0	0	0	0	0	0	0	0	0	0	0	0	0	0	0	0	0	0	0	0	0	0	0	0	0	0	0	0	0	0	0	0	0	0	0	0	0	0	0	0	0	0	0	0	0	0	0	0	0	0	0	0	0	0	0	0	0	0	0	0	0	0	0	0	0	0	0	0	0	0	0	0	0	0	0	0	0	0	0	0	0	0	0	0	0	0	0
sk__Bacteria;k__;p__Actinobacteria;c__Actinobacteria;o__Propionibacteriales;f__Propionibacteriaceae;g__Cutibacterium	0	0	0	1.0	0	0	0	3.0	0	0	0	0	0	0	0	1.0	0	0	1.0	0	0	0	1.0	0	3.0	0	0	0	0	0	1.0	0	1.0	0	0	0	0	0	0	0	1.0	0	0	1.0	2.0	0	0	0	1.0	0	0	1.0	1.0	9.0	0	3.0	0	0	5.0	0	1.0	0	0	0	1.0	0	0	0	0	0	0	0	0	0	0	0	0	0	2.0	0	1.0	0	0	0	0	0	0	0	1.0	0	0	2.0	0	0	0	0	0	0	0	0	0	0	0	0	0	0	0	2.0	6.0	0	0	0	0	0	0	0	0	0	0	0	0	0	0	0	0	0	0	0	2.0	0	0	0	3.0	0	0	0	0	0	0	0	0	0	0	0	3.0	0	0	0	0	1.0	0	0	0	0	0	0	0	0	0	0	0	0	0	0	0	0	0	0	0	0	0	0	0	0	0	0	0	0
sk__Bacteria;k__;p__Actinobacteria;c__Actinobacteria;o__Propionibacteriales;f__Propionibacteriaceae;g__Cutibacterium;s__Cutibacterium_avidum	0	0	0	0	0	0	0	0	0	0	0	0	0	0	0	0	0	0	0	0	0	0	0	0	0	0	0	0	0	0	0	0	0	0	0	0	0	0	0	0	0	0	0	0	0	0	0	0	0	0	0	0	0	0	0	0	0	0	0	0	0	0	0	0	0	0	0	0	0	0	0	0	0	0	0	0	0	0	0	0	0	0	0	0	0	0	0	0	0	0	0	0	0	0	0	0	0	0	0	0	0	0	1.0	0	0	0	0	0	0	0	0	0	0	0	0	0	0	0	0	0	0	0	0	0	0	0	0	0	0	0	0	0	1.0	0	0	0	0	0	0	0	0	0	0	0	0	0	0	0	0	0	0	0	0	0	0	0	0	0	0	0	0	0	0	0	0	0	0	0	0	0	0	0	0	0	0	0	0	0
sk__Bacteria;k__;p__Actinobacteria;c__Actinobacteria;o__Propionibacteriales;f__Propionibacteriaceae;g__Luteococcus;s__Luteococcus_sediminum	0	2.0	0	1.0	0	0	0	0	0	0	0	0	0	0	0	0	0	0	0	0	0	0	0	0	0	0	0	0	0	0	0	0	0	0	0	0	0	0	0	0	0	0	0	0	0	0	0	0	0	0	0	0	0	0	0	0	0	0	0	0	0	0	0	0	0	0	0	0	0	0	0	0	0	0	0	0	3.0	0	0	0	0	0	0	0	0	0	0	0	0	0	0	0	0	0	0	0	0	0	0	0	0	0	0	0	0	0	0	0	0	0	0	0	0	0	0	0	0	0	0	0	0	0	0	0	0	0	0	0	0	0	0	0	0	0	0	0	0	0	0	0	0	0	0	0	0	0	0	0	0	0	0	0	0	0	0	0	0	0	0	0	0	0	0	0	0	0	0	0	0	0	0	0	0	0	0	0	0	0
sk__Bacteria;k__;p__Actinobacteria;c__Actinobacteria;o__Propionibacteriales;f__Propionibacteriaceae;g__Propionibacterium	0	0	0	0	0	23.0	0	0	0	0	0	0	0	0	0	0	0	0	0	0	0	0	0	0	0	0	0	0	0	0	0	0	5.0	0	0	0	0	0	0	0	0	0	0	0	1.0	0	0	0	0	0	0	0	0	0	0	0	0	0	0	0	0	0	0	0	0	0	1.0	0	0	0	0	0	0	0	0	0	0	0	0	0	0	0	0	0	0	0	0	0	0	0	0	0	0	0	0	0	0	0	15.0	0	0	0	0	0	0	0	0	0	0	0	0	0	0	0	0	0	0	0	0	0	0	0	0	0	0	0	0	0	0	0	0	0	0	0	0	0	0	0	0	0	0	0	0	0	0	0	0	0	0	0	0	0	0	0	0	0	0	0	0	0	0	0	0	7.0	0	0	0	0	0	0	0	0	0	0	0	0	0	0
sk__Bacteria;k__;p__Actinobacteria;c__Actinobacteria;o__Propionibacteriales;f__Propionibacteriaceae;g__Propionibacterium;s__Propionibacterium_sp._LG	0	0	0	0	0	0	0	1.0	0	0	0	0	0	0	0	0	0	0	0	0	0	0	0	0	0	0	0	0	0	0	0	0	0	0	0	0	0	0	0	0	0	0	0	0	0	0	0	0	0	0	0	0	0	0	0	1.0	0	0	0	0	1.0	0	0	0	0	0	0	0	0	0	0	0	0	0	0	0	0	0	0	0	0	0	0	0	0	0	0	0	0	0	0	0	0	0	0	0	0	0	0	0	0	0	0	0	0	0	0	0	0	0	0	0	0	0	0	0	0	0	0	0	0	0	0	0	0	0	0	0	1.0	0	0	0	0	0	0	0	0	0	0	0	0	0	0	0	0	0	0	0	0	0	0	0	0	0	0	0	0	0	0	0	0	0	0	0	0	0	0	0	0	0	0	0	0	0	0	0	0	0
sk__Bacteria;k__;p__Actinobacteria;c__Actinobacteria;o__Propionibacteriales;f__Propionibacteriaceae;g__Propionibacterium;s__Propionibacterium_sp._oral_clone_BN085	0	2.0	0	0	0	47.0	0	0	0	0	0	0	0	2.0	0	0	0	0	0	0	0	0	0	0	0	0	0	0	0	0	20.0	0	0	0	0	0	0	0	21.0	0	0	0	0	0	0	0	0	0	3.0	0	0	4.0	0	0	0	0	0	0	0	0	0	0	0	0	0	0	27.0	0	0	0	0	0	0	0	0	0	0	0	0	0	3.0	0	0	0	0	0	0	0	0	0	0	0	5.0	0	0	0	0	0	0	0	0	0	0	0	0	0	0	0	0	0	0	0	0	0	0	0	0	0	0	0	0	0	0	0	0	0	0	0	0	0	0	0	0	0	0	0	0	0	0	0	0	0	0	0	0	0	0	1.0	0	1.0	0	0	0	0	0	0	0	0	0	0	0	0	0	0	0	0	0	0	0	0	0	0	0	0	0	0	0	0
sk__Bacteria;k__;p__Actinobacteria;c__Actinobacteria;o__Propionibacteriales;f__Propionibacteriaceae;g__Pseudopropionibacterium	0	16.0	0	13.0	0	13.0	0	9.0	0	3.0	0	15.0	0	33.0	0	0	0	3.0	0	0	3.0	0	12.0	0	1.0	0	1.0	0	8.0	1.0	11.0	0	7.0	0	7.0	0	31.0	0	14.0	0	1.0	0	5.0	0	0	0	1.0	0	0	0	1.0	2.0	0	1.0	0	6.0	0	0	8.0	0	4.0	0	2.0	0	7.0	0	17.0	0	3.0	0	2.0	0	0	0	0	0	2.0	0	10.0	0	39.0	0	0	0	3.0	0	2.0	0	1.0	0	5.0	0	34.0	0	2.0	0	4.0	0	2.0	0	4.0	0	14.0	0	3.0	0	4.0	0	0	0	0	0	0	0	0	0	1.0	0	0	0	0	0	4.0	0	6.0	0	7.0	0	425.0	0	12.0	0	3.0	0	16.0	0	3.0	0	3.0	0	2.0	0	0	0	0	0	0	9.0	0	3.0	0	0	0	0	0	8.0	0	2.0	0	7.0	0	3.0	0	0	0	1.0	0	0	0	4.0	0	5.0	0	18.0	0	7.0	0	1.0
sk__Bacteria;k__;p__Actinobacteria;c__Actinobacteria;o__Propionibacteriales;f__Propionibacteriaceae;g__Pseudopropionibacterium;s__Pseudopropionibacterium_propionicum	0	1.0	0	0	0	0	0	0	0	0	0	0	0	5.0	0	0	0	0	0	0	0	0	0	0	0	0	0	0	1.0	0	0	0	1.0	0	0	0	0	0	0	0	0	0	0	0	0	0	1.0	0	0	0	0	0	0	0	0	0	0	0	0	0	0	0	0	0	1.0	0	2.0	0	1.0	0	0	0	0	0	0	0	0	0	0	0	10.0	0	0	0	0	0	0	0	1.0	0	0	0	5.0	0	1.0	0	2.0	0	0	0	0	0	2.0	0	2.0	0	1.0	0	0	0	0	0	0	0	0	0	0	0	0	0	0	0	1.0	0	0	0	2.0	0	12.0	0	2.0	0	1.0	0	1.0	0	0	0	0	0	0	0	0	0	0	0	0	0	0	1.0	0	0	0	0	0	0	0	0	0	2.0	0	0	0	0	0	0	0	0	0	0	0	0	0	2.0	0	0	0	0
sk__Bacteria;k__;p__Actinobacteria;c__Actinobacteria;o__Propionibacteriales;f__Propionibacteriaceae;g__Tessaracoccus	0	0	0	0	0	0	0	0	0	0	0	0	0	0	0	0	0	0	0	0	0	0	0	0	0	0	0	0	0	0	0	0	0	0	0	0	0	0	0	0	0	0	0	0	0	0	0	0	0	0	0	0	0	0	0	0	0	0	0	0	0	0	0	0	3.0	0	0	0	0	0	0	0	0	0	0	0	0	0	0	0	0	0	0	0	0	0	0	0	0	0	0	0	0	0	0	0	0	0	0	0	0	0	0	0	0	0	0	0	0	0	0	0	0	0	0	0	0	0	0	0	0	0	0	0	0	0	0	0	0	0	0	0	0	0	0	0	0	0	0	0	0	0	0	0	0	0	0	0	0	0	0	0	0	0	0	0	0	0	0	0	0	0	0	0	0	0	0	0	0	0	0	0	0	0	0	0	0	0
sk__Bacteria;k__;p__Actinobacteria;c__Actinobacteria;o__Streptomycetales;f__Streptomycetaceae	0	2.0	0	0	0	0	0	0	0	0	0	0	0	0	0	0	0	0	0	0	0	0	0	0	0	0	0	0	0	0	0	0	0	0	0	0	0	0	0	0	0	0	0	0	0	0	0	0	0	0	0	0	0	0	0	0	0	0	0	0	0	0	2.0	0	4.0	0	0	0	0	0	2.0	0	5.0	0	2.0	0	4.0	0	0	0	0	0	0	0	0	0	0	0	0	0	0	0	0	0	0	0	0	0	0	0	0	0	0	0	0	0	0	0	0	0	0	0	0	0	0	0	0	0	0	0	0	0	0	0	0	0	0	0	0	0	0	0	0	0	0	0	0	0	0	0	0	0	0	0	0	0	0	0	0	0	0	0	0	0	0	0	0	0	0	0	0	0	0	0	0	0	0	0	0	0	0	0	0	0	0	0	0	0
sk__Bacteria;k__;p__Actinobacteria;c__Actinobacteria;o__Streptomycetales;f__Streptomycetaceae;g__Streptomyces	0	0	0	0	0	0	0	0	0	0	0	0	0	0	0	0	0	0	0	0	0	0	0	0	0	0	0	0	0	0	0	0	0	0	0	0	0	0	0	0	0	0	0	0	0	0	0	0	0	0	0	0	0	0	0	0	0	0	0	0	0	0	0	0	1.0	0	0	0	0	0	0	0	0	0	1.0	0	0	0	0	0	0	0	0	0	0	0	0	0	0	0	0	0	0	0	0	0	0	0	0	0	0	0	0	0	0	0	0	0	0	0	0	0	0	0	0	0	0	0	0	0	0	0	0	0	0	0	0	0	0	0	0	0	0	0	0	0	0	0	0	0	0	0	0	0	0	0	0	0	0	0	0	0	0	0	0	0	0	0	0	0	0	0	0	0	0	0	0	0	0	0	0	0	0	0	0	0	0	0
sk__Bacteria;k__;p__Actinobacteria;c__Coriobacteriia;o__Coriobacteriales	0	0	0	0	0	0	0	0	0	0	0	0	0	0	0	0	0	0	0	0	0	0	0	0	0	0	0	0	0	0	0	0	0	0	0	0	0	0	0	0	0	0	0	0	0	0	0	0	0	0	0	0	0	0	0	0	0	0	0	0	0	0	1.0	0	0	0	0	0	0	0	0	0	0	0	0	0	0	0	0	0	0	0	0	0	0	0	0	0	0	0	0	0	0	0	0	0	0	0	0	0	0	0	0	0	0	0	0	0	0	0	0	0	0	0	0	0	0	0	0	0	0	0	0	0	0	0	0	0	0	0	0	0	0	0	0	0	0	0	0	0	0	0	0	0	0	0	0	0	0	0	0	0	0	0	0	0	0	0	0	0	0	0	0	0	0	0	0	0	0	0	0	0	0	0	0	0	0	0
sk__Bacteria;k__;p__Actinobacteria;c__Coriobacteriia;o__Coriobacteriales;f__Atopobiaceae	1.0	0	0	0	0	0	3.0	0	0	0	0	0	0	0	0	0	0	0	0	23.0	0	1.0	0	25.0	0	0	0	0	0	0	0	0	0	40.0	0	13.0	0	0	0	0	0	0	0	1.0	0	152.0	0	0	0	2.0	0	0	3.0	0	0	0	0	0	0	0	0	11.0	0	1.0	0	0	0	11.0	0	101.0	0	6.0	0	0	0	0	0	4.0	0	18.0	0	1.0	0	28.0	0	15.0	0	92.0	0	1.0	0	1.0	0	14.0	0	5.0	0	0	0	1.0	0	0	0	0	0	0	0	0	0	4.0	0	2.0	0	85.0	0	2.0	0	103.0	0	14.0	0	1.0	0	164.0	0	0	0	1.0	0	4.0	0	0	0	0	0	0	0	1.0	0	7.0	0	137.0	0	1.0	0	0	3.0	0	0	0	15.0	0	24.0	0	8.0	0	21.0	0	6.0	0	0	0	4.0	0	44.0	0	0	0	2.0	0	1.0	0	0	0	0	0	6.0	0
sk__Bacteria;k__;p__Actinobacteria;c__Coriobacteriia;o__Coriobacteriales;f__Atopobiaceae;g__Atopobium	16.0	3.0	0	0	14.0	5.0	7.0	3.0	0	0	0	0	0	0	0	0	1.0	1.0	0	47.0	2.0	23.0	7.0	34.0	17.0	0	0	0	0	1.0	0	0	2.0	76.0	19.0	28.0	3.0	1.0	0	10.0	0	0	0	93.0	29.0	186.0	7.0	0	0	6.0	0	0	7.0	1.0	2.0	0	19.0	0	0	0	1.0	23.0	10.0	0	3.0	0	0	16.0	3.0	165.0	42.0	74.0	23.0	95.0	11.0	2.0	2.0	8.0	0	80.0	9.0	0	1.0	46.0	4.0	15.0	9.0	109.0	21.0	7.0	5.0	2.0	0	24.0	6.0	17.0	3.0	16.0	3.0	16.0	3.0	1.0	1.0	28.0	4.0	0	0	1.0	0	42.0	13.0	2.0	1.0	108.0	37.0	8.0	5.0	235.0	18.0	96.0	11.0	10.0	0	235.0	13.0	0	0	2.0	1.0	6.0	2.0	4.0	1.0	0	0	0	0	7.0	0	17.0	5.0	193.0	21.0	6.0	0	0	1.0	2.0	4.0	0	26.0	2.0	36.0	2.0	13.0	2.0	65.0	4.0	4.0	0	6.0	1.0	54.0	19.0	59.0	8.0	2.0	1.0	26.0	1.0	183.0	15.0	15.0	6.0	2.0	3.0	10.0	4.0
sk__Bacteria;k__;p__Actinobacteria;c__Coriobacteriia;o__Coriobacteriales;f__Atopobiaceae;g__Olsenella	1.0	0	0	0	2.0	1.0	1.0	1.0	0	0	1.0	0	0	0	0	0	0	0	0	2.0	0	3.0	1.0	0	2.0	0	0	1.0	0	0	0	1.0	0	0	0	0	0	3.0	1.0	0	0	0	0	1.0	0	8.0	0	0	0	0	0	0	0	0	0	0	1.0	0	0	5.0	1.0	18.0	5.0	1.0	2.0	5.0	1.0	3.0	0	11.0	1.0	7.0	1.0	8.0	0	0	0	6.0	0	48.0	1.0	2.0	0	4.0	1.0	7.0	2.0	1.0	1.0	2.0	1.0	0	0	8.0	0	3.0	0	6.0	1.0	1.0	0	0	0	2.0	0	0	0	0	0	1.0	0	0	0	16.0	2.0	4.0	1.0	37.0	0	55.0	2.0	126.0	1.0	9.0	1.0	1.0	0	5.0	0	7.0	1.0	4.0	1.0	0	0	0	0	2.0	0	0	0	40.0	1.0	0	0	1.0	11.0	1.0	0	0	6.0	0	1.0	1.0	5.0	1.0	12.0	0	8.0	0	0	0	8.0	4.0	1.0	0	1.0	0	3.0	0	0	0	0	0	10.0	1.0	5.0	1.0
sk__Bacteria;k__;p__Actinobacteria;c__Coriobacteriia;o__Coriobacteriales;f__Atopobiaceae;g__Olsenella;s__Olsenella_profusa	0	0	0	0	0	0	0	0	0	0	0	0	0	0	0	0	0	0	0	0	0	0	0	0	0	0	0	0	0	0	0	0	0	0	0	0	0	0	0	0	0	0	0	0	0	0	0	0	0	0	0	0	0	0	0	0	0	0	0	0	0	0	0	0	0	0	0	0	0	0	0	0	0	0	0	0	0	0	0	0	0	0	0	0	0	0	0	0	0	0	0	0	0	0	0	0	0	0	0	0	0	0	0	0	0	0	0	0	0	0	0	0	0	0	0	0	0	0	0	0	0	0	0	0	0	0	0	0	0	0	0	0	0	0	0	0	0	0	0	0	0	0	1.0	0	0	0	0	0	0	0	0	0	0	0	0	0	0	0	0	0	0	0	0	0	0	0	0	0	0	0	0	0	0	0	0	0	0	0
sk__Bacteria;k__;p__Actinobacteria;c__Coriobacteriia;o__Coriobacteriales;f__Coriobacteriaceae;g__Collinsella	0	0	0	0	0	0	0	1.0	0	0	0	0	0	0	0	0	0	0	0	0	0	0	0	0	0	0	0	0	0	0	0	0	0	0	0	0	0	0	0	0	0	0	0	0	0	0	0	0	0	0	0	0	0	0	0	0	0	0	0	0	0	0	0	0	0	0	0	0	0	0	0	0	0	0	0	0	0	0	0	0	0	0	0	0	0	0	0	0	0	0	0	0	0	0	0	0	0	0	0	0	0	0	0	0	0	0	0	0	0	0	0	0	0	0	0	0	0	0	0	0	0	0	0	0	0	0	0	0	0	0	0	0	0	0	0	0	0	0	0	0	0	0	0	0	0	0	0	0	0	0	0	0	0	0	0	0	0	0	0	0	0	0	0	0	0	0	0	0	0	0	0	0	0	0	0	0	0	0
sk__Bacteria;k__;p__Actinobacteria;c__Coriobacteriia;o__Eggerthellales	0	0	0	0	0	0	0	0	0	0	0	0	0	0	0	0	0	0	0	0	0	0	0	0	0	0	0	0	0	0	0	0	0	0	0	0	0	0	0	0	0	0	0	0	0	0	0	0	0	0	0	0	0	0	0	0	0	0	0	0	0	0	0	0	0	0	0	0	0	0	0	0	0	0	0	0	0	0	0	0	0	0	0	0	0	0	2.0	0	0	0	0	0	0	0	0	0	0	0	0	0	0	0	0	0	0	0	0	0	0	0	0	0	0	0	0	0	0	0	0	0	0	0	0	0	0	0	0	0	0	0	0	0	0	0	0	0	0	0	0	0	0	0	0	0	0	0	0	0	0	0	0	0	0	0	0	0	0	0	0	0	0	0	0	0	0	0	0	0	0	0	0	0	0	0	0	0	0	0
sk__Bacteria;k__;p__Actinobacteria;c__Coriobacteriia;o__Eggerthellales;f__Eggerthellaceae	0	0	0	0	0	0	0	0	0	0	0	0	0	0	0	0	0	0	0	0	0	0	0	0	0	0	0	0	0	0	0	0	0	0	0	0	0	0	0	0	0	0	0	0	0	0	0	0	0	0	0	0	0	0	0	0	0	0	0	0	0	0	0	0	0	0	0	0	0	0	0	0	0	1.0	0	0	0	0	0	0	0	0	0	0	0	0	0	0	0	0	0	0	0	0	0	0	0	0	0	0	0	0	0	0	0	0	0	0	0	0	0	0	0	0	0	0	0	0	0	0	0	0	0	0	0	0	0	0	0	0	0	0	0	0	0	0	0	2.0	0	0	0	0	0	0	0	0	0	0	0	0	0	0	0	0	0	0	0	0	0	0	0	0	0	0	0	0	0	0	0	0	0	0	0	0	0	0	0	0
sk__Bacteria;k__;p__Actinobacteria;c__Coriobacteriia;o__Eggerthellales;f__Eggerthellaceae;g__Cryptobacterium	1.0	2.0	0	0	0	0	0	0	0	0	0	0	0	0	0	0	0	0	0	0	0	3.0	2.0	0	0	0	0	0	0	0	0	2.0	0	1.0	0	0	0	0	0	0	0	0	0	4.0	20.0	1.0	0	0	0	0	0	0	1.0	1.0	0	0	1.0	0	0	0	0	0	0	0	0	0	0	0	0	6.0	9.0	0	1.0	5.0	5.0	0	0	1.0	0	0	0	0	0	0	0	0	2.0	0	0	0	0	0	0	0	0	0	0	0	0	0	0	0	0	0	0	0	0	0	0	0	2.0	0	2.0	4.0	8.0	0	0	0	2.0	0	0	4.0	9.0	0	0	0	0	0	0	0	0	0	0	0	0	0	0	0	0	1.0	1.0	0	1.0	0	0	0	0	0	0	0	0	0	0	0	0	1.0	0	0	0	2.0	0	0	7.0	32.0	1.0	2.0	0	0	0	0	0	0	0	0	0	0	0	0
sk__Bacteria;k__;p__Actinobacteria;c__Coriobacteriia;o__Eggerthellales;f__Eggerthellaceae;g__Slackia	1.0	0	0	0	0	0	0	0	0	0	0	0	0	0	0	0	0	0	0	3.0	0	0	0	1.0	0	0	0	0	0	0	0	0	0	0	0	0	0	0	0	0	0	0	0	0	0	1.0	0	0	0	0	0	0	0	0	0	0	0	0	0	0	0	0	0	1.0	0	0	0	1.0	0	1.0	0	0	0	0	0	0	0	0	0	0	0	0	0	0	0	0	0	0	0	3.0	0	0	0	0	0	0	0	0	0	0	0	0	0	0	0	0	0	0	0	0	0	2.0	0	1.0	0	0	0	1.0	0	0	0	0	0	2.0	0	0	0	0	0	0	0	0	0	3.0	0	0	0	0	0	0	0	3.0	0	0	0	0	0	0	0	0	1.0	0	0	0	2.0	0	2.0	0	0	0	0	0	2.0	0	0	0	0	0	0	0	0	0	0	0	0	0	2.0	0
sk__Bacteria;k__;p__Actinobacteria;c__Rubrobacteria;o__Gaiellales	0	0	0	0	0	0	0	0	0	0	0	0	0	0	0	0	0	0	0	0	0	0	0	0	0	0	0	0	0	0	0	0	0	0	0	0	0	0	0	0	0	0	0	0	0	0	0	0	0	0	0	0	0	0	0	0	0	0	0	0	0	0	0	0	0	0	0	0	0	0	0	0	0	0	0	0	0	0	0	0	0	0	0	0	0	0	0	0	0	0	0	0	0	0	0	0	0	0	0	0	0	0	0	0	0	0	1.0	0	0	0	0	0	0	0	0	0	0	0	0	0	0	0	0	0	0	0	0	0	0	0	0	0	0	0	0	0	0	0	0	0	0	0	0	0	0	0	0	0	0	0	0	0	0	0	0	0	0	0	0	0	0	0	0	0	0	0	0	0	0	0	0	0	0	0	0	0	0	0
sk__Bacteria;k__;p__Actinobacteria;c__Thermoleophilia;o__Solirubrobacterales;f__Solirubrobacteraceae;g__Solirubrobacter	2.0	0	0	0	0	0	0	0	0	0	0	0	0	0	0	0	0	0	0	0	0	0	0	0	0	0	0	0	0	0	0	0	0	0	0	0	0	0	0	0	0	0	0	0	0	0	0	0	0	0	0	0	0	0	0	0	0	0	0	0	0	0	0	0	0	0	0	0	0	0	0	0	0	0	0	0	0	0	0	0	0	0	0	0	0	0	0	0	0	0	0	0	0	0	0	0	0	0	0	0	0	0	0	0	0	0	0	0	0	0	0	0	0	0	0	0	0	0	0	0	0	0	0	0	0	0	0	0	0	0	0	0	0	0	0	0	0	0	0	0	0	0	0	0	0	0	0	0	0	0	0	0	0	0	0	0	0	0	0	0	0	0	0	0	0	0	0	0	0	0	0	0	0	0	0	0	0	0
sk__Bacteria;k__;p__Aquificae;c__Aquificae;o__Aquificales	0	0	0	0	0	0	0	0	0	0	0	0	0	0	0	0	0	0	0	0	0	0	0	0	0	0	0	0	0	0	0	0	0	0	0	0	0	0	0	0	0	0	0	0	0	0	0	0	0	0	0	0	0	0	1.0	0	0	0	0	0	0	0	0	0	0	0	0	0	0	0	0	0	0	0	0	0	0	0	0	0	0	0	0	0	0	0	0	0	0	0	0	0	0	0	0	0	0	0	0	0	0	0	0	0	0	0	0	0	0	0	0	0	0	0	0	0	0	0	0	0	0	0	0	0	0	0	0	0	0	0	0	0	0	0	0	0	0	0	0	0	0	0	0	0	0	0	0	0	0	0	0	0	0	0	0	0	0	0	0	0	0	0	0	0	0	0	0	0	0	0	0	0	0	0	0	0	0	0
sk__Bacteria;k__;p__Aquificae;c__Aquificae;o__Aquificales;f__Hydrogenothermaceae	0	0	1.0	0	0	0	0	0	0	0	0	0	0	0	0	0	0	0	0	0	0	0	0	0	0	0	0	0	0	0	0	0	0	0	0	0	0	0	0	0	0	0	0	0	0	0	0	0	0	0	0	0	0	0	1.0	0	0	0	0	0	0	0	0	0	0	0	0	0	0	0	0	0	0	0	0	0	0	0	0	0	0	0	0	0	0	0	0	0	0	0	0	0	0	0	0	0	0	0	0	0	0	0	0	0	0	0	0	0	0	0	0	0	0	0	0	0	0	0	0	0	0	0	0	0	0	0	0	0	0	0	0	0	0	0	0	0	0	0	0	0	0	0	0	0	0	0	0	0	0	0	0	0	0	0	0	0	0	0	0	0	0	0	0	0	0	0	0	0	0	0	0	0	0	0	0	0	0	0
sk__Bacteria;k__;p__Armatimonadetes;c__Armatimonadia;o__Armatimonadales;f__Armatimonadaceae	0	0	0	0	0	0	0	0	0	0	0	0	0	0	0	0	0	0	1.0	0	0	0	0	0	0	0	0	0	0	0	0	0	0	0	0	0	0	0	0	0	0	0	0	0	0	0	0	0	0	0	0	0	0	0	0	0	0	0	0	0	0	0	0	0	0	0	0	0	0	0	0	0	0	0	0	0	0	0	0	0	0	0	0	0	0	0	0	0	0	0	0	0	0	0	0	0	0	0	0	0	0	0	0	0	0	0	0	0	0	0	0	0	0	0	0	0	0	0	0	0	0	0	0	0	0	0	0	0	0	0	0	0	0	0	0	0	0	0	0	0	0	0	0	0	0	0	0	0	0	0	0	0	0	0	0	0	0	0	0	0	0	0	0	0	0	0	0	0	0	0	0	0	0	0	0	0	0	0
sk__Bacteria;k__;p__Armatimonadetes;c__Armatimonadia;o__Armatimonadales;f__Armatimonadaceae;g__Armatimonas	0	0	0	0	0	0	0	0	0	0	0	0	3.0	0	0	0	0	0	0	0	0	0	0	0	0	0	0	0	0	0	0	0	0	0	0	0	0	0	0	0	0	0	0	0	0	0	0	0	0	0	0	0	0	0	0	0	0	0	0	0	0	0	0	0	0	0	0	0	0	0	0	0	0	0	0	0	0	0	0	0	0	0	0	0	0	0	0	0	0	0	0	0	0	0	0	0	0	0	0	1.0	0	1.0	0	2.0	0	0	0	0	0	0	0	0	0	0	0	0	0	0	0	0	0	0	0	0	0	0	0	0	0	0	0	0	0	0	0	0	0	0	0	0	0	0	0	0	0	0	0	0	0	0	0	0	0	0	0	0	0	0	0	0	0	0	0	0	0	0	0	0	0	0	0	0	0	0	0	0	0	0
sk__Bacteria;k__;p__Armatimonadetes;c__Fimbriimonadia;o__Fimbriimonadales;f__Fimbriimonadaceae	0	0	2.0	0	0	0	0	0	0	0	0	0	0	0	0	0	0	0	0	0	0	0	0	0	0	0	0	0	0	0	0	0	0	0	0	0	0	0	0	0	0	0	0	0	0	0	0	0	0	0	0	0	0	0	0	0	0	0	0	0	0	0	0	0	0	0	0	0	0	0	0	0	0	0	0	0	0	0	0	0	0	0	0	0	0	0	0	0	0	0	0	0	0	0	0	0	0	0	0	0	0	0	0	0	0	0	0	0	0	0	0	0	0	0	0	0	0	0	0	0	0	0	0	0	0	0	0	0	0	0	0	0	0	0	0	0	0	0	0	0	0	0	0	0	0	0	0	0	0	0	0	0	0	0	0	0	0	0	0	0	0	0	0	0	0	0	0	0	0	0	0	0	0	0	0	0	0	0
sk__Bacteria;k__;p__Bacteroidetes	0	13.0	3.0	10.0	0	12.0	0	7.0	0	8.0	0	7.0	0	8.0	0	3.0	0	2.0	4.0	0	0	0	6.0	0	11.0	0	6.0	0	4.0	0	5.0	0	5.0	0	15.0	0	4.0	0	0	0	2.0	0	1.0	0	2.0	0	1.0	2.0	150.0	0	12.0	340.0	0	22.0	1.0	1.0	0	1.0	1.0	0	0	0	3.0	0	14.0	0	54.0	0	122.0	0	17.0	0	33.0	0	2.0	0	27.0	0	6.0	0	6.0	4.0	34.0	1.0	10.0	0	5.0	0	2.0	0	2.0	0	7.0	2.0	2.0	0	1.0	0	17.0	0	17.0	0	12.0	0	30.0	0	3.0	0	6.0	0	0	0	6.0	0	3.0	0	2.0	0	5.0	0	0	0	0	0	0	0	23.0	0	5.0	0	7.0	0	3.0	0	0	0	40.0	0	8.0	0	7.0	0	3.0	1.0	23.0	71.0	0	11.0	0	27.0	0	1.0	0	1.0	0	4.0	0	3.0	0	1.0	0	4.0	0	2.0	0	1.0	0	1.0	0	35.0	0	13.0	0	13.0	0	6.0	0	3.0
sk__Bacteria;k__;p__Bacteroidetes;c__;o__;f__;g__;s__Bacteroidetes_bacterium_oral_taxon_D27	0	2.0	0	0	0	0	0	0	0	0	0	0	0	0	0	0	0	0	0	0	0	0	0	0	0	0	0	0	0	0	0	0	0	0	0	0	0	0	0	0	0	0	0	0	0	0	0	0	0	0	0	0	0	0	0	0	0	0	0	0	0	0	0	0	1.0	0	0	0	0	0	0	0	0	0	0	0	0	0	0	0	0	0	0	0	0	0	0	0	0	0	0	0	0	0	0	0	0	0	0	0	0	0	0	0	0	0	0	0	0	0	0	0	0	0	0	0	0	0	0	0	0	0	0	0	0	0	0	0	0	0	0	0	0	0	0	0	0	0	0	0	0	0	0	0	0	0	0	0	0	0	0	0	0	0	0	0	0	0	0	0	0	0	0	0	0	0	0	0	0	0	0	0	0	0	0	0	0	0
sk__Bacteria;k__;p__Bacteroidetes;c__;o__;f__;g__;s__Bacteroidetes_oral_taxon_274	0	0	0	0	0	0	0	0	0	0	0	0	0	0	0	0	0	0	0	0	1.0	0	0	0	4.0	0	0	0	0	0	2.0	0	0	0	0	0	2.0	0	0	0	0	0	0	0	0	0	0	0	0	0	0	0	0	0	0	0	0	0	0	0	0	0	0	0	2.0	0	1.0	0	0	0	0	0	0	0	0	0	0	0	1.0	0	0	0	0	0	0	0	1.0	0	0	0	1.0	0	2.0	0	1.0	0	12.0	0	0	0	0	0	2.0	0	1.0	0	0	0	0	0	1.0	0	2.0	0	0	0	0	0	0	0	0	0	0	0	0	0	0	0	0	0	0	0	0	0	1.0	0	0	0	0	0	0	0	0	0	0	0	0	0	0	0	0	11.0	0	2.0	0	1.0	0	0	0	0	0	1.0	0	0	0	1.0	0	1.0	0	1.0	0	0	0	0	0	0	0	0
sk__Bacteria;k__;p__Bacteroidetes;c__;o__Bacteroidetes_Order_II._Incertae_sedis	0	0	0	0	0	0	0	0	0	0	0	0	0	0	0	0	0	0	0	0	0	0	0	0	0	0	0	0	0	0	0	0	0	0	0	0	0	0	0	0	0	0	0	0	0	0	0	0	0	0	0	0	0	0	0	0	0	0	1.0	0	0	0	0	0	0	0	0	0	0	0	0	0	0	0	0	0	0	0	0	0	0	0	0	0	0	0	0	0	0	0	0	0	0	0	0	0	0	0	0	0	0	0	0	0	0	0	0	0	0	0	0	0	0	0	0	0	0	0	0	0	0	0	0	0	0	0	0	0	0	0	0	0	0	0	0	0	0	0	0	0	0	0	0	0	0	0	0	0	0	0	0	0	0	0	0	0	0	0	0	0	0	0	0	0	0	0	0	0	0	0	0	0	0	0	0	0	0	0
sk__Bacteria;k__;p__Bacteroidetes;c__Bacteroidia	0	0	0	0	0	0	0	0	0	0	0	0	0	0	0	0	0	0	0	0	0	0	193.0	0	0	0	0	0	0	0	0	0	0	0	0	0	0	0	1.0	0	1.0	0	0	0	0	0	8.0	0	0	0	0	0	0	0	0	0	0	0	0	0	0	1.0	17.0	0	1.0	0	0	0	1.0	0	1.0	0	0	0	1.0	0	0	0	2.0	0	0	2.0	2.0	0	13.0	0	9.0	0	4.0	0	2.0	0	0	0	9.0	0	1.0	0	0	0	0	0	0	0	0	0	3.0	0	0	0	9.0	0	54.0	0	8.0	0	0	0	0	0	0	0	0	0	0	0	0	0	0	0	0	0	0	0	0	0	0	0	3.0	0	0	0	0	0	0	0	0	4.0	0	1.0	0	0	0	0	0	0	0	0	0	0	0	0	0	0	0	4.0	0	4.0	0	1.0	0	0	0	0	0	33.0	0	10.0
sk__Bacteria;k__;p__Bacteroidetes;c__Bacteroidia;o__Bacteroidales	0	2.0	0	1.0	0	4.0	0	5.0	0	0	0	0	0	0	0	0	0	0	0	0	0	0	2.0	0	0	0	0	0	0	0	0	0	0	0	0	0	0	0	2.0	0	0	0	0	0	1.0	0	0	0	0	0	0	0	0	1.0	0	0	0	0	0	0	0	2.0	6.0	0	5.0	0	0	0	0	0	8.0	0	20.0	0	0	0	0	0	1.0	2.0	0	52.0	7.0	4.0	5.0	0	42.0	1.0	3.0	0	3.0	0	0	0	0	1.0	0	0	3.0	0	0	1.0	5.0	0	0	0	0	0	1.0	0	4.0	0	2.0	2.0	5.0	0	3.0	0	0	0	0	0	0	0	0	0	0	0	0	0	0	0	1.0	0	0	0	0	0	6.0	0	0	0	16.0	0	7.0	15.0	1.0	133.0	0	2.0	0	5.0	0	0	0	1.0	0	1.0	0	0	56.0	3.0	0	20.0	0	16.0	7.0	1.0	0	7.0	0	2.0	0	0	0	0	0	7.0
sk__Bacteria;k__;p__Bacteroidetes;c__Bacteroidia;o__Bacteroidales;f__;g__;s__Bacteroidales_genomosp._P1	0	0	0	0	0	0	0	0	0	0	0	0	0	0	0	0	0	0	0	0	0	0	0	0	0	0	0	0	0	0	0	0	0	0	0	0	0	0	0	0	0	0	0	0	0	0	0	0	0	0	0	0	0	0	0	0	0	0	0	0	0	0	0	0	0	0	0	0	0	0	0	0	0	0	0	0	0	0	0	0	0	0	0	0	0	0	1.0	0	0	0	0	0	0	0	0	0	0	0	0	0	0	0	0	0	0	0	0	0	0	0	0	0	0	0	0	0	0	0	0	0	0	0	0	0	0	0	0	0	0	0	0	0	0	0	0	0	0	0	0	0	0	0	0	0	0	0	0	19.0	0	2.0	0	0	0	0	0	0	0	0	0	0	0	0	0	0	0	0	0	0	0	0	0	0	0	0	0	0	0	0
sk__Bacteria;k__;p__Bacteroidetes;c__Bacteroidia;o__Bacteroidales;f__;g__;s__Bacteroidales_genomosp._P2_oral_clone_MB1_G13	0	0	0	0	0	0	0	0	0	0	0	0	0	0	0	0	0	0	0	0	0	0	0	0	0	0	0	0	0	0	0	0	0	0	0	0	0	0	0	0	0	0	0	0	0	0	0	0	0	0	0	0	0	0	0	0	0	0	0	0	0	0	0	0	0	0	0	0	0	0	0	0	0	0	0	0	0	0	0	0	0	6.0	0	0	0	0	0	0	0	0	0	0	0	0	0	0	0	0	0	0	0	0	0	0	0	0	0	0	0	0	0	0	0	0	0	0	0	0	0	0	0	0	0	0	0	0	0	0	0	0	0	0	0	0	0	0	0	0	0	0	0	0	0	0	0	0	0	0	0	0	0	0	0	0	0	0	0	0	0	0	5.0	0	0	0	0	0	0	0	0	0	0	0	0	0	0	0	0	0
sk__Bacteria;k__;p__Bacteroidetes;c__Bacteroidia;o__Bacteroidales;f__;g__;s__Bacteroidales_genomosp._P4_oral_clone_MB2_G17	0	0	0	0	0	0	0	0	0	0	0	0	0	0	0	0	0	0	0	0	0	0	0	0	0	0	0	0	0	0	0	0	0	0	0	0	0	0	0	0	0	0	0	0	0	0	0	0	0	0	0	0	0	0	0	0	0	0	0	0	0	0	0	0	0	0	0	0	0	0	0	0	0	0	0	0	0	0	0	0	0	0	0	0	0	0	0	0	0	0	0	0	0	0	0	0	0	0	0	0	0	0	0	0	0	0	16.0	0	0	0	0	0	0	0	0	0	0	0	0	0	0	0	0	0	0	0	0	0	0	0	0	0	0	0	0	0	0	0	0	0	0	0	0	0	0	0	0	0	0	0	0	0	0	0	0	0	0	0	0	0	0	0	0	0	0	0	0	0	0	0	0	0	0	0	0	0	0	0
sk__Bacteria;k__;p__Bacteroidetes;c__Bacteroidia;o__Bacteroidales;f__;g__;s__Bacteroidales_genomosp._P5_oral_clone_MB2_P04	0	0	0	0	0	0	0	0	0	0	0	0	0	0	0	0	0	0	0	0	0	0	0	0	0	0	0	0	0	0	0	0	0	0	0	0	0	0	0	0	0	0	0	0	0	0	0	0	0	0	0	0	0	0	0	0	0	0	0	0	0	0	0	0	0	0	0	0	0	0	0	0	0	0	0	0	0	0	0	0	0	0	0	0	0	0	6.0	0	0	0	0	0	0	0	0	0	0	0	0	0	0	0	0	0	0	0	0	0	0	0	0	0	0	0	0	0	0	0	0	0	0	0	0	0	0	0	0	0	0	0	0	0	0	0	0	0	0	0	3.0	0	0	0	0	0	0	0	0	0	0	0	0	0	0	0	0	0	0	0	0	0	0	0	0	0	0	0	0	0	0	0	0	0	0	0	0	0	0	0
sk__Bacteria;k__;p__Bacteroidetes;c__Bacteroidia;o__Bacteroidales;f__;g__;s__Bacteroidales_oral_clone_MCE7_196	0	0	0	0	0	0	0	0	0	0	0	0	0	0	0	0	0	0	0	0	0	0	0	0	0	0	0	0	0	0	0	0	0	0	0	0	0	0	0	0	0	0	0	0	0	0	0	0	0	0	0	0	0	0	0	0	0	0	0	0	0	0	0	0	0	0	0	0	0	0	0	0	0	0	0	0	0	0	1.0	0	0	0	0	0	0	0	0	0	0	0	8.0	0	0	0	0	0	0	0	0	0	0	0	0	0	0	0	0	0	0	0	0	0	16.0	0	0	0	0	0	0	0	0	0	0	0	0	0	0	0	0	0	0	0	0	0	0	0	0	0	0	0	0	0	0	0	0	0	0	0	0	0	0	0	0	0	0	0	0	0	0	0	0	0	0	0	0	0	0	0	0	0	0	0	0	0	0	0	0	0
sk__Bacteria;k__;p__Bacteroidetes;c__Bacteroidia;o__Bacteroidales;f__;g__Phocaeicola	0	0	0	0	0	0	0	0	0	0	0	0	0	0	0	0	0	0	0	0	0	0	0	0	0	0	0	0	0	0	0	0	0	0	0	0	0	0	0	0	0	0	0	0	0	0	0	0	0	0	0	0	0	0	0	0	0	0	0	0	0	1.0	10.0	0	1.0	0	0	0	5.0	0	0	0	0	0	1.0	0	0	0	2.0	0	0	0	3.0	0	4.0	0	19.0	0	7.0	0	0	0	0	0	0	0	0	0	0	0	0	0	2.0	0	0	0	6.0	0	1.0	0	0	0	0	0	19.0	0	0	0	3.0	1.0	2.0	0	0	0	0	0	0	0	0	0	5.0	0	0	0	0	0	0	0	1.0	0	0	0	0	0	0	0	0	44.0	0	1.0	0	13.0	0	1.0	0	4.0	0	5.0	0	2.0	0	0	1.0	3.0	0	4.0	0	5.0	1.0	15.0	0	0	0	0	0	0	1.0	1.0
sk__Bacteria;k__;p__Bacteroidetes;c__Bacteroidia;o__Bacteroidales;f__Bacteroidaceae	0	0	0	0	0	0	0	0	0	0	0	0	0	0	0	0	0	0	0	0	0	0	0	0	0	0	0	0	0	0	0	0	0	0	0	0	0	0	0	0	0	0	0	0	0	0	0	0	0	0	0	0	0	0	0	0	0	0	0	0	0	0	0	0	0	0	0	0	0	0	0	0	0	0	0	0	0	0	0	1.0	0	4.0	0	0	0	0	0	0	0	0	0	1.0	0	0	0	0	0	0	0	0	0	0	0	0	0	0	3.0	0	0	0	0	0	0	0	0	0	0	0	0	0	0	0	0	0	0	0	0	0	0	0	0	0	0	0	0	0	0	0	0	0	0	0	0	0	0	0	0	0	0	0	0	0	0	0	0	0	0	0	0	0	0	0	0	0	0	0	0	0	0	0	0	0	0	0	0	0	0	0
sk__Bacteria;k__;p__Bacteroidetes;c__Bacteroidia;o__Bacteroidales;f__Bacteroidaceae;g__Bacteroides	1.0	3.0	0	0	0	0	0	0	0	0	0	0	0	0	0	0	0	0	0	0	0	0	0	0	0	0	0	0	0	0	0	0	0	0	0	0	0	0	0	0	0	0	0	0	0	0	0	0	0	0	0	0	0	0	0	0	0	0	0	0	0	0	0	0	11.0	0	0	0	0	0	1.0	0	1.0	0	11.0	0	2.0	0	0	0	0	0	11.0	0	4.0	0	0	0	3.0	0	0	0	0	0	0	0	0	0	0	0	0	0	0	0	0	0	17.0	0	8.0	0	0	0	0	0	0	0	0	0	0	0	0	0	0	0	0	0	0	0	0	0	1.0	0	0	0	0	0	0	0	0	0	0	0	0	0	0	0	0	3.0	0	0	0	0	0	0	0	0	0	0	0	0	0	3.0	0	0	0	0	0	0	0	0	0	0	0	0	0	7.0	0	7.0
sk__Bacteria;k__;p__Bacteroidetes;c__Bacteroidia;o__Bacteroidales;f__Bacteroidaceae;g__Bacteroides;s__Bacteroides_ihuae	0	10.0	0	0	0	0	0	0	0	0	0	0	0	0	0	0	0	0	0	0	0	0	0	0	0	0	0	0	0	0	0	0	0	0	0	0	0	0	0	0	0	0	0	0	0	0	0	0	0	0	0	0	0	0	0	0	0	0	0	0	0	0	0	0	9.0	0	0	0	0	0	0	0	0	1.0	1.0	0	0	0	0	0	0	0	0	0	0	0	0	0	0	0	0	0	0	0	0	0	0	0	0	0	0	0	0	0	0	0	0	0	0	0	0	0	0	0	0	0	0	0	0	0	0	0	0	0	0	0	0	0	0	0	0	0	0	0	0	0	0	0	0	0	0	0	0	0	0	0	0	0	0	0	0	0	0	0	0	0	0	0	0	0	0	0	0	0	0	0	0	0	0	0	0	0	0	0	0	0	0	0
sk__Bacteria;k__;p__Bacteroidetes;c__Bacteroidia;o__Bacteroidales;f__Bacteroidaceae;g__Bacteroides;s__Bacteroides_nordii	0	0	0	0	0	0	0	0	0	0	0	0	0	0	0	0	0	0	0	0	0	0	0	0	0	0	0	0	0	0	0	0	0	0	0	0	0	0	0	0	0	0	0	0	0	0	0	0	0	0	0	0	0	0	0	0	0	0	0	0	0	0	0	0	0	0	0	0	0	0	0	0	0	0	0	0	0	0	0	0	0	0	0	0	0	0	0	0	0	0	0	0	0	0	0	0	0	0	0	0	0	0	0	0	0	0	0	0	0	0	0	0	0	0	0	0	0	0	0	0	0	0	0	0	0	0	0	0	0	0	2.0	0	0	0	0	0	0	0	0	0	0	0	0	0	0	0	0	0	0	0	0	0	0	0	0	0	0	0	0	0	0	0	0	0	0	0	0	0	0	0	0	0	0	0	0	0	0	0
sk__Bacteria;k__;p__Bacteroidetes;c__Bacteroidia;o__Bacteroidales;f__Barnesiellaceae	0	0	0	0	0	0	0	0	0	0	0	0	0	0	0	0	0	0	0	0	0	0	0	0	0	0	0	0	0	0	0	0	0	0	0	0	0	0	0	0	0	0	0	0	0	0	0	0	0	0	0	0	0	0	0	0	0	0	0	0	0	0	0	0	0	0	0	0	0	0	0	0	0	0	0	0	0	0	0	0	0	0	0	0	0	0	0	0	0	0	0	0	0	0	0	0	0	0	0	0	0	0	0	0	0	0	0	0	0	0	0	0	0	0	0	0	0	0	0	0	0	0	0	0	0	0	0	0	0	0	0	0	0	0	0	0	0	0	0	0	0	0	0	0	0	0	0	0	0	0	0	0	0	0	0	0	0	0	0	0	0	0	0	0	0	0	0	0	0	0	0	0	0	0	0	0	0	1.0
sk__Bacteria;k__;p__Bacteroidetes;c__Bacteroidia;o__Bacteroidales;f__Dysgonamonadaceae	0	0	0	0	0	0	0	0	0	0	0	0	0	0	0	0	0	0	0	0	0	0	0	0	0	0	0	0	0	0	0	0	0	0	0	0	0	0	0	0	0	0	0	0	0	0	0	0	0	0	0	0	0	0	0	0	0	0	0	0	0	0	1.0	0	0	0	0	0	0	0	0	0	0	0	0	0	0	0	0	0	0	0	0	0	0	0	0	0	0	0	0	0	0	0	0	0	0	0	0	0	0	0	0	0	0	0	0	0	0	0	0	0	0	0	0	0	0	0	0	0	0	0	0	0	0	0	0	0	0	0	0	0	0	0	0	0	0	0	0	0	0	0	0	0	0	0	0	2.0	0	0	0	0	0	0	0	0	0	0	0	0	0	0	0	0	0	0	0	0	0	0	0	0	0	0	0	0	0	0
sk__Bacteria;k__;p__Bacteroidetes;c__Bacteroidia;o__Bacteroidales;f__Dysgonamonadaceae;g__Dysgonomonas	4.0	33.0	0	0	0	0	0	0	0	0	0	0	0	0	0	0	0	0	0	0	0	0	0	0	0	0	0	0	0	0	0	0	0	0	0	0	0	0	0	0	0	0	0	0	0	0	0	0	0	0	0	0	0	0	0	0	0	0	0	0	0	0	4.0	2.0	48.0	0	0	0	0	0	0	1.0	3.0	2.0	3.0	3.0	2.0	0	0	0	0	0	0	0	0	0	0	0	0	0	0	0	0	0	0	0	0	0	0	0	0	0	0	0	0	0	0	0	0	0	0	0	0	0	0	0	0	0	0	0	0	0	0	0	0	0	0	0	0	0	0	0	0	0	0	0	0	0	0	0	0	0	0	0	0	0	0	0	0	0	0	0	0	0	0	0	0	0	0	0	0	0	0	0	0	0	0	0	0	0	0	0	0	0	0	0	0	0
sk__Bacteria;k__;p__Bacteroidetes;c__Bacteroidia;o__Bacteroidales;f__Lentimicrobiaceae	0	106.0	2.0	18.0	0	3.0	0	17.0	0	23.0	0	125.0	0	59.0	0	0	0	1.0	1.0	0	155.0	0	9.0	0	82.0	0	60.0	1.0	20.0	0	1.0	0	246.0	0	4.0	0	193.0	0	0	0	1.0	0	24.0	0	239.0	0	245.0	0	2.0	0	204.0	0	1.0	5.0	0	0	0	14.0	1.0	0	3.0	7.0	102.0	0	16.0	8.0	30.0	2.0	137.0	0	68.0	0	169.0	0	140.0	0	44.0	0	19.0	54.0	39.0	169.0	113.0	2.0	82.0	2.0	49.0	0	105.0	18.0	248.0	3.0	46.0	4.0	31.0	0	72.0	0	45.0	0	255.0	0	3.0	0	45.0	0	2.0	0	2.0	0	215.0	0	152.0	0	82.0	0	66.0	0	138.0	0	186.0	0	393.0	0	122.0	0	0	0	5.0	0	141.0	0	2.0	1.0	19.0	0	0	0	36.0	0	523.0	0	102.0	0	3.0	7.0	1.0	15.0	0	3.0	53.0	188.0	17.0	159.0	2.0	31.0	13.0	45.0	1.0	25.0	189.0	216.0	0	197.0	0	97.0	8.0	76.0	0	16.0	0	17.0	0	4.0	0	7.0	0	8.0
sk__Bacteria;k__;p__Bacteroidetes;c__Bacteroidia;o__Bacteroidales;f__Muribaculaceae	0	0	0	0	0	0	0	0	0	0	0	0	0	0	0	0	0	0	0	0	0	0	0	0	0	0	0	0	0	0	0	0	0	0	0	0	0	0	0	0	0	0	0	0	1.0	0	0	0	0	0	0	0	0	0	0	0	0	0	0	0	0	0	0	0	0	0	0	0	0	0	0	0	0	0	0	0	0	0	0	0	0	0	0	0	0	0	0	0	0	0	0	0	0	0	0	0	0	0	0	0	0	0	0	0	0	0	0	0	0	0	0	0	0	0	0	0	0	0	0	0	0	0	0	0	0	0	0	0	0	0	0	0	0	0	0	0	0	0	0	0	0	0	0	0	0	0	0	0	0	0	0	0	0	0	0	0	0	0	0	0	0	0	0	0	0	0	0	0	0	0	0	0	0	0	0	0	0	0
sk__Bacteria;k__;p__Bacteroidetes;c__Bacteroidia;o__Bacteroidales;f__Odoribacteraceae	0	0	0	0	0	0	0	0	0	0	0	0	0	0	0	0	0	0	0	0	0	0	0	0	0	0	0	0	0	0	0	0	0	0	0	0	0	0	0	0	0	0	0	0	0	0	0	0	0	0	0	0	0	0	0	0	0	0	0	0	0	0	0	0	0	0	0	0	0	0	0	0	0	0	0	0	0	0	0	0	0	4.0	2.0	1.0	1.0	0	0	0	3.0	0	0	0	0	0	0	0	0	0	0	0	0	0	0	0	0	0	0	0	0	0	0	0	0	0	0	0	0	0	0	0	0	0	0	0	0	0	0	0	0	0	0	0	0	0	0	0	0	0	0	0	0	0	0	0	0	0	1.0	0	0	0	0	0	0	0	0	0	0	0	0	0	0	0	0	0	0	0	0	0	0	0	0	0	0	0	1.0	0	0	4.0
sk__Bacteria;k__;p__Bacteroidetes;c__Bacteroidia;o__Bacteroidales;f__Odoribacteraceae;g__Odoribacter	0	0	0	0	0	0	0	0	0	0	0	0	0	0	0	0	0	0	0	0	0	0	0	0	0	0	0	0	0	0	0	0	0	0	0	0	0	0	0	0	0	0	0	0	0	0	0	0	0	0	0	0	0	0	0	0	0	0	0	0	0	0	29.0	0	1.0	0	0	0	0	0	0	0	0	0	0	0	0	0	0	0	0	0	46.0	0	99.0	0	0	0	57.0	0	0	0	0	0	0	0	0	0	0	0	0	0	0	0	0	0	0	0	0	0	0	0	0	0	0	0	2.0	0	0	0	0	0	0	0	0	0	0	0	0	0	0	0	0	0	0	0	0	0	0	0	0	0	0	0	0	0	0	51.0	0	0	0	0	0	0	0	0	0	0	0	0	0	0	0	0	0	0	0	0	0	0	0	0	0	1.0	0	100.0	0	81.0
sk__Bacteria;k__;p__Bacteroidetes;c__Bacteroidia;o__Bacteroidales;f__Odoribacteraceae;g__Odoribacter;s__Odoribacter_denticanis	0	0	0	0	0	0	0	0	0	0	0	0	0	0	0	0	0	0	0	0	0	0	0	0	0	0	0	0	0	0	0	0	0	0	0	0	0	0	0	0	0	0	0	0	0	0	0	0	0	0	0	0	0	0	0	0	0	0	0	0	0	0	0	0	0	0	0	0	0	0	0	0	0	0	0	0	0	0	0	0	0	0	0	0	0	0	0	0	0	0	0	0	0	0	0	0	0	0	0	0	0	0	0	0	0	0	0	0	0	0	0	0	0	0	0	0	0	0	0	0	0	0	0	0	0	0	0	0	0	0	0	0	0	0	0	0	0	0	0	0	0	0	0	0	0	0	0	0	0	0	0	0	0	0	0	0	0	0	0	0	0	0	0	0	0	0	0	0	0	0	0	0	0	0	0	0	0	1.0
sk__Bacteria;k__;p__Bacteroidetes;c__Bacteroidia;o__Bacteroidales;f__Paludibacteraceae	0	12.0	0	0	0	3.0	0	0	0	0	0	5.0	0	0	0	0	3.0	83.0	0	23.0	104.0	0	0	0	28.0	0	16.0	0	21.0	0	0	0	0	0	1.0	0	31.0	0	0	0	1.0	1.0	7.0	0	1.0	0	1.0	0	0	0	0	0	0	1.0	0	0	0	0	0	0	4.0	2.0	87.0	0	34.0	9.0	19.0	3.0	36.0	0	0	0	0	0	2.0	0	3.0	1.0	24.0	81.0	80.0	47.0	38.0	3.0	55.0	3.0	39.0	7.0	59.0	11.0	169.0	3.0	92.0	23.0	356.0	9.0	389.0	0	0	0	0	15.0	97.0	1.0	43.0	3.0	51.0	0	5.0	6.0	104.0	2.0	190.0	0	6.0	0	0	1.0	14.0	0	0	1.0	1.0	0	1.0	0	1.0	0	4.0	0	0	0	0	15.0	113.0	2.0	15.0	0	0	0	0	44.0	102.0	0	0	5.0	0	0	0	3.0	95.0	438.0	33.0	281.0	3.0	232.0	19.0	212.0	3.0	119.0	70.0	99.0	9.0	29.0	2.0	47.0	6.0	87.0	2.0	73.0	0	0	0	0	1.0	25.0	0	13.0
sk__Bacteria;k__;p__Bacteroidetes;c__Bacteroidia;o__Bacteroidales;f__Paludibacteraceae;g__Paludibacter	0	1.0	0	0	0	0	0	0	0	0	0	0	0	0	0	0	0	0	0	0	0	0	1.0	0	0	0	0	0	0	0	0	0	0	0	0	0	0	0	0	0	0	0	0	0	0	0	0	0	0	0	0	0	0	0	0	0	0	0	0	0	0	0	0	0	1.0	0	0	0	0	0	0	0	0	0	0	0	1.0	0	0	0	0	0	0	0	0	0	0	0	0	0	0	0	0	0	0	0	0	0	0	0	0	0	0	0	0	0	0	0	0	0	0	0	0	0	0	0	0	0	0	0	0	0	0	0	0	0	0	0	0	0	0	0	0	0	0	0	0	0	0	0	0	0	0	0	0	0	0	0	0	0	0	0	0	0	0	0	0	0	0	0	0	0	0	0	0	0	0	0	0	0	0	0	0	0	0	0	0	1.0
sk__Bacteria;k__;p__Bacteroidetes;c__Bacteroidia;o__Bacteroidales;f__Porphyromonadaceae	0	0	0	0	0	0	0	0	0	0	0	0	0	0	0	0	0	0	0	0	0	0	0	0	0	0	0	0	0	0	0	0	0	0	0	0	0	0	0	0	0	0	0	0	0	0	0	0	0	0	0	0	0	0	0	0	0	0	0	0	0	0	0	0	0	0	0	0	0	0	0	0	0	0	1.0	0	0	0	0	0	0	4.0	2.0	0	0	0	0	0	0	0	0	0	0	0	0	0	0	0	0	0	0	0	0	0	0	0	0	0	0	0	0	0	1.0	0	0	0	1.0	0	0	0	0	0	0	0	0	0	0	0	0	0	0	0	0	0	0	0	0	0	0	0	0	0	0	0	0	0	0	0	0	0	0	0	0	0	0	0	0	0	0	0	0	0	0	0	0	0	0	0	0	0	0	0	0	0	0	7.0	0	3.0
sk__Bacteria;k__;p__Bacteroidetes;c__Bacteroidia;o__Bacteroidales;f__Porphyromonadaceae;g__;s__Porphyromonadaceae_bacterium_C941	0	0	0	0	0	0	0	0	0	0	0	0	0	0	0	0	0	0	0	0	0	0	0	0	0	0	0	0	0	0	0	0	0	0	0	0	0	0	0	0	0	0	0	0	0	0	0	0	0	0	0	0	0	0	0	0	0	0	0	0	0	0	0	0	0	0	0	0	0	0	0	0	0	0	0	0	0	0	0	0	0	0	0	0	0	0	0	0	0	0	0	0	0	0	0	0	0	0	0	0	0	0	0	0	0	0	0	0	0	0	1.0	0	8.0	0	0	0	0	0	0	0	0	0	0	0	0	0	0	0	0	0	0	0	0	0	0	0	0	0	0	0	0	0	0	0	0	0	0	0	0	0	0	0	0	0	0	0	0	3.0	0	0	0	0	0	0	0	0	0	0	0	0	0	0	0	0	0	0	0	0
sk__Bacteria;k__;p__Bacteroidetes;c__Bacteroidia;o__Bacteroidales;f__Porphyromonadaceae;g__Porphyromonas	0	25.0	8.0	10.0	0	19.0	1.0	82.0	2.0	48.0	0	69.0	0	2.0	0	11.0	0	17.0	3.0	28.0	273.0	0	3.0	2.0	94.0	3.0	52.0	3.0	41.0	0	1.0	0	1.0	1.0	0	2.0	139.0	12.0	16.0	0	0	0	45.0	0	1.0	4.0	10.0	0	5.0	0	0	5.0	0	28.0	0	0	0	2.0	0	0	0	4.0	349.0	0	57.0	7.0	114.0	20.0	534.0	0	72.0	6.0	94.0	19.0	324.0	2.0	74.0	3.0	46.0	209.0	259.0	429.0	797.0	99.0	1403.0	30.0	616.0	58.0	891.0	7.0	364.0	3.0	263.0	0	6.0	1.0	45.0	7.0	114.0	4.0	54.0	120.0	1063.0	4.0	145.0	11.0	661.0	0	125.0	2.0	27.0	3.0	171.0	8.0	240.0	0	68.0	0	11.0	3.0	3.0	0	0	0	0	17.0	266.0	0	79.0	9.0	400.0	0	13.0	4.0	37.0	0	1.0	56.0	937.0	0	28.0	0	1.0	1.0	14.0	30.0	13.0	1341.0	1.0	43.0	8.0	58.0	5.0	111.0	3.0	95.0	15.0	104.0	8.0	74.0	36.0	47.0	155.0	618.0	17.0	608.0	21.0	355.0	12.0	246.0	0	2.0	1.0	7.0	30.0	1916.0	60.0	2725.0
sk__Bacteria;k__;p__Bacteroidetes;c__Bacteroidia;o__Bacteroidales;f__Porphyromonadaceae;g__Porphyromonas;s__Porphyromonas_gingivalis	0	0	0	0	0	0	0	0	0	0	0	0	0	0	0	0	0	0	0	0	0	0	0	0	0	0	0	0	0	0	0	0	0	0	0	0	0	0	0	0	0	0	0	0	0	0	0	0	0	0	0	0	0	0	0	0	0	0	0	0	0	0	1.0	0	0	0	0	0	0	0	0	0	0	0	0	0	0	0	0	0	0	0	0	0	1.0	0	0	0	1.0	0	0	0	0	0	0	0	0	0	0	0	0	0	2.0	0	0	0	0	0	0	0	0	0	0	0	0	0	0	0	0	0	0	0	0	0	0	0	0	0	0	0	1.0	0	0	0	0	0	0	0	0	0	0	0	0	0	0	0	0	1.0	0	0	0	0	0	0	0	0	0	0	0	0	0	0	0	0	0	0	0	2.0	0	1.0	0	0	0	0	0	0	0	1.0
sk__Bacteria;k__;p__Bacteroidetes;c__Bacteroidia;o__Bacteroidales;f__Porphyromonadaceae;g__Porphyromonas;s__Porphyromonas_sp._oral_clone_HF001	0	0	0	0	0	0	0	0	0	0	0	0	0	0	0	3.0	0	0	0	0	0	0	0	0	0	0	0	0	0	0	0	0	0	0	0	0	0	0	0	0	0	0	0	0	0	0	0	0	0	0	0	0	0	0	0	0	0	0	0	0	0	0	0	0	0	0	0	0	0	0	0	0	0	0	0	0	0	0	0	0	0	0	0	0	0	0	0	0	0	0	0	0	0	0	0	0	0	0	0	0	0	0	0	0	0	0	0	0	0	0	0	0	0	0	0	0	0	0	0	0	0	0	0	0	0	0	0	0	0	0	0	0	0	0	0	0	0	0	0	0	0	0	0	0	0	0	0	0	0	0	0	0	0	0	0	0	0	0	0	0	0	0	0	0	0	0	0	0	0	0	0	0	0	0	0	0	0	0
sk__Bacteria;k__;p__Bacteroidetes;c__Bacteroidia;o__Bacteroidales;f__Porphyromonadaceae;g__Porphyromonas;s__Porphyromonas_sp._oral_taxon_278	0	0	0	0	0	0	0	0	0	0	0	0	0	0	0	0	0	0	0	0	0	0	0	0	0	0	0	0	0	0	0	0	0	0	0	0	0	0	0	0	0	0	0	0	0	0	0	0	0	0	0	0	0	0	0	0	0	0	0	0	0	0	5.0	0	2.0	0	0	0	0	0	0	0	0	0	0	0	3.0	0	0	0	0	0	3.0	0	0	0	0	0	0	0	0	0	0	0	0	0	0	0	0	0	0	0	1.0	0	2.0	0	0	0	0	0	0	0	0	0	0	0	0	0	0	0	0	0	0	0	0	0	1.0	0	1.0	0	10.0	0	1.0	0	0	0	0	0	0	0	0	0	0	0	0	0	0	0	0	2.0	0	0	0	0	0	2.0	0	0	0	2.0	0	0	0	0	0	0	0	0	0	0	0	0	0	0	0	0	0	0
sk__Bacteria;k__;p__Bacteroidetes;c__Bacteroidia;o__Bacteroidales;f__Prevotellaceae	1.0	274.0	0	153.0	0	140.0	1.0	113.0	0	18.0	1.0	150.0	0	36.0	0	19.0	0	61.0	32.0	8.0	322.0	1.0	155.0	0	277.0	4.0	86.0	3.0	192.0	0	54.0	0	285.0	8.0	1011.0	0	82.0	1.0	20.0	14.0	87.0	2.0	184.0	0	394.0	20.0	285.0	0	0	0	15.0	1.0	0	159.0	0	11.0	0	4.0	8.0	1.0	70.0	0	277.0	0	358.0	1.0	193.0	0	666.0	3.0	964.0	8.0	1014.0	2.0	547.0	0	85.0	1.0	464.0	25.0	427.0	53.0	323.0	11.0	251.0	3.0	779.0	5.0	422.0	2.0	516.0	1.0	287.0	3.0	648.0	2.0	466.0	0	471.0	0	354.0	2.0	243.0	2.0	504.0	2.0	897.0	0	46.0	7.0	723.0	0	118.0	11.0	1569.0	9.0	349.0	4.0	346.0	41.0	325.0	22.0	163.0	3.0	283.0	0	32.0	1.0	83.0	0	165.0	0	53.0	2.0	198.0	0	78.0	4.0	286.0	8.0	1001.0	6.0	206.0	0	33.0	88.0	5.0	485.0	0	118.0	0	125.0	0	58.0	1.0	99.0	1.0	175.0	0	125.0	73.0	230.0	13.0	382.0	3.0	214.0	1.0	364.0	21.0	809.0	2.0	926.0	1.0	303.0	1.0	298.0	3.0	316.0
sk__Bacteria;k__;p__Bacteroidetes;c__Bacteroidia;o__Bacteroidales;f__Prevotellaceae;g__;s__Prevotellaceae_bacterium_Marseille-P2826	0	0	0	0	0	0	0	0	0	0	0	0	0	0	0	1.0	0	0	0	0	0	0	0	0	2.0	0	2.0	0	0	0	0	0	0	0	0	0	0	0	0	0	0	0	0	0	0	0	0	0	0	0	0	0	0	2.0	0	0	0	0	0	0	0	0	0	0	0	0	0	0	0	0	0	0	0	0	0	0	0	0	0	0	0	0	0	0	0	0	0	0	0	0	0	0	1.0	0	0	0	0	0	0	0	0	0	0	0	0	0	0	0	0	0	0	0	0	0	0	0	1.0	0	0	0	0	0	0	0	0	0	0	0	0	0	0	0	0	0	0	0	0	0	0	0	0	0	0	0	0	0	0	0	0	0	0	0	0	0	0	0	0	0	0	0	0	2.0	0	0	0	0	0	0	0	1.0	0	0	0	0	0	0	0	0
sk__Bacteria;k__;p__Bacteroidetes;c__Bacteroidia;o__Bacteroidales;f__Prevotellaceae;g__Alloprevotella	0	1.0	0	3.0	0	10.0	0	185.0	0	0	0	100.0	0	0	0	13.0	0	2.0	21.0	35.0	1098.0	0	1.0	0	26.0	0	67.0	0	1.0	0	5.0	0	0	0	18.0	0	5.0	0	16.0	0	3.0	0	14.0	0	0	3.0	120.0	0	2.0	0	0	4.0	0	53.0	0	2.0	1.0	1.0	2.0	0	19.0	0	171.0	0	84.0	0	14.0	0	178.0	0	157.0	0	386.0	0	16.0	0	7.0	2.0	716.0	62.0	917.0	25.0	578.0	2.0	362.0	0	152.0	7.0	444.0	0	197.0	2.0	430.0	5.0	327.0	3.0	503.0	1.0	6.0	0	8.0	0	4.0	2.0	58.0	0	17.0	0	0	2.0	405.0	4.0	705.0	0	82.0	0	60.0	0	27.0	0	1.0	0	5.0	0	0	0	4.0	0	51.0	1.0	102.0	0	15.0	0	32.0	0	2.0	0	2.0	0	50.0	0	0	0	0	0	0	115.0	0	33.0	11.0	326.0	2.0	211.0	1.0	225.0	13.0	1049.0	1.0	162.0	42.0	332.0	15.0	226.0	0	218.0	2.0	33.0	3.0	252.0	0	5.0	0	5.0	0	34.0	0	133.0
sk__Bacteria;k__;p__Bacteroidetes;c__Bacteroidia;o__Bacteroidales;f__Prevotellaceae;g__Prevotella	1.0	193.0	3.0	30.0	0	83.0	4.0	447.0	0	10.0	0	568.0	0	99.0	0	1.0	1.0	24.0	1.0	24.0	1063.0	1.0	145.0	0	394.0	1.0	221.0	2.0	124.0	0	4.0	1.0	251.0	0	89.0	1.0	23.0	4.0	12.0	0	36.0	1.0	244.0	0	17.0	30.0	729.0	0	1.0	6.0	10.0	4.0	0	82.0	0	0	2.0	5.0	1.0	0	20.0	2.0	235.0	0	244.0	3.0	423.0	12.0	1604.0	8.0	1340.0	13.0	516.0	30.0	1354.0	4.0	703.0	1.0	226.0	43.0	178.0	40.0	254.0	16.0	439.0	2.0	241.0	4.0	421.0	2.0	1087.0	1.0	147.0	2.0	363.0	1.0	48.0	6.0	572.0	2.0	110.0	16.0	530.0	7.0	975.0	4.0	534.0	0	21.0	8.0	430.0	0	110.0	3.0	592.0	4.0	270.0	11.0	736.0	114.0	283.0	162.0	151.0	6.0	68.0	0	8.0	0	25.0	0	221.0	0	16.0	2.0	122.0	1.0	1.0	4.0	106.0	9.0	544.0	12.0	269.0	0	16.0	35.0	2.0	315.0	0	50.0	5.0	116.0	0	29.0	0	115.0	1.0	238.0	0	81.0	38.0	260.0	73.0	462.0	4.0	218.0	1.0	180.0	19.0	601.0	6.0	134.0	0	34.0	1.0	78.0	1.0	506.0
sk__Bacteria;k__;p__Bacteroidetes;c__Bacteroidia;o__Bacteroidales;f__Prevotellaceae;g__Prevotella;s__Prevotella_aurantiaca	0	0	0	0	0	0	0	0	0	0	0	0	0	0	0	0	0	0	0	0	0	0	0	0	0	0	0	0	0	0	0	0	0	0	0	0	0	0	0	0	0	0	0	0	0	0	0	0	0	0	0	0	0	0	0	0	0	0	0	0	0	0	0	0	0	0	0	0	0	0	0	0	0	0	0	0	0	0	0	0	0	0	0	0	0	0	0	0	0	0	0	0	0	0	0	0	0	0	0	0	0	0	0	0	0	0	0	0	0	0	0	0	0	0	0	0	0	0	0	0	0	0	0	0	0	0	0	0	0	0	0	0	0	0	0	0	0	0	0	0	0	0	0	0	0	0	0	0	0	1.0	0	0	0	0	0	0	0	0	0	0	0	0	0	0	0	0	0	0	0	0	0	0	0	0	0	0	0	0
sk__Bacteria;k__;p__Bacteroidetes;c__Bacteroidia;o__Bacteroidales;f__Prevotellaceae;g__Prevotella;s__Prevotella_dentalis	0	0	0	0	0	0	0	0	0	0	0	0	0	0	0	0	0	0	0	0	0	0	0	0	0	0	0	0	0	0	0	0	0	0	0	0	0	0	0	0	0	0	0	0	0	0	0	0	0	0	0	0	0	0	0	0	0	0	0	0	0	0	0	0	0	0	0	0	0	0	0	0	0	0	0	0	0	0	0	0	0	0	0	0	0	0	0	0	0	0	0	0	0	0	0	0	0	0	0	0	0	0	0	0	0	0	0	0	0	0	0	0	0	0	0	0	0	0	0	0	0	0	0	0	0	0	0	0	0	0	0	0	0	0	0	0	0	0	1.0	0	0	0	0	0	0	0	0	0	0	0	0	0	0	0	0	0	0	1.0	0	1.0	0	0	0	1.0	0	2.0	0	0	0	1.0	0	0	0	0	0	0	0	0
sk__Bacteria;k__;p__Bacteroidetes;c__Bacteroidia;o__Bacteroidales;f__Prevotellaceae;g__Prevotella;s__Prevotella_dentasini	0	0	0	0	0	0	0	0	0	0	0	0	0	0	0	0	0	0	0	0	0	0	0	0	0	0	0	0	0	0	0	0	0	0	0	0	0	0	0	0	0	0	0	0	0	0	0	0	0	0	0	0	0	0	0	0	0	0	0	0	0	0	0	0	0	0	0	0	0	0	0	0	0	0	0	0	0	0	0	0	0	0	0	0	0	0	0	0	0	0	5.0	0	0	0	0	0	0	0	0	0	0	0	0	0	0	0	0	0	0	0	0	0	0	0	0	0	0	0	0	0	0	0	0	0	0	0	0	0	0	0	0	0	0	0	0	0	0	0	0	0	0	0	0	0	0	0	0	0	0	0	0	0	0	0	0	0	0	0	0	0	0	0	0	0	0	0	0	0	0	0	0	0	0	0	0	0	0	0
sk__Bacteria;k__;p__Bacteroidetes;c__Bacteroidia;o__Bacteroidales;f__Prevotellaceae;g__Prevotella;s__Prevotella_denticola	0	1.0	0	0	0	0	0	0	0	0	0	0	0	0	0	0	0	0	0	0	0	0	0	0	0	0	0	0	0	0	0	0	0	0	0	0	0	0	0	0	0	0	0	0	0	0	0	0	0	0	0	0	0	0	0	0	0	2.0	0	0	0	0	0	0	0	0	0	0	0	0	0	0	0	0	0	0	0	0	0	0	0	0	0	0	0	0	0	0	0	0	0	0	0	0	0	0	0	0	0	0	0	0	0	0	0	0	0	0	0	0	0	0	0	0	0	0	0	0	0	0	0	0	0	0	0	0	0	0	0	0	0	0	0	0	0	0	0	0	0	0	0	0	0	0	0	0	0	0	0	0	0	0	0	0	0	0	0	0	0	0	0	0	0	0	0	0	0	0	0	0	0	0	0	0	0	0	0	0
sk__Bacteria;k__;p__Bacteroidetes;c__Bacteroidia;o__Bacteroidales;f__Prevotellaceae;g__Prevotella;s__Prevotella_enoeca	0	0	0	0	0	0	0	3.0	0	0	0	0	0	0	0	0	0	0	0	0	0	0	0	0	0	0	0	0	0	0	0	0	0	0	0	0	0	0	2.0	0	0	0	0	0	0	0	0	0	0	0	0	0	0	0	0	0	0	0	0	0	0	0	2.0	0	0	0	0	0	0	0	6.0	0	0	0	0	0	0	0	0	0	0	0	0	0	0	0	1.0	0	0	0	48.0	0	0	0	0	0	0	0	0	0	0	0	0	0	0	0	13.0	0	0	0	0	0	6.0	0	1.0	0	0	0	0	0	0	0	0	0	0	0	0	0	0	0	0	0	0	0	0	0	0	0	0	0	0	0	0	0	0	0	0	0	0	0	0	28.0	0	2.0	0	25.0	0	25.0	0	14.0	0	0	0	10.0	0	0	0	0	0	0	0	0	0	0	0	1.0	0	54.0
sk__Bacteria;k__;p__Bacteroidetes;c__Bacteroidia;o__Bacteroidales;f__Prevotellaceae;g__Prevotella;s__Prevotella_genomosp._P4	0	0	0	0	0	0	0	0	0	0	0	0	0	0	0	0	0	0	0	0	0	0	0	0	0	0	0	0	0	0	0	0	0	0	0	0	0	0	0	0	0	0	0	0	0	0	0	0	0	0	0	0	0	0	0	0	0	0	0	0	0	0	1.0	0	0	0	0	0	0	0	0	0	0	0	3.0	0	0	0	0	0	0	0	1.0	0	7.0	0	67.0	0	14.0	0	14.0	0	0	0	0	0	0	0	0	0	0	0	1.0	0	0	0	7.0	0	0	0	0	0	0	0	50.0	0	0	0	0	0	0	0	0	0	0	0	0	0	0	0	0	0	0	0	0	0	0	0	2.0	0	0	0	0	0	0	0	0	10.0	0	0	0	0	0	0	0	0	0	0	0	0	0	0	0	121.0	0	108.0	0	5.0	0	6.0	0	0	0	0	0	15.0	0	25.0
sk__Bacteria;k__;p__Bacteroidetes;c__Bacteroidia;o__Bacteroidales;f__Prevotellaceae;g__Prevotella;s__Prevotella_genomosp._P8_oral_clone_MB3_P13	0	0	0	0	0	0	0	0	0	0	0	0	0	0	0	0	0	0	0	0	0	0	0	0	0	0	0	0	0	0	0	0	0	0	0	0	0	0	0	0	0	0	0	0	0	0	0	0	0	0	0	0	0	0	0	0	0	0	0	0	0	0	0	0	0	0	0	0	0	0	0	0	0	0	0	0	0	0	0	0	0	0	1.0	0	2.0	0	0	0	0	0	0	0	0	0	0	0	0	0	0	0	0	0	0	0	0	0	6.0	0	0	0	0	0	0	0	0	0	0	0	0	0	0	0	0	0	0	0	0	0	0	0	1.0	0	0	0	0	0	0	0	0	0	0	0	0	0	0	0	0	0	0	0	0	0	0	0	0	0	0	0	0	0	0	0	0	0	0	0	0	0	0	0	0	0	0	0	0	0	0	0
sk__Bacteria;k__;p__Bacteroidetes;c__Bacteroidia;o__Bacteroidales;f__Prevotellaceae;g__Prevotella;s__Prevotella_intermedia	0	0	0	0	0	0	0	0	0	0	0	0	0	1.0	0	0	0	0	0	0	0	0	0	0	1.0	0	0	0	0	0	0	0	0	0	0	0	0	0	0	0	0	0	0	0	0	0	0	0	0	0	0	0	0	0	0	0	0	0	0	0	0	0	33.0	0	5.0	0	0	0	4.0	0	0	0	0	0	3.0	0	3.0	0	0	0	0	0	1.0	0	1.0	0	1.0	0	0	0	6.0	0	2.0	0	0	0	0	0	0	0	0	0	76.0	0	3.0	0	374.0	0	0	0	0	0	0	0	8.0	0	8.0	0	0	0	0	0	0	0	0	0	0	0	0	0	0	0	0	0	1.0	0	0	0	77.0	0	0	0	0	0	0	0	0	59.0	0	23.0	0	0	0	0	0	0	0	0	0	0	0	0	0	143.0	0	96.0	0	47.0	0	526.0	0	0	0	0	0	43.0	0	240.0
sk__Bacteria;k__;p__Bacteroidetes;c__Bacteroidia;o__Bacteroidales;f__Prevotellaceae;g__Prevotella;s__Prevotella_micans	0	0	0	0	0	0	0	0	0	0	0	0	0	0	0	0	0	0	0	0	0	0	1.0	0	0	0	0	0	0	0	0	0	0	0	0	0	0	0	0	0	0	0	0	0	0	0	1.0	0	0	0	0	0	0	0	0	0	0	0	0	0	0	0	5.0	0	4.0	0	0	0	0	0	0	0	0	0	0	0	3.0	0	0	0	0	0	6.0	0	0	0	0	0	1.0	0	1.0	0	0	0	0	0	0	0	0	0	0	0	0	0	5.0	0	8.0	0	0	0	0	0	0	0	1.0	0	1.0	0	0	0	0	0	0	0	0	0	0	0	1.0	0	0	0	0	0	0	0	0	0	0	0	0	0	0	0	0	0	0	0	0	0	0	0	0	0	0	3.0	0	6.0	0	2.0	0	6.0	0	0	0	0	0	0	0	1.0	0	0	0	0	0	0	0	1.0
sk__Bacteria;k__;p__Bacteroidetes;c__Bacteroidia;o__Bacteroidales;f__Prevotellaceae;g__Prevotella;s__Prevotella_multisaccharivorax	0	0	0	0	0	0	0	0	0	0	0	0	0	0	0	0	0	0	0	0	0	0	0	0	0	0	0	0	0	0	0	0	0	0	0	0	0	0	0	0	0	0	0	0	0	0	0	0	0	0	0	0	0	0	0	0	0	0	0	0	0	0	0	0	0	0	0	0	0	0	0	0	0	0	0	0	0	0	0	0	0	0	0	0	0	0	0	0	0	0	0	0	0	0	0	0	0	0	0	0	0	0	0	0	1.0	0	0	0	0	0	0	0	0	0	0	0	0	0	0	0	0	0	0	0	0	0	0	0	0	0	0	0	0	0	0	0	0	0	0	0	0	0	0	0	0	0	0	0	0	0	0	0	0	0	0	0	0	0	0	0	0	0	0	0	0	0	0	0	0	0	0	0	0	0	0	0	0	0
sk__Bacteria;k__;p__Bacteroidetes;c__Bacteroidia;o__Bacteroidales;f__Prevotellaceae;g__Prevotella;s__Prevotella_nigrescens	0	0	0	0	0	1.0	0	2.0	0	0	0	11.0	0	0	0	0	0	1.0	0	1.0	7.0	0	2.0	0	1.0	0	5.0	0	0	0	0	0	3.0	0	0	0	0	0	0	0	0	0	1.0	0	1.0	0	45.0	0	0	0	0	0	0	1.0	0	0	0	0	0	0	0	0	16.0	0	6.0	0	2.0	0	6.0	0	230.0	0	98.0	0	146.0	0	6.0	0	18.0	0	8.0	0	0	0	1.0	0	2.0	0	3.0	0	4.0	0	10.0	0	20.0	0	1.0	0	7.0	0	2.0	0	4.0	0	108.0	0	0	0	0	0	1.0	0	0	0	23.0	0	14.0	0	10.0	0	2.0	0	9.0	0	1.0	0	0	0	1.0	0	11.0	0	3.0	0	22.0	0	0	0	1.0	0	268.0	0	6.0	0	0	0	0	0	0	1.0	0	0	0	0	0	1.0	0	7.0	0	1.0	0	3.0	0	0	0	0	0	3.0	0	1.0	0	0	0	0	0	0	0	0
sk__Bacteria;k__;p__Bacteroidetes;c__Bacteroidia;o__Bacteroidales;f__Prevotellaceae;g__Prevotella;s__Prevotella_oris	0	4.0	0	14.0	0	0	0	1.0	0	12.0	0	5.0	0	3.0	0	0	0	1.0	1.0	0	380.0	0	5.0	0	145.0	0	41.0	0	17.0	0	0	0	9.0	0	13.0	0	34.0	0	0	0	0	0	3.0	0	5.0	0	6.0	0	0	0	33.0	0	0	0	0	0	0	2.0	0	0	12.0	0	10.0	0	0	0	3.0	0	23.0	0	42.0	0	53.0	0	138.0	0	27.0	0	21.0	0	7.0	0	1.0	0	50.0	0	18.0	0	94.0	0	3.0	0	1.0	0	11.0	0	86.0	0	3.0	0	10.0	0	2.0	0	27.0	0	0	0	0	0	54.0	0	211.0	0	20.0	0	16.0	0	40.0	0	727.0	0	25.0	0	2.0	0	0	0	2.0	0	42.0	0	3.0	0	12.0	0	0	0	14.0	0	101.0	0	42.0	0	0	1.0	0	4.0	0	1.0	0	13.0	0	12.0	0	9.0	0	4.0	0	15.0	0	20.0	0	41.0	0	29.0	0	6.0	0	24.0	0	1.0	0	12.0	0	0	0	0
sk__Bacteria;k__;p__Bacteroidetes;c__Bacteroidia;o__Bacteroidales;f__Prevotellaceae;g__Prevotella;s__Prevotella_oulorum	0	1.0	0	0	0	0	0	0	0	0	0	1.0	0	0	0	0	0	0	0	0	0	0	0	0	0	0	0	0	0	0	0	0	0	0	0	0	0	0	0	0	0	0	0	0	0	0	0	0	0	0	0	0	0	0	0	0	0	0	0	0	0	0	0	0	0	0	0	0	0	0	0	0	0	0	2.0	0	0	0	0	0	0	0	0	0	0	0	0	0	0	0	0	0	0	0	0	0	0	0	0	0	0	0	0	0	0	0	0	0	0	0	0	0	0	0	0	0	0	0	0	0	0	0	0	0	0	0	0	0	0	0	0	0	0	0	0	0	0	0	0	0	0	0	0	0	0	0	0	0	0	0	0	0	0	0	0	0	0	0	0	0	0	0	0	1.0	0	0	0	0	0	0	0	0	0	0	0	1.0	0	0
sk__Bacteria;k__;p__Bacteroidetes;c__Bacteroidia;o__Bacteroidales;f__Prevotellaceae;g__Prevotella;s__Prevotella_phocaeensis	0	0	0	0	0	0	0	0	0	0	0	0	0	0	0	0	0	0	0	0	0	0	0	0	0	0	0	0	0	0	1.0	0	0	0	0	0	0	0	0	0	0	0	5.0	0	0	0	0	0	0	0	0	0	0	0	0	0	0	0	0	0	0	0	0	0	0	0	0	0	0	0	0	0	0	0	0	0	0	0	0	0	0	0	0	0	1.0	0	2.0	0	4.0	0	0	0	0	0	0	0	0	0	0	0	0	0	0	0	0	0	0	0	0	0	0	0	0	0	0	0	0	0	0	0	0	0	0	0	3.0	0	0	0	0	0	0	0	0	0	0	0	0	0	0	0	0	0	0	0	0	0	0	0	0	0	0	4.0	0	3.0	0	0	0	0	0	0	0	0	0	0	0	0	0	0	0	0	0	0	0	0	0	0	0	0
sk__Bacteria;k__;p__Bacteroidetes;c__Bacteroidia;o__Bacteroidales;f__Prevotellaceae;g__Prevotella;s__Prevotella_pleuritidis	0	0	0	0	0	0	0	0	0	0	0	0	0	0	0	0	0	0	0	0	0	0	0	0	0	0	0	0	0	0	0	0	0	0	0	0	0	0	0	0	0	0	0	0	0	0	0	0	0	0	0	0	0	0	0	0	0	0	0	0	0	0	0	0	0	0	0	0	0	0	0	0	0	0	0	0	0	0	0	0	0	0	0	0	0	0	0	0	0	0	0	0	0	0	0	0	0	0	0	0	0	0	0	0	0	0	1.0	0	0	0	0	0	0	0	0	0	0	0	0	0	0	0	0	0	0	0	0	0	0	0	0	0	0	0	0	0	0	0	0	0	0	0	0	0	0	0	0	0	0	0	0	0	0	0	0	0	0	0	0	0	0	0	0	0	0	0	0	0	0	0	0	0	0	0	0	0	0	0
sk__Bacteria;k__;p__Bacteroidetes;c__Bacteroidia;o__Bacteroidales;f__Prevotellaceae;g__Prevotella;s__Prevotella_scopos	0	0	0	0	0	0	0	0	0	0	0	0	0	0	0	0	0	0	0	0	0	0	0	0	0	0	0	0	0	0	1.0	0	0	0	0	0	0	0	0	0	0	0	1.0	0	0	0	0	0	0	0	0	0	0	0	0	0	0	0	0	0	0	0	0	0	0	0	0	0	0	0	0	0	0	0	0	0	0	0	0	0	0	0	0	0	0	0	0	0	0	0	0	0	0	0	0	0	0	0	0	0	0	0	0	0	0	0	1.0	0	0	0	0	0	0	0	0	0	0	0	0	0	0	0	0	0	0	0	0	0	0	0	0	0	0	0	0	0	0	0	0	0	0	0	0	0	0	0	0	0	0	0	0	0	0	0	0	0	0	0	0	0	0	8.0	0	0	0	0	0	0	0	0	0	0	0	0	0	0	0	1.0
sk__Bacteria;k__;p__Bacteroidetes;c__Bacteroidia;o__Bacteroidales;f__Prevotellaceae;g__Prevotella;s__Prevotella_sp._E7_34	0	0	0	0	0	0	0	0	0	0	0	0	0	0	0	0	0	0	0	0	0	0	0	0	0	0	0	0	0	0	0	0	0	0	0	0	0	0	0	0	0	0	0	0	0	0	0	0	0	0	0	0	0	0	0	0	0	0	0	0	0	0	0	0	0	0	0	0	0	0	0	0	0	0	0	0	0	0	0	0	0	0	0	0	0	0	0	0	0	0	0	0	0	0	0	0	0	0	0	0	0	0	0	0	0	0	0	0	0	0	0	0	0	0	0	0	0	0	0	0	0	0	0	0	0	0	0	0	0	0	1.0	0	0	0	0	0	0	0	0	0	0	0	0	0	0	0	0	0	0	0	0	0	0	0	0	0	0	0	0	0	0	0	0	0	0	1.0	0	0	0	0	0	0	0	0	0	0	0	0
sk__Bacteria;k__;p__Bacteroidetes;c__Bacteroidia;o__Bacteroidales;f__Prevotellaceae;g__Prevotella;s__Prevotella_sp._HJM029	0	0	0	0	0	0	0	0	0	0	0	0	0	0	0	0	0	0	0	0	0	0	0	0	0	0	0	0	0	0	0	0	0	0	0	0	0	0	0	0	0	0	0	0	0	0	0	0	0	0	0	0	0	0	0	0	0	0	0	0	1.0	0	0	0	0	0	0	0	1.0	0	0	0	0	0	0	0	0	0	0	0	0	0	0	0	0	0	0	0	0	0	0	0	0	0	0	0	0	0	0	0	0	0	0	0	0	0	0	0	0	0	0	0	0	0	1.0	0	1.0	0	0	0	0	0	0	0	0	0	0	0	0	0	0	0	0	0	0	0	0	0	0	0	0	0	0	0	0	0	0	0	0	0	0	0	0	0	0	0	0	0	0	0	0	0	0	0	0	0	0	0	0	0	0	0	0	0	0	0	0	0
sk__Bacteria;k__;p__Bacteroidetes;c__Bacteroidia;o__Bacteroidales;f__Prevotellaceae;g__Prevotella;s__Prevotella_sp._P2A_FAAD4	0	0	0	0	0	0	0	0	0	0	0	0	0	0	0	0	0	0	0	0	0	0	0	0	0	0	0	0	0	0	0	0	0	0	0	0	0	0	0	0	0	0	0	0	0	0	0	0	0	0	0	0	0	0	0	0	0	0	0	0	0	0	0	0	0	0	0	0	0	0	0	0	0	0	0	0	0	0	2.0	1.0	21.0	0	0	0	0	0	0	0	0	0	6.0	0	8.0	0	0	0	0	0	0	0	0	0	0	0	0	0	0	0	0	0	0	0	0	0	0	0	0	0	0	0	0	0	0	0	0	0	0	0	0	0	0	0	0	0	0	0	0	0	0	0	0	0	0	0	0	0	0	0	0	0	0	0	0	0	0	0	0	0	0	0	0	0	0	0	0	0	0	0	0	0	0	0	0	0	0	0	0	0
sk__Bacteria;k__;p__Bacteroidetes;c__Bacteroidia;o__Bacteroidales;f__Prevotellaceae;g__Prevotella;s__Prevotella_sp._canine_oral_taxon_195	0	0	0	0	0	0	0	0	0	0	0	0	0	0	0	0	0	0	0	0	0	0	0	0	0	0	0	0	0	0	0	0	0	0	0	0	0	0	0	0	0	0	0	0	0	0	0	0	0	0	0	0	0	0	0	0	0	0	0	0	0	0	0	0	0	0	0	0	0	0	0	0	0	0	0	0	0	0	0	0	0	0	0	0	0	0	0	0	0	0	0	0	0	0	0	0	0	0	0	0	0	0	0	0	0	0	1.0	0	0	0	0	0	0	0	0	0	0	0	0	0	0	0	0	0	0	0	0	0	0	0	0	0	0	0	0	0	0	0	0	0	0	0	0	0	0	0	0	0	0	0	0	0	0	0	0	0	0	0	0	0	0	0	0	1.0	0	0	0	0	0	0	0	0	0	0	0	0	0	1.0
sk__Bacteria;k__;p__Bacteroidetes;c__Bacteroidia;o__Bacteroidales;f__Prevotellaceae;g__Prevotella;s__Prevotella_sp._oral_clone_ASCD07	0	0	0	0	0	1.0	0	0	0	0	0	0	0	0	0	1.0	0	0	0	0	0	0	0	0	0	0	0	0	0	0	0	0	1.0	0	0	0	0	0	0	0	0	0	0	0	0	0	0	0	0	0	0	0	0	0	0	0	0	0	0	0	0	0	0	0	0	0	0	0	0	0	0	0	0	0	0	0	0	0	0	0	0	0	0	0	0	0	0	0	0	0	0	0	0	0	0	0	0	0	1.0	0	0	0	0	0	0	0	0	0	0	0	0	0	0	0	1.0	0	0	0	0	0	0	0	0	0	0	0	0	0	0	0	0	0	0	0	0	0	0	0	0	0	0	0	0	0	1.0	0	0	0	0	0	0	0	0	0	0	0	0	0	0	0	0	0	0	1.0	0	0	0	0	0	1.0	0	0	0	0	0	0	0	0
sk__Bacteria;k__;p__Bacteroidetes;c__Bacteroidia;o__Bacteroidales;f__Prevotellaceae;g__Prevotella;s__Prevotella_sp._oral_clone_BU035	0	0	0	0	0	0	0	0	0	0	0	0	0	0	0	0	0	0	0	0	0	0	0	0	0	0	0	0	0	0	0	0	0	0	0	0	0	0	0	0	0	0	0	0	0	0	0	0	0	0	0	0	0	0	0	0	0	0	0	0	0	0	0	0	0	0	0	0	0	0	0	0	0	0	0	0	0	0	0	0	0	0	0	0	0	0	0	0	0	0	0	0	0	0	0	0	0	0	0	0	0	0	0	0	0	0	0	0	0	0	1.0	0	0	0	0	0	0	0	0	0	0	0	0	0	0	0	0	0	0	0	0	0	0	0	0	0	0	0	0	0	0	0	0	0	0	0	0	0	0	0	0	0	0	0	0	0	0	0	0	0	0	0	0	0	0	0	0	0	0	0	0	0	0	0	0	0	0	0
sk__Bacteria;k__;p__Bacteroidetes;c__Bacteroidia;o__Bacteroidales;f__Prevotellaceae;g__Prevotella;s__Prevotella_sp._oral_clone_FW035	0	0	0	0	0	0	0	0	0	0	0	0	0	0	0	0	0	0	0	0	0	0	2.0	0	0	0	0	0	0	0	0	0	0	0	0	0	0	0	0	0	0	0	0	0	0	0	0	0	0	0	0	0	0	0	0	0	0	0	0	0	0	0	1.0	0	1.0	0	0	0	0	0	0	0	0	0	0	0	0	0	0	0	0	0	0	0	0	0	4.0	0	4.0	0	2.0	0	0	0	0	0	0	0	0	0	0	0	0	0	0	0	0	0	0	0	5.0	0	1.0	0	1.0	0	0	0	0	0	0	0	0	0	0	0	0	0	0	0	0	0	0	0	0	0	0	0	0	0	0	0	0	0	0	0	0	0	0	0	0	0	0	0	0	2.0	0	7.0	0	0	0	0	0	0	0	0	0	0	0	0	0	0	0	0	0	0	0	2.0
sk__Bacteria;k__;p__Bacteroidetes;c__Bacteroidia;o__Bacteroidales;f__Prevotellaceae;g__Prevotella;s__Prevotella_sp._oral_clone_FX046	0	0	0	0	0	0	0	0	0	0	0	0	0	0	0	0	0	0	0	0	0	0	0	0	0	0	0	0	0	0	0	0	0	0	0	0	0	0	0	0	0	0	0	0	0	0	0	0	0	0	0	0	0	0	0	0	0	0	0	0	0	0	4.0	0	2.0	0	0	0	0	0	0	0	0	0	0	0	0	0	0	0	0	0	0	0	0	0	0	0	0	0	0	0	0	0	0	0	0	0	0	0	0	0	0	0	0	0	1.0	0	0	0	0	0	0	0	0	0	0	0	0	0	0	0	0	0	0	0	0	0	0	0	0	0	0	0	0	0	0	0	0	0	0	0	0	0	0	0	0	4.0	0	0	0	0	0	0	0	0	0	0	0	0	0	0	0	0	0	0	0	0	0	3.0	0	0	0	0	0	0	0	0
sk__Bacteria;k__;p__Bacteroidetes;c__Bacteroidia;o__Bacteroidales;f__Prevotellaceae;g__Prevotella;s__Prevotella_sp._oral_clone_GI032	0	0	0	0	0	0	0	0	0	0	0	0	0	0	0	0	0	0	0	0	0	0	2.0	0	0	0	0	0	0	0	0	0	2.0	0	0	0	0	0	0	0	0	0	0	0	0	0	1.0	0	0	0	0	0	0	0	0	1.0	0	0	0	0	0	0	0	0	9.0	0	1.0	0	0	0	19.0	0	11.0	0	11.0	0	1.0	0	0	0	0	0	0	0	7.0	0	1.0	0	30.0	0	0	0	0	0	1.0	0	0	0	14.0	0	1.0	0	1.0	0	1.0	0	0	0	0	0	8.0	0	1.0	0	34.0	0	69.0	0	1.0	0	1.0	0	15.0	0	50.0	0	0	0	0	0	0	0	0	0	0	0	0	0	0	0	0	0	0	0	0	1.0	0	0	0	0	0	0	0	0	0	0	0	0	0	0	0	0	0	1.0	0	0	0	1.0	0	0	0	44.0	0	2.0	0	0	0	0
sk__Bacteria;k__;p__Bacteroidetes;c__Bacteroidia;o__Bacteroidales;f__Prevotellaceae;g__Prevotella;s__Prevotella_sp._oral_taxon_299	0	0	0	0	0	0	0	0	0	0	0	0	0	0	0	0	0	0	0	0	0	0	0	0	0	0	0	0	0	0	0	0	0	0	0	0	0	0	0	0	0	0	0	0	0	0	0	0	0	0	0	0	0	2.0	0	0	0	0	0	0	0	0	0	0	0	0	0	0	0	0	0	0	0	0	0	0	0	0	0	0	0	0	0	0	0	0	0	0	0	0	0	0	0	0	0	0	0	0	0	0	0	0	0	0	0	0	0	0	0	0	0	0	0	0	0	0	0	0	0	0	0	0	0	0	0	0	0	0	0	0	0	0	0	0	0	0	0	0	0	0	0	0	0	0	0	0	0	0	0	0	0	0	0	0	0	0	0	0	0	0	0	0	0	0	0	0	0	0	0	0	0	0	0	0	0	0	0	0
sk__Bacteria;k__;p__Bacteroidetes;c__Bacteroidia;o__Bacteroidales;f__Prevotellaceae;g__Prevotella;s__Prevotella_sp._oral_taxon_782	0	0	0	0	0	0	0	0	0	0	0	0	0	0	0	0	0	0	0	0	0	0	0	0	0	0	0	0	0	0	0	0	0	0	0	0	0	0	0	0	0	0	0	0	0	0	0	0	0	0	0	0	0	0	0	0	0	0	0	0	0	0	0	0	0	0	0	0	0	0	0	0	0	0	0	0	0	0	0	0	2.0	0	0	0	0	0	0	0	0	0	83.0	0	0	0	0	0	0	0	0	0	0	0	0	0	0	0	0	0	0	0	0	0	0	0	0	0	0	0	0	0	0	0	0	0	0	0	0	0	0	0	0	0	0	0	0	0	0	0	0	0	0	0	0	0	0	0	0	0	0	0	0	0	0	0	0	7.0	0	10.0	0	5.0	0	0	0	0	0	0	0	22.0	0	6.0	0	0	0	0	0	0	0	0
sk__Bacteria;k__;p__Bacteroidetes;c__Bacteroidia;o__Bacteroidales;f__Prevotellaceae;g__Prevotella;s__Prevotella_veroralis	0	0	0	0	0	0	0	0	0	0	0	0	0	0	0	0	0	0	0	0	0	0	20.0	0	0	0	0	0	0	0	0	0	0	0	0	0	0	0	0	0	0	0	0	0	0	0	0	0	0	0	0	0	0	0	0	0	0	0	0	0	1.0	0	2.0	0	16.0	0	0	0	1.0	0	0	0	0	0	13.0	0	0	0	2.0	0	0	0	0	0	0	0	9.0	0	2.0	0	45.0	0	0	0	0	0	0	0	0	0	0	0	0	0	1.0	0	0	0	0	0	0	0	0	0	0	0	0	0	0	0	0	0	0	0	0	0	0	0	0	0	0	0	0	0	0	0	0	0	0	0	0	0	2.0	0	0	1.0	0	1.0	0	0	0	2.0	0	0	0	0	0	0	0	5.0	0	0	0	0	0	0	0	16.0	0	0	0	0	0	0	0	1.0	0	1.0
sk__Bacteria;k__;p__Bacteroidetes;c__Bacteroidia;o__Bacteroidales;f__Prevotellaceae;g__Prevotella;s__[Hallella]_seregens	0	0	0	0	0	0	0	0	0	0	0	0	0	0	0	0	0	0	0	0	0	0	0	0	0	0	0	0	0	0	0	0	0	0	0	0	0	0	0	0	0	0	0	0	0	0	0	0	0	0	0	0	0	0	0	0	0	0	0	0	0	0	0	0	0	0	0	0	0	0	0	0	0	0	0	0	0	0	0	0	0	0	0	0	3.0	0	0	0	0	0	0	0	0	0	0	0	0	0	0	0	0	0	0	0	0	0	0	0	0	0	0	0	0	0	0	0	0	0	0	0	0	0	0	0	0	0	0	0	0	0	0	0	0	0	0	0	0	0	1.0	0	0	0	0	0	0	0	0	12.0	0	0	0	0	0	0	0	0	0	0	0	0	0	0	0	0	0	0	0	0	0	0	0	0	0	0	0	0	0	0
sk__Bacteria;k__;p__Bacteroidetes;c__Bacteroidia;o__Bacteroidales;f__Rikenellaceae	0	0	0	0	0	0	0	0	0	0	0	1.0	0	0	0	0	0	0	0	0	0	0	0	0	0	0	0	0	0	0	1.0	0	0	0	0	0	0	0	0	0	0	0	0	0	0	0	0	0	0	0	0	0	0	0	0	0	0	0	0	0	0	0	21.0	0	0	0	0	0	4.0	0	0	0	0	0	2.0	0	2.0	0	0	0	1.0	2.0	18.0	1.0	8.0	0	4.0	0	6.0	2.0	84.0	0	0	0	49.0	0	43.0	0	0	0	0	0	2.0	0	2.0	0	54.0	0	2.0	0	7.0	0	19.0	1.0	12.0	0	0	0	0	0	0	0	0	0	0	0	0	0	0	0	0	0	0	0	24.0	0	2.0	0	1.0	0	0	0	0	0	0	1.0	0	10.0	0	3.0	1.0	114.0	0	57.0	0	7.0	0	17.0	0	3.0	0	12.0	3.0	10.0	0	14.0	0	40.0	0	5.0	0	0	0	0	0	2.0	0	65.0
sk__Bacteria;k__;p__Bacteroidetes;c__Bacteroidia;o__Bacteroidales;f__Tannerellaceae	0	0	0	0	0	0	0	0	0	0	0	0	0	0	0	0	0	0	0	0	0	0	0	0	0	0	0	0	0	0	0	0	0	0	0	0	0	0	0	0	0	0	0	0	0	0	0	0	0	0	0	0	0	0	0	0	0	0	0	0	0	0	0	0	0	0	0	0	0	0	0	0	0	0	0	0	0	0	0	0	0	0	0	0	0	0	0	0	0	0	0	0	0	0	0	0	0	0	0	0	0	0	0	0	0	0	0	0	0	0	0	0	1.0	0	0	0	0	0	0	0	0	0	0	0	0	0	0	0	0	0	0	0	0	0	0	0	0	0	0	0	0	0	0	0	0	0	0	0	0	0	0	0	0	0	0	0	0	0	0	0	0	0	0	0	0	1.0	0	0	0	0	0	0	0	0	0	0	0	0
sk__Bacteria;k__;p__Bacteroidetes;c__Bacteroidia;o__Bacteroidales;f__Tannerellaceae;g__Tannerella	0	2.0	0	2.0	0	4.0	0	6.0	0	0	0	4.0	0	0	0	0	0	4.0	0	9.0	85.0	0	0	0	8.0	0	0	1.0	22.0	0	0	0	0	0	0	1.0	2.0	24.0	46.0	0	0	0	0	0	0	1.0	5.0	0	1.0	0	0	0	0	0	0	0	0	0	4.0	0	0	4.0	26.0	0	95.0	6.0	50.0	0	118.0	0	31.0	0	3.0	0	2.0	0	1.0	0	41.0	74.0	27.0	57.0	125.0	16.0	195.0	2.0	78.0	10.0	105.0	9.0	35.0	2.0	7.0	13.0	2.0	7.0	10.0	5.0	117.0	0	11.0	9.0	4.0	0	18.0	2.0	20.0	1.0	2.0	5.0	1.0	3.0	0	0	30.0	0	3.0	0	15.0	4.0	12.0	6.0	0	0	0	0	16.0	0	13.0	0	13.0	0	1.0	3.0	48.0	1.0	2.0	11.0	9.0	0	0	24.0	2.0	0	0	3.0	2.0	56.0	0	3.0	28.0	16.0	4.0	10.0	3.0	83.0	7.0	52.0	2.0	37.0	11.0	22.0	14.0	7.0	5.0	3.0	4.0	3.0	1.0	10.0	0	0	0	2.0	6.0	71.0	3.0	147.0
sk__Bacteria;k__;p__Bacteroidetes;c__Bacteroidia;o__Bacteroidales;f__Tannerellaceae;g__Tannerella;s__Tannerella_forsythia	0	1.0	0	0	0	1.0	0	0	0	0	0	0	0	0	0	0	0	4.0	0	0	0	0	1.0	0	0	0	0	0	0	0	0	0	0	0	0	0	0	0	0	0	0	0	0	0	0	0	0	0	0	0	0	0	0	0	0	0	0	0	0	0	1.0	0	117.0	0	1.0	0	0	0	0	0	1.0	0	0	0	17.0	0	0	0	10.0	0	93.0	0	1.0	0	2.0	0	5.0	0	0	0	356.0	0	130.0	0	336.0	0	229.0	0	0	0	0	0	103.0	0	0	0	64.0	0	47.0	0	29.0	0	110.0	0	1.0	0	1.0	0	0	0	0	0	1.0	0	2.0	0	1.0	0	1.0	0	70.0	0	3.0	0	0	0	0	0	184.0	0	0	0	72.0	0	2.0	0	0	1.0	0	0	0	260.0	0	77.0	0	43.0	0	39.0	0	31.0	0	3.0	0	76.0	0	119.0	0	63.0	0	5.0	0	0	0	0	0	54.0	0	90.0
sk__Bacteria;k__;p__Bacteroidetes;c__Bacteroidia;o__Bacteroidales;f__Tannerellaceae;g__Tannerella;s__Tannerella_sp._oral_taxon_HOT-286	0	0	0	0	0	0	0	0	0	0	0	0	0	0	0	0	0	0	0	0	0	0	0	0	0	0	0	0	0	0	0	0	0	0	0	0	0	0	0	0	0	0	0	0	0	0	0	0	0	0	0	0	0	0	0	0	0	0	0	0	0	0	0	0	3.0	0	0	0	0	0	0	0	0	0	0	0	0	0	0	0	0	0	0	0	0	0	0	0	0	0	0	0	0	0	0	0	0	0	0	0	0	0	0	0	0	0	0	0	0	0	0	0	0	0	0	0	0	0	0	0	0	0	0	0	0	0	0	0	0	0	0	0	0	0	0	0	0	0	0	0	0	0	0	0	0	0	0	0	0	0	0	0	0	0	0	0	0	0	0	1.0	0	1.0	0	0	0	0	0	0	0	0	0	0	0	0	0	0	0	0
sk__Bacteria;k__;p__Bacteroidetes;c__Chitinophagia	0	0	0	0	0	0	0	0	0	0	0	0	0	1.0	0	0	0	0	0	0	0	0	0	0	0	0	0	0	0	0	0	0	0	0	0	0	0	0	0	0	0	0	0	0	0	0	0	0	0	0	0	0	0	0	0	0	0	0	0	0	0	0	0	0	0	0	0	0	0	0	0	0	0	0	0	0	0	0	0	0	0	0	0	0	0	0	0	0	0	0	0	0	0	0	0	0	0	0	0	0	0	0	0	0	0	0	1.0	0	0	0	0	0	0	0	0	0	0	0	0	0	0	0	0	0	0	0	0	0	0	0	0	0	0	0	0	0	0	0	0	0	0	0	0	0	0	0	0	0	0	0	0	0	0	0	0	0	0	0	0	0	0	0	0	0	0	0	0	0	0	0	0	0	0	0	0	0	0	0
sk__Bacteria;k__;p__Bacteroidetes;c__Chitinophagia;o__Chitinophagales	0	0	1.0	0	0	0	0	0	0	0	0	0	0	0	0	0	0	0	0	0	0	0	0	0	0	0	0	0	0	0	0	0	0	0	0	0	0	0	0	0	0	0	0	0	0	0	0	0	0	0	0	0	0	0	0	0	0	0	0	0	0	0	0	0	0	0	0	0	0	0	0	0	0	0	0	0	0	0	0	0	0	0	0	0	0	0	0	0	0	0	0	0	0	0	0	0	0	0	0	0	0	0	0	0	0	0	0	0	0	0	0	0	0	0	0	0	0	0	0	0	0	0	0	0	0	0	0	0	0	0	0	0	0	0	0	0	0	0	0	0	0	0	0	0	0	0	0	0	0	0	0	0	0	0	0	0	0	0	0	0	0	0	0	0	0	0	0	0	0	0	0	0	0	0	0	0	0	0
sk__Bacteria;k__;p__Bacteroidetes;c__Chitinophagia;o__Chitinophagales;f__Chitinophagaceae	1.0	1.0	2.0	0	0	0	0	0	0	0	0	0	0	0	0	0	0	0	0	0	0	0	0	0	0	0	0	0	0	0	0	0	0	0	0	0	0	0	0	0	0	0	0	0	1.0	0	0	0	0	0	0	0	0	0	0	0	0	0	0	0	0	0	0	0	0	0	0	0	0	0	0	0	0	0	0	0	0	0	0	1.0	0	0	0	0	0	0	0	0	0	0	0	0	0	0	0	0	0	0	0	1.0	0	0	0	0	0	0	0	0	1.0	0	0	0	0	0	0	1.0	0	0	0	0	0	0	0	0	0	0	0	1.0	1.0	0	0	0	0	0	0	0	0	0	0	0	0	0	0	0	0	0	0	0	0	0	0	0	0	0	0	0	0	0	0	0	0	0	0	0	0	0	0	0	0	0	0	0	0	0	0	0	0	0
sk__Bacteria;k__;p__Bacteroidetes;c__Chitinophagia;o__Chitinophagales;f__Chitinophagaceae;g__Cnuella	0	0	0	0	0	0	0	0	0	0	0	0	0	0	0	0	0	0	0	0	0	0	0	0	0	0	0	0	0	0	0	0	0	0	0	0	0	0	0	0	0	0	0	0	0	0	0	0	0	0	0	1.0	0	0	0	0	0	0	0	0	0	0	0	0	0	0	0	0	0	0	0	0	0	0	0	0	0	0	0	0	0	0	0	0	0	0	0	0	0	0	0	0	0	0	0	0	0	0	0	0	0	0	0	0	0	0	0	0	0	0	0	0	0	0	0	0	0	0	0	0	0	0	0	0	0	0	0	0	0	0	0	0	0	0	0	0	0	0	0	0	0	0	0	0	0	0	0	0	0	0	0	0	0	0	0	0	0	0	0	0	0	0	0	0	0	0	0	0	0	0	0	0	0	0	0	0	0	0
sk__Bacteria;k__;p__Bacteroidetes;c__Chitinophagia;o__Chitinophagales;f__Chitinophagaceae;g__Ferruginibacter	0	0	2.0	0	0	0	0	0	0	0	0	0	1.0	3.0	0	0	0	0	0	0	0	0	0	0	0	0	0	0	0	0	0	0	0	0	0	0	0	0	0	0	0	0	0	0	0	0	0	0	0	0	0	0	0	0	0	0	0	0	0	0	0	0	0	0	0	0	0	0	0	0	0	0	0	0	0	0	0	0	0	1.0	0	0	0	0	0	0	0	1.0	1.0	0	0	0	0	0	0	0	0	0	0	0	0	1.0	0	0	2.0	0	0	0	0	0	0	0	1.0	0	0	0	0	0	0	0	0	0	0	0	0	0	0	0	0	0	0	0	0	0	0	0	0	0	0	0	0	0	0	0	0	0	0	0	0	0	0	0	0	0	0	0	0	0	0	0	0	0	0	0	0	0	0	0	0	0	0	0	0	0	0	0	0	0
sk__Bacteria;k__;p__Bacteroidetes;c__Chitinophagia;o__Chitinophagales;f__Chitinophagaceae;g__Flavihumibacter	0	0	0	0	0	0	0	0	0	0	0	0	0	0	0	0	0	0	0	0	0	0	0	0	0	0	0	0	0	0	0	0	0	0	0	0	0	0	0	0	0	0	0	0	0	0	0	0	0	0	0	0	0	0	0	0	0	0	0	0	0	0	0	0	0	0	0	0	0	0	0	0	0	0	0	0	0	0	0	0	0	0	0	0	0	0	0	0	0	0	0	0	0	0	0	0	0	0	0	0	0	0	0	0	0	0	0	0	0	0	0	0	0	0	0	0	0	0	0	0	0	0	0	0	0	0	0	0	1.0	0	0	0	0	0	0	0	0	0	0	0	0	0	0	0	0	0	0	0	0	0	0	0	0	0	0	0	0	0	0	0	0	0	0	0	0	0	0	0	0	0	0	0	0	0	0	0	0	0
sk__Bacteria;k__;p__Bacteroidetes;c__Chitinophagia;o__Chitinophagales;f__Chitinophagaceae;g__Sediminibacterium	0	0	0	0	0	0	0	0	0	0	0	0	0	1.0	0	0	0	0	0	0	0	0	0	0	0	0	0	0	0	0	0	0	0	0	0	0	0	0	0	0	0	0	0	0	0	0	0	0	0	0	0	0	0	0	0	0	0	0	0	0	0	0	0	0	0	0	0	0	0	0	0	0	0	0	0	0	0	0	0	0	0	0	0	0	0	0	0	0	0	0	0	0	0	0	0	0	0	0	0	0	0	0	0	0	0	0	0	0	0	0	0	0	0	0	0	0	0	0	0	0	0	0	0	0	0	0	0	0	0	0	0	0	0	0	0	0	0	0	0	0	0	0	0	0	0	0	0	0	0	0	0	0	0	0	0	0	0	0	0	0	0	0	0	0	0	0	0	0	0	0	0	0	0	0	0	0	0	0
sk__Bacteria;k__;p__Bacteroidetes;c__Cytophagia	0	0	0	0	0	1.0	0	0	0	0	0	0	0	0	0	0	0	0	0	0	0	0	0	0	0	0	0	0	0	0	0	0	0	0	0	0	0	0	0	0	0	0	0	0	0	0	0	0	0	0	0	0	0	0	0	0	0	0	0	0	0	0	0	0	0	0	0	0	0	0	0	0	0	0	0	0	0	0	0	0	0	0	0	0	0	0	0	0	0	0	0	0	0	0	0	0	0	0	0	0	0	0	0	0	0	0	0	0	0	0	0	0	0	0	0	0	0	0	0	0	0	0	0	0	0	0	0	0	0	0	0	0	0	0	0	0	0	0	0	0	0	0	0	0	0	0	0	0	0	0	0	0	0	0	0	0	0	0	0	0	0	0	0	0	0	0	0	0	0	0	0	0	0	0	0	0	0	0
sk__Bacteria;k__;p__Bacteroidetes;c__Cytophagia;o__Cytophagales	0	1.0	0	0	0	0	0	0	0	0	0	0	0	0	0	0	0	0	0	0	0	0	0	0	0	0	0	0	0	0	0	0	0	0	0	0	0	0	0	0	0	0	0	0	1.0	0	0	0	0	0	0	0	0	0	0	0	0	0	0	0	0	0	0	0	0	0	0	0	0	0	0	0	0	0	0	0	0	0	0	0	0	0	0	0	0	0	0	0	0	0	0	0	0	0	0	0	0	0	0	0	0	0	0	0	2.0	0	0	0	0	0	0	0	0	0	0	0	0	0	0	0	0	0	0	0	0	0	0	0	0	0	0	0	0	0	0	0	0	0	0	0	0	0	0	0	0	0	0	0	0	0	0	0	0	0	0	0	0	0	0	0	0	0	0	0	0	0	0	0	0	0	0	0	0	0	0	0	0	0
sk__Bacteria;k__;p__Bacteroidetes;c__Cytophagia;o__Cytophagales;f__Cytophagaceae	0	6.0	3.0	0	0	0	0	0	0	0	0	0	0	0	2.0	0	0	0	0	0	0	0	0	0	0	0	0	0	0	0	0	0	0	0	0	0	0	0	0	0	0	0	0	0	0	0	0	0	0	0	0	0	0	0	0	0	0	0	0	0	0	0	0	0	9.0	0	0	0	0	0	0	0	0	0	1.0	0	0	0	0	0	0	0	0	0	0	0	0	0	0	0	0	0	0	0	0	0	0	0	0	0	0	0	0	0	0	0	0	0	0	0	0	0	0	0	0	0	0	0	0	0	0	0	0	0	0	0	0	0	0	0	0	0	0	0	0	0	0	0	0	0	0	0	0	0	0	0	0	0	0	0	0	0	0	0	0	0	0	0	0	0	0	0	0	0	0	0	0	0	0	0	0	0	0	0	0	0	0	0
sk__Bacteria;k__;p__Bacteroidetes;c__Cytophagia;o__Cytophagales;f__Cytophagaceae;g__Arsenicibacter	0	0	0	0	0	0	0	0	0	0	0	0	0	0	0	0	0	0	0	0	0	0	0	0	0	0	0	0	0	0	0	0	0	0	0	0	0	0	0	0	0	0	0	0	0	0	0	0	0	0	0	0	0	0	0	0	0	0	0	0	0	0	0	0	0	0	0	0	0	0	0	0	0	0	0	0	0	0	0	0	0	0	0	0	0	0	0	0	0	0	0	0	0	0	0	0	0	0	0	0	0	0	0	1.0	0	0	0	0	0	0	0	0	0	0	0	0	0	0	0	0	0	0	0	0	0	0	0	0	0	0	0	0	0	0	0	0	0	0	0	0	0	0	0	0	0	0	0	0	0	0	0	0	0	0	0	0	0	0	0	0	0	0	0	0	0	0	0	0	0	0	0	0	0	0	0	0	0	0
sk__Bacteria;k__;p__Bacteroidetes;c__Cytophagia;o__Cytophagales;f__Cytophagaceae;g__Dyadobacter	0	0	1.0	0	0	0	0	0	0	0	0	0	0	0	0	0	0	0	0	0	0	0	0	0	0	0	0	0	0	0	0	0	0	0	0	0	0	0	0	0	0	0	0	0	0	0	0	0	0	0	0	0	0	0	0	0	0	0	0	0	0	0	0	0	0	0	0	0	0	0	0	0	0	0	0	0	1.0	0	0	0	0	0	0	0	0	0	0	0	0	0	0	0	0	0	0	0	0	0	0	0	1.0	0	0	0	0	0	0	0	0	0	0	0	0	0	0	0	0	0	0	0	0	0	0	0	0	0	0	0	1.0	0	0	0	0	0	0	0	0	0	0	0	0	0	0	0	0	0	0	0	0	0	0	0	0	0	0	0	0	0	0	0	0	0	0	0	0	0	0	0	0	0	0	0	0	0	0	0	0	0
sk__Bacteria;k__;p__Bacteroidetes;c__Cytophagia;o__Cytophagales;f__Cytophagaceae;g__Flectobacillus	0	1.0	0	0	0	0	0	0	0	0	0	0	0	0	0	0	0	0	1.0	0	0	0	0	0	0	0	0	0	0	0	0	0	0	0	0	0	0	0	0	1.0	0	0	0	0	0	0	0	0	0	0	0	0	0	0	0	0	0	0	0	0	0	0	0	0	0	0	0	0	0	0	0	0	0	0	0	0	0	0	0	0	0	0	0	0	0	0	0	0	0	0	0	0	0	0	0	0	0	0	0	0	0	0	0	0	0	0	0	0	1.0	0	0	0	0	0	0	0	0	0	0	0	0	0	0	0	0	0	0	0	0	0	0	0	0	0	0	0	0	0	0	0	0	0	0	0	0	0	0	0	0	1.0	0	0	0	0	0	0	0	0	0	0	0	0	0	0	0	0	0	0	0	0	0	0	0	0	0	0	0	0
sk__Bacteria;k__;p__Bacteroidetes;c__Cytophagia;o__Cytophagales;f__Cytophagaceae;g__Pseudarcicella	0	0	0	0	0	0	0	0	0	0	0	0	0	0	0	0	0	0	0	0	0	0	0	0	0	0	0	0	0	0	0	0	0	0	0	0	0	0	0	0	0	0	0	0	0	0	0	0	0	0	0	0	0	0	0	0	0	0	0	0	0	0	0	0	0	0	0	0	0	0	0	0	0	0	0	0	0	0	0	0	0	0	0	0	0	0	0	0	0	0	0	0	0	0	0	0	0	0	0	0	0	0	0	0	0	0	0	0	1.0	0	0	0	0	0	0	0	0	0	0	0	0	0	0	0	0	0	0	0	0	0	0	0	0	0	0	0	0	0	0	0	0	0	0	0	0	0	0	0	0	0	0	0	0	0	0	0	0	0	0	0	0	0	0	0	0	0	0	0	0	0	0	0	0	0	0	0	0	0
sk__Bacteria;k__;p__Bacteroidetes;c__Cytophagia;o__Cytophagales;f__Cytophagaceae;g__Spirosoma	0	0	2.0	0	0	0	0	0	0	0	0	0	0	0	0	0	0	0	0	0	0	0	0	0	0	0	0	0	0	0	0	0	0	0	0	0	0	0	0	0	0	0	0	0	0	0	0	0	0	0	0	0	0	0	0	0	0	0	0	0	0	0	0	0	0	0	0	0	0	0	0	0	0	0	0	0	0	0	0	0	0	0	0	0	0	0	0	0	0	0	0	0	0	0	0	0	0	0	0	0	0	0	0	0	1.0	0	0	0	0	0	0	0	0	0	0	0	0	0	0	0	0	0	0	0	0	0	0	0	0	0	0	0	0	0	0	0	0	0	0	0	0	0	0	0	0	0	0	0	0	0	0	0	0	0	0	0	0	0	0	0	0	0	0	0	0	0	0	0	0	0	0	0	0	0	0	0	0	0
sk__Bacteria;k__;p__Bacteroidetes;c__Cytophagia;o__Cytophagales;f__Microscillaceae	0	0	2.0	0	0	0	0	0	0	0	0	0	0	1.0	0	0	0	0	0	0	0	0	0	0	0	0	0	0	0	0	0	0	0	0	0	0	0	0	0	0	0	0	0	0	0	0	0	0	0	0	0	1.0	0	0	0	0	0	0	0	0	0	0	0	0	0	0	0	0	0	0	0	0	0	0	0	0	0	0	0	0	0	0	0	0	0	0	0	0	0	0	0	0	0	0	0	0	0	0	0	0	0	0	0	0	0	0	0	0	0	0	0	0	0	0	0	0	0	0	0	0	0	1.0	0	0	0	0	0	0	1.0	0	0	0	0	0	0	0	0	0	0	0	0	0	0	0	0	0	0	0	0	0	0	0	0	0	0	0	0	0	0	0	0	0	0	0	0	0	0	0	0	0	0	0	0	0	0	0	0	0
sk__Bacteria;k__;p__Bacteroidetes;c__Flavobacteriia;o__Flavobacteriales	0	1.0	0	0	0	0	0	0	0	0	0	0	0	0	0	1.0	0	0	0	0	0	0	0	0	0	0	0	0	0	0	0	0	0	0	0	0	0	0	0	0	0	0	0	0	0	0	0	0	0	0	0	0	0	0	0	0	0	0	0	0	0	0	0	0	0	0	0	0	0	0	0	0	0	0	0	0	0	0	0	0	0	0	1.0	0	0	0	0	0	0	0	0	0	0	0	0	0	0	0	0	0	0	0	0	0	0	0	0	0	0	0	0	0	0	0	0	0	0	0	0	0	0	0	0	0	0	0	0	0	0	0	0	0	0	0	0	0	0	0	0	0	0	0	0	0	0	0	0	0	0	0	0	0	0	0	0	0	0	0	0	0	0	0	0	0	0	0	0	0	0	0	0	0	0	0	0	0	0	0
sk__Bacteria;k__;p__Bacteroidetes;c__Flavobacteriia;o__Flavobacteriales;f__Flavobacteriaceae	0	2.0	0	5.0	2.0	7.0	0	0	0	0	0	1.0	0	3.0	0	0	0	0	0	0	0	0	0	0	6.0	0	0	0	0	2.0	1.0	0	1.0	0	0	0	0	0	0	1.0	3.0	0	2.0	1.0	0	0	0	0	7.0	0	1.0	25.0	0	0	4.0	0	1.0	0	0	1.0	5.0	0	0	1.0	6.0	0	0	0	0	0	0	0	6.0	0	2.0	0	1.0	0	0	0	0	0	0	0	0	0	1.0	0	0	0	0	0	0	0	0	0	0	0	0	0	0	1.0	0	0	1.0	0	0	0	2.0	0	1.0	0	2.0	0	0	0	1.0	0	0	1.0	0	0	0	0	0	0	0	0	0	0	0	0	0	0	0	0	1.0	0	0	0	0	0	0	0	0	1.0	0	0	0	3.0	0	0	0	0	0	0	0	0	0	0	0	0	0	0	0	0	0	0	0	0	0	0	0	1.0	0	0	0	0
sk__Bacteria;k__;p__Bacteroidetes;c__Flavobacteriia;o__Flavobacteriales;f__Flavobacteriaceae;g__Bergeyella	0	2.0	3.0	12.0	0	7.0	1.0	3.0	0	17.0	0	26.0	0	43.0	0	10.0	0	0	12.0	1.0	0	0	6.0	0	1.0	0	7.0	4.0	33.0	0	2.0	0	3.0	0	46.0	0	22.0	14.0	9.0	13.0	15.0	0	3.0	0	0	2.0	3.0	0	1.0	0	8.0	1.0	0	7.0	0	3.0	0	0	2.0	0	1.0	0	3.0	0	4.0	2.0	18.0	0	4.0	1.0	5.0	0	11.0	0	1.0	0	2.0	0	11.0	15.0	18.0	1.0	5.0	0	6.0	0	9.0	0	10.0	0	0	0	20.0	0	0	0	0	0	10.0	0	2.0	0	4.0	0	22.0	0	1.0	0	4.0	0	3.0	0	4.0	0	3.0	0	9.0	0	4.0	2.0	1.0	4.0	2.0	0	3.0	3.0	44.0	0	11.0	0	0	0	0	0	2.0	0	0	0	0	0	4.0	0	0	0	2.0	1.0	0	8.0	0	11.0	0	0	0	0	0	0	0	4.0	0	0	12.0	19.0	0	0	1.0	13.0	0	1.0	3.0	29.0	0	2.0	0	35.0	0	0	0	0
sk__Bacteria;k__;p__Bacteroidetes;c__Flavobacteriia;o__Flavobacteriales;f__Flavobacteriaceae;g__Capnocytophaga	14.0	235.0	19.0	114.0	21.0	183.0	2.0	70.0	3.0	149.0	16.0	676.0	2.0	531.0	0	10.0	24.0	51.0	20.0	1.0	55.0	1.0	148.0	0	25.0	0	78.0	8.0	80.0	0	5.0	1.0	8.0	4.0	100.0	8.0	62.0	546.0	275.0	15.0	112.0	3.0	76.0	4.0	0	7.0	8.0	0	2.0	0	0	6.0	0	70.0	1.0	23.0	2.0	1.0	27.0	0	68.0	3.0	98.0	4.0	289.0	8.0	307.0	8.0	218.0	18.0	242.0	0	104.0	0	40.0	0	191.0	15.0	192.0	331.0	328.0	2.0	16.0	0	22.0	0	145.0	5.0	34.0	0	84.0	9.0	333.0	0	15.0	0	6.0	98.0	1004.0	26.0	417.0	7.0	386.0	3.0	350.0	5.0	58.0	1.0	105.0	0	3.0	0	3.0	2.0	11.0	3.0	103.0	26.0	78.0	350.0	102.0	41.0	135.0	16.0	110.0	2.0	360.0	29.0	144.0	1.0	47.0	0	6.0	3.0	123.0	0	54.0	1.0	42.0	2.0	42.0	3.0	22.0	0	16.0	55.0	5.0	44.0	2.0	61.0	0	7.0	0	10.0	7.0	35.0	0	9.0	22.0	45.0	577.0	276.0	3.0	20.0	9.0	165.0	0	19.0	92.0	359.0	25.0	274.0	41.0	911.0	0	29.0	0	13.0
sk__Bacteria;k__;p__Bacteroidetes;c__Flavobacteriia;o__Flavobacteriales;f__Flavobacteriaceae;g__Capnocytophaga;s__Capnocytophaga_gingivalis	0	0	0	0	0	0	0	0	0	0	0	0	0	0	0	0	0	0	0	0	0	0	0	0	0	0	0	0	0	0	0	0	0	0	0	0	0	0	12.0	0	0	0	0	0	0	0	0	0	0	0	0	0	0	0	0	0	0	0	0	0	0	0	0	0	0	0	0	0	0	0	0	0	0	0	0	0	0	0	0	0	0	0	0	0	0	0	0	0	0	0	0	0	0	0	0	0	0	0	0	0	0	0	0	0	0	0	1.0	0	1.0	0	0	0	0	0	0	0	0	0	0	0	0	0	0	0	1.0	0	0	0	0	0	0	0	0	0	0	0	0	0	0	0	0	0	0	0	0	0	0	0	0	0	0	0	0	0	0	0	0	0	0	0	0	0	0	0	0	0	0	0	0	0	0	0	0	0	0	0	0	0
sk__Bacteria;k__;p__Bacteroidetes;c__Flavobacteriia;o__Flavobacteriales;f__Flavobacteriaceae;g__Capnocytophaga;s__Capnocytophaga_granulosa	0	0	0	0	0	0	0	0	0	0	0	0	0	0	0	0	0	0	0	0	0	0	0	0	0	0	0	0	0	0	0	0	0	0	0	0	0	0	0	0	0	0	0	0	0	0	0	0	0	0	0	0	0	0	0	0	0	0	0	0	0	0	0	0	0	0	0	0	0	0	0	0	0	0	0	0	0	0	0	0	1.0	0	0	0	0	0	0	0	0	0	0	0	0	0	0	0	0	0	0	0	0	0	0	0	0	0	0	0	0	0	0	0	0	0	0	0	0	0	0	0	0	0	0	0	0	0	0	0	0	0	0	0	0	0	0	0	0	0	0	0	0	0	0	0	0	0	0	0	0	0	0	0	0	0	0	0	0	0	0	0	0	0	0	0	0	0	0	0	0	0	0	0	0	0	0	0	0	0
sk__Bacteria;k__;p__Bacteroidetes;c__Flavobacteriia;o__Flavobacteriales;f__Flavobacteriaceae;g__Capnocytophaga;s__Capnocytophaga_ochracea	0	0	0	0	0	0	0	0	0	1.0	0	1.0	0	0	0	0	0	0	0	0	0	0	0	0	0	0	0	0	0	0	0	0	0	0	0	0	1.0	0	0	0	0	0	0	0	0	0	0	0	0	0	0	0	0	0	0	0	0	0	0	0	0	0	0	0	1.0	0	1.0	0	0	0	0	0	0	0	0	0	0	0	0	0	0	0	0	0	0	0	0	0	0	0	0	0	0	0	2.0	0	0	0	1.0	0	0	0	0	0	0	0	0	0	0	0	0	0	0	0	0	0	0	0	0	0	1.0	0	0	0	0	0	0	0	1.0	0	0	0	0	0	0	0	0	0	0	0	0	0	0	0	0	0	0	0	0	0	0	0	0	0	0	0	0	0	0	0	0	0	0	0	0	0	0	0	0	0	0	0	0	0	0	0	0	0
sk__Bacteria;k__;p__Bacteroidetes;c__Flavobacteriia;o__Flavobacteriales;f__Flavobacteriaceae;g__Capnocytophaga;s__Capnocytophaga_sp._ChDC_OS44	0	0	0	0	0	0	0	0	0	1.0	0	0	0	0	0	0	0	0	0	0	0	0	0	0	0	0	0	0	0	0	0	0	0	0	0	0	0	0	0	0	0	0	0	0	0	0	0	0	0	0	0	0	0	0	0	0	0	0	0	0	0	0	0	0	0	0	0	0	0	0	0	0	0	0	0	0	0	0	0	0	0	0	0	0	0	0	0	0	0	0	0	0	0	0	0	0	0	0	0	0	0	0	0	0	0	0	0	0	0	0	0	0	0	0	0	0	0	0	0	0	0	0	0	0	0	0	0	0	0	0	0	0	0	0	0	0	0	0	0	0	0	0	0	0	0	0	0	0	0	0	0	0	0	0	0	0	0	0	0	0	0	0	0	0	0	0	0	0	0	0	0	0	0	0	0	0	0	0
sk__Bacteria;k__;p__Bacteroidetes;c__Flavobacteriia;o__Flavobacteriales;f__Flavobacteriaceae;g__Capnocytophaga;s__Capnocytophaga_sp._oral_clone_BB167	0	0	0	0	0	0	0	0	0	0	0	0	0	0	0	0	0	0	0	0	0	0	0	0	0	0	0	0	0	0	0	0	0	0	0	0	0	0	0	0	0	0	0	0	0	0	0	0	0	0	0	0	0	0	0	0	0	0	0	0	0	0	0	0	0	0	0	0	0	0	0	0	0	0	0	0	0	0	0	0	1.0	0	0	0	0	0	0	0	0	0	0	0	0	0	0	0	0	0	0	0	0	0	0	0	0	0	0	0	0	0	0	0	0	0	0	0	0	0	0	0	0	0	0	0	0	0	0	0	0	0	0	0	0	0	0	0	0	0	0	0	0	0	0	0	0	0	0	0	0	0	0	0	0	0	0	0	0	0	0	0	0	0	0	0	0	0	0	0	0	0	0	0	0	0	0	0	0	0
sk__Bacteria;k__;p__Bacteroidetes;c__Flavobacteriia;o__Flavobacteriales;f__Flavobacteriaceae;g__Capnocytophaga;s__Capnocytophaga_sp._oral_clone_ID062	0	0	0	0	0	0	0	0	0	0	0	0	0	0	0	0	0	0	0	0	0	0	0	0	0	0	0	0	0	0	0	0	0	0	0	0	0	0	0	0	0	0	0	0	0	0	0	0	0	0	0	0	0	0	0	0	0	0	0	0	0	0	0	0	0	0	0	0	0	0	0	0	0	0	0	0	0	0	0	0	0	0	0	0	0	0	0	0	0	0	0	0	0	0	0	0	0	0	0	0	0	0	0	0	0	0	0	0	0	0	0	0	0	0	0	0	0	0	0	0	0	0	0	0	0	0	0	0	0	0	0	0	0	0	0	0	0	0	0	0	0	0	0	0	0	0	0	0	0	0	0	0	0	0	0	0	0	0	0	0	0	2.0	0	0	0	0	0	0	0	0	0	0	0	0	0	0	0	0
sk__Bacteria;k__;p__Bacteroidetes;c__Flavobacteriia;o__Flavobacteriales;f__Flavobacteriaceae;g__Capnocytophaga;s__Capnocytophaga_sp._oral_taxon_329	0	0	0	0	0	0	0	0	0	0	0	0	0	0	0	0	0	0	0	0	0	0	0	0	0	0	0	0	0	0	0	0	0	0	0	0	0	0	0	0	0	0	0	0	0	0	0	0	0	0	0	0	0	0	0	0	0	0	0	0	0	0	0	0	0	0	0	0	0	0	0	0	0	0	0	0	0	0	0	0	0	0	0	0	0	0	0	0	0	0	0	0	0	0	0	0	0	0	0	0	0	0	0	0	1.0	0	0	0	0	0	0	0	0	0	0	0	0	0	0	0	0	0	1.0	0	0	0	0	0	0	0	0	0	0	0	0	0	0	0	0	0	0	0	0	0	0	0	0	0	0	0	0	0	0	0	0	0	0	0	0	0	0	0	0	0	0	0	0	0	0	1.0	0	0	0	0	0	0	0	0
sk__Bacteria;k__;p__Bacteroidetes;c__Flavobacteriia;o__Flavobacteriales;f__Flavobacteriaceae;g__Chryseobacterium	0	4.0	0	0	0	7.0	0	0	0	0	0	3.0	0	5.0	0	1.0	0	0	0	0	0	0	0	0	1.0	0	0	0	0	0	0	0	2.0	0	0	0	0	0	0	0	1.0	0	0	0	0	0	0	0	7.0	0	0	6.0	0	1.0	0	0	0	0	0	0	0	0	0	0	18.0	0	0	0	0	0	0	0	1.0	0	0	0	4.0	0	1.0	8.0	12.0	0	2.0	0	1.0	1.0	0	2.0	2.0	0	0	1.0	7.0	0	2.0	0	0	0	1.0	0	2.0	0	0	0	7.0	0	0	3.0	26.0	0	2.0	0	4.0	0	0	1.0	2.0	0	0	0	0	0	0	0	0	0	0	0	0	0	0	0	1.0	0	0	0	0	0	0	0	0	0	0	0	0	1.0	0	0	0	1.0	0	0	0	0	0	0	0	0	0	0	0	0	0	0	0	0	0	0	0	0	0	0	0	0	0	0	0	0
sk__Bacteria;k__;p__Bacteroidetes;c__Flavobacteriia;o__Flavobacteriales;f__Flavobacteriaceae;g__Cloacibacterium	0	0	0	0	0	8.0	0	0	0	0	0	0	0	0	0	0	0	0	0	0	0	0	0	0	0	0	0	0	0	0	0	0	0	0	0	0	0	0	0	0	1.0	0	0	0	1.0	0	0	0	0	0	0	0	0	3.0	0	0	0	0	0	0	1.0	0	0	0	1.0	0	0	0	0	0	0	0	0	0	0	0	0	0	0	0	0	0	0	0	0	0	0	0	0	0	0	0	0	0	0	0	0	0	0	0	0	0	0	0	0	0	0	0	0	0	0	0	0	0	0	0	0	0	0	0	0	0	0	0	0	0	0	0	0	0	0	0	0	0	0	0	0	0	0	0	0	0	0	0	0	0	0	0	0	0	0	0	0	0	0	0	0	0	0	0	0	0	0	0	0	0	0	0	0	0	0	0	0	1.0	0	0	0	0
sk__Bacteria;k__;p__Bacteroidetes;c__Flavobacteriia;o__Flavobacteriales;f__Flavobacteriaceae;g__Elizabethkingia	0	0	0	0	0	1.0	0	0	0	0	0	0	0	0	0	0	0	0	0	0	0	0	0	0	0	0	0	0	0	0	0	0	0	0	0	0	0	0	0	0	0	0	0	0	0	0	0	0	0	0	0	0	0	0	0	0	0	0	0	0	0	0	0	0	0	0	0	0	0	0	0	0	0	0	0	0	0	0	0	0	0	0	0	0	0	0	0	0	0	0	0	0	0	0	0	0	0	0	0	0	0	0	0	0	0	0	0	0	0	0	0	0	0	0	0	0	0	0	0	0	0	0	0	0	0	0	0	0	0	0	0	0	0	0	0	0	0	0	0	0	0	0	0	0	0	0	0	0	0	0	0	0	0	0	0	0	0	0	0	0	0	0	0	0	0	0	0	0	0	0	0	0	0	0	0	0	0	0
sk__Bacteria;k__;p__Bacteroidetes;c__Flavobacteriia;o__Flavobacteriales;f__Flavobacteriaceae;g__Empedobacter	0	0	0	0	0	2.0	0	0	0	0	0	0	0	0	0	0	0	0	0	0	0	0	0	0	0	0	0	0	0	0	41.0	0	0	0	0	0	0	0	0	0	0	0	0	0	0	0	0	0	1.0	0	0	7.0	0	5.0	0	78.0	0	0	76.0	0	50.0	0	0	0	0	0	0	0	0	0	0	0	0	0	0	0	0	0	2.0	0	0	0	0	0	0	0	0	0	0	0	0	0	0	0	0	0	0	0	0	0	0	0	0	0	0	0	0	0	0	0	0	0	0	0	0	0	1.0	0	0	0	0	0	0	0	0	0	0	0	0	0	0	0	0	0	0	0	0	0	0	0	0	0	0	0	2.0	0	0	0	0	0	0	0	0	0	0	0	0	0	0	0	0	0	0	0	0	0	0	0	0	0	0	0	0	0	0	0	0	0
sk__Bacteria;k__;p__Bacteroidetes;c__Flavobacteriia;o__Flavobacteriales;f__Flavobacteriaceae;g__Empedobacter;s__Empedobacter_falsenii	0	0	0	0	0	0	0	0	0	0	0	0	0	0	0	0	0	0	0	0	0	0	0	0	0	0	0	0	1.0	0	29.0	0	0	0	0	0	0	0	0	0	0	0	0	0	0	0	0	0	0	0	0	3.0	0	5.0	0	31.0	0	0	40.0	0	18.0	0	0	0	0	0	0	0	0	0	1.0	0	0	0	0	0	0	0	0	0	0	0	0	0	0	0	0	0	0	0	0	0	0	0	0	0	0	0	0	0	0	0	0	0	0	0	0	0	1.0	0	0	0	0	0	0	0	0	0	0	0	0	0	0	0	0	0	0	0	1.0	0	0	0	0	0	0	0	0	0	0	0	0	0	0	0	0	0	0	0	0	0	0	0	0	0	0	0	0	0	0	0	0	0	0	0	0	0	0	0	0	0	0	0	0	0	0	0	0	0
sk__Bacteria;k__;p__Bacteroidetes;c__Flavobacteriia;o__Flavobacteriales;f__Flavobacteriaceae;g__Empedobacter;s__Empedobacter_sp._PH7-1	0	0	0	0	0	2.0	0	0	0	0	0	0	0	0	0	0	0	0	0	0	0	0	0	0	0	0	0	0	1.0	0	45.0	0	0	0	0	0	0	0	0	0	0	0	0	0	0	0	0	0	4.0	0	0	10.0	0	1.0	0	14.0	0	0	22.0	0	6.0	0	0	0	0	0	0	0	0	0	0	0	0	0	0	0	0	0	0	0	0	0	0	0	0	0	0	0	0	0	0	0	0	0	0	0	0	0	0	0	0	0	0	0	0	0	0	0	0	0	0	0	0	0	0	0	0	0	0	0	0	0	0	0	0	0	0	0	0	0	0	0	0	0	0	0	2.0	0	0	0	1.0	0	0	0	2.0	3.0	0	0	0	0	0	0	0	0	0	0	0	0	0	0	0	0	0	0	0	0	0	0	0	0	0	0	0	0	0	0	0	0
sk__Bacteria;k__;p__Bacteroidetes;c__Flavobacteriia;o__Flavobacteriales;f__Flavobacteriaceae;g__Flavobacterium	0	9.0	2.0	1.0	0	0	0	0	0	0	0	0	0	0	0	0	0	0	0	0	0	0	0	0	0	0	0	0	0	0	0	0	0	0	0	0	0	0	0	0	0	0	0	0	4.0	0	0	0	0	0	0	0	0	0	0	0	0	0	0	0	0	0	1.0	2.0	21.0	0	0	0	0	0	1.0	0	2.0	0	0	0	4.0	0	0	0	0	0	0	0	0	0	0	0	0	0	0	0	0	0	0	0	0	0	0	0	1.0	0	0	0	0	0	0	2.0	11.0	0	0	0	0	0	0	0	0	0	0	0	0	0	0	0	0	0	0	0	2.0	0	0	0	1.0	0	0	0	0	0	0	0	0	0	0	0	0	0	0	0	0	0	0	0	0	0	0	0	0	0	0	0	0	0	0	0	0	0	0	0	0	0	0	0	0	0	0	0	0	0
sk__Bacteria;k__;p__Bacteroidetes;c__Flavobacteriia;o__Flavobacteriales;f__Flavobacteriaceae;g__Riemerella;s__Riemerella_anatipestifer	0	0	0	0	0	0	0	0	0	0	0	0	0	0	0	0	0	0	0	0	0	0	0	0	0	0	0	0	0	0	0	0	0	0	0	0	0	0	0	0	0	0	0	0	0	0	0	0	0	0	0	0	0	0	0	0	0	0	0	0	0	0	0	0	0	0	0	0	0	0	0	0	0	0	0	0	0	0	0	0	0	0	0	0	0	0	0	0	0	0	0	0	0	0	0	0	0	0	0	0	0	0	0	0	2.0	0	0	0	0	0	0	0	0	0	0	0	0	0	0	0	0	0	0	0	0	0	0	0	0	0	0	0	0	0	0	0	0	0	0	0	0	0	0	0	0	0	0	0	0	0	0	0	0	0	0	0	0	0	0	0	0	0	0	0	0	0	0	0	0	0	0	0	0	0	0	0	0	0
sk__Bacteria;k__;p__Bacteroidetes;c__Saprospiria;o__Saprospirales;f__Haliscomenobacteraceae;g__Haliscomenobacter	0	0	4.0	4.0	0	0	0	0	0	0	0	0	0	0	0	0	0	0	0	0	0	0	0	0	0	0	0	0	0	0	0	0	0	0	0	0	0	0	0	0	0	0	0	0	2.0	0	0	0	0	0	0	0	0	0	0	0	0	0	0	0	0	0	0	0	0	0	0	0	0	0	0	0	0	0	0	0	0	0	0	0	0	0	0	0	0	0	0	0	0	0	0	0	0	0	0	0	0	0	0	0	0	0	0	0	0	0	0	0	1.0	0	0	0	0	0	0	0	0	0	0	0	0	0	0	0	0	0	0	0	0	0	0	0	0	0	0	0	0	0	0	0	0	0	0	0	0	0	0	0	0	0	0	0	0	0	0	0	0	0	0	0	0	0	0	0	0	0	0	0	0	0	0	0	0	0	0	0	0	0
sk__Bacteria;k__;p__Bacteroidetes;c__Saprospiria;o__Saprospirales;f__Lewinellaceae;g__Lewinella	0	0	0	0	0	0	0	0	0	0	0	0	0	0	0	0	0	0	0	0	0	0	0	0	0	0	0	0	0	0	0	0	0	0	0	0	0	0	0	0	0	0	0	0	0	0	0	0	0	0	0	0	0	0	0	0	0	0	0	0	0	0	0	0	0	1.0	0	0	0	0	0	0	0	0	0	0	0	0	0	1.0	0	0	0	0	0	0	0	0	0	0	0	0	0	0	0	0	0	0	0	0	0	0	0	0	0	0	0	0	0	0	0	0	0	0	0	0	0	0	0	0	0	0	0	0	0	0	0	0	0	0	0	0	0	0	0	0	0	0	0	0	1.0	0	0	0	0	0	0	0	0	0	0	0	0	0	0	0	0	0	0	0	0	0	0	0	0	0	0	0	0	0	0	0	0	0	0	0	0	0
sk__Bacteria;k__;p__Bacteroidetes;c__Saprospiria;o__Saprospirales;f__Saprospiraceae	0	0	0	0	0	0	0	0	0	0	0	0	0	0	0	0	0	0	0	0	0	0	0	0	0	0	0	0	0	0	0	0	0	0	0	0	0	0	0	0	0	0	0	0	0	0	0	0	0	0	0	0	0	0	0	0	0	0	0	0	0	0	0	0	0	0	0	0	0	0	0	0	0	0	0	0	0	0	0	0	0	0	0	0	0	0	0	0	0	0	0	0	0	0	0	0	0	0	0	0	0	0	0	0	0	0	0	0	0	0	0	0	0	0	0	0	0	0	0	0	0	0	0	0	0	0	0	1.0	1.0	0	0	0	0	0	0	0	0	0	0	0	0	0	0	0	0	0	0	0	0	1.0	0	0	0	0	0	0	0	0	0	0	0	0	0	0	0	0	0	0	0	0	0	0	0	0	0	0	0	0
sk__Bacteria;k__;p__Bacteroidetes;c__Sphingobacteriia;o__Sphingobacteriales	0	0	0	0	0	0	0	0	0	0	0	0	0	0	0	0	0	0	0	0	0	0	1.0	0	0	0	0	0	0	0	0	0	0	0	0	0	0	0	0	0	0	0	0	0	0	0	0	0	0	0	0	2.0	0	0	0	0	0	0	0	0	0	0	0	0	3.0	0	0	0	0	0	0	0	0	0	0	0	0	0	0	1.0	0	0	0	0	0	0	0	0	0	0	0	0	0	0	0	0	0	0	0	0	0	0	0	0	0	0	0	0	2.0	0	0	0	0	0	0	0	0	0	0	0	0	0	0	1.0	0	0	0	0	0	0	0	0	1.0	0	0	0	0	0	0	0	0	0	0	0	0	0	0	0	0	1.0	0	0	0	0	0	0	0	0	0	0	0	0	0	0	0	0	0	0	0	0	0	0	0	0	0	0	0	0
sk__Bacteria;k__;p__Bacteroidetes;c__Sphingobacteriia;o__Sphingobacteriales;f__Sphingobacteriaceae	0	2.0	0	0	0	0	0	0	0	0	0	0	0	0	0	0	0	0	0	0	0	0	0	0	0	0	0	0	0	0	0	0	0	0	0	0	0	0	0	0	0	0	0	0	0	0	0	0	4.0	0	0	8.0	0	0	0	0	0	0	0	0	0	0	0	0	4.0	0	0	0	0	0	0	0	0	0	0	0	0	0	0	0	0	0	0	0	0	0	0	0	0	0	0	0	0	0	0	0	0	0	0	0	0	0	0	0	0	0	0	0	0	0	0	0	0	0	0	0	0	0	0	0	0	0	0	0	0	0	0	0	0	0	0	0	0	0	0	0	0	0	0	0	0	0	0	0	0	0	0	0	0	0	0	0	0	0	0	0	0	0	0	0	0	0	0	0	0	0	0	0	0	0	0	0	0	0	0	0	0	0
sk__Bacteria;k__;p__Bacteroidetes;c__Sphingobacteriia;o__Sphingobacteriales;f__Sphingobacteriaceae;g__Mucilaginibacter	0	0	0	0	0	0	0	0	0	0	0	0	0	0	0	0	0	0	0	0	0	0	0	0	0	0	0	0	0	0	0	0	0	0	0	0	0	0	0	0	0	0	0	0	0	0	0	0	0	0	0	0	0	0	0	0	0	0	0	0	0	0	0	0	0	0	0	0	0	0	0	0	0	0	0	0	0	0	0	0	0	0	0	0	0	0	0	0	0	0	0	0	0	0	1.0	0	0	0	0	0	0	0	0	0	0	0	0	0	0	0	0	0	0	0	0	0	0	0	0	0	0	0	0	0	0	0	0	0	0	0	0	0	0	0	0	0	0	0	0	0	0	0	0	0	0	0	0	0	0	0	0	0	0	0	0	0	0	0	0	0	0	0	0	0	0	0	0	0	0	0	0	0	0	0	0	0	0	0
sk__Bacteria;k__;p__Bacteroidetes;c__Sphingobacteriia;o__Sphingobacteriales;f__Sphingobacteriaceae;g__Pedobacter	0	0	0	0	0	0	0	0	0	0	0	0	0	0	0	0	0	0	0	0	0	0	0	0	0	0	0	0	0	0	0	0	0	0	0	0	0	0	0	0	0	0	0	0	0	0	0	0	0	0	0	0	0	0	0	0	0	0	0	0	0	0	0	0	1.0	0	0	0	0	0	0	0	0	0	0	0	0	0	0	0	0	0	0	0	0	0	0	0	0	0	0	0	0	0	0	0	0	0	0	0	0	0	0	0	0	0	0	0	0	0	0	0	0	0	0	0	0	0	0	0	0	0	0	0	0	0	0	0	0	0	0	0	0	0	0	0	0	0	0	0	0	0	0	0	0	0	0	0	0	0	0	0	0	0	0	0	0	0	0	0	0	0	0	0	0	0	0	0	0	0	0	0	0	0	0	0	0	0
sk__Bacteria;k__;p__Bacteroidetes;c__Sphingobacteriia;o__Sphingobacteriales;f__Sphingobacteriaceae;g__Sphingobacterium	0	1.0	1.0	1.0	0	1.0	0	0	0	0	0	0	0	0	0	0	0	1.0	0	0	0	0	0	2.0	45.0	0	4.0	0	2.0	0	0	0	0	0	0	1.0	2.0	1.0	0	0	0	0	0	0	0	0	0	10.0	366.0	1.0	21.0	814.0	0	0	3.0	7.0	0	0	5.0	0	0	0	0	0	2.0	0	0	0	0	0	0	0	0	0	0	0	0	0	0	0	0	0	0	0	3.0	0	0	0	0	0	0	0	0	0	0	0	0	0	0	0	1.0	0	0	0	0	0	0	0	2.0	0	0	0	0	0	0	0	0	0	0	0	0	0	0	0	0	0	0	0	0	0	5.0	0	0	0	0	11.0	102.0	0	7.0	2.0	0	1.0	2.0	23.0	50.0	132.0	0	6.0	0	1.0	0	1.0	0	0	0	0	0	1.0	0	0	0	0	0	0	0	0	0	0	0	0	0	0	0	0	0	0	0	1.0
sk__Bacteria;k__;p__Bacteroidetes;c__Sphingobacteriia;o__Sphingobacteriales;f__Sphingobacteriaceae;g__Sphingobacterium;s__Sphingobacterium_sp._B2(2012)	0	0	0	0	0	0	0	0	0	0	0	0	0	0	0	0	0	0	0	0	0	0	0	0	0	0	0	0	0	0	0	0	0	0	0	0	0	0	0	0	0	0	0	0	0	0	0	0	1.0	0	0	0	0	0	0	0	0	0	0	0	0	0	0	0	0	0	0	0	0	0	0	0	0	0	0	0	0	0	0	0	0	0	0	0	0	0	0	0	0	0	0	0	0	0	0	0	0	0	0	0	0	0	0	0	0	0	0	0	0	0	0	0	0	0	0	0	0	0	0	0	0	0	0	0	0	0	0	0	0	0	0	0	0	0	0	0	0	0	0	0	0	0	0	0	0	0	0	0	0	0	0	0	0	0	0	0	0	0	0	0	0	0	0	0	0	0	0	0	0	0	0	0	0	0	0	0	0	0
sk__Bacteria;k__;p__Bacteroidetes;c__Sphingobacteriia;o__Sphingobacteriales;f__Sphingobacteriaceae;g__Sphingobacterium;s__Sphingobacterium_sp._B29	0	0	0	0	0	0	0	0	0	0	0	0	0	0	0	0	0	0	0	0	0	0	0	0	0	0	0	0	0	0	0	0	0	0	0	0	0	0	0	0	0	0	0	0	0	0	0	0	2.0	0	0	0	0	0	0	1.0	0	0	0	0	0	0	0	0	0	0	0	0	0	0	0	0	0	0	0	0	0	0	0	0	0	0	0	0	0	0	0	0	0	0	0	0	0	0	0	0	0	0	0	0	0	0	0	0	0	0	0	0	0	0	0	0	0	0	0	0	0	0	0	0	0	0	0	0	0	0	0	0	0	0	0	0	0	0	0	0	0	0	0	0	0	0	0	0	0	0	0	0	0	0	0	0	0	0	0	0	0	0	0	0	0	0	0	0	0	0	0	0	0	0	0	0	0	0	0	0	0	0
sk__Bacteria;k__;p__Bacteroidetes;c__Sphingobacteriia;o__Sphingobacteriales;f__Sphingobacteriaceae;g__Sphingobacterium;s__Sphingobacterium_sp._CFCC_11742	0	0	0	1.0	0	0	0	0	0	0	0	0	0	0	0	0	0	0	0	0	0	0	0	0	0	0	0	0	0	0	0	0	0	0	0	0	0	0	0	0	0	0	0	0	0	0	0	0	0	0	0	0	0	0	0	0	0	0	0	0	0	0	0	0	0	0	0	0	0	0	0	0	0	0	0	0	0	0	0	0	0	0	0	0	0	0	0	0	0	0	0	0	0	0	0	0	0	0	0	0	0	0	0	0	0	0	0	0	0	0	0	0	0	0	0	0	0	0	0	0	0	0	0	0	0	0	0	0	0	0	0	0	0	0	0	0	0	0	0	0	0	0	0	0	0	0	0	0	0	0	0	0	0	0	0	0	0	0	0	0	0	0	0	0	0	0	0	0	0	0	0	0	0	0	0	0	0	0
sk__Bacteria;k__;p__Bacteroidetes;c__Sphingobacteriia;o__Sphingobacteriales;f__Sphingobacteriaceae;g__Sphingobacterium;s__Sphingobacterium_sp._SOZ2-4111	0	0	0	1.0	0	0	0	0	0	0	0	0	0	0	0	0	0	0	0	0	0	0	0	0	0	0	0	0	0	0	0	0	0	0	0	0	0	0	0	0	0	0	0	0	0	0	0	0	0	0	0	0	0	0	0	0	0	0	0	0	0	0	0	0	0	0	0	0	0	0	0	0	0	0	0	0	0	0	0	0	0	0	0	0	0	0	0	0	0	0	0	0	0	0	0	0	0	0	0	0	0	0	0	0	0	0	0	0	0	0	0	0	0	0	0	0	0	0	0	0	0	0	0	0	0	0	0	0	0	0	0	0	0	0	0	0	0	0	0	0	0	0	0	0	0	0	0	0	0	0	0	0	0	0	0	0	0	0	0	0	0	0	0	0	0	0	0	0	0	0	0	0	0	0	0	0	0	0
sk__Bacteria;k__;p__Balneolaeota;c__Balneolia;o__Balneolales;f__Balneolaceae	0	0	0	0	0	1.0	0	0	0	0	0	0	0	0	0	0	0	0	0	0	0	0	0	0	0	0	0	0	0	0	0	0	0	0	0	0	0	0	0	0	0	0	0	0	0	0	0	0	0	0	0	0	0	0	0	0	0	0	0	0	0	0	0	0	0	0	0	0	0	0	0	0	0	0	0	0	0	0	0	0	0	0	0	0	0	0	0	0	0	0	0	0	0	0	0	0	0	0	0	0	0	0	0	0	0	0	0	0	0	0	0	0	0	0	0	0	0	0	0	0	0	0	0	0	0	0	0	0	0	0	0	0	0	0	0	0	0	0	0	0	0	0	0	0	0	0	0	0	0	0	0	0	0	0	0	0	0	0	0	0	0	0	0	0	0	0	0	0	0	0	0	0	0	0	0	0	0	0
sk__Bacteria;k__;p__Candidatus_Adlerbacteria	1.0	0	1.0	0	0	0	0	0	0	0	0	0	0	0	0	0	0	0	0	0	0	0	0	0	0	0	0	0	0	0	0	0	0	0	0	0	0	0	0	0	0	0	0	12.0	0	0	0	0	0	0	0	0	0	0	0	0	0	0	0	0	0	0	0	0	0	0	0	0	0	1.0	0	0	0	0	0	0	0	0	0	0	0	0	0	0	0	0	0	0	0	0	0	0	0	0	0	0	0	0	0	0	0	0	0	0	0	0	0	0	0	0	0	0	0	0	0	0	0	0	0	0	0	0	0	0	0	0	0	1.0	0	0	0	2.0	0	0	0	0	0	0	0	0	0	0	0	0	0	0	0	0	0	0	0	0	0	0	0	0	0	0	0	0	0	0	0	0	0	0	0	0	0	0	0	0	2.0	0	0	0	0	0
sk__Bacteria;k__;p__Candidatus_Azambacteria	0	0	0	0	0	0	0	0	0	0	0	0	0	0	0	0	0	0	0	0	0	0	0	0	0	0	0	0	0	0	0	0	0	0	0	0	0	0	0	0	0	0	0	2.0	0	0	0	0	0	0	0	0	0	0	0	0	0	0	0	0	0	0	0	0	0	0	0	0	0	0	0	0	0	0	0	0	0	0	0	0	0	0	0	0	0	0	0	0	0	0	0	0	0	0	0	0	0	0	0	0	0	0	0	0	0	0	0	0	0	0	0	0	0	0	0	0	0	0	0	0	0	0	0	0	0	0	0	0	0	0	0	0	0	0	0	0	0	0	0	0	0	0	0	1.0	0	0	0	0	0	0	0	0	0	0	0	0	0	0	0	0	0	0	0	0	0	0	0	0	0	0	0	0	0	0	0	0	0	0
sk__Bacteria;k__;p__Candidatus_Campbellbacteria	0	0	0	0	0	0	0	0	0	0	0	0	0	0	0	0	0	0	0	0	0	0	0	0	0	0	0	0	0	0	0	0	0	0	0	0	0	0	0	0	0	0	0	1.0	0	0	0	0	0	0	0	0	0	0	0	0	0	0	0	0	0	0	0	0	0	0	0	0	0	0	0	0	0	0	0	0	0	0	0	0	0	0	0	0	0	0	0	0	0	0	0	0	0	0	0	0	0	0	0	0	0	0	0	0	0	0	0	0	0	0	0	0	0	0	0	0	0	0	0	0	0	0	0	0	0	0	0	0	0	0	0	0	0	0	0	0	0	0	0	0	0	0	0	0	0	0	0	0	0	0	0	0	0	0	0	0	0	0	0	0	0	0	0	0	0	0	0	0	0	0	0	0	0	0	0	0	0	0
sk__Bacteria;k__;p__Candidatus_Falkowbacteria	0	0	0	0	0	0	0	0	0	0	0	0	0	0	0	0	0	0	0	0	0	0	0	0	0	0	0	0	0	0	0	0	0	0	0	0	0	0	0	0	0	0	0	0	1.0	0	0	0	0	0	0	0	0	0	0	0	0	0	0	0	0	0	0	0	0	0	0	0	0	0	0	0	0	0	0	0	0	0	0	0	0	0	0	0	0	0	0	0	0	0	0	0	0	0	0	0	0	0	0	0	0	0	0	0	0	0	0	0	0	0	0	0	0	0	0	0	0	0	0	0	0	0	0	0	0	0	0	0	0	0	0	0	0	0	0	0	0	0	0	0	0	0	0	0	0	0	0	0	0	0	0	0	0	0	0	0	0	0	0	0	0	0	0	0	0	0	0	0	0	0	0	0	0	0	0	0	0	0
sk__Bacteria;k__;p__Candidatus_Gracilibacteria	0	0	0	0	0	0	0	1.0	0	0	0	0	0	0	0	0	0	0	0	0	0	0	0	0	0	0	0	0	0	0	0	0	0	0	0	0	0	0	1.0	0	0	0	0	0	0	0	0	0	0	0	0	0	0	0	0	0	0	0	0	0	0	0	0	0	1.0	0	2.0	0	0	0	0	0	0	0	0	0	0	0	0	0	1.0	0	0	0	0	0	0	0	0	0	0	0	4.0	0	0	0	0	0	0	0	0	0	0	0	0	0	0	0	0	0	0	0	0	0	0	0	0	0	0	0	0	0	0	0	0	0	0	0	0	0	0	0	0	0	0	0	0	0	0	0	0	0	0	0	0	0	0	0	0	0	0	0	0	0	0	0	0	0	0	0	0	0	0	0	0	0	0	0	0	0	0	0	0	0	0	0	0	0
sk__Bacteria;k__;p__Candidatus_Gracilibacteria;c__;o__;f__;g__;s__Gracilibacteria_bacterium_oral_taxon_871	0	0	0	0	0	0	0	0	0	0	0	0	0	0	0	0	0	0	0	0	0	0	0	0	0	0	0	0	0	0	0	0	0	0	0	0	0	0	0	0	0	0	0	0	0	0	0	0	0	0	0	0	0	0	0	0	0	0	0	0	0	0	0	0	0	0	0	0	0	0	0	0	0	0	0	0	0	0	0	0	3.0	0	0	0	0	0	0	0	0	0	0	0	2.0	0	0	0	0	0	0	0	0	0	0	0	0	0	0	0	0	0	0	0	0	0	0	0	0	0	0	0	0	0	0	0	0	0	0	0	0	0	0	0	0	0	0	0	0	0	0	0	0	0	0	0	0	0	0	0	0	0	0	0	0	0	0	0	0	0	0	0	0	0	0	0	0	0	0	0	0	0	0	0	0	0	0	0	0	0
sk__Bacteria;k__;p__Candidatus_Gracilibacteria;c__;o__;f__;g__;s__Gracilibacteria_bacterium_oral_taxon_872	0	0	0	0	0	0	0	0	0	0	0	0	0	0	0	0	0	0	0	0	0	0	0	0	0	0	0	0	0	0	0	0	0	0	0	0	0	0	0	0	0	0	0	0	0	0	0	0	0	0	0	0	0	0	0	0	0	0	0	0	0	0	0	0	0	0	0	0	0	0	0	0	0	0	0	0	0	0	0	0	1.0	0	0	0	0	0	0	0	0	0	0	0	0	0	0	0	0	0	0	0	0	0	0	0	0	0	0	0	0	0	0	0	0	0	0	0	0	0	0	0	0	0	0	0	0	0	0	0	0	0	0	0	0	0	0	0	0	0	0	0	0	0	0	0	0	0	0	0	0	0	0	0	0	0	0	0	0	0	0	0	0	0	0	0	0	0	0	0	0	0	0	0	0	0	0	0	0	0
sk__Bacteria;k__;p__Candidatus_Gracilibacteria;c__;o__;f__;g__;s__Gracilibacteria_bacterium_oral_taxon_873	0	0	0	0	0	0	0	0	0	0	0	0	0	0	0	0	0	0	0	0	0	0	0	0	0	0	0	0	0	0	0	0	0	0	0	0	0	0	0	0	0	0	0	0	0	0	0	0	0	0	0	0	0	0	0	0	0	0	0	0	0	0	0	0	0	0	0	0	0	0	0	0	0	0	0	0	0	0	0	0	0	0	0	0	0	0	0	0	0	0	0	0	0	0	0	0	0	0	0	0	0	0	0	0	0	0	1.0	0	3.0	0	0	0	0	0	0	0	0	0	0	0	0	0	0	0	0	0	0	0	0	0	0	0	0	0	0	0	0	0	0	0	0	0	0	0	0	0	0	0	0	0	0	0	0	0	0	0	0	0	0	0	0	0	0	0	0	0	0	0	0	0	0	0	0	0	0	0	0	0
sk__Bacteria;k__;p__Candidatus_Kaiserbacteria	1.0	0	0	0	0	0	0	0	1.0	0	0	0	0	0	0	0	0	0	0	0	0	0	0	0	0	0	0	0	0	3.0	0	0	0	0	0	3.0	0	0	0	0	0	0	0	13.0	0	1.0	0	2.0	1.0	0	0	0	0	0	0	0	0	0	0	0	0	0	0	1.0	0	0	0	0	0	0	0	1.0	0	0	0	1.0	0	0	0	0	0	0	0	0	0	0	0	0	0	0	0	0	0	0	0	0	0	0	0	1.0	0	0	0	0	0	0	0	0	0	0	0	0	0	0	0	0	0	0	0	0	0	0	0	1.0	0	0	0	2.0	0	0	0	4.0	0	0	0	0	0	1.0	0	0	0	0	0	0	0	0	0	0	0	0	0	0	0	0	0	0	0	0	0	0	0	0	0	0	0	0	0	0	0	0	0	0	0	0	0	0	0	0
sk__Bacteria;k__;p__Candidatus_Magasanikbacteria	0	0	0	0	0	0	0	0	0	0	0	0	0	0	0	0	0	0	0	0	0	0	0	0	0	0	0	0	0	0	0	0	0	0	0	0	0	0	0	0	0	0	0	0	0	0	0	0	0	0	0	0	0	0	0	0	0	0	0	0	0	0	0	0	0	0	0	0	0	0	0	0	0	0	0	0	0	0	0	0	0	0	0	0	0	0	0	0	0	0	0	0	0	0	0	0	0	0	0	0	0	0	0	0	0	0	0	1.0	0	0	0	0	0	0	0	0	0	0	0	0	0	0	0	0	0	0	0	0	0	0	0	0	0	0	0	0	0	0	0	0	0	0	0	0	0	0	0	0	0	0	0	0	0	0	0	0	0	0	0	0	0	0	0	0	0	0	0	0	0	0	0	0	0	0	0	0	0	0
sk__Bacteria;k__;p__Candidatus_Melainabacteria;c__;o__Candidatus_Obscuribacterales;f__;g__Candidatus_Obscuribacter;s__Candidatus_Obscuribacter_phosphatis	0	0	0	0	0	0	0	0	0	0	0	0	0	0	0	0	0	0	0	0	0	0	0	0	0	0	0	0	0	0	0	0	0	0	0	0	0	0	0	0	0	0	0	0	0	0	0	0	0	0	0	0	0	0	0	0	0	0	0	0	0	0	0	0	0	0	0	0	0	0	0	0	0	0	0	0	0	0	0	0	0	0	0	0	0	0	0	0	0	0	0	0	0	0	0	0	0	0	0	0	0	0	0	0	0	0	0	0	0	0	0	0	0	0	0	0	0	0	0	0	0	0	0	0	0	0	0	2.0	0	0	0	0	0	0	0	0	0	0	0	0	0	0	0	0	0	0	0	0	0	0	0	0	0	0	0	0	0	0	0	0	0	0	0	0	0	0	0	0	0	0	0	0	0	0	0	0	0	0
sk__Bacteria;k__;p__Candidatus_Nomurabacteria	0	0	5.0	0	0	0	0	0	0	0	1.0	0	0	0	0	0	0	0	0	0	0	0	0	0	0	0	0	0	0	0	0	0	0	0	0	1.0	0	0	0	0	0	0	0	3.0	0	0	0	1.0	0	0	0	0	0	0	0	0	0	0	0	0	0	0	0	0	0	0	0	0	0	1.0	0	0	0	0	0	0	0	0	0	0	0	0	0	0	0	0	0	0	0	0	0	2.0	0	0	0	0	0	0	0	0	0	0	0	0	0	0	0	0	1.0	0	0	0	0	0	0	0	0	0	0	0	0	0	0	0	0	0	0	0	0	0	0	0	0	0	0	0	0	0	0	0	0	0	0	0	0	0	0	0	0	0	0	0	0	0	0	0	0	0	0	0	0	0	0	0	0	0	0	0	0	0	0	0	0	0	0	0	0	0
sk__Bacteria;k__;p__Candidatus_Nomurabacteria;c__;o__;f__;g__;s__Candidatus_Nomurabacteria_bacterium_RIFCSPHIGHO2_02_FULL_38_15	0	0	0	0	0	0	0	0	1.0	0	0	0	0	0	0	0	0	0	0	0	0	0	0	0	0	0	0	0	0	0	0	0	0	0	0	0	0	0	0	0	0	0	0	0	0	0	0	0	0	0	0	0	0	0	0	0	0	0	0	0	0	0	0	0	0	0	0	0	0	0	0	0	0	0	0	0	0	0	0	0	0	0	0	0	0	0	0	0	0	0	0	0	0	0	0	0	0	0	0	0	0	0	0	0	0	0	0	2.0	0	0	0	0	0	0	0	0	0	0	0	0	0	0	0	0	0	0	0	0	0	0	0	0	0	0	0	0	0	0	0	0	0	0	0	0	0	0	0	0	0	0	0	0	0	0	0	0	0	0	0	0	0	0	0	0	0	0	0	0	0	0	0	0	0	0	0	0	0	0
sk__Bacteria;k__;p__Candidatus_Omnitrophica;c__;o__;f__;g__Candidatus_Omnitrophus	0	0	0	0	0	0	0	0	0	0	0	0	0	0	0	0	0	0	0	0	0	0	0	0	0	0	0	0	0	0	0	0	0	0	0	0	0	0	0	0	0	0	0	0	0	0	0	0	0	0	0	0	0	0	1.0	0	0	0	0	0	0	0	0	0	0	0	0	0	0	0	0	0	0	0	0	0	0	0	0	0	0	0	0	0	0	0	0	0	0	0	0	0	0	0	0	0	0	0	0	0	0	0	0	0	0	0	0	0	0	0	0	0	0	0	0	0	0	0	0	0	0	0	0	0	0	0	0	0	0	0	0	0	0	0	0	0	0	0	0	0	0	0	0	0	0	0	0	0	0	0	0	0	0	0	0	0	0	0	0	0	0	0	0	0	0	0	0	0	0	0	0	0	0	0	0	0	0	0
sk__Bacteria;k__;p__Candidatus_Peregrinibacteria	0	0	0	0	0	0	0	0	0	0	0	0	0	0	0	0	0	0	0	0	1.0	0	0	0	0	0	0	0	0	0	0	0	0	0	0	0	0	0	0	0	0	0	0	0	0	0	0	0	0	0	0	0	0	0	0	0	0	0	0	0	0	0	0	0	0	0	0	0	0	0	0	0	0	0	0	0	0	0	0	0	0	0	0	0	0	0	0	0	0	0	0	0	0	0	0	0	0	0	0	0	0	0	0	0	0	0	0	0	0	0	0	0	0	0	0	0	0	0	0	0	0	0	0	0	0	0	0	2.0	0	0	0	0	0	0	0	0	0	0	0	0	0	0	0	0	0	0	0	0	0	0	0	0	0	0	0	0	0	0	0	0	0	0	0	0	0	0	0	0	0	0	0	0	0	0	0	0	0	0
sk__Bacteria;k__;p__Candidatus_Peregrinibacteria;c__Candidatus_Peribacteria	0	0	0	0	0	0	0	0	0	0	0	0	0	0	0	0	0	0	0	0	1.0	0	0	0	0	0	0	0	0	0	0	0	0	0	0	0	0	0	0	0	0	0	0	0	0	0	0	0	0	0	0	0	0	0	0	0	0	0	0	0	0	0	0	0	0	0	0	0	0	0	0	0	0	0	0	0	0	0	0	0	0	0	0	0	0	0	0	0	0	0	0	0	0	0	0	0	0	0	0	0	0	0	0	0	0	0	0	0	0	0	0	0	0	0	0	0	0	0	0	0	0	0	0	0	0	0	0	0	0	0	0	0	0	0	0	0	0	0	0	0	0	0	0	0	0	0	0	0	0	0	0	0	0	0	0	0	0	0	0	0	0	0	0	0	0	0	0	0	0	0	0	0	0	0	0	0	0	0
sk__Bacteria;k__;p__Candidatus_Saccharibacteria	0	0	0	0	0	0	38.0	0	0	0	0	1.0	0	0	1.0	0	0	0	0	153.0	0	7.0	0	1.0	0	1.0	0	1.0	0	0	0	1.0	0	0	1.0	1.0	0	0	0	0	0	0	0	0	0	0	0	2.0	0	3.0	0	0	0	0	0	0	1.0	0	0	2.0	0	19.0	0	5.0	0	1.0	0	0	1.0	132.0	1.0	18.0	0	143.0	0	3.0	0	28.0	0	17.0	0	101.0	0	14.0	0	150.0	0	22.0	0	23.0	0	5.0	0	92.0	0	16.0	0	0	0	0	0	0	0	142.0	1.0	1.0	0	0	0	96.0	1.0	0	0	42.0	0	0	0	163.0	0	78.0	0	0	0	6.0	1.0	2.0	0	2.0	0	31.0	0	4.0	0	0	0	4.0	0	0	0	0	0	512.0	0	13.0	0	0	44.0	0	3.0	0	436.0	0	41.0	0	35.0	0	347.0	0	26.0	0	0	0	169.0	1.0	20.0	0	18.0	0	3.0	0	0	0	0	0	39.0	11.0	10.0	12.0
sk__Bacteria;k__;p__Candidatus_Saccharibacteria;c__;o__;f__;g__;s__TM7_phylum_sp._canine_oral_taxon_251	0	0	0	0	0	0	0	0	0	0	0	0	0	0	0	0	0	0	0	0	0	0	0	0	0	0	0	0	0	0	0	0	0	0	0	0	0	0	0	0	0	0	0	0	0	0	0	0	0	0	0	0	0	0	0	0	0	0	0	0	0	0	0	0	0	0	0	0	0	0	0	0	0	0	0	0	0	0	0	0	8.0	0	1.0	0	0	0	0	0	0	0	11.0	0	8.0	0	0	0	0	0	0	0	0	0	1.0	0	7.0	0	5.0	0	1.0	0	0	0	0	0	0	0	0	0	0	0	0	0	0	0	0	0	0	0	0	0	0	0	0	0	0	0	0	0	0	0	0	0	0	0	0	0	0	0	0	0	0	0	0	0	0	0	0	0	0	0	0	0	0	0	0	0	0	2.0	0	0	0	0	0	0	0	1.0	0	0
sk__Bacteria;k__;p__Candidatus_Saccharibacteria;c__;o__;f__;g__;s__TM7_phylum_sp._canine_oral_taxon_308	0	0	0	0	0	0	0	0	0	0	0	0	0	0	0	0	0	0	0	0	0	0	0	0	0	0	0	0	0	0	0	0	0	0	0	0	0	0	0	0	0	0	0	0	0	0	0	0	0	0	0	0	0	0	0	0	0	0	0	0	0	0	0	0	0	0	0	0	2.0	0	1.0	0	0	0	0	0	0	0	0	0	0	0	2.0	0	2.0	0	0	0	1.0	0	0	0	0	0	0	0	0	0	0	0	0	0	2.0	0	0	0	1.0	0	0	0	0	0	0	0	0	0	0	0	0	0	0	0	0	0	0	0	0	0	0	0	0	0	0	0	0	0	0	0	0	0	0	0	0	0	0	0	0	0	0	0	0	0	0	0	0	0	0	0	0	0	0	0	0	0	0	0	0	0	0	0	0	0	0	0	0	8.0	0	28.0
sk__Bacteria;k__;p__Candidatus_Saccharibacteria;c__;o__;f__;g__;s__TM7_phylum_sp._oral_clone_BU080	0	0	0	0	0	0	0	0	0	0	0	0	0	0	0	0	0	0	0	4.0	0	0	0	0	0	0	0	0	0	0	0	0	0	0	0	0	0	0	0	0	0	0	0	0	0	0	0	0	0	0	0	0	0	0	0	0	0	0	0	0	0	0	0	0	0	0	0	1.0	0	2.0	0	0	0	0	0	0	0	0	0	0	0	2.0	0	0	0	1.0	0	0	0	0	0	0	0	0	0	0	0	0	0	0	0	0	0	1.0	0	0	0	0	0	2.0	0	0	0	0	0	0	0	0	0	0	0	0	0	0	0	0	0	0	0	0	0	0	0	0	0	0	0	0	0	0	0	0	0	0	0	0	0	0	0	0	0	0	0	0	0	0	0	0	0	0	0	0	5.0	0	0	0	0	0	0	0	0	0	0	0	0	0	0	0
sk__Bacteria;k__;p__Candidatus_Saccharibacteria;c__;o__;f__;g__;s__TM7_phylum_sp._oral_clone_CW040	0	0	0	0	0	0	0	0	0	0	0	0	0	0	0	0	0	0	0	0	0	0	0	0	0	0	0	0	0	0	0	0	0	0	0	0	0	0	0	0	0	0	0	0	0	7.0	1.0	0	0	0	0	0	0	0	0	0	0	0	0	0	0	0	0	0	0	0	0	0	0	3.0	3.0	1.0	0	0	1.0	0	0	0	1.0	0	0	0	0	0	0	0	0	2.0	0	0	0	0	2.0	0	0	0	0	0	0	0	0	0	0	0	0	0	0	0	0	0	0	0	0	0	0	0	0	0	0	0	0	0	0	0	0	0	0	0	0	0	0	0	0	0	0	0	0	0	0	0	0	0	0	0	0	0	0	0	0	0	1.0	0	0	0	0	0	0	0	0	0	0	0	0	0	0	0	0	0	0	0	0	0	0	0	3.0	0	0	0
sk__Bacteria;k__;p__Candidatus_Saccharibacteria;c__;o__;f__;g__;s__TM7_phylum_sp._oral_clone_HD027	0	0	0	0	0	0	0	0	0	0	0	0	0	1.0	0	0	0	0	0	0	0	0	0	0	0	0	0	0	0	0	0	0	0	0	0	0	0	0	0	0	0	0	0	0	0	0	0	0	0	0	0	0	0	0	0	0	0	0	0	0	0	0	0	0	0	0	0	0	0	0	0	0	0	0	0	0	0	0	0	0	0	0	0	0	0	0	0	0	0	0	0	0	0	0	0	0	0	0	0	0	0	0	0	0	0	0	0	0	0	0	0	0	0	0	0	0	0	0	0	0	0	0	0	0	0	0	0	0	0	0	0	0	0	0	0	0	0	0	0	0	0	0	0	0	0	0	0	0	0	0	0	0	0	0	0	0	0	0	0	0	0	0	0	0	0	0	0	0	0	0	0	0	0	0	0	0	0	0
sk__Bacteria;k__;p__Candidatus_Saccharibacteria;c__;o__;f__;g__Candidatus_Saccharimonas	0	0	0	0	0	0	4.0	2.0	0	0	4.0	6.0	0	0	0	0	0	0	0	18.0	1.0	0	0	0	2.0	9.0	3.0	23.0	3.0	0	1.0	0	0	1.0	0	0	0	0	0	0	0	0	0	0	0	16.0	2.0	0	0	0	0	1.0	1.0	1.0	0	0	0	0	0	0	0	0	8.0	0	11.0	0	0	19.0	1.0	7.0	12.0	6.0	3.0	19.0	0	0	1.0	3.0	8.0	19.0	18.0	7.0	1.0	9.0	5.0	12.0	2.0	18.0	14.0	8.0	0	15.0	14.0	2.0	0	3.0	0	0	0	0	0	14.0	0	28.0	3.0	3.0	0	1.0	0	19.0	3.0	0	0	0	0	0	0	46.0	14.0	6.0	0	0	0	0	0	0	0	0	1.0	0	0	0	0	0	0	0	0	0	0	0	0	3.0	0	1.0	0	0	0	0	1.0	0	53.0	1.0	0	0	0	0	75.0	4.0	1.0	1.0	9.0	0	0	0	0	0	32.0	0	10.0	0	27.0	14.0	10.0	7.0	78.0	0	70.0	0
sk__Bacteria;k__;p__Candidatus_Staskawiczbacteria	0	0	1.0	0	0	0	0	0	0	0	0	0	0	0	0	0	0	0	0	0	0	0	0	0	0	0	0	0	0	0	1.0	0	0	0	0	0	0	0	0	0	0	0	0	0	0	0	0	0	0	0	0	0	0	0	0	0	0	0	0	0	0	0	0	0	0	0	0	0	0	0	0	0	0	0	0	0	0	0	0	0	0	0	0	0	0	0	0	0	0	0	0	0	0	0	0	0	0	0	0	0	0	0	0	0	0	0	0	0	0	0	0	0	0	0	0	0	0	0	0	0	0	0	0	0	0	0	0	0	0	0	0	0	0	0	0	0	0	0	0	0	0	0	0	0	0	0	0	0	0	0	0	0	0	0	0	0	0	0	0	0	0	0	0	0	0	0	0	0	0	0	0	0	0	0	0	0	0	0
sk__Bacteria;k__;p__Candidatus_Vogelbacteria	0	0	0	0	0	0	0	0	0	0	0	0	0	0	0	0	0	0	0	0	0	0	0	0	0	0	0	0	0	0	0	0	0	0	0	0	0	0	0	0	0	0	0	0	0	0	0	0	0	0	0	0	0	0	0	0	0	0	0	0	0	0	0	0	0	0	0	0	0	0	0	0	0	0	0	0	0	0	0	0	0	0	0	0	0	0	0	0	0	0	0	0	0	0	0	0	0	0	0	0	0	0	0	0	0	0	0	0	0	0	0	0	0	0	0	0	0	0	0	0	0	0	0	0	0	0	0	0	0	0	0	0	0	0	0	0	0	0	0	0	0	0	0	0	0	0	0	0	0	0	0	0	0	0	0	0	0	0	0	0	0	0	0	0	0	0	0	0	0	0	0	0	2.0	0	0	0	0	0
sk__Bacteria;k__;p__Candidatus_Zambryskibacteria	0	0	0	0	0	0	0	0	0	0	0	0	0	0	0	0	0	0	0	0	0	0	0	0	0	0	0	0	0	0	0	0	0	0	0	0	0	0	0	0	0	0	0	2.0	0	0	0	1.0	0	0	0	0	0	0	0	0	0	0	0	0	0	0	0	0	0	0	0	0	0	0	0	0	0	0	0	0	0	0	0	0	0	0	0	0	0	0	0	0	0	0	0	0	0	0	0	0	0	0	0	0	0	0	0	0	0	0	0	0	0	0	0	0	0	0	0	0	0	0	0	0	0	0	0	0	0	0	0	1.0	0	0	0	1.0	0	0	0	0	0	0	0	0	0	0	0	0	0	0	0	0	0	0	0	0	0	0	0	0	0	0	0	0	0	0	0	0	0	0	0	0	0	0	0	0	0	0	0	0	0	0
sk__Bacteria;k__;p__Chlamydiae;c__Chlamydiia;o__Chlamydiales	0	0	0	0	0	0	0	0	0	0	0	0	0	0	0	0	0	0	0	0	0	0	0	0	0	0	0	0	0	0	0	0	0	0	0	0	0	0	0	0	0	0	0	0	0	0	0	0	0	0	0	0	0	0	0	0	0	0	0	0	0	0	0	0	0	0	0	0	0	0	0	0	0	0	0	0	0	0	0	0	0	0	0	0	0	0	0	0	0	0	0	0	0	0	0	0	0	0	0	0	0	0	0	0	0	0	0	0	0	0	0	0	0	0	0	0	0	0	0	0	0	0	0	0	0	0	0	0	0	0	0	1.0	0	0	0	0	0	0	0	0	0	0	0	0	0	0	0	0	1.0	0	0	0	0	0	0	0	0	0	0	0	0	0	0	0	0	0	0	0	0	0	0	0	0	0	0	0	0	0
sk__Bacteria;k__;p__Chlamydiae;c__Chlamydiia;o__Chlamydiales;f__Chlamydiaceae;g__Chlamydia	0	0	0	0	0	0	0	0	0	0	0	0	0	0	0	0	0	0	0	0	0	0	0	0	0	0	0	0	0	0	0	0	0	0	0	0	0	0	0	0	0	0	0	0	0	0	0	0	0	0	0	0	0	0	0	0	0	0	0	0	0	0	0	0	0	0	0	0	0	0	0	0	0	0	0	0	0	0	0	0	0	0	0	0	0	0	0	0	0	0	0	0	0	0	0	0	0	0	0	0	0	0	0	0	0	0	0	0	0	0	0	0	0	0	0	0	0	0	0	0	0	0	0	0	0	0	0	0	0	0	0	0	0	0	0	0	0	0	0	0	0	0	0	0	0	0	0	0	0	0	0	0	0	0	0	0	0	0	0	0	0	0	0	0	0	0	0	0	0	0	0	0	0	0	1.0	0	0	0
sk__Bacteria;k__;p__Chlamydiae;c__Chlamydiia;o__Parachlamydiales	0	0	0	0	0	0	0	0	0	0	0	0	0	0	0	0	0	0	0	0	0	0	0	2.0	0	0	0	0	0	0	0	0	0	0	0	0	0	0	0	0	0	0	0	0	0	0	0	1.0	0	0	0	0	0	0	0	0	0	0	0	0	0	0	0	0	0	0	0	0	0	0	0	0	0	0	0	0	0	0	0	0	0	0	0	0	0	0	0	0	0	0	0	0	0	1.0	0	0	0	0	0	0	0	0	0	0	0	0	0	0	0	0	0	0	0	0	0	0	0	0	0	0	0	0	0	0	0	0	0	0	0	0	0	0	0	0	0	0	0	0	0	0	0	0	0	0	0	0	0	0	0	0	0	0	0	0	0	0	0	0	0	0	0	0	0	0	0	0	0	0	0	0	0	0	0	0	0	0	0	0
sk__Bacteria;k__;p__Chlamydiae;c__Chlamydiia;o__Parachlamydiales;f__Parachlamydiaceae	0	0	0	0	0	0	0	0	0	0	0	0	0	0	0	0	0	0	0	0	0	0	0	0	0	0	0	0	0	0	0	0	0	0	0	0	0	0	0	0	0	0	0	2.0	0	0	0	0	0	1.0	0	0	0	0	0	0	0	0	0	0	0	0	0	0	0	0	0	0	0	0	0	0	0	0	0	0	0	0	0	0	0	0	0	0	0	0	0	0	0	0	0	0	0	0	0	0	0	0	0	0	0	0	0	0	0	0	0	0	0	0	0	0	0	0	0	0	0	0	0	0	0	0	0	0	0	0	0	0	0	0	0	0	0	0	0	0	0	0	0	1.0	0	0	0	0	0	0	0	0	0	0	0	0	0	0	0	0	0	0	0	0	0	0	0	0	0	0	0	0	0	0	0	0	0	0	0	0	0	0
sk__Bacteria;k__;p__Chlamydiae;c__Chlamydiia;o__Parachlamydiales;f__Parachlamydiaceae;g__Neochlamydia	0	0	0	0	0	0	0	0	0	0	0	0	0	0	0	0	0	0	0	0	0	0	0	0	0	0	0	0	0	0	0	0	0	0	0	0	0	0	0	0	0	0	0	2.0	0	0	0	0	0	0	0	0	0	0	0	0	0	0	0	0	0	0	0	0	0	0	0	0	0	0	0	0	0	0	0	0	0	0	0	0	0	0	0	0	0	0	0	0	0	0	0	0	0	0	0	0	0	0	0	0	0	0	0	0	0	0	0	0	0	0	0	0	0	0	0	0	0	0	0	0	0	0	0	1.0	0	0	0	0	0	0	0	0	0	0	0	0	0	0	0	1.0	0	0	0	0	0	0	0	0	0	0	0	0	0	0	0	0	0	0	0	0	0	0	0	0	0	0	0	0	0	0	0	0	0	0	0	0	0	0
sk__Bacteria;k__;p__Chlamydiae;c__Chlamydiia;o__Parachlamydiales;f__Simkaniaceae	0	0	1.0	0	2.0	0	0	0	0	0	0	0	0	0	0	0	0	0	0	0	0	0	0	0	0	0	0	0	0	0	0	0	0	0	0	0	0	0	0	0	0	0	0	0	0	0	0	0	0	0	0	0	0	0	0	0	0	0	0	0	0	0	0	0	0	0	0	0	0	0	0	0	0	0	0	0	0	0	0	0	0	0	0	0	0	0	0	0	0	0	0	0	0	0	0	0	0	0	0	0	0	0	0	0	0	0	0	0	0	0	0	0	0	0	0	0	0	0	0	0	0	0	0	0	0	0	0	0	0	0	0	0	0	0	0	0	0	0	0	0	0	0	0	0	0	0	0	0	0	0	0	0	0	0	0	0	0	0	0	0	0	0	0	0	0	0	0	0	0	0	0	0	0	0	0	0	0	0
sk__Bacteria;k__;p__Chloroflexi	0	0	0	0	0	0	0	0	0	0	0	0	0	0	0	0	0	0	0	0	0	0	0	0	0	1.0	0	0	0	0	0	0	0	0	0	0	0	0	0	0	0	0	0	2.0	0	0	0	0	0	0	0	0	0	0	0	0	0	0	0	0	0	2.0	3.0	0	0	0	0	1.0	0	0	0	0	0	1.0	0	0	0	0	0	0	0	0	4.0	0	0	0	1.0	1.0	3.0	0	1.0	0	0	0	0	0	0	0	0	0	0	6.0	3.0	0	0	0	0	0	0	0	0	0	0	0	2.0	0	0	0	0	0	0	0	0	0	0	0	0	0	0	9.0	3.0	0	0	0	0	0	0	1.0	3.0	0	0	0	0	0	0	0	0	0	0	0	18.0	8.0	4.0	0	0	1.0	0	1.0	1.0	0	0	0	3.0	2.0	4.0	2.0	4.0	3.0	0	0	0	0	0	0	1.0	1.0	1.0	0
sk__Bacteria;k__;p__Chloroflexi;c__;o__;f__;g__;s__Chloroflexi_bacterium_human_oral_taxon_HOT-439	0	0	0	0	0	0	0	0	0	0	0	0	0	0	0	0	0	0	0	0	0	0	0	0	0	0	0	0	0	0	0	0	0	0	0	0	0	0	0	0	0	0	0	0	0	0	0	0	0	0	0	0	0	0	0	0	0	0	0	0	0	0	0	0	0	0	0	0	0	0	0	0	0	0	0	0	0	0	0	0	0	0	0	0	0	0	0	0	0	0	0	0	0	0	0	0	0	0	0	0	0	0	0	0	0	0	0	0	0	0	0	0	0	0	0	0	0	0	0	0	0	0	0	0	0	0	0	0	0	0	0	0	0	0	0	0	0	0	0	0	0	0	0	0	0	0	0	0	0	0	1.0	0	0	0	0	0	0	0	0	0	0	0	0	0	0	0	0	0	0	0	0	0	0	0	0	0	0	0
sk__Bacteria;k__;p__Chloroflexi;c__;o__;f__;g__;s__green_non-sulfur_bacterium_B1-5	0	0	0	0	0	0	0	0	0	0	0	0	0	0	0	0	0	0	0	0	0	0	0	0	0	0	0	0	0	0	0	0	0	0	0	0	0	0	0	0	0	0	0	0	0	0	0	0	0	0	0	0	0	0	0	0	0	0	0	0	0	0	0	0	0	0	0	0	0	0	0	0	0	0	0	0	0	0	0	0	0	0	0	0	0	0	0	0	0	0	0	0	0	0	0	0	0	0	0	0	0	0	0	0	0	0	0	0	0	0	0	0	0	0	0	0	0	0	0	0	0	0	0	0	0	0	0	0	0	0	0	1.0	0	0	0	0	0	0	0	0	0	0	0	0	0	0	0	0	0	0	0	0	0	0	0	0	0	0	0	0	0	0	0	0	0	0	0	0	0	0	0	0	0	0	0	0	0	0
sk__Bacteria;k__;p__Chloroflexi;c__Anaerolineae	0	0	0	0	0	0	0	0	0	0	0	0	0	0	0	0	0	0	0	0	0	0	0	0	0	0	0	0	0	0	0	0	0	0	0	0	0	0	0	0	0	0	0	0	0	0	0	0	0	0	0	0	0	0	0	0	0	0	0	0	0	0	0	0	0	0	0	0	0	0	0	0	0	1.0	0	0	0	0	0	1.0	0	0	0	1.0	0	2.0	0	0	0	2.0	0	0	0	0	0	0	0	0	0	0	0	4.0	0	0	0	0	0	0	0	0	0	1.0	0	0	0	0	0	0	0	0	0	0	0	0	0	0	0	0	0	3.0	0	0	0	0	0	0	0	2.0	0	0	0	0	0	0	0	0	0	0	0	0	9.0	0	2.0	0	0	0	0	0	0	0	0	0	2.0	0	1.0	0	2.0	0	0	0	0	0	0	0	3.0	0	1.0	0
sk__Bacteria;k__;p__Chloroflexi;c__Anaerolineae;o__Anaerolineales;f__Anaerolineaceae	0	0	0	0	0	0	0	0	0	0	0	0	0	0	0	0	0	0	0	0	0	0	0	0	0	0	0	0	0	0	0	0	0	0	0	0	0	0	0	0	0	0	0	0	0	0	0	0	0	0	0	0	0	0	0	0	0	0	0	0	1.0	1.0	1.0	0	0	0	0	1.0	0	0	0	0	0	0	1.0	0	0	0	0	0	0	1.0	2.0	0	0	0	0	0	0	2.0	0	0	0	0	0	0	0	0	0	0	0	3.0	0	0	0	0	0	0	3.0	0	0	0	0	0	0	0	0	0	0	0	0	0	0	0	0	0	0	0	0	0	2.0	0	0	0	0	0	0	2.0	1.0	0	0	0	0	0	0	0	0	0	0	0	10.0	3.0	0	0	0	0	0	0	1.0	0	0	0	0	0	0	0	1.0	1.0	0	0	0	0	0	0	0	0	0	0
sk__Bacteria;k__;p__Chloroflexi;c__Anaerolineae;o__Anaerolineales;f__Anaerolineaceae;g__Flexilinea	0	0	0	0	0	0	0	0	0	0	0	0	0	0	0	0	0	0	0	0	0	0	0	0	0	0	0	0	0	0	0	0	0	0	0	0	0	0	0	0	0	0	0	0	0	0	0	0	0	0	0	0	0	0	0	0	0	0	0	0	0	0	0	0	0	0	0	0	0	0	0	0	0	0	0	0	0	0	0	0	0	0	0	0	0	0	1.0	0	0	1.0	3.0	0	0	0	0	0	0	0	0	0	0	0	0	0	0	0	0	0	0	0	0	0	0	0	0	0	0	0	0	0	0	0	0	0	0	0	0	0	0	0	0	0	0	0	0	0	0	0	0	0	0	0	0	0	0	0	0	0	0	0	0	0	0	0	0	0	0	0	0	0	0	0	0	0	0	0	0	0	0	0	0	0	0	0	0	0	0	1.0
sk__Bacteria;k__;p__Chloroflexi;c__Caldilineae;o__Caldilineales;f__Caldilineaceae	0	0	0	0	0	0	0	0	0	0	0	0	0	0	0	0	0	0	0	0	0	0	0	0	0	0	0	0	0	0	0	0	0	0	0	0	0	0	0	0	0	0	0	2.0	0	0	0	0	0	0	0	0	0	0	0	0	0	0	0	0	0	0	0	0	0	0	0	0	0	0	0	0	0	0	0	0	0	0	0	0	0	0	0	0	0	0	0	0	0	0	0	0	0	0	0	0	0	0	0	0	0	0	0	0	0	0	0	0	0	0	0	0	0	0	0	0	0	0	0	0	0	0	0	0	0	0	0	0	0	0	0	0	0	0	0	0	0	0	0	0	0	0	0	0	0	0	0	0	0	0	0	0	0	0	0	0	0	0	0	0	0	0	0	0	0	0	0	0	0	0	0	0	0	0	0	0	0	0
sk__Bacteria;k__;p__Chloroflexi;c__Chloroflexia;o__Chloroflexales;f__Chloroflexaceae	0	0	0	0	0	0	0	0	0	0	0	0	0	0	0	0	0	0	0	0	0	0	0	0	0	0	0	0	0	0	0	0	0	0	0	0	0	0	0	0	0	0	0	0	0	0	0	0	0	0	0	0	0	0	0	0	0	0	0	0	0	0	0	0	0	0	0	0	0	0	0	0	0	0	0	0	0	0	0	0	0	0	0	0	0	0	0	0	0	0	0	0	0	0	0	0	0	0	0	0	0	0	0	0	0	0	0	0	0	0	0	0	0	0	0	0	0	0	0	0	0	0	0	0	0	0	0	0	0	0	0	1.0	0	0	0	0	0	0	0	0	0	0	0	0	0	0	0	0	0	0	0	0	0	0	0	0	0	0	0	0	0	0	0	0	0	0	0	0	0	0	0	0	0	0	0	0	0	0
sk__Bacteria;k__;p__Chloroflexi;c__Thermomicrobia;o__Thermomicrobiales	0	0	0	0	0	0	0	0	0	0	0	0	0	0	0	0	0	0	0	0	0	0	0	0	0	0	0	0	0	0	0	0	0	0	0	0	0	0	0	0	0	0	0	0	0	0	0	0	0	0	0	0	0	0	0	0	0	0	1.0	0	0	0	0	0	0	0	0	0	0	0	0	0	0	0	0	0	0	0	0	0	0	0	0	0	0	0	0	0	0	0	0	0	0	0	0	0	0	0	0	0	0	0	0	0	0	0	0	1.0	0	0	0	0	0	0	0	0	0	0	0	0	0	0	0	0	0	0	0	0	0	0	0	0	0	0	0	0	0	0	0	0	0	0	0	0	0	0	0	0	0	0	0	0	0	0	0	0	0	0	0	0	0	0	0	0	0	0	0	0	0	0	0	0	0	0	0	0	0	0
sk__Bacteria;k__;p__Cyanobacteria	0	0	0	1.0	0	0	0	0	0	0	0	0	0	0	0	0	0	0	0	0	0	0	0	0	0	0	0	0	0	0	1.0	0	0	0	0	0	0	0	0	0	0	0	0	0	6.0	0	0	0	0	0	0	0	0	0	0	0	0	0	0	0	0	0	0	0	0	0	0	0	0	0	0	0	0	0	0	0	0	0	0	0	0	0	0	1.0	0	0	0	0	0	0	0	0	0	0	0	0	0	0	0	0	0	0	0	0	1.0	0	0	0	0	0	0	0	0	0	0	0	0	0	0	0	0	0	0	0	0	0	0	0	0	0	0	0	0	0	0	0	0	0	0	0	0	0	0	0	0	0	0	0	0	0	0	0	0	0	0	0	0	0	0	0	0	0	0	0	0	0	0	0	0	0	0	0	0	0	0	0	0	0
sk__Bacteria;k__;p__Cyanobacteria;c__;o__Nostocales	0	0	19.0	0	0	1.0	0	0	0	0	0	0	0	0	0	0	0	0	0	0	0	0	0	0	0	0	0	0	0	0	0	0	0	0	0	0	0	0	0	0	0	0	0	0	0	0	0	0	0	0	0	0	0	0	0	0	0	0	0	0	0	0	0	0	0	0	0	0	0	0	0	0	0	0	0	0	0	0	0	0	0	0	0	0	0	0	0	0	0	0	0	0	0	0	0	0	0	0	0	0	0	0	0	0	0	0	0	0	0	0	0	0	0	0	0	0	0	0	0	0	0	0	0	0	0	0	0	0	0	0	0	0	0	0	0	0	0	0	0	0	0	0	0	0	0	0	0	0	0	0	0	0	0	0	0	0	0	0	0	0	0	0	0	0	0	0	0	0	0	0	0	0	0	0	0	0	0	0
sk__Bacteria;k__;p__Cyanobacteria;c__;o__Nostocales;f__Nostocaceae	0	0	1.0	0	0	0	0	0	0	0	0	0	0	0	0	0	0	0	0	0	0	0	0	0	0	0	0	0	0	0	0	0	0	0	0	0	0	0	0	0	0	0	0	0	0	0	0	0	0	0	0	0	0	0	0	0	0	0	0	0	0	0	0	0	0	0	0	0	0	0	0	0	0	0	0	0	0	0	0	0	0	0	0	0	0	0	0	0	0	0	0	0	0	0	0	0	0	0	0	0	0	0	0	0	0	0	0	0	0	0	0	0	0	0	0	0	0	0	0	0	0	0	0	0	0	0	0	0	0	0	0	0	0	0	0	0	0	0	0	0	0	0	0	0	0	0	0	0	0	0	0	0	0	0	0	0	0	0	0	0	0	0	0	0	0	0	0	0	0	0	0	0	0	0	0	0	0	0
sk__Bacteria;k__;p__Cyanobacteria;c__;o__Oscillatoriales;f__;g__Limnolyngbya;s__Limnolyngbya_circumcreta	0	0	0	0	0	0	0	0	0	0	0	0	0	0	0	0	0	0	0	0	0	0	0	0	0	0	0	0	0	0	0	0	0	0	0	0	0	0	0	0	0	0	0	0	0	0	0	0	0	0	0	0	0	0	0	0	0	0	0	0	0	0	0	0	0	0	0	0	0	0	0	0	0	0	0	0	0	0	0	0	0	0	0	0	0	0	0	0	0	0	0	0	0	0	0	0	0	0	0	0	0	0	0	0	0	0	0	0	0	0	0	0	0	0	0	0	0	0	0	0	0	0	0	0	0	0	0	0	0	0	0	1.0	0	0	0	0	0	0	0	0	0	0	0	0	0	0	0	0	0	0	0	0	0	0	0	0	0	0	0	0	0	0	0	0	0	0	0	0	0	0	0	0	0	0	0	0	0	0
sk__Bacteria;k__;p__Deferribacteres;c__Deferribacteres	0	0	0	0	0	0	0	0	0	0	0	0	0	0	0	0	0	0	0	0	0	0	0	0	0	0	0	0	0	0	0	0	0	0	0	0	0	0	0	0	0	0	0	0	0	0	0	0	0	0	0	0	0	0	0	0	0	0	0	0	0	11.0	0	0	0	0	0	0	0	0	0	0	0	2.0	0	0	0	0	0	5.0	0	9.0	5.0	8.0	5.0	9.0	0	2.0	2.0	75.0	0	14.0	0	21.0	0	25.0	0	0	0	0	0	11.0	0	0	0	15.0	0	0	0	5.0	0	4.0	0	7.0	0	0	0	0	0	0	0	0	0	0	0	0	0	0	0	28.0	0	3.0	0	20.0	0	0	0	73.0	0	0	0	2.0	0	0	0	0	16.0	0	0	0	0	0	0	0	37.0	0	31.0	0	17.0	0	0	0	0	0	0	0	55.0	1.0	2.0	0	0	0	0	0	27.0	0	41.0	0
sk__Bacteria;k__;p__Deferribacteres;c__Deferribacteres;o__;f__;g__;s__Deferribacteres_sp._oral_clone_JV023	0	0	0	0	0	0	0	0	0	0	0	0	0	0	0	0	0	0	0	0	0	0	0	0	0	0	0	0	0	0	0	0	0	0	0	0	0	0	0	0	0	0	0	0	0	0	0	0	0	0	0	0	0	0	0	0	0	0	0	0	0	0	0	0	0	0	0	0	0	0	0	0	0	0	4.0	0	0	0	0	0	0	0	1.0	0	0	0	0	0	0	0	0	0	0	0	0	0	0	0	0	0	0	0	0	0	0	0	0	0	0	0	0	0	0	0	1.0	0	0	0	0	0	0	0	0	0	0	0	0	0	0	0	0	0	0	0	0	0	0	0	0	0	0	0	0	0	0	0	0	0	0	0	0	0	0	0	0	0	0	0	0	0	0	0	0	0	0	0	0	2.0	0	0	0	0	0	0	0	0	0	0
sk__Bacteria;k__;p__Deinococcus-Thermus;c__Deinococci;o__Deinococcales	0	0	0	0	0	0	0	0	0	0	0	0	0	0	0	0	0	0	0	0	0	0	0	0	0	0	0	0	0	0	4.0	0	0	0	0	0	0	0	0	0	0	0	0	0	0	0	0	0	0	0	0	0	0	0	0	10.0	0	0	7.0	0	0	0	0	0	0	0	0	0	0	0	0	0	0	0	0	0	0	0	0	0	0	0	0	0	0	0	0	0	0	0	0	0	0	0	0	0	0	0	0	0	0	0	0	0	0	0	0	0	0	0	0	0	0	0	0	0	0	0	0	0	0	0	0	0	0	0	0	0	0	0	0	0	0	0	0	0	0	0	0	0	0	0	0	0	0	0	0	0	0	0	0	0	0	0	0	0	0	0	0	0	0	0	0	0	0	0	0	0	0	0	0	0	0	0	0	0	0	0
sk__Bacteria;k__;p__Deinococcus-Thermus;c__Deinococci;o__Deinococcales;f__Deinococcaceae	0	0	0	0	0	0	0	0	0	0	0	0	0	0	0	0	0	0	0	0	0	0	0	0	0	0	0	0	0	0	0	0	0	0	0	0	0	0	0	0	0	0	0	0	0	0	0	0	0	0	0	0	1.0	0	0	1.0	0	0	2.0	0	0	0	0	0	0	0	0	0	0	0	0	0	0	0	0	0	0	0	0	0	0	0	0	0	0	0	0	0	0	0	0	0	0	0	0	0	0	0	0	0	0	0	0	0	0	0	0	0	0	0	0	0	0	0	0	0	0	0	0	0	0	0	0	0	0	0	0	1.0	0	0	0	0	0	0	0	1.0	0	0	0	0	0	0	0	0	0	0	0	0	0	0	0	0	0	0	0	0	0	0	0	0	0	0	0	0	0	0	0	0	0	0	0	0	0	0	0	0	0	0
sk__Bacteria;k__;p__Deinococcus-Thermus;c__Deinococci;o__Deinococcales;f__Deinococcaceae;g__Deinococcus	15.0	0	0	0	58.0	0	6.0	0	1.0	0	3.0	0	1.0	0	7.0	1.0	13.0	1.0	0	24.0	4.0	5.0	0	99.0	1.0	5.0	0	13.0	0	253.0	0	14.0	0	1.0	0	206.0	3.0	1.0	0	38.0	1.0	14.0	0	5.0	0	0	0	291.0	4.0	31.0	1.0	9.0	140.0	4.0	230.0	0	5.0	1.0	1.0	19.0	0	2.0	0	4.0	0	0	0	0	0	1.0	0	17.0	0	12.0	0	12.0	3.0	0	0	0	0	0	0	2.0	0	0	0	0	0	0	0	1.0	0	0	0	0	0	0	0	1.0	0	0	0	0	0	0	0	3.0	0	0	0	0	0	0	0	1.0	2.0	1.0	0	5.0	0	0	0	6.0	0	3.0	1.0	47.0	2.0	19.0	1.0	169.0	3.0	6.0	0	112.0	0	22.0	0	12.0	0	3.0	0	14.0	1.0	0	17.0	0	58.0	9.0	3.0	0	5.0	0	6.0	1.0	3.0	0	3.0	0	0	0	1.0	0	2.0	0	6.0	0	0	0	5.0	0	22.0	0	6.0	0	12.0	0
sk__Bacteria;k__;p__Deinococcus-Thermus;c__Deinococci;o__Deinococcales;f__Deinococcaceae;g__Deinococcus;s__Deinococcus_sp._DaeR-4	0	0	0	0	0	18.0	0	0	0	0	0	0	0	0	0	0	0	0	1.0	0	0	0	1.0	0	13.0	0	1.0	0	0	0	0	0	0	0	0	0	4.0	0	0	0	7.0	0	2.0	0	0	0	0	0	27.0	0	6.0	74.0	0	0	0	0	0	0	2.0	0	5.0	0	0	0	0	0	0	0	0	0	0	0	0	0	0	0	0	0	0	0	0	0	0	0	0	0	0	0	0	0	0	0	0	0	0	0	0	0	0	0	0	0	0	0	0	0	0	0	0	0	0	0	0	0	0	0	0	0	0	0	0	0	0	0	0	0	0	0	3.0	0	0	0	0	0	0	0	7.0	0	3.0	0	0	0	0	0	2.0	10.0	0	2.0	0	1.0	0	0	0	0	0	0	0	0	0	0	0	0	0	0	0	0	0	0	0	0	0	0	0	0	0	0	0	1.0
sk__Bacteria;k__;p__Deinococcus-Thermus;c__Deinococci;o__Deinococcales;f__Trueperaceae;g__Truepera	0	0	4.0	0	0	0	0	0	0	0	0	0	0	0	0	0	0	0	0	0	0	0	0	0	0	0	0	0	0	0	0	0	0	0	0	0	0	0	0	0	0	0	0	0	0	0	0	0	0	0	0	0	0	0	0	0	0	0	0	0	0	0	0	0	0	0	0	0	0	0	0	0	0	0	0	0	0	0	0	0	0	0	0	0	0	0	0	0	0	0	0	0	0	0	0	0	0	0	0	0	0	0	0	0	0	0	0	0	0	0	0	0	0	0	0	0	0	0	0	0	0	0	0	0	0	0	0	0	0	0	0	0	0	0	0	0	0	0	0	0	0	0	0	0	0	0	0	0	0	0	0	0	0	0	0	0	0	0	0	0	0	0	0	0	0	0	0	0	0	0	0	0	0	0	0	0	0	0
sk__Bacteria;k__;p__Deinococcus-Thermus;c__Deinococci;o__Thermales;f__Thermaceae;g__Thermus	0	0	0	0	0	0	0	0	0	0	0	0	0	0	0	0	0	0	0	0	0	0	0	0	0	0	0	0	0	0	0	0	0	0	0	0	0	0	0	0	0	0	0	0	0	0	0	1.0	0	0	0	0	0	0	0	0	0	0	0	0	0	0	0	0	0	0	0	0	0	0	0	0	0	0	0	0	0	0	0	0	0	0	0	0	0	0	0	0	0	0	0	0	0	0	0	0	0	0	0	0	0	0	0	0	0	0	0	0	0	0	0	0	0	0	0	0	0	0	0	0	0	0	0	0	0	0	0	0	0	0	0	0	0	0	0	0	0	0	0	0	0	0	0	0	0	0	0	0	0	0	0	0	0	0	0	0	0	0	0	0	0	0	0	0	0	0	0	0	0	0	0	0	0	0	0	0	0	0
sk__Bacteria;k__;p__Fibrobacteres;c__Fibrobacteria;o__Fibrobacterales;f__Fibrobacteraceae	0	0	0	0	0	0	0	0	0	0	0	0	0	0	0	0	0	0	0	0	0	0	0	0	0	0	0	0	0	0	0	0	0	0	0	1.0	0	0	0	0	0	0	0	2.0	0	0	0	0	0	0	0	0	0	0	0	0	0	0	0	0	0	0	0	0	0	0	0	0	0	0	0	0	0	0	0	0	0	0	0	0	0	0	0	0	0	0	0	0	0	0	0	0	0	0	0	0	0	0	0	0	0	0	0	0	0	0	0	0	0	0	0	0	0	0	0	0	0	0	0	0	0	0	0	0	0	0	0	0	0	0	0	0	0	0	0	0	0	0	0	0	0	0	0	0	0	0	0	0	0	0	0	0	0	0	0	0	0	0	0	0	0	0	0	0	0	0	0	0	0	0	0	0	0	0	0	0	0	0
sk__Bacteria;k__;p__Firmicutes	194.0	206.0	195.0	82.0	4.0	55.0	25.0	15.0	176.0	15.0	9.0	6.0	12.0	57.0	2.0	54.0	2.0	0	30.0	19.0	0	124.0	94.0	20.0	6.0	0	8.0	30.0	20.0	3.0	39.0	107.0	43.0	7.0	7.0	54.0	14.0	16.0	9.0	15.0	39.0	24.0	32.0	34.0	25.0	7.0	19.0	2.0	7.0	68.0	8.0	11.0	80.0	44.0	0	2.0	35.0	34.0	0	6.0	3.0	35.0	61.0	53.0	421.0	31.0	21.0	24.0	40.0	191.0	21.0	123.0	61.0	184.0	41.0	10.0	68.0	75.0	18.0	45.0	14.0	33.0	13.0	10.0	6.0	57.0	48.0	3.0	22.0	22.0	14.0	14.0	10.0	37.0	8.0	12.0	5.0	10.0	29.0	21.0	16.0	16.0	4.0	12.0	32.0	2.0	3.0	1.0	6.0	16.0	48.0	17.0	105.0	239.0	15.0	220.0	2.0	397.0	1.0	457.0	14.0	541.0	2.0	349.0	5.0	9.0	6.0	4.0	12.0	43.0	2.0	11.0	36.0	43.0	4.0	5.0	3.0	10.0	4.0	23.0	8.0	20.0	1.0	10.0	4.0	7.0	6.0	10.0	4.0	71.0	121.0	1.0	16.0	1.0	42.0	1.0	100.0	1.0	122.0	1.0	2.0	2.0	266.0	5.0	60.0	9.0	15.0	4.0	8.0	2.0	213.0	46.0	30.0	11.0	28.0	6.0	34.0	4.0
sk__Bacteria;k__;p__Firmicutes;c__;o__;f__;g__Hydrogenispora	0	0	0	0	0	0	0	0	0	0	0	0	0	0	0	0	0	0	0	0	0	0	0	0	0	0	0	0	0	0	0	0	0	0	0	0	0	0	0	0	0	0	0	0	0	0	0	0	0	0	0	0	0	0	0	0	0	0	0	0	0	0	0	0	0	0	0	0	0	0	0	0	0	0	0	0	0	0	0	0	0	0	0	0	0	0	0	0	0	0	0	0	0	0	0	0	0	0	0	0	0	0	0	0	0	0	0	0	0	0	0	0	0	0	0	0	0	0	0	0	0	0	0	0	0	0	0	0	0	0	0	0	0	0	0	0	0	0	0	0	0	0	0	0	0	0	0	0	0	0	0	0	0	0	0	0	0	0	0	0	0	0	0	0	0	0	0	0	0	0	0	0	2.0	0	0	0	0	0
sk__Bacteria;k__;p__Firmicutes;c__Bacilli	1.0	4.0	0	6.0	0	3.0	0	0	0	7.0	0	1.0	0	0	0	1.0	0	0	3.0	0	0	0	9.0	0	0	0	0	0	0	0	5.0	0	2.0	1.0	0	0	14.0	0	0	0	6.0	0	0	1.0	10.0	0	0	0	1.0	0	4.0	0	0	12.0	0	0	0	2.0	0	0	5.0	0	0	0	1.0	0	25.0	0	27.0	0	1.0	1.0	14.0	0	0	0	1.0	0	1.0	0	1.0	0	0	0	0	0	3.0	0	0	0	0	0	0	0	0	0	0	0	6.0	0	1.0	0	1.0	0	0	0	0	0	1.0	0	5.0	0	8.0	1.0	0	0	4.0	0	0	0	1.0	0	8.0	0	4.0	0	4.0	0	4.0	0	1.0	0	4.0	0	2.0	0	1.0	0	0	0	0	0	0	0	1.0	8.0	0	1.0	0	16.0	0	1.0	0	0	0	2.0	0	1.0	0	0	0	0	0	0	0	0	0	0	0	0	1.0	8.0	0	3.0	0	0	0	0
sk__Bacteria;k__;p__Firmicutes;c__Bacilli;o__Bacillales	0	0	2.0	0	0	0	0	0	0	0	0	0	0	0	0	1.0	0	0	0	0	0	0	0	0	0	0	0	0	0	0	0	0	0	0	0	1.0	0	0	0	0	0	0	0	1.0	0	0	0	0	0	0	0	0	0	0	0	0	0	0	0	0	0	1.0	0	1.0	1.0	1.0	0	1.0	1.0	0	0	0	2.0	1.0	0	0	0	0	0	0	0	0	0	1.0	0	2.0	1.0	1.0	1.0	0	0	0	0	0	0	0	0	0	0	0	0	0	0	0	0	0	0	0	0	0	0	0	0	0	0	0	1.0	0	0	1.0	0	0	0	0	0	0	0	0	0	0	0	0	0	0	0	0	0	0	0	0	0	0	0	0	0	0	0	0	0	0	0	0	0	0	0	0	0	0	0	0	0	1.0	0	0	1.0	0	0	0	0	1.0	0	1.0	0	0	1.0	0	0	0
sk__Bacteria;k__;p__Firmicutes;c__Bacilli;o__Bacillales;f__;g__Exiguobacterium	7.0	3.0	2.0	12.0	0	0	0	0	0	0	0	0	0	0	0	0	0	0	0	0	0	0	0	0	0	0	0	0	0	0	0	0	0	0	0	0	0	0	0	0	0	0	0	0	0	0	0	0	0	0	0	0	0	0	0	0	0	0	0	0	0	0	1.0	7.0	9.0	1.0	1.0	0	0	0	0	5.0	1.0	1.0	2.0	6.0	7.0	0	0	0	0	0	0	0	0	0	0	0	0	0	0	0	0	0	0	0	0	0	0	0	0	0	0	0	0	0	0	0	0	0	0	0	0	0	0	0	0	0	0	0	0	0	0	0	0	0	0	0	0	0	0	0	0	0	0	0	0	0	0	0	0	0	0	0	0	0	0	0	0	0	0	0	0	0	0	0	0	0	0	0	0	0	0	0	0	0	0	0	0	0	0	0	0	0	0	0	0	0
sk__Bacteria;k__;p__Firmicutes;c__Bacilli;o__Bacillales;f__;g__Gemella	35.0	31.0	48.0	47.0	171.0	206.0	533.0	200.0	22.0	18.0	46.0	38.0	2.0	0	373.0	382.0	78.0	7.0	484.0	259.0	55.0	913.0	413.0	30.0	29.0	78.0	54.0	30.0	16.0	20.0	11.0	72.0	58.0	330.0	135.0	676.0	177.0	80.0	5.0	371.0	166.0	134.0	94.0	12.0	12.0	187.0	26.0	5.0	7.0	48.0	4.0	16.0	412.0	210.0	8.0	2.0	75.0	23.0	2.0	1.0	2.0	8.0	6.0	26.0	60.0	308.0	131.0	380.0	97.0	470.0	221.0	394.0	138.0	164.0	49.0	150.0	61.0	76.0	37.0	52.0	16.0	63.0	36.0	42.0	33.0	99.0	92.0	76.0	46.0	33.0	24.0	15.0	19.0	8.0	0	0	0	35.0	25.0	23.0	12.0	144.0	28.0	286.0	124.0	24.0	18.0	6.0	9.0	0	0	3.0	0	16.0	12.0	50.0	23.0	22.0	4.0	35.0	4.0	0	0	0	0	510.0	228.0	71.0	57.0	49.0	17.0	33.0	25.0	24.0	0	6.0	3.0	29.0	6.0	210.0	35.0	88.0	14.0	77.0	42.0	99.0	52.0	21.0	117.0	111.0	38.0	3.0	65.0	7.0	45.0	8.0	35.0	2.0	48.0	11.0	310.0	52.0	0	0	22.0	9.0	15.0	4.0	340.0	99.0	94.0	8.0	31.0	14.0	302.0	130.0	58.0	23.0
sk__Bacteria;k__;p__Firmicutes;c__Bacilli;o__Bacillales;f__;g__Gemella;s__Gemella_haemolysans	0	0	0	0	0	0	0	0	0	0	0	0	0	0	0	0	0	0	0	0	0	0	0	0	0	0	0	0	0	0	0	0	0	0	0	0	0	0	0	0	0	0	0	0	0	0	0	0	0	0	0	0	0	0	0	0	0	0	0	0	0	0	0	0	0	0	0	0	0	0	0	0	0	0	0	0	0	0	0	0	0	0	0	0	0	0	0	0	0	0	0	0	0	0	0	0	0	0	0	0	0	0	0	0	0	0	0	0	0	0	0	0	0	0	0	0	0	0	0	0	0	0	0	0	0	0	0	0	0	0	0	0	0	0	0	0	0	0	0	0	0	0	0	0	0	0	0	0	1.0	0	0	0	0	0	0	0	0	0	0	0	0	0	0	0	0	0	0	0	0	0	0	0	0	0	0	0	0	0
sk__Bacteria;k__;p__Firmicutes;c__Bacilli;o__Bacillales;f__Alicyclobacillaceae;g__Alicyclobacillus	0	0	0	0	0	0	0	0	0	0	0	0	0	0	0	0	0	0	0	0	0	0	0	0	0	0	0	0	0	0	0	0	0	0	0	0	0	0	0	0	0	0	0	2.0	0	0	0	1.0	0	0	0	0	0	0	0	0	0	0	0	0	0	0	0	0	0	0	0	0	0	0	0	0	0	0	0	0	0	0	0	0	0	0	0	0	0	0	0	0	0	0	0	0	0	0	0	0	0	0	0	0	0	0	0	0	0	0	0	0	0	0	0	0	0	0	0	0	0	0	0	0	0	0	0	0	0	0	0	0	0	0	0	0	0	0	0	0	0	0	0	0	0	0	0	0	0	0	0	0	0	0	0	0	0	0	0	0	0	0	0	0	0	0	0	0	0	0	0	0	0	0	0	0	0	0	0	0	0	0
sk__Bacteria;k__;p__Firmicutes;c__Bacilli;o__Bacillales;f__Bacillaceae	0	0	5.0	0	0	0	0	0	0	0	0	0	2.0	0	0	0	0	0	0	0	0	1.0	0	0	0	0	0	0	0	0	0	0	0	0	0	0	0	0	0	0	0	0	0	3.0	0	2.0	0	0	0	0	0	0	0	0	0	0	0	0	0	0	0	0	0	0	0	0	0	0	0	0	0	2.0	0	0	0	3.0	0	0	0	0	0	0	0	0	0	0	0	0	0	0	0	0	0	0	0	0	0	0	0	0	0	0	0	0	0	0	0	0	0	0	0	0	0	0	0	0	0	0	0	0	0	0	0	0	0	0	0	0	0	0	0	0	0	0	0	0	0	0	0	0	0	0	0	0	0	0	0	0	0	0	0	0	0	0	0	0	0	0	0	0	0	0	0	0	0	0	0	0	0	0	0	0	0	0	0	0	0	0
sk__Bacteria;k__;p__Firmicutes;c__Bacilli;o__Bacillales;f__Bacillaceae;g__Bacillus	0	0	0	0	0	0	0	0	0	0	0	0	0	0	0	0	0	0	0	0	0	0	0	0	0	0	0	0	0	0	0	0	0	0	0	0	0	0	0	0	0	0	0	0	0	0	0	2.0	0	0	0	0	0	0	0	0	0	0	2.0	0	0	0	0	0	0	0	0	0	0	0	0	0	0	0	0	0	0	0	0	0	0	0	0	0	0	0	0	0	0	0	0	0	0	0	0	0	0	0	0	0	0	0	0	0	0	0	0	0	0	0	0	0	0	0	0	0	0	0	0	0	0	0	0	0	0	0	0	0	0	0	0	0	0	0	0	0	0	0	0	0	0	0	0	0	0	1.0	0	0	0	1.0	0	0	0	0	0	0	0	0	0	0	0	0	0	0	0	0	0	0	0	0	0	0	0	0	0	0	0	0
sk__Bacteria;k__;p__Firmicutes;c__Bacilli;o__Bacillales;f__Paenibacillaceae	0	9.0	0	0	0	0	0	0	0	0	0	0	0	0	0	0	0	0	0	0	0	0	0	0	0	0	0	0	0	0	0	0	0	0	0	0	0	0	0	0	0	0	0	0	0	0	0	0	0	0	0	0	0	0	0	0	0	0	0	0	0	0	2.0	0	25.0	0	0	0	0	0	0	0	1.0	0	0	0	3.0	0	0	0	0	0	0	0	0	0	0	0	0	0	0	0	0	0	0	0	0	0	0	0	0	0	0	1.0	0	0	0	0	0	0	0	0	0	0	0	0	0	0	0	0	0	0	0	0	0	0	0	0	0	0	0	0	0	0	0	0	0	0	0	0	0	0	0	0	0	0	0	0	0	0	0	0	0	0	0	0	0	0	0	0	0	0	0	0	0	0	0	0	0	0	0	0	0	0	0	0	0	0
sk__Bacteria;k__;p__Firmicutes;c__Bacilli;o__Bacillales;f__Paenibacillaceae;g__Paenibacillus	42.0	10.0	0	0	0	0	0	0	0	0	0	0	0	0	0	0	0	0	0	0	0	0	0	0	0	0	0	0	0	0	0	0	0	0	0	0	0	0	0	0	0	0	0	0	0	0	0	0	0	0	0	0	0	0	0	0	0	0	0	0	0	2.0	3.0	26.0	15.0	0	0	0	0	2.0	7.0	12.0	13.0	27.0	5.0	36.0	20.0	0	0	0	0	0	0	0	0	0	0	0	0	0	0	0	0	0	0	0	1.0	0	0	0	0	0	0	0	0	0	0	0	0	0	0	0	0	0	0	0	0	0	0	0	0	0	0	0	0	0	0	0	0	0	0	0	0	0	0	0	0	0	0	0	0	0	0	0	0	0	0	0	0	0	0	0	0	0	0	0	0	0	0	0	0	0	0	0	0	0	0	0	0	0	0	0	0	0	0	0	0	0
sk__Bacteria;k__;p__Firmicutes;c__Bacilli;o__Bacillales;f__Paenibacillaceae;g__Paenibacillus;s__Paenibacillus_wynnii	0	0	0	0	0	0	0	0	0	0	0	0	0	0	0	0	0	0	0	0	0	0	0	0	0	0	0	0	0	0	0	0	0	0	0	0	0	0	0	0	0	0	0	0	0	0	0	0	0	0	0	0	0	0	0	0	0	0	0	0	0	0	0	0	1.0	0	0	0	0	0	0	0	0	0	0	0	0	0	0	0	0	0	0	0	0	0	0	0	0	0	0	0	0	0	0	0	0	0	0	0	0	0	0	0	0	0	0	0	0	0	0	0	0	0	0	0	0	0	0	0	0	0	0	0	0	0	0	0	0	0	0	0	0	0	0	0	0	0	0	0	0	0	0	0	0	0	0	0	0	0	0	0	0	0	0	0	0	0	0	0	0	0	0	0	0	0	0	0	0	0	0	0	0	0	0	0	0	0
sk__Bacteria;k__;p__Firmicutes;c__Bacilli;o__Bacillales;f__Paenibacillaceae;g__Saccharibacillus	0	0	0	0	0	0	0	0	0	0	0	0	0	0	0	0	0	0	0	0	0	0	0	1.0	0	0	0	0	0	0	0	0	0	0	0	0	0	0	0	0	0	0	0	0	0	0	0	0	0	0	0	0	0	0	0	0	0	0	0	0	0	0	0	0	0	0	0	0	0	0	0	0	0	0	0	0	0	0	0	0	0	0	0	0	0	0	0	0	0	0	0	0	0	0	0	0	0	0	0	0	0	0	0	0	0	0	0	0	0	0	0	0	0	0	0	0	0	0	0	0	0	0	0	0	0	0	0	0	0	0	0	0	0	0	0	0	0	0	0	0	0	0	0	0	0	0	0	0	0	0	0	0	0	0	0	0	0	0	0	0	0	0	0	0	0	0	0	0	0	0	0	0	0	0	0	0	0	0
sk__Bacteria;k__;p__Firmicutes;c__Bacilli;o__Bacillales;f__Planococcaceae	0	0	0	0	0	0	0	0	0	0	0	0	0	0	0	0	0	0	0	0	0	0	0	0	0	0	0	0	0	0	0	0	0	0	0	2.0	0	0	0	0	0	0	0	0	0	0	0	0	0	0	0	0	0	0	0	0	0	0	1.0	0	0	0	0	0	0	0	0	0	0	0	0	0	0	0	0	0	0	0	0	0	0	0	0	0	0	0	0	0	0	0	0	0	0	0	0	0	0	0	0	0	0	0	0	0	0	0	0	0	0	0	0	0	0	0	0	0	0	0	0	0	0	0	0	0	0	0	0	0	0	0	0	0	0	0	0	0	0	0	0	0	0	0	0	0	0	0	0	0	0	0	0	0	0	0	0	0	0	0	0	0	0	0	0	0	0	0	0	0	0	0	0	0	0	0	0	0	0	0
sk__Bacteria;k__;p__Firmicutes;c__Bacilli;o__Bacillales;f__Planococcaceae;g__Solibacillus	0	0	0	0	0	0	0	0	0	0	0	0	0	0	0	0	0	0	0	0	0	0	0	0	0	0	0	0	0	0	0	0	0	0	0	0	0	0	0	0	0	0	0	0	0	0	0	0	0	0	0	0	0	0	1.0	0	0	0	0	0	0	0	0	2.0	0	0	0	0	0	0	0	0	0	0	0	0	0	0	0	0	0	0	0	0	0	0	0	0	0	0	0	0	0	0	0	0	0	0	0	0	0	0	0	0	0	0	0	0	0	0	0	0	0	0	0	0	0	0	0	0	0	0	0	0	0	0	0	0	0	0	0	0	0	0	0	0	0	0	0	0	0	0	0	0	0	0	0	0	0	0	0	0	0	0	0	0	0	0	0	0	0	0	0	0	0	0	0	0	0	0	0	0	0	0	0	0	0	0
sk__Bacteria;k__;p__Firmicutes;c__Bacilli;o__Bacillales;f__Staphylococcaceae	0	0	0	0	0	0	0	0	0	0	0	0	0	0	0	0	0	0	0	0	0	0	0	0	0	0	0	0	0	0	0	0	0	0	0	0	0	0	0	0	0	0	0	0	0	0	0	0	0	0	0	0	0	0	0	0	0	0	0	0	0	0	0	0	0	0	0	0	0	0	1.0	0	1.0	0	0	1.0	0	0	0	0	0	0	0	0	0	0	0	0	0	0	0	0	0	0	0	0	0	0	0	0	0	0	0	0	0	0	0	0	0	0	0	0	0	0	0	0	0	0	0	0	0	0	0	0	0	0	0	0	0	0	0	0	0	0	0	0	0	0	0	0	0	0	0	0	0	0	0	0	0	0	0	0	0	0	0	0	0	0	0	0	0	0	0	0	0	0	0	0	0	0	0	0	0	0	0	0	0	0
sk__Bacteria;k__;p__Firmicutes;c__Bacilli;o__Bacillales;f__Staphylococcaceae;g__Macrococcus	0	0	0	0	0	0	0	0	0	0	0	0	0	0	0	0	0	0	0	0	0	0	0	0	0	0	0	0	0	0	0	0	0	0	0	0	0	0	0	0	0	0	0	0	0	0	0	0	0	0	0	0	0	0	0	0	0	0	0	0	0	0	0	0	0	0	0	0	0	0	1.0	1.0	0	2.0	0	0	0	0	0	0	0	0	0	0	0	0	0	0	0	0	0	0	0	0	0	0	0	0	0	0	0	0	0	0	0	0	0	0	0	0	0	0	0	0	0	0	0	0	0	0	0	0	0	0	0	0	0	0	0	0	0	0	0	0	0	0	0	0	0	0	0	0	0	0	0	0	0	0	0	0	0	0	0	0	0	0	0	0	0	0	0	0	0	0	0	0	0	0	0	0	0	0	0	0	0	0	0	0
sk__Bacteria;k__;p__Firmicutes;c__Bacilli;o__Bacillales;f__Staphylococcaceae;g__Staphylococcus	0	2.0	0	23.0	3.0	3.0	1.0	2.0	3.0	2.0	0	4.0	2.0	0	2.0	2.0	0	1.0	3.0	2.0	0	3.0	5.0	3.0	4.0	0	1.0	1.0	1.0	5.0	4.0	0	1.0	0	3.0	5.0	39.0	0	1.0	70.0	17.0	0	0	0	0	0	0	2.0	0	0	2.0	4.0	57.0	14.0	1.0	3.0	0	1.0	2.0	1.0	0	0	0	0	1.0	0	85.0	1.0	140.0	0	8.0	2.0	5.0	0	0	0	0	0	1.0	5.0	0	0	0	0	1.0	2.0	38.0	0	0	0	3.0	0	0	3.0	1.0	0	0	0	2.0	0	0	0	1.0	0	7.0	0	0	0	2.0	1.0	1.0	0	3.0	0	0	0	10.0	0	1.0	0	0	0	0	2.0	0	5.0	23.0	16.0	32.0	0	0	9.0	2.0	0	0	4.0	0	0	1.0	0	1.0	0	0	4.0	0	0	0	2.0	11.0	18.0	0	0	1.0	0	1.0	0	0	0	0	1.0	0	2.0	0	0	0	1.0	0	0	0	0	0	4.0	1.0	3.0	0	2.0	0	1.0
sk__Bacteria;k__;p__Firmicutes;c__Bacilli;o__Bacillales;f__Staphylococcaceae;g__Staphylococcus;s__Staphylococcus_aureus	0	0	0	0	0	0	0	0	0	1.0	0	0	0	0	0	0	0	0	0	0	0	0	0	0	0	0	0	0	0	0	0	0	0	0	0	0	0	0	0	0	0	0	0	0	0	0	0	0	0	0	0	0	0	1.0	0	0	0	0	0	0	0	0	0	0	0	0	0	0	0	0	0	0	0	0	0	0	0	0	0	0	0	0	0	0	0	0	0	0	0	0	0	0	0	0	0	0	0	0	0	0	0	0	0	0	0	0	0	0	0	0	0	0	0	0	0	0	0	0	0	0	0	0	0	0	0	0	0	0	0	0	0	0	0	0	0	0	0	0	0	0	0	0	0	0	0	0	0	0	0	0	0	0	0	0	0	0	0	0	0	0	0	0	0	0	0	0	0	0	0	0	0	0	0	0	0	0	0	0
sk__Bacteria;k__;p__Firmicutes;c__Bacilli;o__Bacillales;f__Staphylococcaceae;g__Staphylococcus;s__Staphylococcus_hominis	0	0	0	0	0	0	0	0	0	0	0	0	0	0	0	1.0	0	0	0	0	0	0	0	0	0	0	0	0	0	0	0	0	0	0	0	0	0	0	0	0	0	0	0	0	0	0	0	0	0	0	0	0	0	0	0	0	0	0	0	0	0	0	0	0	0	0	0	0	0	0	0	0	0	0	0	0	0	0	0	0	0	0	0	0	0	0	0	0	0	0	0	0	0	0	0	0	0	0	0	0	0	0	0	0	0	0	0	0	0	0	0	0	0	0	0	0	0	0	0	0	0	0	0	0	0	0	0	0	1.0	0	0	0	1.0	0	0	0	0	0	0	0	0	0	0	0	0	0	0	0	0	0	0	0	0	0	0	0	0	0	0	0	0	0	0	0	0	0	0	0	0	0	0	0	0	0	0	0	0	0
sk__Bacteria;k__;p__Firmicutes;c__Bacilli;o__Bacillales;f__Staphylococcaceae;g__Staphylococcus;s__Staphylococcus_saprophyticus	0	0	0	0	0	0	0	0	0	0	0	0	0	0	0	0	0	0	0	0	0	0	0	0	0	0	0	0	0	0	0	0	0	0	0	0	0	0	0	0	0	0	0	0	0	0	0	0	0	0	0	3.0	0	0	0	0	0	0	0	0	0	0	0	0	0	0	0	0	0	0	0	0	0	0	0	0	0	0	0	0	0	0	0	0	0	0	0	0	0	0	0	0	0	0	0	0	0	0	0	0	0	0	0	0	0	0	0	0	0	0	0	0	0	0	0	0	0	0	0	0	0	0	0	0	0	0	0	0	0	0	0	0	0	0	0	0	0	0	0	0	0	0	0	0	0	0	0	0	0	0	0	0	0	0	0	0	0	0	0	0	0	0	0	0	0	0	0	0	0	0	0	0	0	0	0	0	0	0
sk__Bacteria;k__;p__Firmicutes;c__Bacilli;o__Lactobacillales	180.0	35.0	23.0	57.0	1.0	40.0	1.0	25.0	12.0	96.0	1.0	14.0	2.0	133.0	1.0	526.0	2.0	1.0	723.0	0	1.0	3.0	13.0	0	10.0	0	3.0	7.0	11.0	1.0	72.0	1.0	65.0	6.0	31.0	31.0	43.0	0	3.0	3.0	58.0	0	314.0	1.0	28.0	0	9.0	0	3.0	2.0	21.0	3.0	0	54.0	0	2.0	1.0	249.0	1.0	2.0	3.0	20.0	5.0	72.0	35.0	5.0	7.0	2.0	10.0	10.0	59.0	41.0	37.0	33.0	20.0	90.0	43.0	3.0	4.0	2.0	3.0	6.0	23.0	6.0	11.0	9.0	38.0	9.0	8.0	0	3.0	0	0	1.0	2.0	1.0	0	3.0	9.0	4.0	24.0	1.0	3.0	1.0	13.0	0	35.0	0	7.0	4.0	41.0	0	36.0	16.0	7.0	0	6.0	0	0	1.0	5.0	2.0	5.0	2.0	2.0	2.0	177.0	6.0	75.0	3.0	0	1.0	63.0	0	11.0	0	31.0	1.0	16.0	1.0	14.0	0	10.0	2.0	16.0	23.0	1.0	2.0	0	10.0	0	1.0	0	0	0	6.0	0	0	2.0	5.0	1.0	2.0	0	77.0	4.0	30.0	0	1.0	0	6.0	8.0	3.0	4.0	0	1.0	23.0	2.0	3.0
sk__Bacteria;k__;p__Firmicutes;c__Bacilli;o__Lactobacillales;f__Aerococcaceae	0	0	0	0	1.0	0	0	0	2.0	0	0	0	0	0	0	0	0	0	0	0	0	0	0	0	0	0	0	0	0	0	0	0	0	0	0	0	0	0	0	0	0	0	0	0	0	0	0	1.0	0	0	0	0	0	0	0	0	0	0	0	0	0	0	0	0	0	1.0	0	1.0	0	0	0	0	0	0	0	0	0	2.0	0	0	0	0	0	0	0	1.0	0	0	0	0	0	0	0	0	0	0	0	0	0	0	0	0	0	3.0	0	0	0	0	0	0	0	0	0	0	0	0	0	0	0	0	0	0	0	0	0	0	0	0	0	0	0	2.0	0	0	0	0	0	0	0	0	0	0	0	0	0	0	4.0	0	1.0	0	0	0	0	0	0	0	0	0	0	0	1.0	0	0	0	0	0	0	0	0	0	0	0	0	0	0	0	0	0
sk__Bacteria;k__;p__Firmicutes;c__Bacilli;o__Lactobacillales;f__Aerococcaceae;g__Abiotrophia	10.0	1.0	0	0	4.0	14.0	4.0	0	323.0	45.0	10.0	4.0	0	0	5.0	3.0	0	0	3.0	0	0	1.0	4.0	0	0	7.0	0	27.0	0	3.0	1.0	37.0	20.0	143.0	14.0	20.0	0	19.0	0	63.0	18.0	0	0	2.0	0	32.0	17.0	2.0	0	0	0	0	2.0	1.0	0	0	1.0	0	0	1.0	0	0	0	1.0	0	5.0	6.0	30.0	16.0	35.0	18.0	3.0	2.0	2.0	0	0	2.0	142.0	48.0	20.0	12.0	1.0	0	3.0	0	22.0	15.0	0	0	0	0	10.0	0	0	0	0	0	0	0	0	0	4.0	5.0	153.0	131.0	0	0	1.0	2.0	0	0	0	0	9.0	1.0	11.0	1.0	4.0	0	0	1.0	0	0	0	0	44.0	15.0	8.0	3.0	20.0	3.0	173.0	44.0	0	0	0	0	5.0	3.0	18.0	1.0	0	0	3.0	2.0	1.0	172.0	45.0	144.0	240.0	0	0	0	0	0	1.0	1.0	0	8.0	0	12.0	8.0	0	0	3.0	2.0	0	0	21.0	13.0	10.0	6.0	9.0	3.0	14.0	2.0	4.0	1.0
sk__Bacteria;k__;p__Firmicutes;c__Bacilli;o__Lactobacillales;f__Aerococcaceae;g__Abiotrophia;s__Abiotrophia_defectiva	0	1.0	0	0	0	0	0	1.0	0	21.0	0	1.0	0	0	0	0	0	0	1.0	0	0	0	1.0	0	0	0	2.0	0	11.0	0	0	0	0	0	91.0	0	0	0	12.0	0	8.0	0	0	0	0	0	0	0	0	0	0	1.0	0	2.0	0	0	0	0	0	0	0	0	0	0	0	0	2.0	0	11.0	0	1.0	0	0	0	0	0	0	0	21.0	0	7.0	0	0	0	0	0	8.0	0	0	0	0	0	2.0	0	0	0	0	0	0	0	0	0	1.0	0	55.0	0	0	0	0	0	0	0	0	0	0	0	0	0	0	0	0	0	0	0	0	0	6.0	0	9.0	0	0	0	2.0	0	0	0	0	0	1.0	0	2.0	0	0	0	0	0	0	23.0	0	82.0	0	0	0	0	0	0	0	0	0	0	0	2.0	0	0	0	0	0	0	0	0	0	0	0	0	0	4.0	0	2.0
sk__Bacteria;k__;p__Firmicutes;c__Bacilli;o__Lactobacillales;f__Aerococcaceae;g__Aerococcus	0	0	2.0	0	8.0	2.0	0	0	0	0	0	0	0	0	0	0	0	0	0	0	0	0	0	0	0	0	0	0	0	0	0	0	0	0	0	0	0	0	0	0	0	0	0	0	0	0	0	1.0	0	0	0	1.0	0	0	2.0	0	0	0	0	20.0	11.0	0	0	0	0	1.0	0	0	0	0	0	0	0	0	0	0	0	0	0	0	0	0	0	0	0	0	0	0	0	0	0	0	0	0	0	0	0	0	0	0	0	0	0	0	0	0	0	0	0	0	0	0	0	0	0	0	0	0	0	0	3.0	0	0	0	0	0	0	0	0	0	0	0	0	0	0	0	0	0	0	0	0	0	0	0	0	0	0	0	0	0	1.0	0	0	0	2.0	0	0	0	9.0	0	0	0	0	0	0	0	0	0	0	0	0	0	3.0	0	0	0	1.0	0
sk__Bacteria;k__;p__Firmicutes;c__Bacilli;o__Lactobacillales;f__Aerococcaceae;g__Facklamia	0	0	0	0	0	0	0	0	0	0	0	0	0	0	0	0	0	0	0	0	0	0	0	1.0	0	0	0	0	0	0	0	0	0	0	0	0	0	0	0	0	0	0	0	2.0	0	0	0	0	0	0	0	0	0	0	0	0	0	0	0	0	0	0	0	0	0	0	0	0	0	0	0	0	0	0	0	0	0	0	0	0	0	0	0	0	0	0	0	0	0	0	0	0	0	0	0	0	0	0	0	0	0	0	0	0	0	0	0	0	0	0	0	0	0	0	0	0	0	0	0	0	0	0	0	0	0	0	0	0	0	0	0	0	0	0	0	0	0	0	0	0	0	0	0	0	0	0	0	0	0	0	0	0	0	0	0	0	0	0	0	0	0	0	0	0	0	0	0	0	0	0	0	0	0	0	0	0	0	0
sk__Bacteria;k__;p__Firmicutes;c__Bacilli;o__Lactobacillales;f__Carnobacteriaceae	25.0	0	19.0	0	135.0	0	54.0	0	296.0	0	15.0	0	46.0	0	5.0	0	135.0	0	0	0	0	52.0	0	3.0	0	1.0	0	57.0	0	50.0	0	60.0	0	303.0	0	224.0	0	58.0	0	331.0	0	94.0	0	0	0	118.0	0	0	0	357.0	0	0	98.0	0	3.0	0	36.0	0	0	11.0	0	9.0	0	8.0	0	55.0	0	43.0	0	14.0	0	69.0	0	9.0	0	23.0	0	13.0	0	13.0	0	7.0	0	33.0	0	15.0	0	46.0	0	0	0	0	0	0	0	0	0	20.0	0	55.0	0	47.0	0	75.0	0	0	0	5.0	0	3.0	0	9.0	0	2.0	0	20.0	0	15.0	0	13.0	0	32.0	0	50.0	0	25.0	0	21.0	0	10.0	0	20.0	0	48.0	0	2.0	0	39.0	0	129.0	0	2.0	0	10.0	0	0	2.0	0	7.0	0	6.0	0	3.0	0	3.0	0	5.0	0	16.0	0	22.0	0	0	0	15.0	0	1.0	0	22.0	0	47.0	0	19.0	0	4.0	0	6.0	0
sk__Bacteria;k__;p__Firmicutes;c__Bacilli;o__Lactobacillales;f__Carnobacteriaceae;g__Dolosigranulum	0	0	0	0	4.0	0	3.0	0	0	0	0	0	0	0	10.0	0	0	0	0	0	0	6.0	0	0	0	17.0	0	0	0	3.0	0	0	0	0	0	4.0	0	0	0	0	0	0	0	0	0	0	0	0	0	0	0	0	1.0	0	0	1.0	0	0	0	0	0	0	0	0	0	0	0	0	0	0	0	0	0	0	0	0	0	0	0	0	0	1.0	0	0	0	0	0	1.0	0	1.0	0	0	0	0	0	0	0	0	0	0	0	11.0	0	9.0	0	0	0	1.0	0	0	0	0	0	0	0	0	0	0	0	0	0	0	0	0	0	0	0	2.0	0	0	0	0	0	0	0	0	0	1.0	0	0	0	0	0	1.0	0	0	0	0	0	0	0	0	0	0	0	0	0	0	0	0	0	0	0	0	0	0	1.0	0	0	0	0	0	0	0	3.0	0	0	0
sk__Bacteria;k__;p__Firmicutes;c__Bacilli;o__Lactobacillales;f__Carnobacteriaceae;g__Granulicatella	18.0	4.0	32.0	28.0	213.0	62.0	91.0	17.0	229.0	41.0	9.0	11.0	33.0	25.0	32.0	56.0	54.0	0	75.0	1.0	2.0	83.0	13.0	3.0	4.0	55.0	51.0	60.0	1.0	43.0	17.0	52.0	36.0	308.0	143.0	178.0	107.0	141.0	4.0	551.0	165.0	103.0	9.0	0	0	97.0	1.0	0	1.0	233.0	6.0	2.0	71.0	133.0	2.0	6.0	95.0	3.0	4.0	5.0	3.0	4.0	6.0	6.0	9.0	77.0	30.0	61.0	7.0	22.0	13.0	88.0	39.0	27.0	2.0	28.0	8.0	11.0	8.0	21.0	2.0	9.0	5.0	25.0	1.0	37.0	15.0	56.0	5.0	0	3.0	0	0	0	0	2.0	0	18.0	17.0	19.0	18.0	65.0	20.0	128.0	66.0	2.0	0	8.0	10.0	1.0	1.0	15.0	10.0	2.0	13.0	5.0	7.0	10.0	4.0	35.0	0	68.0	23.0	41.0	8.0	29.0	3.0	42.0	9.0	8.0	7.0	9.0	22.0	33.0	2.0	0	0	38.0	13.0	76.0	10.0	5.0	2.0	16.0	5.0	8.0	0	1.0	20.0	25.0	10.0	3.0	6.0	2.0	1.0	6.0	4.0	2.0	14.0	3.0	38.0	4.0	1.0	4.0	14.0	5.0	1.0	0	25.0	5.0	43.0	6.0	10.0	9.0	12.0	10.0	4.0	2.0
sk__Bacteria;k__;p__Firmicutes;c__Bacilli;o__Lactobacillales;f__Carnobacteriaceae;g__Granulicatella;s__Granulicatella_adiacens	0	0	0	0	0	2.0	0	0	0	0	0	0	0	0	0	0	0	0	0	0	0	0	0	0	0	0	0	0	0	0	0	0	0	0	0	0	0	0	0	0	0	0	0	0	0	0	0	0	0	0	0	0	0	0	0	0	0	0	0	0	0	0	0	0	0	0	0	0	0	0	0	0	0	0	0	0	0	0	0	0	0	0	0	0	0	0	0	0	0	0	0	0	0	0	0	0	0	0	0	0	0	0	0	0	0	0	0	0	0	0	0	0	0	0	0	0	0	0	0	0	0	0	0	0	0	0	0	0	0	0	0	0	0	0	0	0	0	0	0	0	1.0	0	0	0	0	0	0	0	0	0	0	0	0	0	0	0	0	0	0	0	0	0	0	0	0	0	0	0	0	0	0	0	0	0	0	0	0	0
sk__Bacteria;k__;p__Firmicutes;c__Bacilli;o__Lactobacillales;f__Carnobacteriaceae;g__Lacticigenium	0	0	0	0	0	0	0	0	0	0	0	0	0	0	0	0	0	0	0	0	0	0	0	0	0	0	0	0	0	0	0	0	0	0	0	0	0	0	0	0	0	1.0	0	0	0	0	0	0	0	0	0	0	0	0	0	0	0	0	0	0	0	0	0	0	0	0	0	0	0	0	0	0	0	0	0	1.0	0	0	0	0	0	0	0	0	0	0	0	0	0	0	0	0	0	0	0	0	0	0	0	0	0	0	0	0	0	0	0	0	0	0	0	0	0	0	0	0	0	0	0	0	0	0	0	0	0	0	0	0	0	0	0	0	0	0	0	0	0	0	0	0	0	0	0	0	0	0	0	0	0	0	0	0	0	0	0	0	0	0	0	0	0	0	0	0	0	0	0	0	0	0	0	0	0	0	0	0	0	0
sk__Bacteria;k__;p__Firmicutes;c__Bacilli;o__Lactobacillales;f__Carnobacteriaceae;g__Lacticigenium;s__Lacticigenium_naphtae	0	0	0	0	3.0	0	2.0	0	5.0	0	0	0	3.0	0	0	0	2.0	0	0	0	0	0	0	0	0	0	0	0	0	1.0	0	1.0	0	1.0	0	1.0	0	0	0	12.0	0	0	0	0	0	4.0	0	0	0	7.0	0	0	0	0	0	0	3.0	0	0	0	0	0	0	0	0	1.0	0	0	0	0	0	2.0	0	2.0	0	1.0	0	0	0	0	0	0	0	0	0	0	0	0	0	0	0	0	0	0	0	0	0	1.0	0	0	0	0	0	0	0	0	0	0	0	0	0	0	0	0	0	0	0	0	0	1.0	0	2.0	0	1.0	0	0	0	0	0	1.0	0	1.0	0	1.0	0	0	0	0	0	3.0	0	0	0	2.0	0	0	0	0	1.0	0	0	0	0	0	0	0	0	0	1.0	0	1.0	0	0	0	2.0	0	0	0	1.0	0	0	0	1.0	0	0	0	0	0
sk__Bacteria;k__;p__Firmicutes;c__Bacilli;o__Lactobacillales;f__Enterococcaceae	0	0	0	0	0	0	0	0	0	0	0	0	0	0	0	0	0	0	0	0	0	0	0	0	0	0	0	0	0	0	0	0	0	0	0	0	0	0	0	0	0	0	0	0	0	0	0	0	0	0	0	0	0	0	0	0	0	0	0	0	0	1.0	0	0	0	0	0	0	0	0	1.0	0	2.0	1.0	3.0	1.0	3.0	0	0	0	0	0	0	1.0	0	0	0	0	0	0	0	0	0	0	0	0	0	0	0	0	0	0	0	0	0	0	0	0	0	0	0	0	0	0	0	0	0	0	0	0	0	0	0	0	0	0	0	0	0	0	0	0	0	0	0	0	0	0	0	0	0	0	0	0	0	0	0	0	0	0	0	0	0	0	0	0	0	0	0	0	0	0	0	0	0	0	0	0	0	0	0	0	0	0	0	0	0	0
sk__Bacteria;k__;p__Firmicutes;c__Bacilli;o__Lactobacillales;f__Enterococcaceae;g__Enterococcus	700.0	33.0	114.0	12.0	0	0	0	0	0	0	0	0	0	0	0	0	0	0	0	0	0	0	0	0	0	0	0	0	0	0	0	0	0	0	0	0	0	0	0	0	0	0	0	0	0	0	0	0	0	0	0	1.0	0	0	0	0	0	0	0	0	0	68.0	6.0	383.0	80.0	24.0	1.0	12.0	0	31.0	2.0	146.0	3.0	158.0	3.0	350.0	12.0	2.0	0	0	0	0	0	0	0	0	0	0	0	0	0	0	0	0	0	0	0	0	0	0	0	0	0	0	0	0	0	0	0	0	0	0	0	0	0	0	0	0	0	0	0	0	0	0	0	0	0	0	0	0	0	0	0	0	0	0	0	0	0	0	0	0	0	0	0	0	0	0	0	0	0	0	0	0	0	0	0	0	0	0	0	0	0	0	0	0	0	0	0	0	2.0	0	0	0	0	0	0	0
sk__Bacteria;k__;p__Firmicutes;c__Bacilli;o__Lactobacillales;f__Enterococcaceae;g__Enterococcus;s__Enterococcus_faecium	0	0	0	0	0	0	0	0	0	0	0	0	0	0	0	0	0	0	0	0	0	0	0	0	0	0	0	0	0	0	0	0	0	0	0	0	0	0	0	0	0	0	0	0	0	0	0	0	0	0	0	0	0	0	0	0	0	0	0	0	0	0	0	1.0	0	0	0	0	0	0	0	0	0	0	0	1.0	0	0	0	0	0	0	0	0	0	0	0	0	0	0	0	0	0	0	0	0	0	0	0	0	0	0	0	0	0	0	0	0	0	0	0	0	0	0	0	0	0	0	0	0	0	0	0	0	0	0	0	0	0	0	0	0	0	0	0	0	0	0	0	0	0	0	0	0	0	0	0	0	0	0	0	0	0	0	0	0	0	0	0	0	0	0	0	0	0	0	0	0	0	0	0	0	0	0	0	0	0	0
sk__Bacteria;k__;p__Firmicutes;c__Bacilli;o__Lactobacillales;f__Enterococcaceae;g__Enterococcus;s__Enterococcus_gallinarum	0	0	1.0	0	0	0	0	0	0	0	0	0	0	0	0	0	0	0	0	0	0	0	0	0	0	0	0	0	0	0	0	0	0	0	0	0	0	0	0	0	0	0	0	0	0	0	0	0	0	0	0	0	0	0	0	0	0	0	0	0	0	0	0	0	0	0	0	0	0	0	0	0	0	0	0	0	0	0	0	0	0	0	0	0	0	0	0	0	0	0	0	0	0	0	0	0	0	0	0	0	0	0	0	0	0	0	0	0	0	0	0	0	0	0	0	0	0	0	0	0	0	0	0	0	0	0	0	0	0	0	0	0	0	0	0	0	0	0	0	0	0	0	0	0	0	0	0	0	0	0	0	0	0	0	0	0	0	0	0	0	0	0	0	0	0	0	0	0	0	0	0	0	0	0	0	0	0	0
sk__Bacteria;k__;p__Firmicutes;c__Bacilli;o__Lactobacillales;f__Enterococcaceae;g__Vagococcus	0	0	0	0	0	0	0	0	0	0	0	0	0	0	0	0	0	0	0	0	0	0	0	0	0	0	0	0	0	0	0	0	0	0	0	0	0	0	0	1.0	0	0	0	0	0	0	0	0	0	0	0	0	0	0	0	0	0	0	0	0	0	0	0	0	0	0	0	0	0	0	0	1.0	0	0	0	0	0	0	0	0	0	0	0	0	0	0	0	0	0	0	0	0	0	0	0	0	0	0	0	0	0	0	0	0	0	0	0	0	0	0	0	0	0	0	0	0	0	0	0	0	0	0	0	0	0	0	0	0	0	0	0	0	0	0	0	0	0	0	0	0	0	0	0	0	0	0	0	0	0	0	0	0	0	0	0	0	0	0	0	0	0	0	0	0	0	0	0	0	0	0	0	0	0	0	0	0	0	0
sk__Bacteria;k__;p__Firmicutes;c__Bacilli;o__Lactobacillales;f__Lactobacillaceae	0	0	0	0	0	0	0	0	0	0	0	0	0	0	0	0	0	0	0	0	0	0	0	0	0	0	0	0	0	0	0	0	0	0	0	0	0	0	0	0	0	0	0	0	0	0	0	0	0	0	0	0	0	0	0	0	0	0	0	0	0	0	0	0	0	0	0	0	0	0	0	0	0	0	0	0	0	0	0	0	0	0	0	0	0	0	0	0	0	0	0	0	0	0	0	0	0	0	0	0	0	0	0	0	0	0	0	0	0	0	0	0	0	25.0	2.0	0	0	0	0	0	0	0	0	0	0	0	0	0	0	0	0	0	0	0	0	0	0	0	0	0	0	0	0	0	0	0	0	0	0	0	0	0	0	0	0	0	0	0	0	0	0	0	0	0	0	0	0	0	0	0	0	0	0	0	0	0	0	0
sk__Bacteria;k__;p__Firmicutes;c__Bacilli;o__Lactobacillales;f__Lactobacillaceae;g__Lactobacillus	2.0	0	0	0	0	0	0	0	0	0	0	0	0	0	0	0	2.0	0	0	0	0	8.0	4.0	1.0	1.0	1.0	0	0	0	0	0	0	1.0	1.0	0	0	0	0	0	0	0	0	0	1618.0	1233.0	1.0	0	0	0	1.0	0	0	1.0	2.0	0	0	0	0	0	0	0	0	0	0	0	0	0	0	0	0	2.0	1.0	0	80.0	38.0	0	0	0	0	1.0	0	0	0	4.0	0	1.0	0	3.0	2.0	0	0	2.0	1.0	4.0	1.0	2.0	0	3.0	1.0	0	0	0	0	5.0	4.0	0	0	2.0	1.0	36.0	40.0	0	3.0	2503.0	1633.0	2.0	2.0	0	0	1.0	1.0	451.0	119.0	11.0	2.0	0	0	0	0	0	0	0	0	0	0	0	0	2.0	2.0	1.0	0	3.0	0	1.0	0	3.0	0	0	6.0	1.0	0	0	0	0	0	0	0	0	0	0	0	0	42.0	61.0	2.0	0	0	0	0	0	7.0	2.0	0	0	0	0	0	0
sk__Bacteria;k__;p__Firmicutes;c__Bacilli;o__Lactobacillales;f__Lactobacillaceae;g__Lactobacillus;s__Lactobacillus_fermentum	0	0	0	0	0	0	0	0	0	0	0	0	0	0	0	0	0	0	0	0	0	0	0	0	0	0	0	0	0	0	0	0	0	0	0	0	0	0	0	0	0	0	0	0	0	0	0	0	0	0	0	0	0	0	0	0	0	0	0	0	0	0	0	0	0	0	0	0	0	0	0	0	0	0	0	0	0	0	0	0	0	0	0	0	0	0	0	0	0	0	0	0	0	0	0	0	0	0	0	0	0	0	0	0	0	0	0	0	0	0	0	0	0	0	0	0	0	0	0	0	0	0	0	0	0	0	0	0	0	0	0	0	0	0	0	0	0	0	0	0	0	0	0	0	0	0	0	0	0	0	0	0	0	0	0	0	0	0	0	0	0	0	0	5.0	0	0	0	0	0	0	0	0	0	0	0	0	0	0
sk__Bacteria;k__;p__Firmicutes;c__Bacilli;o__Lactobacillales;f__Lactobacillaceae;g__Lactobacillus;s__Lactobacillus_gasseri	0	0	0	0	0	0	0	0	0	0	0	0	0	0	0	0	0	0	0	0	0	0	0	0	0	0	0	0	0	0	0	0	0	0	0	0	0	0	0	0	0	0	0	0	1.0	0	0	0	0	0	0	0	0	0	0	0	0	0	0	0	0	0	0	0	0	0	0	0	0	0	0	0	0	0	0	0	0	0	0	0	0	0	0	0	0	0	0	0	0	0	0	0	0	0	0	0	0	0	0	0	0	0	0	0	0	0	0	0	0	0	0	0	0	0	0	0	0	0	0	0	0	0	0	0	0	0	0	0	0	0	0	0	0	0	0	0	0	0	0	0	0	0	0	0	0	0	0	0	0	0	0	0	0	0	0	0	0	0	0	0	0	0	0	0	0	0	0	0	0	0	0	0	0	0	0	0	0	0
sk__Bacteria;k__;p__Firmicutes;c__Bacilli;o__Lactobacillales;f__Lactobacillaceae;g__Lactobacillus;s__Lactobacillus_helveticus	0	0	0	0	0	0	0	0	0	0	0	0	0	0	0	0	0	0	0	0	0	0	0	0	0	0	0	0	0	0	0	0	0	0	0	0	0	0	0	0	0	0	0	0	0	0	0	0	0	0	0	0	0	0	0	0	0	0	0	0	0	0	0	0	0	0	0	0	0	0	0	0	0	0	0	0	0	0	0	0	0	0	0	0	0	0	0	0	0	0	0	0	0	0	0	0	0	0	0	0	0	0	0	0	0	0	0	0	0	0	0	0	0	0	0	0	0	0	0	0	0	0	0	0	0	0	0	0	0	0	0	0	0	0	0	0	0	0	0	0	0	0	0	0	0	0	0	0	0	1.0	0	0	0	0	0	0	0	0	0	0	0	0	0	0	0	0	0	0	0	0	0	0	0	0	0	0	0	0
sk__Bacteria;k__;p__Firmicutes;c__Bacilli;o__Lactobacillales;f__Lactobacillaceae;g__Lactobacillus;s__Lactobacillus_pontis	0	0	0	0	0	0	0	0	0	0	0	0	0	0	0	0	0	0	0	0	0	0	0	0	0	0	0	0	0	0	0	0	0	0	0	0	0	0	0	0	0	0	0	0	0	0	0	0	0	0	0	0	0	0	0	0	0	0	0	0	0	0	0	0	0	0	0	0	0	0	0	0	0	0	0	0	0	0	0	0	0	0	0	0	0	0	0	0	0	0	0	0	0	0	0	0	0	0	0	0	0	0	0	0	0	0	0	0	0	0	0	0	0	0	2.0	0	0	0	0	0	0	0	0	0	0	0	0	0	0	0	0	0	0	0	0	0	0	0	0	0	0	0	0	0	0	0	0	0	0	0	0	0	0	0	0	0	0	0	0	0	0	0	0	0	0	0	0	0	0	0	0	0	0	0	0	0	0	0
sk__Bacteria;k__;p__Firmicutes;c__Bacilli;o__Lactobacillales;f__Lactobacillaceae;g__Lactobacillus;s__Lactobacillus_reuteri	0	0	0	0	0	0	0	0	0	0	0	0	0	0	0	0	0	0	0	0	0	0	0	0	0	0	0	0	0	0	0	0	0	0	0	0	0	0	0	0	0	0	0	0	0	0	0	0	0	0	2.0	0	0	0	0	0	0	0	0	0	0	0	0	0	0	0	0	0	0	0	0	0	0	0	0	0	0	0	0	0	0	0	0	0	0	0	0	0	0	0	0	0	0	0	0	0	0	0	0	0	0	0	0	0	0	0	0	0	0	0	0	0	0	0	0	0	0	0	0	0	0	0	0	0	0	0	0	0	0	0	0	0	0	0	0	0	0	0	0	0	0	0	0	0	0	0	0	0	0	0	0	0	0	0	0	0	0	0	0	0	0	0	0	0	0	0	0	0	0	0	0	0	0	0	0	0	0	0
sk__Bacteria;k__;p__Firmicutes;c__Bacilli;o__Lactobacillales;f__Lactobacillaceae;g__Lactobacillus;s__Lactobacillus_salivarius	0	0	0	0	0	0	0	0	0	0	0	0	0	0	0	0	0	0	0	0	0	0	0	0	0	0	0	0	0	0	0	0	0	0	0	0	0	0	0	0	0	0	0	0	7.0	0	0	0	0	0	0	0	0	0	0	0	0	0	0	0	0	0	0	0	0	0	0	0	0	0	0	0	0	0	0	0	0	0	0	0	0	0	0	0	0	0	0	0	0	0	0	0	0	0	0	0	0	0	0	0	0	0	0	0	0	0	0	0	0	0	0	0	0	3.0	2.0	0	0	0	0	0	0	0	0	0	0	0	0	0	0	0	0	0	0	0	0	0	0	0	0	0	0	0	0	0	0	0	0	0	0	0	0	0	0	0	0	0	0	0	0	0	0	0	0	0	0	0	0	0	0	0	0	0	0	0	0	0	0	0
sk__Bacteria;k__;p__Firmicutes;c__Bacilli;o__Lactobacillales;f__Lactobacillaceae;g__Lactobacillus;s__Lactobacillus_sp._KC45b	0	0	0	0	0	0	0	0	0	0	0	0	0	0	0	0	0	0	0	0	0	0	0	0	0	0	0	0	0	0	0	0	0	0	0	0	0	0	0	0	0	0	0	0	0	0	0	0	0	0	0	0	0	0	0	0	0	0	0	0	0	0	0	0	0	0	0	0	0	0	0	0	0	0	0	0	0	0	0	0	0	0	0	0	0	0	0	0	0	0	0	0	0	0	0	0	0	0	0	0	0	0	0	0	0	0	0	0	0	0	0	0	0	3.0	0	0	0	0	0	0	0	0	0	0	0	0	0	0	0	0	0	0	0	0	0	0	0	0	0	0	0	0	0	0	0	0	0	0	0	0	0	0	0	0	0	0	0	0	0	0	0	0	0	0	0	0	0	0	0	0	0	0	0	0	0	0	0	0
sk__Bacteria;k__;p__Firmicutes;c__Bacilli;o__Lactobacillales;f__Lactobacillaceae;g__Lactobacillus;s__Lactobacillus_vaginalis	0	0	0	0	0	0	0	0	0	0	0	0	0	0	0	0	0	0	0	0	0	0	0	0	0	0	0	0	0	0	0	0	0	0	0	0	0	0	0	0	0	0	0	0	4.0	0	0	0	0	0	0	0	0	0	0	0	0	0	0	0	0	0	0	0	0	0	0	0	0	0	0	0	0	0	0	0	0	0	0	0	0	0	0	0	0	0	0	0	0	0	0	0	0	0	0	0	0	0	0	0	0	0	0	0	0	0	0	0	0	0	0	0	0	0	2.0	0	0	0	0	0	0	0	0	0	0	0	0	0	0	0	0	0	0	0	0	0	0	0	0	0	0	0	0	0	0	0	0	0	0	0	0	0	0	0	0	0	0	0	0	0	0	0	0	0	0	0	0	0	0	0	0	0	0	0	0	0	0	0
sk__Bacteria;k__;p__Firmicutes;c__Bacilli;o__Lactobacillales;f__Lactobacillaceae;g__Pediococcus	0	0	0	0	0	0	0	0	0	0	0	0	0	0	0	0	0	0	0	0	0	0	0	0	0	0	0	0	0	1.0	0	0	0	0	0	0	0	0	0	0	0	0	0	0	0	0	0	0	0	0	0	0	0	0	0	0	0	0	0	0	0	0	0	0	0	0	0	0	0	0	0	0	0	0	0	0	0	0	0	0	0	0	0	0	0	0	0	0	0	0	0	0	0	0	0	0	0	0	0	0	0	0	0	0	0	0	0	0	0	0	0	0	0	0	0	0	0	0	0	0	0	0	0	0	0	0	0	0	0	0	0	0	0	0	0	0	0	0	0	0	0	0	0	0	0	0	0	0	0	0	0	0	0	0	0	0	0	0	0	0	0	0	0	0	0	0	0	0	0	0	0	0	0	0	0	0	0	0
sk__Bacteria;k__;p__Firmicutes;c__Bacilli;o__Lactobacillales;f__Leuconostocaceae	0	0	0	0	1.0	0	0	0	0	0	0	0	0	0	0	0	0	0	0	0	0	0	0	0	0	0	0	0	0	0	0	0	0	0	0	0	0	0	0	0	0	0	0	0	0	0	0	0	0	0	0	0	0	0	0	0	0	0	0	0	0	0	0	0	0	0	0	0	0	0	0	0	0	0	0	0	0	0	0	0	0	0	0	0	0	0	0	0	0	0	0	0	0	0	0	0	0	0	0	0	0	0	0	0	0	0	0	0	0	0	0	0	0	0	0	0	0	0	0	0	0	0	0	0	0	0	0	0	0	0	0	0	0	0	0	0	0	0	0	0	0	0	0	1.0	0	0	1.0	0	0	0	0	0	0	0	0	0	0	0	0	0	0	0	0	0	0	0	0	0	0	0	0	0	0	0	0	0	0	0
sk__Bacteria;k__;p__Firmicutes;c__Bacilli;o__Lactobacillales;f__Leuconostocaceae;g__Leuconostoc	0	0	0	0	305.0	96.0	18.0	6.0	0	0	0	0	0	0	4.0	5.0	0	0	0	0	0	0	0	0	1.0	0	0	0	0	0	0	33.0	7.0	0	0	70.0	5.0	2.0	0	67.0	6.0	22.0	6.0	0	0	0	0	2.0	1.0	0	0	8.0	97.0	18.0	0	0	14.0	4.0	0	18.0	6.0	0	0	0	0	0	0	0	0	0	0	0	0	0	0	0	0	0	0	0	0	0	0	0	0	0	0	0	0	0	0	0	0	0	0	0	0	0	0	0	0	0	0	0	0	0	0	0	0	0	0	0	0	0	0	0	1.0	0	0	5.0	0	0	0	2.0	0	8.0	2.0	79.0	20.0	2.0	0	99.0	15.0	5.0	0	5.0	0	7.0	0	3.0	0	3.0	0	80.0	3.0	15.0	2.0	0	64.0	11.0	2.0	1.0	9.0	0	1.0	0	0	1.0	0	0	0	0	0	0	0	0	10.0	0	8.0	1.0	5.0	1.0	23.0	8.0	1.0	1.0	14.0	1.0
sk__Bacteria;k__;p__Firmicutes;c__Bacilli;o__Lactobacillales;f__Leuconostocaceae;g__Weissella	0	0	0	0	0	0	0	0	0	0	0	0	0	0	0	0	0	0	0	0	0	0	0	0	0	0	0	0	0	0	0	0	0	0	0	0	0	0	0	0	0	0	0	0	0	0	0	0	0	0	0	0	0	0	0	0	0	0	0	0	0	0	0	0	0	0	0	0	0	0	0	0	0	0	0	0	0	0	0	0	0	0	0	0	0	0	0	0	0	0	0	0	0	0	0	0	0	0	0	0	0	0	0	1.0	0	0	0	0	0	0	0	0	0	0	0	0	0	0	0	0	0	0	0	0	0	0	0	0	0	0	0	0	0	0	0	0	0	0	0	0	0	0	0	0	0	0	0	0	0	0	0	0	0	0	0	0	0	0	0	0	0	0	0	0	0	0	0	0	0	0	0	0	0	0	0	0	0	0
sk__Bacteria;k__;p__Firmicutes;c__Bacilli;o__Lactobacillales;f__Streptococcaceae	11.0	15.0	39.0	50.0	0	5.0	30.0	2.0	6.0	3.0	0	2.0	8.0	15.0	9.0	8.0	4.0	1.0	4.0	11.0	0	703.0	370.0	4.0	2.0	2.0	0	3.0	0	7.0	9.0	145.0	179.0	2.0	0	66.0	22.0	1.0	0	70.0	60.0	2.0	13.0	186.0	153.0	7.0	0	0	1.0	299.0	50.0	11.0	347.0	52.0	10.0	16.0	110.0	112.0	16.0	2.0	6.0	2.0	0	3.0	2.0	1.0	5.0	8.0	4.0	1.0	12.0	3.0	9.0	42.0	16.0	5.0	12.0	16.0	5.0	4.0	1.0	6.0	0	14.0	4.0	13.0	8.0	16.0	4.0	10.0	5.0	2.0	0	7.0	0	4.0	0	82.0	60.0	67.0	34.0	13.0	4.0	43.0	25.0	0	0	1.0	6.0	95.0	75.0	77.0	115.0	39.0	9.0	5.0	3.0	30.0	1.0	125.0	23.0	22.0	2.0	24.0	7.0	0	0	1.0	1.0	15.0	10.0	43.0	56.0	0	4.0	1.0	12.0	7.0	1.0	5.0	0	51.0	9.0	17.0	4.0	7.0	0	1.0	4.0	7.0	0	0	0	1.0	6.0	0	1.0	0	7.0	0	1.0	3.0	56.0	16.0	3.0	1.0	9.0	3.0	9.0	1.0	53.0	16.0	27.0	17.0	2.0	2.0	3.0	0
sk__Bacteria;k__;p__Firmicutes;c__Bacilli;o__Lactobacillales;f__Streptococcaceae;g__Lactococcus	162.0	83.0	149.0	63.0	0	0	0	0	0	0	0	0	0	0	0	0	0	0	0	0	0	0	0	0	0	0	0	0	0	0	0	0	0	0	0	0	0	0	0	0	0	0	0	0	0	0	0	0	0	0	0	0	0	0	0	0	0	0	0	0	0	15.0	10.0	71.0	169.0	24.0	7.0	18.0	5.0	7.0	3.0	33.0	13.0	26.0	12.0	35.0	15.0	0	0	0	0	0	0	0	0	0	0	0	0	0	0	0	0	0	0	0	0	0	0	0	0	0	0	0	0	0	0	0	0	0	0	0	1.0	0	0	0	0	0	0	0	0	0	0	0	0	0	0	0	0	0	0	2.0	0	0	0	0	0	0	0	0	0	0	0	0	0	0	0	0	2.0	0	0	0	0	0	0	0	0	0	0	0	0	0	0	0	0	0	0	0	0	0	0	0	0	0	0	0	0	0
sk__Bacteria;k__;p__Firmicutes;c__Bacilli;o__Lactobacillales;f__Streptococcaceae;g__Lactococcus;s__Lactococcus_lactis	0	0	0	0	0	0	0	0	0	0	0	0	0	0	0	0	0	0	0	0	0	0	0	0	0	0	0	0	0	0	0	0	0	0	0	0	0	0	0	0	0	0	0	0	0	0	0	0	0	0	0	0	0	0	0	0	0	0	0	0	0	0	0	0	1.0	0	0	0	0	0	0	0	1.0	0	0	0	1.0	0	0	0	0	0	0	0	0	0	0	0	0	0	0	0	0	0	0	0	0	0	0	0	0	0	0	0	0	0	0	0	0	0	0	0	0	0	0	0	0	0	0	0	0	0	0	0	0	0	0	0	0	0	0	0	0	0	0	0	0	0	0	0	0	0	0	0	0	0	0	0	0	0	0	0	0	0	0	0	0	0	0	0	0	0	0	0	0	0	0	0	0	0	0	0	0	0	0	0	0	0
sk__Bacteria;k__;p__Firmicutes;c__Bacilli;o__Lactobacillales;f__Streptococcaceae;g__Streptococcus	687.0	442.0	2994.0	2962.0	2176.0	2450.0	1929.0	721.0	4291.0	1136.0	762.0	343.0	3747.0	2187.0	3344.0	3174.0	430.0	35.0	3811.0	466.0	105.0	3906.0	1480.0	352.0	310.0	1370.0	742.0	2278.0	679.0	1894.0	1492.0	1277.0	839.0	1489.0	872.0	1598.0	371.0	2276.0	385.0	5331.0	2217.0	2529.0	1215.0	5253.0	3675.0	1880.0	264.0	221.0	234.0	1445.0	134.0	540.0	1770.0	946.0	62.0	82.0	2532.0	704.0	92.0	72.0	76.0	90.0	117.0	441.0	757.0	2928.0	1111.0	3806.0	841.0	1325.0	706.0	1367.0	585.0	2294.0	804.0	1291.0	641.0	901.0	398.0	1248.0	366.0	403.0	112.0	1080.0	214.0	2328.0	1488.0	1882.0	666.0	206.0	100.0	116.0	81.0	432.0	111.0	192.0	55.0	2227.0	844.0	2103.0	977.0	867.0	225.0	2049.0	795.0	164.0	73.0	236.0	358.0	2119.0	850.0	2746.0	1715.0	525.0	284.0	2794.0	1016.0	512.0	83.0	2023.0	330.0	1647.0	280.0	1828.0	329.0	2508.0	1315.0	1497.0	1115.0	417.0	163.0	1833.0	1182.0	844.0	55.0	735.0	114.0	957.0	246.0	2752.0	677.0	1519.0	133.0	1025.0	225.0	558.0	764.0	357.0	3301.0	2782.0	115.0	17.0	615.0	68.0	352.0	164.0	350.0	53.0	505.0	138.0	860.0	126.0	1834.0	306.0	1057.0	478.0	475.0	115.0	690.0	189.0	2027.0	154.0	463.0	189.0	1275.0	585.0	483.0	217.0
sk__Bacteria;k__;p__Firmicutes;c__Bacilli;o__Lactobacillales;f__Streptococcaceae;g__Streptococcus;s__Streptococcus_anginosus	0	0	0	0	0	0	0	1.0	0	0	0	0	0	0	0	0	0	0	0	0	0	0	0	0	0	0	0	0	0	0	0	0	0	0	0	0	1.0	0	0	0	0	0	0	1.0	43.0	0	1.0	0	0	0	0	0	0	0	0	0	0	3.0	0	0	0	0	0	0	0	0	0	0	0	0	3.0	0	5.0	0	1.0	0	0	0	0	0	1.0	0	0	0	0	0	0	0	0	0	27.0	0	1.0	0	0	0	1.0	0	0	0	0	0	0	0	0	0	0	0	0	0	0	0	0	0	0	0	0	0	0	0	0	0	2.0	0	1.0	0	0	0	0	0	0	0	0	0	0	0	0	0	1.0	0	3.0	0	0	0	0	0	0	1.0	0	0	0	0	0	0	0	1.0	0	0	0	0	0	0	0	4.0	0	20.0	0	0	0	6.0	0	0	0	0	0	0	0	0
sk__Bacteria;k__;p__Firmicutes;c__Bacilli;o__Lactobacillales;f__Streptococcaceae;g__Streptococcus;s__Streptococcus_constellatus	0	0	0	0	0	0	0	0	0	0	0	0	0	0	0	0	0	0	0	0	0	0	0	0	0	0	0	0	0	0	0	0	0	0	0	0	0	0	0	0	0	0	0	0	0	0	0	0	0	0	0	0	0	0	0	0	0	0	0	0	0	0	0	0	0	0	0	0	0	0	0	0	0	0	0	0	0	0	0	0	0	0	0	0	0	0	0	0	0	0	0	0	0	0	0	0	2.0	0	0	0	0	0	0	0	0	0	0	0	0	0	0	0	0	0	0	0	0	0	0	0	0	0	0	0	0	0	0	0	0	0	0	0	0	0	0	0	0	0	0	0	0	0	0	0	0	0	0	0	0	0	0	0	0	0	0	0	0	0	0	0	0	0	0	0	0	0	0	0	0	0	0	0	0	0	0	0	0	0
sk__Bacteria;k__;p__Firmicutes;c__Bacilli;o__Lactobacillales;f__Streptococcaceae;g__Streptococcus;s__Streptococcus_cristatus	0	0	0	0	0	1.0	0	2.0	0	0	0	0	0	2.0	0	2.0	0	0	0	0	0	0	0	0	0	0	0	0	0	0	0	0	0	0	1.0	0	0	0	0	0	1.0	0	0	0	0	0	0	0	0	0	0	0	0	1.0	0	0	0	0	0	0	0	0	0	0	0	0	0	0	0	0	0	0	0	0	0	0	0	0	0	0	0	0	0	0	0	0	0	0	0	0	0	0	0	0	0	0	0	0	0	0	0	0	0	0	0	0	0	0	0	0	0	0	0	0	0	0	0	0	0	0	0	0	0	0	0	0	0	0	0	0	0	0	0	0	0	0	0	0	0	0	0	0	0	0	0	0	0	0	0	0	0	0	0	0	0	0	0	1.0	0	0	0	0	0	0	0	0	0	0	0	0	0	0	0	0	0	0	0	0
sk__Bacteria;k__;p__Firmicutes;c__Bacilli;o__Lactobacillales;f__Streptococcaceae;g__Streptococcus;s__Streptococcus_gordonii	0	0	0	0	0	0	0	2.0	0	0	0	0	0	0	0	0	0	0	0	0	0	0	5.0	0	0	0	0	0	0	0	0	0	0	0	0	0	0	0	0	0	3.0	0	3.0	0	0	0	0	0	0	0	0	1.0	0	0	0	0	0	0	0	0	0	0	0	0	0	0	0	0	0	0	0	0	0	0	0	0	0	0	0	0	1.0	0	0	0	0	0	0	0	0	0	0	0	0	0	0	0	0	0	2.0	0	0	0	1.0	0	0	0	0	0	0	0	0	0	0	0	0	0	0	0	0	0	0	0	0	0	0	0	2.0	0	1.0	0	0	0	0	0	0	0	0	0	0	0	0	0	0	0	0	0	0	0	0	0	0	0	0	0	0	0	0	0	0	0	0	0	0	0	0	0	0	0	0	0	0	0	0	0	0	0	0	0
sk__Bacteria;k__;p__Firmicutes;c__Bacilli;o__Lactobacillales;f__Streptococcaceae;g__Streptococcus;s__Streptococcus_mutans	0	10.0	0	0	0	271.0	0	2.0	15.0	110.0	6.0	95.0	0	2.0	2.0	82.0	0	0	81.0	0	0	5.0	370.0	0	2.0	0	0	0	0	0	11.0	0	0	0	0	0	0	0	0	0	0	0	1.0	0	0	0	4.0	0	0	0	0	0	0	0	0	0	1.0	13.0	0	0	2.0	0	0	0	0	0	0	0	0	0	0	0	0	0	4.0	0	0	0	1.0	0	2.0	0	0	0	0	0	3.0	0	0	0	0	0	1.0	0	0	0	0	17.0	204.0	8.0	89.0	0	1.0	0	8.0	0	0	0	0	7.0	243.0	9.0	300.0	0	1.0	0	0	6.0	24.0	8.0	274.0	0	0	0	0	0	0	0	0	0	0	0	0	0	0	0	0	0	1.0	0	0	0	0	0	0	1.0	0	1.0	0	1.0	0	0	0	0	0	0	0	0	0	0	0	0	25.0	633.0	2.0	18.0	0	0	0	0	35.0	174.0	4.0	39.0	0	0	0	0
sk__Bacteria;k__;p__Firmicutes;c__Bacilli;o__Lactobacillales;f__Streptococcaceae;g__Streptococcus;s__Streptococcus_oralis	0	0	0	0	0	0	0	10.0	0	0	0	0	0	0	0	0	0	0	0	0	0	0	0	0	0	0	0	0	0	0	0	0	0	0	0	0	0	0	0	0	0	0	0	0	0	0	0	0	0	0	0	0	0	0	0	0	0	0	0	0	0	0	0	0	0	0	0	0	0	0	0	0	0	0	0	0	0	0	0	0	0	0	0	0	0	0	0	0	0	0	0	0	0	0	0	0	0	0	0	0	0	0	0	0	0	0	0	0	0	0	0	0	0	0	0	0	1.0	0	0	0	0	0	0	0	0	0	0	0	0	0	0	0	0	0	0	0	0	0	0	0	0	0	0	0	0	0	0	0	0	0	0	0	0	0	0	0	0	0	0	0	0	0	0	0	0	0	0	0	0	0	0	0	0	0	0	0	0	0
sk__Bacteria;k__;p__Firmicutes;c__Bacilli;o__Lactobacillales;f__Streptococcaceae;g__Streptococcus;s__Streptococcus_pneumoniae	0	0	0	0	0	0	0	0	0	0	0	0	0	0	0	0	0	0	0	0	0	0	1.0	0	0	0	0	0	0	0	0	0	0	0	0	0	0	0	0	0	1.0	0	0	0	0	0	0	0	0	0	0	0	0	0	0	0	0	0	0	0	0	0	0	0	0	0	0	0	0	0	0	0	0	0	0	0	0	0	1.0	0	0	0	0	0	0	0	0	0	0	0	0	0	0	0	0	0	0	0	0	0	0	0	0	0	0	0	0	0	0	0	0	0	0	0	0	0	0	0	1.0	0	0	0	0	0	0	0	0	0	1.0	0	0	0	0	0	0	0	0	0	0	0	0	0	0	0	0	0	0	0	0	1.0	0	0	0	0	0	0	0	0	0	0	0	0	0	0	0	0	0	0	0	0	0	0	0	0	0	0	0	0
sk__Bacteria;k__;p__Firmicutes;c__Bacilli;o__Lactobacillales;f__Streptococcaceae;g__Streptococcus;s__Streptococcus_pyogenes	0	0	0	0	0	0	0	0	0	0	0	0	0	0	0	0	0	0	0	0	0	0	0	0	0	0	0	0	0	0	0	0	0	0	0	0	0	0	0	0	0	0	0	0	0	0	0	0	0	0	0	0	0	0	0	0	0	0	0	0	0	0	0	0	0	0	0	0	0	0	0	0	0	0	0	0	0	0	0	0	0	0	0	0	0	0	0	0	0	0	0	0	0	0	0	0	0	0	0	0	0	0	0	0	0	0	0	0	0	0	0	0	0	0	0	0	0	0	0	0	0	0	0	0	0	0	0	0	0	0	1.0	0	0	0	0	0	0	0	0	0	0	0	0	0	0	0	0	0	0	0	0	0	0	0	0	0	0	0	0	0	0	0	0	0	0	0	0	0	0	0	0	0	0	0	0	0	0	0
sk__Bacteria;k__;p__Firmicutes;c__Bacilli;o__Lactobacillales;f__Streptococcaceae;g__Streptococcus;s__Streptococcus_sanguinis	0	0	0	7.0	0	3.0	0	0	0	211.0	0	1.0	0	3.0	0	49.0	0	0	67.0	0	0	0	3.0	0	0	0	0	0	1.0	0	1.0	0	2.0	0	2.0	0	0	0	0	0	4.0	0	2.0	0	1.0	0	0	0	0	0	0	1.0	0	1.0	0	0	0	2.0	0	0	0	0	0	0	22.0	0	3.0	0	1.0	0	0	0	0	0	0	0	4.0	0	79.0	0	32.0	0	0	0	0	0	0	0	0	0	0	0	1.0	0	0	0	0	0	1.0	0	1.0	0	1.0	0	0	0	2.0	0	1.0	0	0	0	1.0	0	0	0	1.0	0	0	0	1.0	0	0	0	0	0	4.0	0	26.0	0	3.0	0	140.0	0	0	0	0	0	3.0	0	0	0	0	0	0	0	0	15.0	0	172.0	0	0	0	0	0	0	0	1.0	0	0	0	0	0	0	0	0	0	0	0	0	0	0	0	0	0	1.0	0	0
sk__Bacteria;k__;p__Firmicutes;c__Bacilli;o__Lactobacillales;f__Streptococcaceae;g__Streptococcus;s__Streptococcus_sinensis	0	0	0	0	0	0	0	0	0	0	0	0	0	0	0	0	0	0	0	0	0	0	0	0	0	0	0	0	0	0	0	0	0	0	0	0	0	0	0	0	0	0	0	0	0	0	0	0	0	0	0	0	0	0	0	0	0	0	0	0	0	0	0	0	0	0	0	0	0	0	0	0	0	0	0	0	0	0	0	0	0	0	11.0	0	10.0	0	0	0	1.0	0	0	0	0	0	0	0	0	0	0	0	0	0	5.0	0	64.0	0	0	0	0	0	0	0	0	0	0	0	0	0	0	0	0	0	0	0	0	0	0	0	0	0	0	0	0	0	1.0	0	0	0	0	0	0	0	0	0	0	0	0	2.0	0	0	0	0	0	0	0	0	0	0	0	0	0	43.0	0	0	0	0	0	0	0	0	0	0	0	0	0	2.0	0	0
sk__Bacteria;k__;p__Firmicutes;c__Bacilli;o__Lactobacillales;f__Streptococcaceae;g__Streptococcus;s__Streptococcus_sobrinus	0	0	0	0	0	0	0	0	0	0	0	0	0	0	0	0	0	0	0	0	0	0	0	0	0	0	0	0	0	0	0	0	0	0	0	0	0	0	0	0	0	0	0	0	91.0	0	0	0	0	0	0	0	0	0	0	0	0	0	0	0	25.0	0	0	0	0	0	0	0	0	0	0	0	0	0	0	0	0	0	0	0	0	0	0	0	0	0	0	0	0	0	0	0	0	0	0	0	0	0	2.0	0	12.0	0	0	0	0	0	0	0	0	0	92.0	0	8.0	0	0	0	0	0	0	0	0	0	0	0	0	0	0	0	0	0	0	0	0	0	0	0	0	0	0	0	0	0	0	0	0	0	0	0	0	0	0	0	0	0	0	0	0	0	0	0	0	0	0	0	0	0	0	0	0	0	0	0	0	0	0	0	0	0
sk__Bacteria;k__;p__Firmicutes;c__Bacilli;o__Lactobacillales;f__Streptococcaceae;g__Streptococcus;s__Streptococcus_sp._11aTha1	0	0	0	0	0	0	0	0	0	0	0	0	0	0	0	0	0	0	0	0	0	0	0	0	0	0	0	0	0	0	0	0	0	0	0	0	0	0	0	0	0	0	0	0	0	0	0	0	0	0	0	0	0	0	0	0	0	0	0	0	0	0	0	0	0	0	0	0	0	0	0	0	0	0	0	0	0	0	0	0	0	0	0	0	0	0	0	0	0	0	0	0	0	0	0	0	0	0	0	0	0	0	0	0	0	0	0	0	0	0	0	0	0	0	0	0	0	0	1.0	0	0	0	0	0	0	0	0	0	0	0	0	0	0	0	0	0	0	0	0	0	0	0	0	0	0	0	0	0	0	0	0	0	0	0	0	1.0	0	0	0	0	0	0	0	0	0	0	0	0	0	0	0	0	0	0	0	0	0	0
sk__Bacteria;k__;p__Firmicutes;c__Bacilli;o__Lactobacillales;f__Streptococcaceae;g__Streptococcus;s__Streptococcus_sp._DD04(2016)	0	0	0	0	0	0	0	0	0	0	0	0	0	0	0	0	0	0	0	0	0	0	0	0	0	0	0	0	0	0	0	0	0	0	0	0	0	0	0	0	0	0	0	0	0	0	0	0	0	0	0	0	0	0	0	0	0	0	0	0	0	0	0	0	0	0	0	0	0	0	0	0	0	0	0	0	0	0	0	0	0	0	0	0	0	0	0	0	0	0	0	0	0	0	0	0	0	0	0	0	0	0	0	0	1.0	0	0	0	0	0	0	0	0	0	0	0	0	0	0	0	0	0	0	0	0	0	0	0	0	0	0	0	0	0	0	0	0	0	0	0	0	0	0	0	0	0	0	0	0	0	0	0	0	0	0	0	0	0	0	0	0	0	0	0	0	0	0	0	0	0	0	0	0	0	0	0	0	0
sk__Bacteria;k__;p__Firmicutes;c__Bacilli;o__Lactobacillales;f__Streptococcaceae;g__Streptococcus;s__Streptococcus_sp._RR1	0	0	0	0	0	0	0	0	0	0	0	0	0	0	0	0	0	0	0	0	0	0	0	0	0	0	0	0	0	0	0	0	0	0	0	0	0	0	0	0	0	0	0	0	0	0	0	0	0	0	0	0	0	0	0	0	0	0	0	0	0	0	0	0	0	0	0	1.0	0	0	0	0	0	0	0	0	0	0	0	0	0	0	0	0	0	0	0	0	0	0	0	0	0	0	0	0	0	0	0	0	0	0	0	0	0	0	0	0	0	0	0	0	0	0	0	0	0	0	0	0	0	0	0	1.0	0	0	0	1.0	0	0	0	1.0	0	0	0	0	0	0	0	0	0	0	0	0	0	0	0	0	2.0	0	0	0	0	0	0	0	0	0	0	0	0	0	0	0	0	0	0	0	0	0	0	0	0	0	0	0	0	0
sk__Bacteria;k__;p__Firmicutes;c__Clostridia	0	1.0	0	0	0	0	0	0	0	1.0	0	0	0	0	0	0	0	0	0	0	0	0	0	0	0	0	0	0	0	0	0	0	0	0	0	0	0	0	0	0	0	0	0	0	1.0	0	0	0	0	0	0	0	0	0	0	0	0	0	0	0	1.0	0	0	0	1.0	0	0	0	0	0	64.0	0	33.0	0	0	0	3.0	0	0	0	0	0	0	0	0	0	0	0	0	0	0	0	0	0	1.0	0	1.0	0	0	0	0	0	0	0	0	0	0	0	0	0	0	0	0	0	0	0	0	0	0	0	0	0	0	0	0	0	0	0	0	0	1.0	0	0	0	0	0	0	0	0	0	0	0	0	0	0	0	0	2.0	0	0	0	0	0	0	0	0	0	0	0	0	0	0	0	0	0	0	0	0	0	0	0	0	0	0	0	5.0	0	38.0
sk__Bacteria;k__;p__Firmicutes;c__Clostridia;o__Clostridiales	573.0	21.0	111.0	1.0	19.0	6.0	297.0	28.0	63.0	7.0	195.0	70.0	48.0	22.0	5.0	0	949.0	8.0	1.0	356.0	45.0	42.0	2.0	84.0	42.0	52.0	25.0	133.0	25.0	4.0	3.0	15.0	1.0	73.0	3.0	222.0	0	24.0	3.0	9.0	0	82.0	54.0	16.0	10.0	178.0	41.0	3.0	0	69.0	22.0	0	75.0	7.0	5.0	0	5.0	0	1.0	8.0	2.0	338.0	102.0	470.0	58.0	136.0	3.0	362.0	18.0	218.0	6.0	613.0	4.0	742.0	76.0	295.0	34.0	360.0	52.0	555.0	86.0	1423.0	86.0	1044.0	111.0	269.0	86.0	260.0	92.0	563.0	109.0	409.0	74.0	227.0	83.0	313.0	68.0	747.0	1.0	212.0	8.0	570.0	92.0	111.0	31.0	604.0	126.0	30.0	8.0	149.0	53.0	117.0	122.0	102.0	8.0	244.0	11.0	260.0	6.0	92.0	0	163.0	0	84.0	12.0	538.0	1.0	34.0	13.0	646.0	70.0	69.0	10.0	365.0	44.0	170.0	35.0	681.0	44.0	892.0	50.0	157.0	51.0	6.0	0	2.0	290.0	56.0	238.0	39.0	332.0	12.0	279.0	1.0	774.0	76.0	1211.0	74.0	744.0	66.0	364.0	13.0	577.0	35.0	517.0	59.0	668.0	32.0	84.0	45.0	473.0	2.0	432.0	7.0	659.0	109.0	1358.0	222.0
sk__Bacteria;k__;p__Firmicutes;c__Clostridia;o__Clostridiales;f__;g__;s__Clostridiales_bacterium_canine_oral_taxon_230	0	0	0	0	0	0	0	0	0	0	0	0	0	0	0	0	0	0	0	0	0	0	0	0	0	0	0	0	0	0	0	0	0	0	0	0	0	0	0	0	0	0	0	0	0	0	0	0	0	0	0	0	0	0	0	0	0	0	0	0	0	0	0	0	0	0	0	0	0	0	0	0	0	0	0	0	0	0	0	0	0	0	0	0	0	0	0	0	0	0	0	0	0	0	0	0	0	0	0	0	0	0	0	0	0	0	0	0	0	0	0	0	0	0	0	0	0	0	0	0	0	0	0	0	0	0	0	0	0	0	0	0	0	0	0	0	0	0	0	0	0	0	0	0	0	0	7.0	0	1.0	0	0	0	0	0	0	0	0	0	0	0	0	0	0	0	0	0	0	0	0	0	0	0	0	0	0	0	0	0
sk__Bacteria;k__;p__Firmicutes;c__Clostridia;o__Clostridiales;f__;g__;s__Clostridiales_bacterium_canine_oral_taxon_260	0	0	0	0	0	0	0	0	0	0	0	0	0	0	0	0	0	0	0	0	0	0	0	0	0	0	0	0	0	0	0	0	0	0	0	0	0	0	0	0	0	0	0	0	0	0	0	0	0	0	0	0	0	0	0	0	0	0	0	0	0	0	0	0	0	0	0	0	0	0	0	0	0	0	0	0	0	0	0	0	0	0	0	0	0	0	0	0	0	0	0	0	0	0	0	0	0	0	0	0	0	0	0	0	0	0	0	0	0	0	0	0	0	0	0	0	0	0	0	0	0	0	0	0	0	0	0	0	0	0	0	0	0	0	0	0	0	15.0	0	0	0	0	0	0	0	0	0	0	0	0	0	0	0	0	0	0	0	0	0	0	0	0	0	0	0	0	0	0	0	0	0	0	0	0	0	0	0	0
sk__Bacteria;k__;p__Firmicutes;c__Clostridia;o__Clostridiales;f__;g__;s__Clostridiales_bacterium_feline_oral_taxon_148	0	0	0	0	0	0	0	0	0	0	0	0	0	0	0	0	0	0	0	0	0	0	0	0	0	0	0	0	0	0	0	0	0	0	0	0	0	0	0	0	0	0	0	0	0	0	0	0	0	0	0	0	0	0	0	0	0	0	0	0	0	0	0	0	0	0	0	0	0	0	0	0	0	0	0	0	0	0	0	0	1.0	0	0	0	0	0	0	0	0	0	12.0	0	2.0	0	2.0	0	0	0	0	0	0	0	0	0	0	0	2.0	0	0	0	0	0	0	0	1.0	0	0	0	0	0	0	0	0	0	0	0	0	0	0	0	0	0	0	0	0	0	0	0	0	0	0	0	0	0	0	0	0	1.0	0	0	0	0	0	0	0	1.0	0	2.0	0	0	0	0	0	14.0	0	15.0	0	9.0	0	4.0	0	0	0	0	0	1.0	0	4.0
sk__Bacteria;k__;p__Firmicutes;c__Clostridia;o__Clostridiales;f__;g__Howardella	0	0	0	0	0	0	0	0	0	0	0	0	0	0	0	0	0	0	0	0	1.0	0	0	0	0	0	0	0	0	0	0	0	1.0	0	0	0	0	0	0	0	0	1.0	0	0	0	0	0	0	0	0	0	0	0	0	0	0	0	0	0	0	0	0	0	0	0	0	0	0	0	0	0	1.0	0	0	1.0	0	0	0	0	0	0	0	0	0	0	0	1.0	0	0	0	3.0	0	0	0	3.0	0	0	0	0	0	0	0	0	0	0	0	0	0	0	0	1.0	0	0	0	0	0	0	0	0	0	0	0	0	0	0	0	0	0	0	0	0	0	0	0	0	0	0	0	0	0	0	0	0	0	0	0	0	0	0	0	0	1.0	0	1.0	0	0	2.0	0	0	0	0	0	3.0	0	0	0	0	0	0	0	0	0	0	0	0	0	0	0
sk__Bacteria;k__;p__Firmicutes;c__Clostridia;o__Clostridiales;f__Christensenellaceae	0	0	0	0	0	0	0	0	0	0	0	0	0	0	0	0	0	0	0	0	0	0	0	0	0	0	0	0	0	0	0	0	0	0	0	0	0	0	0	0	0	0	0	3.0	0	0	0	0	0	0	0	0	0	0	0	0	0	0	0	0	0	0	0	0	0	0	0	0	0	0	0	0	0	0	0	0	0	0	0	0	0	0	0	0	0	0	0	0	0	0	0	0	0	0	0	0	0	0	0	0	0	0	0	0	0	0	0	0	0	0	0	0	0	0	0	0	0	0	0	0	0	0	0	0	0	0	0	0	0	0	0	0	0	0	0	0	0	0	0	0	0	0	0	0	0	0	0	0	1.0	0	0	0	0	0	0	0	0	0	0	0	0	0	0	0	0	0	0	0	0	0	0	0	0	0	1.0	0	4.0	0
sk__Bacteria;k__;p__Firmicutes;c__Clostridia;o__Clostridiales;f__Clostridiaceae	0	0	0	0	0	0	0	0	0	0	0	0	0	0	0	0	0	0	0	0	0	0	0	0	0	0	0	0	0	0	0	0	0	0	0	0	0	0	0	0	0	0	0	0	0	0	0	0	0	0	0	0	0	0	0	0	0	0	0	0	0	0	0	0	0	0	0	0	0	0	0	0	0	0	0	0	0	0	0	0	0	0	0	1.0	0	0	0	0	0	0	0	0	0	0	0	0	0	0	0	0	0	0	0	0	0	0	0	0	0	0	0	0	0	0	0	0	0	0	0	0	0	0	0	0	0	0	0	0	0	0	0	0	0	0	0	0	0	0	0	0	0	0	0	0	0	0	0	0	0	0	1.0	0	0	0	0	0	0	0	0	0	0	0	0	0	0	0	0	0	0	0	0	0	0	0	0	0	0	0
sk__Bacteria;k__;p__Firmicutes;c__Clostridia;o__Clostridiales;f__Clostridiaceae;g__Butyricicoccus	0	0	0	0	0	0	0	0	0	0	0	0	0	0	0	0	0	0	0	0	0	0	0	0	0	0	0	0	0	0	0	0	0	0	0	0	0	0	0	0	0	0	0	0	0	0	0	0	0	0	0	0	0	0	0	0	0	0	0	0	0	0	0	0	0	0	0	0	0	0	0	0	0	0	0	0	0	0	0	0	0	0	0	0	0	0	0	0	0	0	0	0	0	0	0	0	0	0	0	0	0	0	0	0	0	0	0	0	0	0	0	0	0	0	0	0	0	0	0	0	0	0	0	0	0	0	0	0	0	0	0	0	0	0	0	3.0	0	0	0	0	0	0	0	0	0	0	0	0	0	0	0	0	0	0	0	0	0	0	0	0	0	0	0	0	0	0	0	0	0	0	0	0	0	0	0	0	0	0
sk__Bacteria;k__;p__Firmicutes;c__Clostridia;o__Clostridiales;f__Clostridiaceae;g__Clostridium	6.0	0	0	0	0	0	0	0	0	0	0	0	0	0	0	0	0	0	0	0	0	0	0	0	0	0	0	0	0	0	0	0	0	0	0	0	0	0	0	0	0	0	0	0	0	0	0	0	0	0	0	0	0	0	0	0	0	0	0	0	0	5.0	0	4.0	5.0	0	0	0	0	0	0	0	0	0	0	3.0	1.0	0	0	0	0	0	0	0	0	0	0	0	0	0	0	0	0	0	0	0	0	0	0	0	0	0	0	0	0	0	0	0	0	0	0	0	0	0	0	0	0	0	0	0	0	0	0	0	0	0	0	0	0	0	0	0	0	0	0	0	0	0	0	0	0	0	0	0	0	0	0	0	0	0	0	0	0	0	0	0	0	0	0	0	0	0	0	0	0	0	0	0	0	0	0	0	0	0	0	0	0	0
sk__Bacteria;k__;p__Firmicutes;c__Clostridia;o__Clostridiales;f__Clostridiales_Family_XII._Incertae_Sedis	0	0	0	0	0	0	0	0	0	0	0	0	0	0	0	0	0	0	0	0	0	0	0	0	0	0	0	0	0	0	0	0	0	0	0	0	0	0	0	0	0	0	0	0	0	0	0	0	0	0	0	0	0	0	0	0	0	0	0	0	0	1.0	0	0	0	0	0	0	0	0	0	0	0	0	0	0	0	0	0	0	0	0	0	0	0	0	0	0	0	1.0	0	0	0	0	0	0	0	0	0	0	0	0	0	0	0	0	0	0	0	0	0	0	0	0	0	0	0	0	0	0	0	0	0	0	0	0	0	0	0	0	0	0	0	0	0	0	0	0	0	0	0	0	0	0	0	0	0	0	0	0	0	0	0	0	0	0	0	0	0	0	0	0	0	0	0	0	0	0	0	0	0	0	0	0	0	0	0	0
sk__Bacteria;k__;p__Firmicutes;c__Clostridia;o__Clostridiales;f__Clostridiales_Family_XII._Incertae_Sedis;g__Acidaminobacter	0	0	0	0	0	0	0	0	0	0	0	0	0	0	0	0	0	0	0	0	0	0	0	0	0	0	0	0	0	0	0	0	0	0	0	0	0	0	0	0	0	0	0	0	0	0	0	0	0	0	0	0	0	0	0	0	0	0	0	0	0	0	0	0	0	0	0	0	0	0	0	0	0	1.0	0	0	0	0	0	0	0	0	0	0	0	0	0	0	0	0	0	0	0	0	0	0	0	0	0	0	0	0	0	0	0	0	0	0	0	0	0	0	0	0	0	0	0	0	0	0	0	0	0	0	0	0	0	0	0	0	0	0	0	0	0	0	0	0	0	0	0	0	0	0	0	0	0	0	0	0	0	0	0	0	0	0	0	0	0	0	0	0	0	0	0	0	0	0	0	0	0	0	0	0	0	0	0	0
sk__Bacteria;k__;p__Firmicutes;c__Clostridia;o__Clostridiales;f__Clostridiales_Family_XII._Incertae_Sedis;g__Fusibacter	14.0	0	0	0	0	0	0	0	0	0	0	0	0	0	0	0	0	0	0	0	0	0	0	0	0	0	0	0	0	0	0	0	0	0	0	0	0	0	0	0	0	0	0	0	0	0	0	0	0	0	0	0	0	0	0	0	0	0	0	0	0	0	0	0	0	0	0	0	0	0	0	0	0	1.0	0	1.0	1.0	0	0	0	0	0	0	0	0	0	0	0	0	0	0	0	0	0	0	0	0	0	0	0	0	0	0	0	0	0	0	0	0	0	0	0	0	0	0	0	0	0	0	0	0	0	0	0	0	0	0	0	0	0	0	0	0	0	0	0	0	0	0	0	0	0	0	0	0	0	0	0	0	0	0	0	0	0	0	0	0	0	0	0	0	0	0	0	0	0	0	0	0	0	0	0	0	0	0	0	0	0
sk__Bacteria;k__;p__Firmicutes;c__Clostridia;o__Clostridiales;f__Clostridiales_Family_XIII._Incertae_Sedis	19.0	0	0	0	0	1.0	44.0	1.0	16.0	0	75.0	0	25.0	0	0	0	72.0	0	0	15.0	10.0	2.0	0	30.0	1.0	12.0	3.0	10.0	0	1.0	0	0	0	1.0	0	1.0	0	0	0	0	0	29.0	0	5.0	0	28.0	2.0	0	0	46.0	0	0	3.0	0	0	0	0	0	0	0	0	85.0	2.0	30.0	2.0	0	0	2.0	3.0	1.0	0	0	1.0	74.0	3.0	36.0	0	80.0	2.0	57.0	1.0	52.0	6.0	95.0	6.0	50.0	2.0	45.0	2.0	59.0	3.0	69.0	3.0	87.0	1.0	127.0	0	1.0	1.0	13.0	0	47.0	2.0	9.0	2.0	93.0	9.0	0	3.0	25.0	4.0	45.0	2.0	3.0	1.0	0	0	1.0	2.0	0	0	0	0	36.0	1.0	0	0	0	0	124.0	5.0	17.0	1.0	116.0	0	85.0	0	204.0	4.0	185.0	0	64.0	1.0	1.0	0	0	19.0	1.0	1.0	1.0	25.0	2.0	35.0	0	204.0	5.0	183.0	6.0	197.0	3.0	0	0	22.0	1.0	48.0	7.0	61.0	2.0	19.0	1.0	1.0	0	12.0	0	54.0	6.0	189.0	6.0
sk__Bacteria;k__;p__Firmicutes;c__Clostridia;o__Clostridiales;f__Clostridiales_Family_XIII._Incertae_Sedis;g__;s__[Eubacterium]_brachy	10.0	10.0	0	0	1.0	8.0	7.0	31.0	6.0	4.0	13.0	44.0	6.0	16.0	0	0	9.0	11.0	0	0	0	0	4.0	7.0	15.0	1.0	14.0	2.0	4.0	0	0	0	0	0	0	0	0	0	0	0	0	6.0	16.0	0	5.0	10.0	13.0	0	0	5.0	15.0	0	0	1.0	0	0	0	0	0	0	1.0	14.0	42.0	5.0	66.0	0	0	0	0	0	0	0	0	13.0	35.0	15.0	29.0	16.0	47.0	11.0	88.0	3.0	11.0	2.0	17.0	4.0	30.0	7.0	33.0	11.0	12.0	14.0	26.0	19.0	75.0	26.0	59.0	0	2.0	1.0	0	5.0	24.0	0	10.0	20.0	68.0	0	1.0	8.0	27.0	17.0	84.0	1.0	2.0	0	4.0	0	0	0	0	0	1.0	3.0	4.0	0	0	0	4.0	20.0	31.0	1.0	4.0	29.0	29.0	21.0	18.0	41.0	54.0	21.0	43.0	17.0	17.0	0	1.0	4.0	0	0	0	5.0	0	0	0	0	52.0	90.0	52.0	35.0	45.0	48.0	0	0	7.0	11.0	11.0	23.0	17.0	21.0	6.0	20.0	0	0	3.0	5.0	19.0	85.0	38.0	82.0
sk__Bacteria;k__;p__Firmicutes;c__Clostridia;o__Clostridiales;f__Clostridiales_Family_XIII._Incertae_Sedis;g__;s__[Eubacterium]_infirmum	0	0	0	0	0	0	0	0	0	0	0	0	0	0	0	0	0	0	0	0	1.0	0	0	0	0	0	0	0	0	0	0	0	0	0	0	0	0	0	0	0	0	0	0	0	0	0	0	0	0	0	0	0	0	0	0	0	0	0	0	0	0	0	0	0	0	0	0	0	0	0	0	0	0	0	0	0	0	0	0	0	0	0	0	0	0	0	0	0	0	0	0	0	0	0	0	0	0	0	0	0	0	0	0	0	0	0	0	0	0	0	0	0	0	0	0	0	0	0	0	0	0	0	0	0	0	0	0	0	0	0	0	0	0	0	0	0	0	0	0	0	0	0	0	0	0	0	0	0	0	0	0	0	0	0	0	0	0	0	0	0	0	0	0	0	0	0	0	0	0	0	0	0	0	0	0	0	0	0
sk__Bacteria;k__;p__Firmicutes;c__Clostridia;o__Clostridiales;f__Clostridiales_Family_XIII._Incertae_Sedis;g__;s__[Eubacterium]_minutum	0	0	0	0	0	0	0	0	0	0	0	0	0	0	0	0	0	0	0	0	0	0	0	0	0	0	0	0	0	0	0	0	0	0	0	0	0	0	0	0	0	0	0	0	0	0	0	0	0	0	0	0	0	0	0	0	0	0	0	0	0	0	0	0	0	0	0	0	0	0	0	0	0	0	0	0	0	0	0	0	0	0	1.0	0	0	0	0	0	0	0	0	0	0	0	0	0	0	0	0	0	0	0	0	0	0	0	0	0	0	0	0	0	0	0	0	0	0	0	0	0	0	0	0	0	0	0	0	0	0	0	0	0	0	0	0	0	0	0	0	0	0	0	0	0	0	0	0	0	0	0	0	0	0	0	0	0	0	0	0	0	0	0	0	0	0	0	0	0	0	0	0	0	0	0	0	0	0	0
sk__Bacteria;k__;p__Firmicutes;c__Clostridia;o__Clostridiales;f__Clostridiales_Family_XIII._Incertae_Sedis;g__;s__[Eubacterium]_nodatum	0	0	0	0	0	0	0	0	0	0	0	0	0	0	0	0	0	0	0	0	0	0	0	0	0	0	0	0	0	0	0	0	0	0	0	0	0	0	0	0	0	0	0	0	0	0	0	0	0	0	0	0	0	0	0	0	0	0	0	0	0	0	0	0	0	0	0	0	0	0	0	0	0	0	0	0	0	0	0	0	0	0	0	0	0	0	0	0	1.0	0	0	0	0	0	1.0	0	0	0	0	0	0	0	0	0	0	0	0	0	0	0	0	0	0	0	0	0	0	0	0	0	0	0	0	0	0	0	0	0	0	0	0	0	0	0	0	0	0	0	0	0	0	0	0	0	0	0	0	0	0	0	0	0	0	0	0	0	1.0	0	0	1.0	0	0	0	0	0	0	0	0	0	0	0	0	0	0	0	2.0	0	1.0
sk__Bacteria;k__;p__Firmicutes;c__Clostridia;o__Clostridiales;f__Clostridiales_Family_XIII._Incertae_Sedis;g__;s__[Eubacterium]_saphenum	0	0	0	0	0	0	0	0	0	0	0	0	0	0	0	0	0	0	0	0	0	0	0	0	0	0	0	0	0	0	0	0	0	0	0	0	0	0	0	0	0	0	0	0	0	0	0	0	0	0	0	0	0	1.0	0	0	0	0	0	0	3.0	10.0	131.0	1.0	6.0	0	0	12.0	8.0	0	0	0	0	0	0	0	0	0	0	39.0	55.0	0	0	0	0	2.0	12.0	0	0	12.0	46.0	0	16.0	36.0	82.0	24.0	104.0	0	0	0	0	18.0	54.0	0	1.0	0	25.0	0	4.0	0	0	0	0	1.0	16.0	0	1.0	0	0	0	0	0	0	0	0	0	0	0	0	0	0	0	0	23.0	12.0	1.0	0	0	0	0	0	21.0	2.0	0	0	0	13.0	57.0	3.0	3.0	9.0	12.0	8.0	18.0	7.0	9.0	8.0	5.0	4.0	8.0	0	0	0	0	0	0	24.0	43.0	13.0	16.0	0	0	0	0	9.0	61.0	36.0	114.0
sk__Bacteria;k__;p__Firmicutes;c__Clostridia;o__Clostridiales;f__Clostridiales_Family_XIII._Incertae_Sedis;g__Mogibacterium	1.0	2.0	0	0	0	2.0	1.0	13.0	0	0	1.0	0	0	0	0	0	0	0	0	13.0	10.0	0	2.0	0	4.0	0	0	0	2.0	0	1.0	0	2.0	5.0	17.0	3.0	1.0	1.0	0	1.0	3.0	0	0	0	0	24.0	5.0	0	0	2.0	0	0	3.0	0	0	0	0	0	0	0	0	3.0	20.0	0	6.0	3.0	5.0	6.0	8.0	6.0	21.0	1.0	12.0	23.0	20.0	1.0	6.0	1.0	0	56.0	30.0	12.0	1.0	4.0	3.0	10.0	5.0	29.0	6.0	4.0	4.0	0	3.0	18.0	1.0	20.0	1.0	1.0	3.0	0	3.0	0	0	1.0	6.0	2.0	2.0	0	0	3.0	9.0	5.0	1.0	4.0	4.0	1.0	5.0	4.0	3.0	0	0	32.0	16.0	1.0	4.0	0	1.0	0	1.0	15.0	4.0	2.0	0	13.0	0	1.0	0	24.0	2.0	2.0	8.0	19.0	0	1.0	0	0	3.0	7.0	0	2.0	40.0	2.0	30.0	2.0	8.0	0	14.0	0	4.0	1.0	0	0	9.0	1.0	13.0	2.0	0	2.0	15.0	15.0	9.0	5.0	1.0	7.0	5.0	3.0	6.0	2.0
sk__Bacteria;k__;p__Firmicutes;c__Clostridia;o__Clostridiales;f__Clostridiales_Family_XIII._Incertae_Sedis;g__Mogibacterium;s__Mogibacterium_timidum	0	0	0	0	0	2.0	0	0	0	0	0	3.0	0	0	0	0	0	0	0	0	4.0	0	0	0	0	0	0	0	0	0	0	0	0	0	0	0	0	0	1.0	0	0	0	0	0	0	0	4.0	0	0	0	0	0	0	1.0	0	0	0	0	0	0	0	0	28.0	0	3.0	0	0	0	4.0	0	4.0	0	0	0	14.0	0	1.0	0	8.0	0	32.0	0	16.0	0	29.0	0	24.0	0	29.0	0	23.0	0	5.0	0	53.0	0	50.0	0	1.0	0	0	0	0	0	0	0	7.0	0	0	0	9.0	0	40.0	0	3.0	0	0	0	0	0	0	0	0	0	1.0	0	0	0	0	0	34.0	0	7.0	0	14.0	0	0	0	32.0	0	0	0	5.0	0	0	0	0	1.0	0	0	0	39.0	0	16.0	0	15.0	0	14.0	0	5.0	0	0	0	18.0	0	32.0	0	1.0	0	0	0	0	0	0	0	10.0	0	24.0
sk__Bacteria;k__;p__Firmicutes;c__Clostridia;o__Clostridiales;f__Defluviitaleaceae	0	1.0	0	0	0	0	0	0	0	0	0	0	0	0	0	0	0	0	0	0	0	0	0	0	0	0	0	0	0	0	0	0	0	0	0	0	0	0	0	0	0	0	0	0	0	0	0	0	0	0	0	0	0	0	0	0	0	0	0	0	0	17.0	50.0	0	2.0	0	0	0	0	0	1.0	0	0	248.0	47.0	0	1.0	0	0	35.0	19.0	294.0	74.0	178.0	54.0	0	0	8.0	34.0	135.0	119.0	23.0	25.0	69.0	13.0	147.0	32.0	0	0	0	0	165.0	40.0	0	0	97.0	92.0	18.0	8.0	0	0	0	0	13.0	5.0	0	2.0	0	0	0	0	0	0	0	0	0	0	0	0	2.0	2.0	0	0	135.0	7.0	5.0	2.0	0	0	0	0	0	0	0	0	0	16.0	19.0	3.0	7.0	26.0	26.0	6.0	9.0	0	0	0	0	0	0	2.0	0	84.0	18.0	51.0	39.0	361.0	23.0	6.0	10.0	0	0	0	0	299.0	129.0	418.0	126.0
sk__Bacteria;k__;p__Firmicutes;c__Clostridia;o__Clostridiales;f__Eubacteriaceae	0	0	0	0	0	0	0	0	0	0	0	0	0	0	0	0	0	0	0	0	0	0	0	1.0	0	0	0	0	0	0	0	0	0	0	0	0	0	0	0	0	0	0	0	0	0	0	0	0	0	0	0	0	0	0	0	0	0	0	0	5.0	0	23.0	0	0	0	0	0	12.0	0	53.0	0	2.0	0	7.0	0	0	0	0	0	0	1.0	17.0	4.0	121.0	0	22.0	0	23.0	2.0	7.0	0	1.0	0	9.0	0	3.0	0	1.0	0	0	0	10.0	0	1.0	0	21.0	0	2.0	0	5.0	0	7.0	0	13.0	0	1.0	0	5.0	0	0	0	0	0	11.0	0	0	0	0	0	5.0	0	3.0	0	0	0	0	0	9.0	0	0	0	0	0	0	0	0	79.0	0	1.0	0	105.0	0	57.0	0	4.0	0	31.0	0	5.0	0	23.0	2.0	47.0	0	27.0	0	6.0	0	0	0	0	0	0	0	8.0	0	18.0	0
sk__Bacteria;k__;p__Firmicutes;c__Clostridia;o__Clostridiales;f__Eubacteriaceae;g__;s__Eubacteriaceae_oral_clone_P2PB_46_P3	0	0	0	0	0	0	0	0	0	0	0	0	0	0	0	0	0	0	0	0	0	0	0	0	0	0	0	0	0	0	0	0	0	0	0	0	0	0	0	0	0	0	0	0	0	0	0	0	0	0	0	0	0	0	0	0	0	0	0	0	0	0	0	0	0	0	0	0	0	0	0	0	0	1.0	0	0	0	0	0	0	0	0	0	0	0	0	0	0	0	0	0	0	0	0	0	0	0	0	0	0	0	0	0	0	0	0	0	0	0	0	0	0	0	0	0	0	0	0	0	0	0	0	0	0	0	0	0	0	0	0	0	0	0	0	0	0	0	0	0	0	0	0	0	0	0	0	0	1.0	0	0	4.0	0	0	0	0	0	0	0	0	0	0	0	0	0	0	0	0	0	0	0	0	0	0	0	1.0	0	1.0	0
sk__Bacteria;k__;p__Firmicutes;c__Clostridia;o__Clostridiales;f__Eubacteriaceae;g__Eubacterium	0	0	0	0	0	0	0	0	0	0	0	0	0	0	0	0	0	0	0	2.0	0	0	0	0	0	1.0	0	0	0	0	0	0	0	0	0	0	0	0	0	0	0	0	0	0	0	0	0	0	0	0	0	0	0	0	0	0	0	0	0	0	0	0	10.0	0	0	0	0	0	0	0	2.0	0	0	0	2.0	0	1.0	0	0	0	1.0	0	5.0	3.0	3.0	0	1.0	0	0	0	14.0	0	0	1.0	1.0	0	0	0	0	0	0	1.0	4.0	0	0	0	1.0	0	0	0	0	0	0	0	0	0	0	0	0	0	0	0	0	0	0	0	0	0	0	1.0	0	0	0	0	0	0	0	0	0	0	0	1.0	0	0	0	0	0	0	0	1.0	0	0	0	0	0	1.0	0	2.0	0	1.0	0	0	0	0	0	1.0	0	1.0	0	0	0	0	0	0	0	1.0	0	0
sk__Bacteria;k__;p__Firmicutes;c__Clostridia;o__Clostridiales;f__Eubacteriaceae;g__Eubacterium;s__Eubacterium_saburreum-like_sp._oral_clone_CK004	0	0	0	0	0	0	0	0	0	0	0	0	0	0	0	0	0	0	0	0	0	0	0	0	0	0	0	0	0	0	0	0	0	0	0	0	0	0	0	0	0	0	0	0	0	0	0	0	0	0	0	0	0	0	0	0	0	0	0	0	0	0	2.0	0	0	0	0	0	0	0	0	0	0	0	0	0	0	0	1.0	0	0	0	0	0	6.0	0	3.0	0	3.0	0	30.0	0	0	0	3.0	0	8.0	0	0	0	0	0	0	0	0	0	0	0	0	0	0	0	0	0	0	0	0	0	0	0	0	0	0	0	0	0	0	0	0	0	0	0	0	0	0	0	0	0	0	0	0	0	0	0	0	0	0	6.0	0	0	0	0	0	0	0	0	0	0	0	0	0	0	0	24.0	0	28.0	0	0	0	0	0	0	0	0	0	0	0	0
sk__Bacteria;k__;p__Firmicutes;c__Clostridia;o__Clostridiales;f__Eubacteriaceae;g__Eubacterium;s__Eubacterium_sp._oral_clone_BR088	0	0	0	0	0	0	0	0	0	0	0	0	0	0	0	0	0	0	0	0	0	0	0	0	0	0	0	0	0	0	0	0	0	0	0	0	0	0	0	0	0	0	0	0	0	0	0	0	0	0	0	0	0	0	0	0	0	0	0	0	0	0	0	0	0	0	0	0	0	0	0	0	0	0	0	0	0	0	0	0	0	0	3.0	0	0	0	0	0	0	0	0	0	0	0	0	0	0	0	0	0	0	0	0	0	0	0	0	0	0	0	0	0	0	0	0	0	0	0	0	0	0	0	0	0	0	0	0	0	0	0	0	0	0	0	0	0	0	0	0	0	0	0	0	0	0	0	0	15.0	0	2.0	0	0	0	0	0	0	0	0	0	0	0	3.0	0	3.0	0	7.0	0	0	0	0	0	0	0	0	0	1.0	0	0
sk__Bacteria;k__;p__Firmicutes;c__Clostridia;o__Clostridiales;f__Eubacteriaceae;g__Eubacterium;s__Eubacterium_sp._oral_clone_BU014	0	0	0	0	0	0	0	0	0	0	0	0	0	0	0	0	0	0	0	0	0	0	0	0	1.0	0	0	0	0	0	0	0	0	0	0	0	0	0	0	0	0	0	0	0	0	0	0	0	0	0	0	0	0	0	0	0	0	0	0	0	0	0	0	0	0	0	0	0	0	0	0	0	0	0	0	0	0	0	0	0	0	0	0	0	0	0	0	0	0	0	0	0	0	0	0	0	0	0	0	0	0	0	0	0	0	0	0	0	0	0	0	0	0	0	0	0	0	0	0	0	0	0	0	0	0	0	0	0	0	0	0	0	0	0	0	0	0	0	0	0	0	0	0	0	0	0	0	2.0	0	0	0	0	0	0	0	0	0	0	0	0	0	3.0	0	0	0	0	0	0	0	0	0	0	0	0	0	0	0	0
sk__Bacteria;k__;p__Firmicutes;c__Clostridia;o__Clostridiales;f__Eubacteriaceae;g__Eubacterium;s__Eubacterium_sp._oral_clone_CK047	0	0	0	0	0	0	0	1.0	0	0	0	0	0	0	0	0	0	0	0	0	0	0	0	0	0	0	0	0	0	0	0	0	0	0	0	0	0	0	0	0	0	0	0	0	0	0	0	0	0	0	0	0	0	0	0	0	0	0	0	0	0	0	3.0	0	0	0	0	0	0	0	0	0	0	0	2.0	0	0	0	1.0	0	6.0	0	3.0	0	2.0	0	1.0	0	1.0	0	0	0	1.0	0	0	0	0	0	0	0	0	0	0	0	0	0	0	0	0	0	0	0	0	0	2.0	0	0	0	0	0	0	0	0	0	0	0	0	0	0	0	0	0	0	0	0	0	0	0	0	0	0	0	0	0	0	0	0	0	0	0	0	1.0	0	0	0	0	0	2.0	0	1.0	0	0	0	1.0	0	3.0	0	2.0	0	6.0	0	0	0	0	0	0	0	0
sk__Bacteria;k__;p__Firmicutes;c__Clostridia;o__Clostridiales;f__Eubacteriaceae;g__Eubacterium;s__Eubacterium_sp._oral_clone_DN050	0	0	0	0	0	0	0	0	0	0	0	0	0	0	0	0	0	0	0	0	0	0	0	0	0	0	0	0	0	0	0	0	0	0	0	0	0	0	0	0	0	0	0	0	0	0	0	0	0	0	0	0	0	0	0	0	0	0	0	0	0	0	0	0	3.0	0	0	0	0	0	0	0	0	0	0	0	0	0	0	0	0	0	0	0	0	0	0	0	0	0	0	0	0	0	0	0	0	0	0	0	0	0	0	0	0	0	0	0	0	0	0	0	0	0	0	0	0	0	0	0	0	0	0	0	0	0	0	0	0	0	0	0	0	0	0	0	0	0	0	0	0	0	0	0	0	0	0	0	0	0	0	0	0	0	0	0	0	0	0	0	0	0	0	0	0	0	0	0	0	0	0	0	0	0	0	0	0	0
sk__Bacteria;k__;p__Firmicutes;c__Clostridia;o__Clostridiales;f__Eubacteriaceae;g__Eubacterium;s__Eubacterium_sp._oral_clone_DO008	0	0	0	0	0	0	0	0	0	0	0	0	0	0	0	0	0	0	0	0	0	0	0	0	0	0	0	0	0	0	0	0	0	0	0	0	0	0	0	0	0	0	0	0	0	0	3.0	0	0	0	0	0	0	0	0	0	0	0	0	0	0	0	0	0	2.0	0	0	0	0	0	0	0	0	0	0	0	0	0	0	0	0	0	0	0	0	0	0	0	0	0	0	0	0	0	0	0	0	0	0	0	0	0	1.0	0	0	0	0	0	0	0	0	0	0	0	0	0	0	0	0	0	0	0	0	0	0	0	0	0	0	0	0	0	0	0	0	0	0	0	0	0	0	0	0	0	0	0	0	0	0	0	0	0	0	0	0	0	0	0	0	0	0	0	0	0	0	0	0	0	0	0	0	0	0	0	0	0	0	0
sk__Bacteria;k__;p__Firmicutes;c__Clostridia;o__Clostridiales;f__Eubacteriaceae;g__Eubacterium;s__Eubacterium_sp._oral_clone_DO016	0	0	0	0	0	0	0	0	0	0	0	0	0	0	0	0	0	0	0	0	0	0	0	0	0	0	0	0	0	0	0	0	0	0	0	0	0	0	0	0	0	0	0	0	0	0	0	0	0	0	0	0	0	0	0	0	0	0	0	0	0	0	0	0	0	0	0	0	0	0	0	0	0	0	0	0	0	0	0	0	0	0	0	0	0	0	0	0	0	0	0	0	0	0	0	0	0	0	0	0	0	0	0	0	0	0	0	0	0	0	0	0	0	0	0	0	0	0	0	0	0	0	0	0	0	0	0	0	0	0	0	0	0	0	0	0	0	0	0	0	0	0	0	0	0	0	0	0	1.0	0	0	0	0	0	0	0	0	0	0	0	0	0	0	0	0	0	0	0	0	0	0	0	0	0	0	0	0	0
sk__Bacteria;k__;p__Firmicutes;c__Clostridia;o__Clostridiales;f__Eubacteriaceae;g__Eubacterium;s__Eubacterium_sp._oral_clone_FX028	0	0	0	0	0	0	0	0	0	0	0	0	0	0	0	0	0	0	0	0	0	0	0	0	0	0	0	0	0	0	0	0	0	0	0	0	0	0	0	0	0	0	0	0	0	0	0	0	0	0	0	0	0	0	0	0	0	0	0	2.0	0	0	0	0	0	0	0	1.0	0	0	0	0	0	0	0	0	0	0	0	0	0	7.0	0	16.0	0	0	0	0	0	0	0	0	0	0	0	0	0	0	0	0	0	1.0	0	0	0	0	0	0	0	0	0	0	0	0	0	0	0	0	0	0	0	0	0	0	0	0	0	0	0	2.0	0	0	0	0	0	0	0	0	0	0	0	0	0	0	0	0	19.0	0	0	0	0	0	0	0	3.0	0	1.0	0	1.0	0	0	0	0	0	0	0	0	0	0	0	0	0	0	0	33.0	0	115.0	0
sk__Bacteria;k__;p__Firmicutes;c__Clostridia;o__Clostridiales;f__Eubacteriaceae;g__Eubacterium;s__Eubacterium_sp._oral_clone_IR009	0	0	0	0	0	0	0	0	0	0	0	0	0	0	0	0	0	0	0	0	0	0	0	0	0	0	0	0	0	0	0	0	0	0	0	0	0	0	0	0	0	0	0	0	0	0	0	0	0	0	0	0	0	0	0	0	0	0	0	0	0	0	0	0	0	0	0	0	0	0	0	0	0	0	0	0	0	0	0	0	0	0	0	0	0	0	0	0	0	0	0	0	0	0	0	0	0	0	1.0	0	0	0	0	0	0	0	0	0	0	0	0	0	0	0	0	0	0	0	0	0	0	0	0	0	0	0	0	0	0	0	0	0	0	0	0	0	0	0	0	0	0	0	0	0	0	0	0	0	0	0	0	0	0	0	0	0	0	0	0	0	0	0	0	0	0	0	0	0	0	0	0	0	0	0	0	0	0	0
sk__Bacteria;k__;p__Firmicutes;c__Clostridia;o__Clostridiales;f__Eubacteriaceae;g__Eubacterium;s__Eubacterium_sp._oral_clone_JI012	0	0	0	0	0	0	0	0	0	0	0	0	0	0	0	0	0	0	0	0	0	0	0	0	0	0	0	0	0	0	0	0	0	0	0	0	0	0	0	0	0	0	0	0	0	0	0	0	0	0	0	0	0	1.0	0	0	0	0	0	0	0	0	0	0	0	0	0	0	0	0	0	0	0	0	0	0	0	0	0	0	0	0	56.0	0	0	0	0	0	0	0	10.0	0	0	0	0	0	0	0	0	0	0	0	0	0	0	0	2.0	0	1.0	0	0	0	0	0	2.0	0	0	0	0	0	0	0	0	0	0	0	0	0	0	0	0	0	0	0	0	0	0	0	0	0	0	0	0	0	0	0	0	23.0	0	0	0	1.0	0	1.0	0	3.0	0	3.0	0	0	0	0	0	0	0	0	0	0	0	0	0	0	0	0	0	3.0	0	0
sk__Bacteria;k__;p__Firmicutes;c__Clostridia;o__Clostridiales;f__Eubacteriaceae;g__Pseudoramibacter	0	0	0	0	0	0	0	0	0	0	0	0	0	0	0	0	0	0	0	0	0	0	0	0	0	0	0	0	0	0	0	0	0	0	0	0	0	0	0	0	0	0	0	0	0	0	0	0	0	0	0	0	0	0	0	0	0	0	0	0	2.0	0	2.0	0	0	0	0	0	8.0	1.0	1.0	0	0	0	1.0	0	0	0	0	0	0	1.0	0	1.0	0	0	8.0	0	0	0	1.0	0	0	2.0	2.0	0	2.0	0	0	0	0	0	0	0	0	0	1.0	0	0	0	2.0	0	3.0	0	0	0	0	0	0	0	0	0	0	0	0	0	0	0	0	0	2.0	0	0	0	0	0	0	0	1.0	0	0	0	0	0	0	0	1.0	2.0	0	0	2.0	4.0	0	1.0	0	0	0	0	0	0	0	0	0	13.0	0	2.0	1.0	1.0	0	0	0	0	0	0	0	0	1.0	2.0
sk__Bacteria;k__;p__Firmicutes;c__Clostridia;o__Clostridiales;f__Eubacteriaceae;g__Pseudoramibacter;s__Pseudoramibacter_alactolyticus	0	0	0	0	0	0	0	0	0	0	0	0	0	0	0	0	0	0	0	0	0	0	0	0	0	0	0	0	0	0	0	0	0	0	0	0	0	0	0	0	0	0	0	0	0	0	0	0	0	0	0	0	0	0	0	0	0	0	0	0	0	0	0	0	0	0	0	0	0	0	0	0	0	0	0	0	0	0	0	0	0	0	0	0	15.0	0	1.0	0	1.0	0	0	0	0	0	0	0	0	0	0	0	0	0	3.0	0	0	0	0	0	0	0	0	0	0	0	0	0	0	0	0	0	0	0	0	0	0	0	0	0	0	0	0	0	0	0	0	0	0	0	0	0	0	0	0	0	0	0	0	0	0	0	0	0	0	0	0	0	0	0	0	0	0	0	0	0	0	0	0	0	0	0	0	0	0	0	0	0	0	0
sk__Bacteria;k__;p__Firmicutes;c__Clostridia;o__Clostridiales;f__Lachnospiraceae	130.0	20.0	17.0	3.0	8.0	0	42.0	3.0	3.0	0	1.0	4.0	0	0	0	0	4.0	0	0	19.0	10.0	2.0	0	12.0	6.0	1.0	0	4.0	1.0	0	0	0	1.0	8.0	1.0	0	1.0	0	1.0	1.0	1.0	2.0	1.0	1.0	0	54.0	20.0	1.0	1.0	0	0	2.0	10.0	9.0	3.0	0	0	0	0	1.0	0	128.0	3.0	174.0	64.0	19.0	3.0	7.0	2.0	162.0	2.0	483.0	1.0	204.0	31.0	49.0	7.0	8.0	0	74.0	10.0	513.0	7.0	275.0	12.0	140.0	11.0	60.0	8.0	160.0	11.0	131.0	12.0	10.0	0	3.0	1.0	10.0	1.0	2.0	1.0	34.0	10.0	13.0	14.0	71.0	9.0	20.0	1.0	43.0	0	1.0	0	145.0	1.0	29.0	0	72.0	8.0	17.0	2.0	1130.0	0	71.0	0	20.0	1.0	1.0	1.0	9.0	0	2.0	0	196.0	0	8.0	0	10.0	0	36.0	0	1.0	0	2.0	0	0	24.0	6.0	26.0	0	1157.0	0	379.0	0	4.0	1.0	35.0	1.0	8.0	0	268.0	83.0	47.0	1.0	56.0	0	59.0	5.0	5.0	8.0	341.0	0	40.0	0	15.0	2.0	40.0	3.0
sk__Bacteria;k__;p__Firmicutes;c__Clostridia;o__Clostridiales;f__Lachnospiraceae;g__;s__Lachnospiraceae_bacterium_oral_taxon_500	0	0	0	0	0	0	0	0	0	0	0	0	0	0	0	0	0	0	0	0	0	0	0	0	0	0	0	0	0	0	0	0	0	0	0	0	0	0	0	0	0	0	0	0	0	0	0	0	0	0	0	0	0	0	0	0	0	0	0	0	0	1.0	0	0	0	0	0	0	0	0	0	0	0	0	0	0	0	0	0	0	0	0	0	0	0	0	0	0	0	0	0	0	0	0	0	0	0	0	0	0	0	0	0	0	0	0	0	0	0	0	0	0	0	0	0	0	0	0	0	0	0	0	0	0	0	0	0	0	0	0	0	0	0	0	0	0	0	0	0	0	0	0	0	0	0	0	0	0	0	0	0	0	0	0	0	0	0	0	0	0	0	0	0	0	0	0	0	0	0	0	0	0	0	0	0	0	0	0
sk__Bacteria;k__;p__Firmicutes;c__Clostridia;o__Clostridiales;f__Lachnospiraceae;g__;s__Lachnospiraceae_bacterium_oral_taxon_F15	0	1.0	0	0	0	0	0	0	0	0	0	0	0	0	0	0	0	0	0	0	0	0	0	0	0	0	0	0	0	0	0	0	0	0	0	0	0	0	0	0	0	0	0	0	0	0	0	0	0	0	0	0	0	0	0	0	0	0	0	0	0	0	0	1.0	0	0	0	0	0	0	0	0	0	0	0	0	0	0	0	0	0	0	0	0	0	0	0	0	0	0	0	0	0	0	0	0	0	0	0	0	0	0	0	0	0	0	0	0	0	0	0	0	0	0	0	0	0	0	0	0	0	0	0	0	0	0	0	0	0	0	0	0	0	0	0	0	0	0	0	0	0	0	0	0	0	0	0	0	0	0	0	0	0	0	0	0	0	0	0	0	0	0	0	0	0	0	0	0	0	0	0	0	0	0	0	0	0	0
sk__Bacteria;k__;p__Firmicutes;c__Clostridia;o__Clostridiales;f__Lachnospiraceae;g__;s__Lachnospiraceae_oral_clone_MCE9_173	0	0	0	0	0	0	0	0	0	0	0	0	0	0	0	0	0	0	0	0	0	0	0	0	0	0	0	0	0	0	0	0	0	0	0	0	0	0	0	0	0	0	0	0	0	0	0	0	0	0	0	0	0	0	0	0	0	0	0	0	0	0	0	0	0	0	0	0	0	0	0	0	0	0	0	0	0	0	0	0	0	1.0	0	0	0	0	0	0	0	0	0	0	0	0	0	0	0	0	0	0	0	0	0	0	0	0	0	0	0	0	0	0	0	0	0	0	0	0	0	0	0	0	0	0	0	0	0	0	0	0	0	0	0	0	0	0	0	0	0	0	0	0	0	0	0	0	0	0	0	0	0	0	0	0	0	0	0	0	0	0	0	0	0	0	0	0	0	0	0	0	0	0	0	0	0	0	0	0
sk__Bacteria;k__;p__Firmicutes;c__Clostridia;o__Clostridiales;f__Lachnospiraceae;g__Anaerocolumna	1.0	0	0	0	0	0	0	0	0	0	0	0	0	0	0	0	0	0	0	0	0	0	0	0	0	0	0	0	0	0	0	0	0	0	0	0	0	0	0	0	0	0	0	0	0	0	0	0	0	0	0	0	0	0	0	0	0	0	0	0	0	0	0	0	0	0	0	0	0	0	0	2.0	0	1.0	0	2.0	0	0	0	0	0	0	0	0	0	0	0	0	0	0	0	0	0	0	0	0	0	0	0	0	0	0	0	0	0	0	0	0	0	0	0	0	0	0	0	0	0	0	0	0	0	0	0	0	0	0	0	0	0	0	0	0	0	0	0	0	0	0	0	0	0	0	0	0	0	0	0	0	0	0	0	0	0	0	0	0	0	0	0	0	0	0	0	0	0	0	0	0	0	0	0	0	0	0	0	0	0	0
sk__Bacteria;k__;p__Firmicutes;c__Clostridia;o__Clostridiales;f__Lachnospiraceae;g__Anaerosporobacter	1.0	0	0	0	0	0	0	0	0	0	0	0	0	0	0	0	0	0	0	0	0	0	0	0	0	0	0	0	0	0	0	0	0	0	0	0	0	0	0	0	0	0	0	0	0	0	0	0	0	0	0	0	0	0	0	0	0	0	0	0	0	0	0	0	1.0	0	0	0	0	0	0	0	0	0	0	0	0	0	0	0	0	0	0	0	0	0	0	0	0	0	0	0	0	0	0	0	0	0	0	0	0	0	0	0	0	0	0	0	0	0	0	0	0	0	0	0	0	0	0	0	0	0	0	0	0	0	0	0	0	0	0	0	0	0	0	0	0	0	0	0	0	0	0	0	0	0	0	0	0	0	0	0	0	0	0	0	0	0	0	0	0	0	0	0	0	0	0	0	0	0	0	0	0	0	0	0	0	0
sk__Bacteria;k__;p__Firmicutes;c__Clostridia;o__Clostridiales;f__Lachnospiraceae;g__Butyrivibrio;s__Butyrivibrio_sp._oral_clone_DA074	0	0	0	0	0	0	0	0	0	0	0	0	0	0	0	0	0	0	0	0	0	0	0	0	0	0	0	0	0	0	0	0	0	0	0	0	0	0	0	0	0	0	0	0	0	0	0	0	0	0	0	0	0	0	0	0	0	0	0	0	0	0	0	0	0	0	0	0	0	0	0	0	0	15.0	7.0	0	0	0	0	0	0	0	0	0	0	0	0	0	0	0	0	0	0	0	0	0	0	0	0	0	0	0	0	0	0	0	0	0	1.0	0	0	0	0	0	0	0	0	0	0	0	0	0	0	0	0	0	0	0	0	0	0	0	0	0	0	0	0	0	0	0	0	0	0	0	0	0	10.0	5.0	0	0	0	0	0	0	0	0	0	0	0	0	0	0	0	0	0	0	0	0	0	0	0	0	0	0	0	0	0	0
sk__Bacteria;k__;p__Firmicutes;c__Clostridia;o__Clostridiales;f__Lachnospiraceae;g__Catonella	21.0	13.0	103.0	39.0	0	2.0	223.0	56.0	0	0	23.0	62.0	2.0	0	1.0	0	53.0	4.0	0	45.0	50.0	2.0	3.0	0	0	45.0	39.0	2.0	0	0	1.0	0	0	2.0	3.0	4.0	1.0	4.0	4.0	0	0	27.0	26.0	0	1.0	22.0	17.0	0	1.0	0	0	4.0	12.0	4.0	1.0	0	0	0	0	0	2.0	37.0	49.0	13.0	7.0	46.0	43.0	46.0	51.0	6.0	15.0	9.0	4.0	171.0	32.0	115.0	48.0	13.0	11.0	81.0	93.0	434.0	133.0	116.0	26.0	56.0	26.0	15.0	40.0	24.0	52.0	19.0	35.0	23.0	10.0	107.0	8.0	22.0	6.0	6.0	4.0	20.0	34.0	28.0	87.0	55.0	58.0	6.0	2.0	31.0	22.0	42.0	39.0	11.0	9.0	2.0	3.0	5.0	1.0	0	0	0	0	3.0	2.0	2.0	0	2.0	15.0	19.0	24.0	1.0	0	163.0	34.0	3.0	0	27.0	0	16.0	0	42.0	17.0	1.0	0	3.0	15.0	17.0	26.0	37.0	107.0	22.0	330.0	34.0	27.0	5.0	150.0	40.0	18.0	11.0	100.0	66.0	2.0	6.0	1.0	3.0	276.0	36.0	42.0	92.0	0	0	0	0	37.0	22.0	187.0	73.0
sk__Bacteria;k__;p__Firmicutes;c__Clostridia;o__Clostridiales;f__Lachnospiraceae;g__Catonella;s__Catonella_morbi	0	0	0	1.0	0	0	0	0	0	0	0	1.0	0	0	0	0	0	0	0	0	0	0	0	0	0	0	0	0	0	0	0	0	0	0	0	0	0	0	0	0	0	0	0	0	0	0	0	0	0	0	0	0	0	0	0	0	0	0	0	0	0	0	0	0	0	0	0	0	0	0	0	0	0	0	0	0	0	0	0	0	0	1.0	0	0	0	0	0	0	0	0	0	0	0	0	0	0	0	0	0	0	0	3.0	0	1.0	0	2.0	2.0	0	0	0	0	0	0	0	0	0	0	0	0	0	0	0	0	0	0	0	0	0	0	0	0	0	0	0	0	0	0	0	0	0	0	0	0	0	0	0	2.0	1.0	2.0	0	0	0	0	0	0	0	0	1.0	0	0	0	0	0	0	0	0	49.0	0	4.0	1.0	0	0	0	0	0	0	0	0
sk__Bacteria;k__;p__Firmicutes;c__Clostridia;o__Clostridiales;f__Lachnospiraceae;g__Catonella;s__Catonella_sp._oral_clone_AH153	0	0	0	0	0	0	0	0	0	0	0	0	0	0	0	0	0	0	0	0	0	0	0	0	0	0	0	0	0	0	0	0	0	0	0	0	0	0	0	0	0	0	0	0	0	0	0	0	0	0	0	0	0	0	0	0	0	0	0	0	0	0	0	0	0	0	0	0	0	0	0	0	0	0	0	0	0	0	0	0	0	0	0	0	0	0	0	0	0	0	0	0	0	0	0	0	0	0	0	0	0	0	0	0	0	0	0	0	0	0	0	0	0	0	2.0	0	0	0	0	0	0	0	0	0	1.0	0	0	0	0	0	0	0	0	0	0	0	0	0	0	0	0	0	0	0	0	0	0	0	0	0	0	0	0	0	0	0	0	0	0	0	0	0	0	0	0	0	0	0	0	0	0	0	0	0	0	0	0	0
sk__Bacteria;k__;p__Firmicutes;c__Clostridia;o__Clostridiales;f__Lachnospiraceae;g__Catonella;s__Catonella_sp._oral_clone_FL037	0	0	0	0	0	0	0	0	0	0	0	0	0	0	0	0	0	0	0	0	0	0	0	0	0	0	0	0	0	0	0	0	0	0	0	0	0	0	0	0	0	0	0	0	0	0	0	0	0	0	0	0	0	0	0	0	0	0	0	0	0	0	1.0	0	0	0	0	0	0	0	0	0	0	0	0	0	0	0	0	0	0	0	0	0	0	0	0	0	0	0	0	0	0	0	0	0	15.0	0	0	0	0	0	1.0	0	0	0	0	0	0	0	0	0	0	0	1.0	0	0	0	0	0	0	0	0	0	0	0	0	0	0	0	0	0	0	0	0	0	0	0	5.0	0	0	0	0	0	0	0	0	0	0	0	0	0	0	0	0	0	0	0	0	0	0	0	0	0	0	0	0	0	0	0	0	0	0	0	0	1.0	0	9.0
sk__Bacteria;k__;p__Firmicutes;c__Clostridia;o__Clostridiales;f__Lachnospiraceae;g__Johnsonella	17.0	4.0	21.0	7.0	1.0	5.0	69.0	6.0	13.0	5.0	41.0	73.0	0	0	1.0	0	284.0	3.0	0	39.0	7.0	0	0	3.0	0	7.0	6.0	0	0	3.0	0	0	0	0	0	0	0	4.0	2.0	0	0	4.0	1.0	1.0	0	1.0	1.0	0	0	0	0	0	0	1.0	1.0	0	0	0	0	2.0	2.0	40.0	12.0	64.0	60.0	47.0	10.0	32.0	14.0	45.0	29.0	23.0	1.0	22.0	6.0	114.0	24.0	110.0	76.0	186.0	72.0	323.0	86.0	205.0	69.0	200.0	50.0	12.0	34.0	26.0	54.0	128.0	73.0	0	0	4.0	0	3.0	2.0	1.0	0	87.0	82.0	38.0	40.0	30.0	47.0	7.0	8.0	0	0	0	0	0	0	4.0	0	0	0	1.0	0	0	0	0	0	335.0	44.0	11.0	10.0	0	9.0	1.0	3.0	108.0	1.0	100.0	3.0	0	0	0	0	0	0	3.0	4.0	5.0	177.0	108.0	27.0	18.0	18.0	4.0	4.0	0	14.0	5.0	34.0	3.0	15.0	3.0	107.0	60.0	0	0	0	0	636.0	40.0	37.0	18.0	0	0	0	0	163.0	39.0	209.0	68.0
sk__Bacteria;k__;p__Firmicutes;c__Clostridia;o__Clostridiales;f__Lachnospiraceae;g__Johnsonella;s__Johnsonella_ignava	0	0	0	0	0	1.0	0	0	0	0	0	0	0	0	0	0	2.0	3.0	0	1.0	6.0	0	0	0	0	0	0	0	0	0	0	0	0	0	0	0	0	0	0	0	0	0	0	0	0	0	0	0	0	0	0	0	0	0	0	0	0	0	0	0	0	1.0	4.0	0	3.0	0	4.0	0	0	0	0	0	1.0	0	0	0	5.0	0	2.0	0	2.0	2.0	2.0	0	4.0	0	0	0	0	0	0	0	2.0	0	0	0	0	0	0	0	0	0	1.0	0	0	0	0	0	0	0	0	0	0	0	0	0	0	0	0	0	0	0	0	0	0	0	0	0	0	0	0	0	0	1.0	3.0	1.0	5.0	0	0	0	0	0	0	0	0	0	1.0	2.0	1.0	1.0	0	0	0	0	0	0	0	0	0	0	0	0	0	0	0	0	0	7.0	0	1.0	0	0	0	0	1.0	2.0	0	1.0
sk__Bacteria;k__;p__Firmicutes;c__Clostridia;o__Clostridiales;f__Lachnospiraceae;g__Lachnoanaerobaculum	0	19.0	1.0	7.0	0	42.0	1.0	12.0	1.0	25.0	0	61.0	0	2.0	0	3.0	0	2.0	3.0	0	10.0	0	32.0	0	2.0	0	6.0	0	11.0	0	4.0	0	7.0	0	24.0	1.0	63.0	0	3.0	0	0	1.0	15.0	0	3.0	1.0	25.0	0	1.0	0	0	3.0	0	13.0	0	1.0	0	2.0	1.0	0	2.0	1.0	19.0	0	124.0	0	53.0	1.0	41.0	1.0	116.0	7.0	163.0	0	27.0	0	8.0	2.0	64.0	1.0	64.0	1.0	18.0	0	7.0	1.0	31.0	2.0	33.0	1.0	9.0	0	29.0	0	3.0	0	2.0	4.0	254.0	2.0	59.0	0	10.0	0	34.0	0	12.0	0	3.0	1.0	8.0	0	1.0	1.0	20.0	3.0	42.0	2.0	28.0	3.0	32.0	0	0	0	0	0	38.0	0	29.0	0	8.0	0	10.0	0	0	0	0	1.0	8.0	3.0	71.0	0	0	0	3.0	6.0	0	11.0	0	21.0	0	10.0	0	1.0	0	10.0	2.0	28.0	0	3.0	0	20.0	0	5.0	0	6.0	0	0	1.0	20.0	4.0	117.0	2.0	281.0	0	5.0	0	10.0
sk__Bacteria;k__;p__Firmicutes;c__Clostridia;o__Clostridiales;f__Lachnospiraceae;g__Lachnoclostridium;s__[Clostridium]_saccharolyticum	0	1.0	0	0	0	0	0	0	0	0	0	0	0	0	0	0	0	0	0	0	0	0	0	0	0	0	0	0	0	0	0	0	0	0	0	0	0	0	0	0	0	0	0	0	0	0	0	0	0	0	0	0	0	0	0	0	0	0	0	0	0	0	0	0	0	0	0	0	0	0	0	0	0	0	0	0	1.0	0	0	0	0	0	0	0	0	0	0	0	0	0	0	0	0	0	0	0	0	0	0	0	0	0	0	0	0	0	0	0	0	0	0	0	0	0	0	0	0	0	0	0	0	0	0	0	0	0	0	0	0	0	0	0	0	0	0	0	0	0	0	0	0	0	0	0	0	0	0	0	0	0	0	0	0	0	0	0	0	0	0	0	0	0	0	0	0	0	0	0	0	0	0	0	0	0	0	0	0	0
sk__Bacteria;k__;p__Firmicutes;c__Clostridia;o__Clostridiales;f__Lachnospiraceae;g__Moryella	0	0	0	0	0	0	0	0	0	0	0	0	0	0	0	0	0	0	0	0	0	0	0	0	0	0	0	0	0	0	0	0	0	0	0	0	0	0	0	0	0	0	0	0	0	0	0	0	0	0	0	0	0	0	0	0	0	0	0	0	0	8.0	1.0	0	0	0	0	0	0	0	0	0	0	14.0	0	0	0	0	0	0	0	34.0	3.0	36.0	3.0	60.0	13.0	4.0	7.0	1.0	3.0	0	0	2.0	0	2.0	0	0	0	0	0	4.0	2.0	0	0	9.0	4.0	1.0	0	0	0	0	0	44.0	13.0	0	1.0	0	0	0	0	0	0	0	0	0	0	0	0	0	0	0	0	0	0	0	0	15.0	3.0	0	0	0	0	0	0	0	53.0	28.0	0	0	0	0	0	0	5.0	3.0	57.0	4.0	6.0	0	0	0	41.0	11.0	46.0	11.0	23.0	5.0	0	0	0	0	0	0	19.0	5.0	73.0	14.0
sk__Bacteria;k__;p__Firmicutes;c__Clostridia;o__Clostridiales;f__Lachnospiraceae;g__Oribacterium	1.0	16.0	3.0	1.0	0	9.0	1.0	1.0	2.0	34.0	0	9.0	0	6.0	0	0	0	0	0	2.0	6.0	0	11.0	2.0	18.0	0	0	0	7.0	2.0	2.0	0	27.0	2.0	3.0	4.0	1.0	0	3.0	0	0	0	5.0	0	0	5.0	3.0	0	0	0	0	0	2.0	11.0	0	1.0	0	0	2.0	0	5.0	3.0	9.0	3.0	15.0	1.0	1.0	0	3.0	27.0	67.0	107.0	52.0	10.0	36.0	0	1.0	2.0	8.0	1.0	9.0	2.0	3.0	42.0	2.0	30.0	14.0	15.0	9.0	0	15.0	0	5.0	25.0	2.0	16.0	3.0	1.0	0	1.0	2.0	1.0	1.0	6.0	9.0	0	1.0	0	1.0	0	0	0	0	14.0	53.0	35.0	30.0	18.0	23.0	12.0	81.0	907.0	48.0	32.0	23.0	1.0	0	0	5.0	1.0	13.0	1.0	1.0	0	1.0	0	0	1.0	1.0	6.0	4.0	0	1.0	0	0	1.0	1.0	4.0	5.0	3.0	4.0	2.0	0	1.0	1.0	4.0	2.0	6.0	6.0	14.0	3.0	1.0	7.0	44.0	2.0	9.0	42.0	1.0	1.0	1.0	68.0	90.0	16.0	26.0	1.0	7.0	0	5.0
sk__Bacteria;k__;p__Firmicutes;c__Clostridia;o__Clostridiales;f__Lachnospiraceae;g__Roseburia	0	0	0	0	0	0	0	0	0	0	0	0	0	0	0	0	0	0	0	0	0	0	0	0	0	0	0	0	0	0	0	0	0	0	0	0	0	0	0	0	0	0	0	0	0	0	0	0	0	0	0	0	0	0	0	0	0	0	0	0	0	7.0	3.0	2.0	1.0	0	0	0	0	0	0	0	0	0	0	0	0	0	0	6.0	6.0	38.0	0	83.0	0	0	0	15.0	0	166.0	21.0	35.0	7.0	0	0	0	0	0	0	0	0	17.0	0	0	0	42.0	2.0	2.0	1.0	0	0	0	0	0	0	0	0	0	0	1.0	0	0	0	0	0	0	0	0	0	0	0	0	0	0	0	0	1.0	0	0	0	0	0	0	0	0	0	176.0	2.0	3.0	0	0	0	0	0	0	0	0	0	0	0	0	0	0	0	0	0	155.0	6.0	13.0	1.0	0	0	0	0	0	0	0	0
sk__Bacteria;k__;p__Firmicutes;c__Clostridia;o__Clostridiales;f__Lachnospiraceae;g__Shuttleworthia	0	0	0	0	0	0	4.0	2.0	0	0	0	0	0	0	0	0	0	0	0	0	0	0	1.0	0	3.0	0	0	0	0	0	0	0	0	0	0	0	0	1.0	0	0	0	0	0	0	0	0	0	0	0	0	0	0	0	0	0	0	0	0	0	0	0	1.0	1.0	3.0	2.0	0	0	0	0	2.0	4.0	0	0	0	0	0	0	0	0	0	1.0	0	0	0	0	2.0	3.0	0	2.0	0	0	0	0	1.0	0	2.0	0	0	1.0	0	0	0	0	0	0	0	0	0	0	8.0	5.0	0	0	0	0	0	0	15.0	1.0	0	0	0	0	43.0	10.0	0	0	0	0	0	1.0	0	0	0	0	0	0	0	0	0	0	5.0	0	0	0	1.0	0	0	3.0	0	2.0	0	0	1.0	3.0	1.0	0	0	4.0	1.0	0	0	1.0	0	5.0	5.0	2.0	0	0	0	0	0	0	0	3.0	0	7.0	3.0
sk__Bacteria;k__;p__Firmicutes;c__Clostridia;o__Clostridiales;f__Lachnospiraceae;g__Shuttleworthia;s__Shuttleworthia_satelles	0	0	0	0	0	0	0	0	0	0	0	0	0	0	0	0	0	0	0	0	0	0	0	0	0	0	0	0	0	0	0	0	0	0	0	0	0	0	0	0	0	0	0	0	0	0	0	0	0	0	0	0	0	0	0	0	0	0	0	0	0	0	0	0	0	0	0	0	0	0	1.0	0	0	0	0	0	0	0	0	0	0	0	0	0	0	0	0	0	0	0	0	0	0	0	0	0	0	0	0	0	0	0	0	0	0	0	0	0	0	0	0	0	0	0	0	0	0	0	1.0	0	0	0	0	0	0	0	0	0	0	0	0	0	0	0	0	0	0	0	0	0	0	0	0	0	0	0	0	0	0	0	0	0	0	0	0	0	0	0	0	0	0	0	0	0	0	0	0	0	0	0	0	0	0	0	0	0	0	0
sk__Bacteria;k__;p__Firmicutes;c__Clostridia;o__Clostridiales;f__Lachnospiraceae;g__Stomatobaculum	0	0	0	1.0	0	15.0	1.0	9.0	0	0	0	30.0	0	0	0	0	0	0	0	0	171.0	0	8.0	1.0	0	0	0	0	0	0	0	2.0	1.0	1.0	4.0	1.0	1.0	0	0	0	0	4.0	2.0	0	0	1.0	37.0	0	0	0	0	0	7.0	6.0	0	0	0	0	0	0	1.0	3.0	14.0	5.0	33.0	0	1.0	11.0	14.0	2.0	146.0	18.0	115.0	7.0	17.0	5.0	4.0	0	3.0	1.0	3.0	0	2.0	0	70.0	2.0	63.0	0	144.0	0	11.0	0	0	0	243.0	0	576.0	15.0	3.0	1.0	0	1.0	2.0	0	5.0	0	1.0	0	2.0	1.0	274.0	0	385.0	16.0	39.0	12.0	13.0	2.0	15.0	0	1.0	16.0	42.0	1.0	2.0	18.0	4.0	0	7.0	0	20.0	4.0	3.0	0	0	1.0	0	9.0	2.0	8.0	3.0	0	0	0	1.0	1.0	5.0	17.0	24.0	14.0	3.0	8.0	0	4.0	1.0	0	1.0	1.0	2.0	1.0	0	16.0	0	28.0	0	30.0	1.0	1.0	1.0	14.0	72.0	95.0	13.0	24.0	18.0	13.0	1.0	18.0
sk__Bacteria;k__;p__Firmicutes;c__Clostridia;o__Clostridiales;f__Lachnospiraceae;g__Stomatobaculum;s__Stomatobaculum_longum	0	0	0	0	0	0	0	0	0	0	0	0	0	0	0	0	0	0	0	0	0	0	0	0	0	0	0	0	0	0	0	0	0	0	0	0	0	0	0	0	0	0	0	0	0	0	0	0	0	0	0	0	0	0	0	0	0	0	0	0	0	0	0	0	0	0	0	0	0	0	0	0	0	0	0	0	0	0	0	0	0	0	0	0	1.0	0	0	0	1.0	0	0	0	0	0	0	0	0	0	0	0	0	0	0	0	0	0	0	0	0	0	0	0	0	0	0	0	0	0	0	0	0	0	1.0	0	0	0	0	0	0	0	0	0	0	0	0	0	0	0	0	0	0	0	0	0	0	0	0	0	0	0	0	0	0	0	0	0	0	0	0	0	0	0	0	0	0	0	0	0	0	0	0	13.0	0	1.0	0	0	0	0
sk__Bacteria;k__;p__Firmicutes;c__Clostridia;o__Clostridiales;f__Peptococcaceae	0	0	0	0	0	0	0	0	0	0	0	0	0	0	0	0	0	0	0	0	0	0	0	1.0	0	0	0	0	0	0	0	0	0	0	0	0	0	0	0	0	0	0	0	0	0	0	0	0	0	0	0	0	0	0	0	0	0	0	0	0	1.0	0	0	0	0	0	0	0	0	0	0	0	0	0	0	0	0	0	0	0	0	2.0	0	0	0	0	0	0	0	1.0	0	2.0	0	0	0	0	0	0	0	0	0	0	0	0	0	0	0	0	0	0	0	0	0	0	0	0	0	1.0	0	0	0	0	0	0	0	0	0	0	0	1.0	0	0	0	0	0	0	0	0	0	0	0	0	0	0	0	0	0	0	0	0	0	0	0	0	0	0	0	0	1.0	0	0	0	0	0	0	0	0	0	0	0	0	0	0	0	0	0	1.0	0
sk__Bacteria;k__;p__Firmicutes;c__Clostridia;o__Clostridiales;f__Peptococcaceae;g__Peptococcus	4.0	0	15.0	11.0	1.0	0	19.0	9.0	0	0	1.0	0	0	0	0	0	92.0	4.0	0	71.0	42.0	0	0	13.0	6.0	0	0	10.0	7.0	0	0	0	0	0	0	0	0	7.0	2.0	0	0	0	0	0	1.0	20.0	3.0	0	0	0	0	0	0	1.0	0	0	0	0	0	1.0	2.0	32.0	12.0	1.0	4.0	30.0	26.0	66.0	35.0	0	0	0	0	242.0	0	17.0	3.0	18.0	6.0	75.0	36.0	285.0	22.0	190.0	25.0	1.0	0	37.0	7.0	149.0	45.0	76.0	17.0	76.0	0	162.0	0	0	0	0	0	174.0	22.0	7.0	15.0	190.0	23.0	18.0	3.0	0	0	0	0	8.0	0	0	0	4.0	1.0	0	0	0	0	0	0	1.0	0	3.0	1.0	57.0	8.0	4.0	0	147.0	0	8.0	0	1.0	0	0	0	0	0	0	0	0	52.0	13.0	21.0	11.0	20.0	7.0	73.0	11.0	36.0	8.0	31.0	7.0	24.0	0	92.0	25.0	66.0	0	51.0	0	362.0	6.0	8.0	1.0	0	0	0	0	348.0	16.0	403.0	14.0
sk__Bacteria;k__;p__Firmicutes;c__Clostridia;o__Clostridiales;f__Peptococcaceae;g__Peptococcus;s__Peptococcus_sp._oral_clone_JM048	0	0	0	0	0	0	0	0	0	0	0	0	0	0	0	0	0	0	0	0	0	0	0	0	0	0	0	0	0	0	0	0	0	0	0	0	0	0	0	0	0	0	0	0	0	0	0	0	0	0	0	0	0	0	0	0	0	0	0	0	0	0	0	0	0	0	0	0	0	0	0	0	0	0	0	0	0	0	0	0	0	0	0	0	0	0	0	0	0	0	1.0	0	0	0	0	0	0	0	0	0	0	0	0	0	0	0	0	0	0	0	0	0	0	0	0	0	0	0	0	0	0	0	0	0	0	0	0	0	0	0	0	0	0	0	0	0	0	0	0	0	0	0	0	0	0	0	0	0	0	0	0	0	0	0	0	0	0	0	0	0	0	0	0	0	0	0	0	0	0	0	0	0	0	0	0	0	0	0
sk__Bacteria;k__;p__Firmicutes;c__Clostridia;o__Clostridiales;f__Peptostreptococcaceae	301.0	40.0	1.0	1.0	2.0	0	292.0	33.0	10.0	2.0	0	0	0	0	0	0	647.0	14.0	0	86.0	5.0	0	4.0	0	0	1.0	0	19.0	0	1.0	0	0	2.0	0	0	0	0	0	0	0	0	0	1.0	0	0	25.0	2.0	0	0	0	0	0	6.0	0	0	1.0	0	0	0	4.0	4.0	112.0	10.0	30.0	16.0	38.0	12.0	66.0	27.0	0	4.0	0	2.0	18.0	13.0	184.0	17.0	208.0	12.0	439.0	103.0	442.0	49.0	242.0	44.0	80.0	18.0	76.0	35.0	525.0	150.0	1115.0	54.0	98.0	6.0	55.0	6.0	0	0	0	1.0	107.0	42.0	157.0	53.0	123.0	8.0	8.0	5.0	21.0	5.0	40.0	4.0	28.0	2.0	2.0	3.0	1.0	0	0	0	2.0	0	1.0	0	468.0	32.0	417.0	228.0	167.0	12.0	7.0	0	487.0	10.0	28.0	4.0	1.0	13.0	0	0	0	0	1.0	0	1.0	487.0	7.0	686.0	122.0	14.0	0	2.0	1.0	301.0	55.0	633.0	48.0	209.0	24.0	183.0	16.0	3.0	27.0	13.0	21.0	287.0	27.0	122.0	18.0	0	0	0	0	72.0	29.0	121.0	96.0
sk__Bacteria;k__;p__Firmicutes;c__Clostridia;o__Clostridiales;f__Peptostreptococcaceae;g__;s__Peptostreptococcaceae_bacterium_canine_oral_taxon_067	0	0	0	0	0	0	0	0	0	0	0	0	0	0	0	0	0	0	0	0	0	0	0	0	0	0	0	0	0	0	0	0	0	0	0	0	0	0	0	0	0	0	0	0	0	0	0	0	0	0	0	0	0	0	0	0	0	0	0	0	0	0	0	0	0	0	0	0	0	0	0	0	0	0	0	0	0	0	0	0	0	0	1.0	0	0	0	0	0	0	0	0	0	0	0	0	0	0	0	0	0	0	0	0	0	0	0	0	0	0	0	0	0	0	0	0	0	0	0	0	0	0	0	0	0	0	0	0	0	0	0	0	0	0	0	0	0	0	0	0	0	0	0	0	0	0	0	0	0	0	0	0	0	0	0	0	0	0	0	0	0	0	0	0	0	0	0	0	0	0	0	0	0	0	0	0	0	0	0
sk__Bacteria;k__;p__Firmicutes;c__Clostridia;o__Clostridiales;f__Peptostreptococcaceae;g__;s__Peptostreptococcaceae_bacterium_canine_oral_taxon_077	0	0	0	0	0	0	0	0	0	0	0	0	0	0	0	0	0	0	0	0	0	0	0	0	0	0	0	0	0	0	0	0	0	0	0	0	0	0	0	0	0	0	0	0	0	0	0	0	0	0	0	0	0	0	0	0	0	0	0	0	0	0	0	0	0	0	0	0	0	0	0	0	0	0	0	0	0	0	0	0	0	0	0	0	0	0	0	0	0	0	0	0	0	0	0	0	0	0	0	0	0	0	0	0	0	0	0	0	0	0	0	0	0	0	0	0	0	0	0	0	0	0	0	0	0	0	0	0	0	0	0	0	0	0	0	0	0	0	0	0	0	0	0	0	0	0	0	0	0	0	0	0	0	0	0	0	1.0	0	0	0	0	0	0	0	0	0	0	0	0	0	0	0	0	0	0	0	0	0
sk__Bacteria;k__;p__Firmicutes;c__Clostridia;o__Clostridiales;f__Peptostreptococcaceae;g__;s__Peptostreptococcaceae_bacterium_canine_oral_taxon_221	0	0	0	0	0	0	0	0	0	0	0	0	0	0	0	0	0	0	0	0	0	0	0	0	0	0	0	0	0	0	0	0	0	0	0	0	0	0	0	0	0	0	0	0	0	0	0	0	0	0	0	0	0	0	0	0	0	0	0	0	0	0	0	0	0	0	0	0	0	0	0	0	0	0	0	0	0	0	0	0	0	0	0	0	0	0	0	0	0	0	0	0	0	0	0	0	0	0	0	0	0	0	0	0	0	0	0	0	0	0	0	0	0	0	0	0	0	0	0	0	0	0	0	0	0	0	0	0	0	0	0	0	0	0	0	0	0	0	0	0	0	0	0	0	0	0	0	0	0	0	0	0	0	0	1.0	0	0	0	0	0	0	0	0	0	0	0	0	0	0	0	0	0	0	0	0	0	0	0
sk__Bacteria;k__;p__Firmicutes;c__Clostridia;o__Clostridiales;f__Peptostreptococcaceae;g__;s__Peptostreptococcaceae_bacterium_feline_oral_taxon_027	0	0	0	0	0	0	0	0	0	0	0	0	0	0	0	0	0	0	0	0	0	0	0	0	0	0	0	0	0	0	0	0	0	0	0	0	0	0	0	0	0	0	0	0	0	0	0	0	0	0	0	0	0	0	0	0	0	0	0	0	0	0	0	0	0	0	0	1.0	0	0	0	0	0	0	0	0	0	0	0	0	0	0	0	0	0	0	0	0	0	0	0	0	0	0	0	0	0	0	0	0	0	0	0	0	0	0	0	0	0	0	0	0	0	0	0	0	0	0	0	0	0	0	0	0	0	0	0	0	0	0	0	0	0	0	0	0	0	0	0	0	0	0	0	0	0	0	0	0	0	0	0	0	0	0	0	0	0	0	0	0	0	0	1.0	0	1.0	0	0	0	0	0	0	0	0	0	0	0	1.0	0
sk__Bacteria;k__;p__Firmicutes;c__Clostridia;o__Clostridiales;f__Peptostreptococcaceae;g__;s__Peptostreptococcaceae_bacterium_feline_oral_taxon_028	0	0	0	0	0	0	0	0	0	0	0	0	0	0	0	0	0	0	0	0	0	0	0	0	0	0	0	0	0	0	0	0	0	0	0	0	0	0	0	0	0	0	0	0	0	0	0	0	0	0	0	0	0	0	0	0	0	0	0	0	0	0	0	0	0	0	0	0	0	0	0	0	0	0	0	0	0	0	0	0	0	0	0	0	0	0	0	0	0	0	0	0	0	0	0	0	0	0	0	0	0	0	0	0	0	0	0	0	0	0	0	0	0	0	0	0	0	0	0	0	0	0	0	0	0	0	0	0	0	0	0	0	0	0	0	0	0	0	0	0	0	0	0	0	0	0	0	0	0	0	0	0	0	0	0	0	0	0	0	0	0	0	0	0	0	0	0	0	0	0	0	0	0	0	0	0	0	1.0
sk__Bacteria;k__;p__Firmicutes;c__Clostridia;o__Clostridiales;f__Peptostreptococcaceae;g__;s__Peptostreptococcaceae_bacterium_feline_oral_taxon_064	0	0	0	0	0	0	0	0	0	0	0	0	0	0	0	0	0	0	0	0	0	0	0	0	0	0	0	0	0	0	0	0	0	0	0	0	0	0	0	0	0	0	0	0	0	0	0	0	0	0	0	0	0	0	0	0	0	0	0	0	0	0	0	0	0	0	0	0	1.0	0	0	0	0	0	0	0	0	0	0	0	0	0	0	0	0	0	0	0	0	0	0	0	0	0	0	0	0	0	0	0	0	0	0	0	0	0	0	0	0	0	0	0	0	0	0	0	0	0	0	0	0	0	0	0	0	0	0	0	0	0	0	0	0	0	0	0	0	0	0	0	0	0	0	0	0	0	0	0	0	0	0	0	0	0	0	0	0	0	0	0	0	0	0	0	0	0	0	0	0	0	0	0	0	0	0	0	0	0
sk__Bacteria;k__;p__Firmicutes;c__Clostridia;o__Clostridiales;f__Peptostreptococcaceae;g__;s__Peptostreptococcaceae_bacterium_oral_taxon_091	0	0	0	0	0	0	0	0	0	0	0	0	0	0	0	0	0	0	0	0	0	0	0	0	0	0	0	0	0	0	0	0	0	0	0	0	0	0	0	0	0	0	0	0	0	0	2.0	0	0	0	0	0	0	0	0	0	0	0	0	0	0	0	2.0	0	0	0	0	0	0	0	0	0	0	0	6.0	0	0	0	0	0	4.0	0	1.0	0	3.0	0	2.0	0	2.0	0	2.0	0	1.0	0	0	0	0	0	0	0	0	0	0	0	2.0	0	0	0	0	0	0	0	0	0	9.0	0	0	0	0	0	0	0	0	0	0	0	0	0	0	0	4.0	0	0	0	1.0	0	0	0	0	0	0	0	0	0	0	0	0	2.0	0	0	0	1.0	0	0	0	1.0	0	1.0	0	0	0	0	0	1.0	0	3.0	0	1.0	0	4.0	0	0	0	0	0	1.0	0	0
sk__Bacteria;k__;p__Firmicutes;c__Clostridia;o__Clostridiales;f__Peptostreptococcaceae;g__Filifactor	0	0	0	0	0	0	0	0	0	0	0	0	0	0	0	0	5.0	0	0	0	0	0	0	0	0	0	0	0	0	0	0	0	0	0	0	0	0	35.0	9.0	0	0	0	0	0	0	0	0	3.0	0	0	0	0	5.0	0	0	0	0	0	0	0	0	491.0	157.0	25.0	19.0	0	0	0	0	0	0	0	0	410.0	89.0	0	0	1.0	0	47.0	33.0	587.0	157.0	776.0	167.0	291.0	75.0	195.0	75.0	1491.0	402.0	303.0	61.0	644.0	189.0	1078.0	228.0	0	0	0	0	383.0	118.0	0	1.0	1100.0	222.0	42.0	45.0	0	0	0	0	270.0	55.0	0	4.0	0	0	0	0	0	0	0	0	1.0	0	0	0	618.0	48.0	75.0	9.0	901.0	59.0	14.0	5.0	1586.0	164.0	54.0	3.0	0	0	0	0	0	2139.0	247.0	56.0	30.0	0	0	0	0	600.0	81.0	1274.0	112.0	425.0	42.0	11.0	4.0	304.0	115.0	370.0	116.0	1099.0	132.0	69.0	19.0	0	0	0	0	623.0	193.0	1581.0	337.0
sk__Bacteria;k__;p__Firmicutes;c__Clostridia;o__Clostridiales;f__Peptostreptococcaceae;g__Filifactor;s__Filifactor_alocis	0	0	0	0	0	0	0	0	0	0	0	0	0	0	0	0	0	0	0	0	0	0	0	0	0	0	0	0	0	0	0	0	0	0	0	0	0	0	0	0	0	0	0	0	0	0	0	0	0	0	0	0	0	0	0	0	0	0	0	0	0	0	4.0	0	0	0	0	0	0	0	0	0	0	0	3.0	0	0	0	0	0	0	0	12.0	0	10.0	0	1.0	0	4.0	1.0	26.0	0	0	1.0	0	1.0	0	0	0	0	0	0	8.0	0	0	1.0	5.0	0	0	0	0	0	0	1.0	1.0	0	0	0	0	0	0	0	0	0	0	0	0	0	1.0	0	1.0	0	1.0	1.0	1.0	0	0	0	5.0	0	0	0	0	0	0	0	0	1.0	0	1.0	0	0	0	0	0	1.0	0	0	0	1.0	0	0	0	3.0	0	4.0	0	2.0	0	2.0	0	0	0	0	0	5.0	0	9.0
sk__Bacteria;k__;p__Firmicutes;c__Clostridia;o__Clostridiales;f__Peptostreptococcaceae;g__Paeniclostridium	0	0	0	0	0	0	0	0	0	0	0	0	0	0	0	0	0	0	0	0	0	0	0	0	0	0	0	0	0	0	0	0	0	0	0	0	0	0	0	0	0	0	0	0	0	0	0	0	0	0	0	0	0	0	0	0	0	0	0	0	0	0	0	0	0	0	0	0	0	0	0	0	0	0	0	0	0	0	0	0	0	0	0	0	0	0	0	0	0	0	0	0	0	0	0	0	0	0	0	0	0	0	0	0	0	0	0	0	0	0	0	0	0	0	0	0	0	0	0	0	0	0	0	0	0	0	0	0	0	0	0	1.0	0	0	0	0	0	0	0	0	0	0	0	0	0	0	0	0	0	0	0	0	0	0	0	0	0	0	0	0	0	0	0	0	0	0	0	0	0	0	0	0	0	0	0	0	0	0
sk__Bacteria;k__;p__Firmicutes;c__Clostridia;o__Clostridiales;f__Peptostreptococcaceae;g__Peptoanaerobacter	0	0	0	0	0	0	0	0	0	0	0	0	0	0	0	0	0	0	0	0	0	0	0	0	0	0	0	0	0	0	0	0	0	0	0	0	0	0	0	0	0	0	0	0	0	0	0	0	0	0	0	0	0	0	0	0	0	0	0	0	0	0	4.0	0	2.0	0	0	0	0	0	0	0	0	0	0	0	0	0	0	0	4.0	0	34.0	0	9.0	0	0	0	0	0	14.0	0	3.0	0	5.0	0	1.0	0	0	0	0	0	0	0	7.0	0	11.0	0	0	0	0	0	0	0	0	0	0	0	0	0	0	0	0	0	0	0	0	0	0	0	0	0	0	0	0	0	0	0	0	0	0	0	0	0	0	0	0	25.0	0	0	0	0	0	0	0	0	0	0	0	0	0	37.0	0	0	0	0	0	2.0	0	2.0	0	0	0	0	0	5.0	0	10.0
sk__Bacteria;k__;p__Firmicutes;c__Clostridia;o__Clostridiales;f__Peptostreptococcaceae;g__Peptoanaerobacter;s__Peptoanaerobacter_stomatis	0	0	0	0	0	0	0	0	0	0	0	0	0	0	0	0	0	0	0	0	0	0	0	0	0	0	0	0	0	0	0	0	0	0	0	0	0	0	0	0	0	0	0	0	0	0	0	0	0	0	0	0	0	0	0	0	0	0	0	0	0	0	0	0	0	0	0	0	0	0	0	0	0	0	0	0	0	0	0	0	0	0	1.0	0	1.0	0	0	0	2.0	0	0	0	0	0	0	0	0	0	0	0	0	0	0	0	1.0	0	3.0	0	0	0	0	0	0	0	0	0	0	0	0	0	0	0	0	0	0	0	0	0	0	0	0	0	0	0	0	0	0	0	0	0	0	0	0	0	0	0	0	5.0	0	1.0	0	0	0	0	0	0	0	0	0	0	0	11.0	0	0	0	0	0	0	0	0	0	0	0	0	0	1.0	0	1.0
sk__Bacteria;k__;p__Firmicutes;c__Clostridia;o__Clostridiales;f__Peptostreptococcaceae;g__Peptoanaerobacter;s__[Eubacterium]_yurii	0	28.0	0	0	0	0	0	31.0	0	0	0	0	0	0	0	0	0	1.0	0	0	12.0	0	0	0	0	0	0	0	1.0	0	0	0	0	0	0	0	0	0	0	0	0	0	0	0	0	0	0	0	0	0	0	0	0	0	0	0	0	0	1.0	0	3.0	0	1.0	0	1.0	0	13.0	0	23.0	0	0	0	0	0	1.0	0	6.0	0	22.0	0	86.0	0	1.0	0	7.0	0	8.0	0	1.0	0	0	0	19.0	0	0	0	0	0	0	0	0	0	7.0	0	26.0	0	1.0	0	2.0	0	6.0	0	6.0	0	0	0	0	0	0	0	0	0	0	0	0	0	81.0	0	189.0	0	0	0	0	0	0	0	0	0	0	0	0	0	0	0	0	0	0	1.0	0	39.0	0	0	0	0	0	4.0	0	4.0	0	8.0	0	4.0	0	0	0	0	0	5.0	0	8.0	0	0	0	0	0	1.0	0	1.0
sk__Bacteria;k__;p__Firmicutes;c__Clostridia;o__Clostridiales;f__Peptostreptococcaceae;g__Peptostreptococcus	14.0	7.0	0	0	2.0	0	400.0	31.0	3.0	0	0	0	0	0	0	0	0	0	0	554.0	166.0	0	0	0	0	60.0	0	114.0	24.0	1.0	0	90.0	0	101.0	2.0	187.0	9.0	0	1.0	0	0	128.0	0	88.0	0	148.0	7.0	4.0	1.0	0	0	3.0	5.0	0	0	0	0	0	0	0	2.0	88.0	45.0	40.0	9.0	80.0	40.0	175.0	95.0	3.0	0	0	0	22.0	6.0	101.0	3.0	6.0	0	28.0	33.0	170.0	53.0	226.0	41.0	22.0	5.0	35.0	12.0	343.0	154.0	64.0	14.0	0	2.0	3.0	1.0	1.0	0	0	0	113.0	34.0	99.0	159.0	725.0	247.0	2.0	8.0	91.0	0	50.0	0	326.0	98.0	8.0	6.0	190.0	22.0	14.0	0	0	0	0	0	1.0	1.0	0	0	95.0	20.0	12.0	0	478.0	0	829.0	0	151.0	19.0	35.0	3.0	0	0	0	0	0	383.0	53.0	80.0	20.0	78.0	19.0	138.0	7.0	99.0	3.0	556.0	47.0	78.0	2.0	11.0	8.0	131.0	24.0	216.0	50.0	28.0	1.0	44.0	33.0	0	0	0	0	52.0	13.0	74.0	24.0
sk__Bacteria;k__;p__Firmicutes;c__Clostridia;o__Clostridiales;f__Peptostreptococcaceae;g__Peptostreptococcus;s__Peptostreptococcus_stomatis	0	0	0	0	0	0	0	0	0	0	0	0	0	0	0	0	0	0	0	0	1.0	0	0	0	0	0	0	0	0	0	0	0	0	0	0	0	0	0	0	0	0	0	0	0	0	0	0	0	0	0	0	0	0	0	0	0	0	0	0	0	0	0	0	0	0	0	1.0	0	1.0	0	0	0	0	0	0	0	0	0	0	0	0	0	0	0	0	0	0	0	0	0	0	0	0	0	0	0	0	0	0	0	0	0	1.0	0	0	0	0	0	1.0	0	0	0	0	0	0	0	0	0	0	0	0	0	0	0	0	0	0	0	0	0	0	0	0	0	0	0	0	0	0	0	0	0	0	0	0	0	0	0	0	0	0	0	0	0	0	0	0	1.0	0	0	0	0	0	0	0	2.0	0	0	0	0	0	0	0	0	0	0	0	0
sk__Bacteria;k__;p__Firmicutes;c__Clostridia;o__Clostridiales;f__Peptostreptococcaceae;g__Proteocatella	0	0	0	0	0	0	0	0	0	0	0	0	0	0	0	0	0	0	0	0	0	0	0	0	0	0	0	0	0	0	0	0	0	0	0	0	0	0	0	1.0	0	0	0	0	0	0	0	0	0	0	0	0	0	0	0	0	0	0	0	0	0	0	0	0	0	0	0	0	0	0	0	0	0	0	0	0	0	0	0	0	0	0	0	0	0	0	0	0	0	0	0	0	0	0	0	0	0	0	0	0	0	0	0	0	0	0	0	0	0	0	0	0	0	0	0	0	0	0	0	0	0	0	0	0	0	0	0	0	0	0	0	0	0	0	0	0	0	0	0	0	0	0	0	0	0	0	0	0	0	0	0	0	0	0	0	0	0	0	0	0	0	0	0	0	0	0	0	0	0	0	0	0	0	0	0	0	0	0
sk__Bacteria;k__;p__Firmicutes;c__Clostridia;o__Clostridiales;f__Peptostreptococcaceae;g__Romboutsia	0	0	0	0	0	0	0	0	0	0	0	0	0	0	0	0	0	0	0	0	0	0	0	0	0	0	0	0	0	0	0	0	0	0	0	0	0	0	0	0	0	0	0	0	0	0	0	2.0	0	0	0	0	0	0	0	1.0	0	0	0	0	0	0	0	0	0	0	0	0	0	0	0	0	0	0	0	0	0	0	0	0	0	0	0	0	0	0	0	0	0	0	0	0	0	0	0	0	0	0	0	0	0	0	0	0	0	0	0	0	0	0	0	0	0	0	0	0	0	0	0	0	0	0	0	0	0	0	0	0	0	2.0	0	1.0	0	0	0	0	0	0	0	0	0	0	0	0	0	0	0	0	0	0	0	0	0	0	0	0	0	0	0	0	0	0	0	0	0	0	0	0	0	0	0	0	0	0	0	0	0	0
sk__Bacteria;k__;p__Firmicutes;c__Clostridia;o__Clostridiales;f__Peptostreptococcaceae;g__Terrisporobacter	0	0	0	0	0	0	0	0	0	0	0	0	0	0	0	0	0	0	0	0	0	0	0	1.0	1.0	0	0	0	0	0	0	0	0	0	0	0	0	0	0	0	0	0	0	0	0	0	0	0	0	0	0	0	0	0	0	0	0	0	0	0	0	0	0	0	0	0	0	0	0	0	0	0	0	0	0	0	0	0	0	0	0	0	0	0	0	0	0	0	0	0	0	0	0	1.0	0	0	0	0	0	0	0	0	0	0	0	0	0	0	0	0	0	0	0	0	0	0	0	0	0	0	0	0	0	0	0	0	0	0	0	0	0	1.0	0	0	0	0	0	0	0	0	0	0	0	0	0	0	0	0	0	0	0	0	0	0	0	0	0	0	0	0	0	0	0	0	0	0	0	0	0	0	0	0	0	0	0	0	0	0
sk__Bacteria;k__;p__Firmicutes;c__Clostridia;o__Clostridiales;f__Ruminococcaceae	0	0	0	6.0	3.0	6.0	2.0	0	0	4.0	21.0	28.0	0	1.0	1.0	0	11.0	0	0	2.0	2.0	2.0	6.0	1.0	2.0	0	0	1.0	0	0	1.0	0	1.0	0	0	1.0	7.0	0	0	0	6.0	0	0	0	1.0	27.0	8.0	0	1.0	0	1.0	1.0	6.0	2.0	0	1.0	0	2.0	0	0	0	3.0	2.0	11.0	46.0	39.0	30.0	12.0	4.0	0	0	0	3.0	32.0	3.0	2.0	0	25.0	20.0	47.0	5.0	22.0	2.0	18.0	2.0	1.0	0	10.0	10.0	2.0	1.0	2.0	4.0	0	0	0	1.0	75.0	22.0	3.0	5.0	21.0	3.0	9.0	3.0	7.0	13.0	0	2.0	0	0	0	0	2.0	3.0	48.0	12.0	0	1.0	0	0	0	0	0	0	0	0	1.0	1.0	0	3.0	0	3.0	0	0	0	0	0	0	0	0	0	1.0	0	0	0	3.0	4.0	5.0	5.0	46.0	0	1.0	0	1.0	0	1.0	0	0	1.0	70.0	7.0	0	0	0	0	0	0	0	2.0	0	0	0	0	1.0	2.0	3.0	0
sk__Bacteria;k__;p__Firmicutes;c__Clostridia;o__Clostridiales;f__Ruminococcaceae;g__Faecalibacterium	0	0	0	0	0	0	0	0	0	0	0	0	0	0	0	0	0	0	0	0	0	0	0	0	0	0	0	0	0	0	0	0	0	0	0	0	0	0	0	0	0	0	0	0	0	0	0	0	0	0	0	0	0	0	0	0	0	0	0	0	0	0	0	0	0	0	0	0	0	0	0	0	0	0	0	0	0	0	0	0	0	0	0	0	0	0	0	0	0	0	0	0	0	0	0	0	0	0	0	0	0	0	0	0	0	0	0	0	0	0	0	0	0	0	0	0	0	0	0	0	0	0	0	0	0	0	0	0	0	0	0	0	0	0	0	0	0	0	0	0	0	0	0	0	0	1.0	0	0	1.0	0	0	0	0	0	0	0	0	0	0	0	0	0	0	0	0	0	0	0	0	0	0	0	0	0	0	0	0	0
sk__Bacteria;k__;p__Firmicutes;c__Clostridia;o__Clostridiales;f__Syntrophomonadaceae	0	0	0	0	0	0	0	0	0	0	0	0	0	0	0	0	0	0	0	0	0	0	0	0	0	0	0	0	0	0	0	0	0	0	0	0	0	0	0	0	0	0	0	0	0	0	0	0	0	0	0	0	0	0	0	0	0	0	0	0	0	0	0	0	0	0	0	0	0	0	0	0	0	0	0	0	0	0	0	0	0	0	0	0	0	0	0	0	0	0	0	0	0	0	0	0	0	0	0	0	0	0	0	0	0	0	0	0	0	0	0	0	0	0	0	0	0	0	0	0	0	0	0	0	0	0	0	0	0	0	0	0	0	0	0	0	0	0	0	0	0	0	0	0	0	0	2.0	0	0	0	0	0	0	0	0	0	0	0	0	0	0	0	0	0	0	0	0	0	0	0	0	0	0	0	5.0	0	7.0	0
sk__Bacteria;k__;p__Firmicutes;c__Clostridia;o__Clostridiales;f__Syntrophomonadaceae;g__;s__Syntrophomonadaceae_genomosp._P1	0	0	0	0	0	0	0	0	0	0	0	0	0	0	0	0	0	0	0	0	0	0	0	0	0	0	0	0	0	0	0	0	0	0	0	0	0	0	0	0	0	0	0	0	0	0	0	0	0	0	0	0	0	0	0	0	0	0	0	1.0	0	0	0	0	0	0	0	0	0	0	0	0	0	0	0	0	0	0	0	0	0	0	0	0	0	0	0	0	0	0	0	0	0	0	0	0	0	0	0	0	0	0	0	0	0	0	0	0	0	0	0	0	0	0	0	0	0	0	0	0	0	0	0	0	0	0	0	0	0	0	0	0	0	0	0	0	0	0	0	0	0	0	0	0	0	0	133.0	7.0	0	1.0	0	0	0	0	0	0	0	0	0	0	0	0	0	0	0	0	0	0	0	0	0	0	0	0	148.0	24.0	309.0	33.0
sk__Bacteria;k__;p__Firmicutes;c__Clostridia;o__Thermoanaerobacterales;f__Thermoanaerobacteraceae;g__Caldanaerobacter	0	0	1.0	0	0	0	0	0	0	0	0	0	0	0	0	0	0	0	0	0	0	0	0	0	0	0	0	0	0	0	0	0	0	0	0	0	0	0	0	0	0	0	0	0	0	0	0	0	0	0	0	0	0	0	0	0	0	0	0	0	0	0	0	0	0	0	0	0	0	0	0	0	0	0	0	0	0	0	0	0	0	0	0	0	0	0	0	0	0	0	0	0	0	0	0	0	0	0	0	0	0	0	0	0	0	0	0	0	0	0	0	0	0	0	0	0	0	0	0	0	0	0	0	0	0	0	0	0	0	0	0	0	0	0	0	0	0	0	0	0	0	0	0	0	0	0	0	0	0	0	0	0	0	0	0	0	0	0	0	0	0	0	0	0	0	0	0	0	0	0	0	0	0	0	0	0	0	0
sk__Bacteria;k__;p__Firmicutes;c__Erysipelotrichia;o__Erysipelotrichales	0	0	0	0	0	0	0	0	0	0	0	0	0	0	0	0	0	0	0	0	0	0	0	0	0	0	0	0	0	0	0	0	0	0	0	0	0	0	0	0	0	0	0	0	0	0	0	0	0	0	0	0	0	0	0	0	0	0	0	0	0	2.0	0	0	0	0	0	0	0	0	0	0	0	0	0	0	0	2.0	0	0	0	0	0	0	0	0	0	0	0	1.0	0	0	0	0	0	1.0	0	0	0	0	0	0	0	0	0	0	0	0	0	1.0	0	0	0	0	0	0	0	0	0	0	0	0	0	0	0	0	0	0	0	0	0	0	0	0	0	0	0	0	0	0	0	0	0	0	0	0	0	0	0	0	0	0	0	0	0	0	0	0	0	0	0	0	0	0	0	0	0	0	0	0	0	0	0	0	0	0	0	0
sk__Bacteria;k__;p__Firmicutes;c__Erysipelotrichia;o__Erysipelotrichales;f__Erysipelotrichaceae	2.0	0	0	0	0	0	10.0	0	0	0	0	0	0	0	0	0	1.0	0	0	12.0	6.0	0	0	2.0	2.0	11.0	4.0	1.0	1.0	0	0	0	0	2.0	3.0	0	0	0	0	0	0	1.0	0	0	0	29.0	1.0	0	0	0	0	0	0	1.0	0	0	0	0	0	0	0	5.0	4.0	6.0	4.0	0	0	0	0	20.0	6.0	1.0	2.0	0	0	1.0	1.0	7.0	3.0	14.0	4.0	4.0	0	17.0	0	10.0	4.0	17.0	1.0	26.0	9.0	4.0	1.0	0	0	1.0	1.0	0	0	0	0	0	0	5.0	1.0	5.0	2.0	0	0	4.0	0	0	0	21.0	4.0	1.0	0	47.0	5.0	0	1.0	0	0	12.0	1.0	0	0	0	0	2.0	1.0	0	1.0	0	0	0	0	4.0	0	11.0	3.0	4.0	1.0	0	0	0	12.0	1.0	0	1.0	14.0	2.0	5.0	1.0	1.0	1.0	39.0	10.0	3.0	0	0	0	3.0	1.0	3.0	1.0	0	0	7.0	2.0	4.0	5.0	5.0	4.0	2.0	1.0	6.0	2.0
sk__Bacteria;k__;p__Firmicutes;c__Erysipelotrichia;o__Erysipelotrichales;f__Erysipelotrichaceae;g__Bulleidia	0	0	0	0	0	0	0	0	0	0	0	0	0	0	0	0	0	0	0	0	0	0	0	0	0	0	0	0	0	0	0	0	0	0	0	0	0	0	0	0	0	0	0	0	0	0	0	0	0	0	0	0	0	1.0	0	0	0	0	0	0	0	3.0	1.0	0	0	0	0	0	0	0	0	0	0	0	0	0	0	16.0	8.0	10.0	6.0	0	0	4.0	1.0	1.0	0	10.0	5.0	1.0	1.0	5.0	1.0	27.0	8.0	72.0	27.0	0	0	0	0	0	0	0	0	0	0	0	0	13.0	11.0	18.0	28.0	2.0	0	0	1.0	0	0	0	0	0	0	0	0	0	0	0	0	4.0	1.0	1.0	0	8.0	1.0	3.0	0	0	0	0	0	0	0	0	0	0	0	0	0	0	15.0	3.0	51.0	5.0	0	0	0	0	0	0	0	0	0	0	0	0	0	1.0	2.0	4.0	0	0	0	0	0	0	2.0	2.0
sk__Bacteria;k__;p__Firmicutes;c__Erysipelotrichia;o__Erysipelotrichales;f__Erysipelotrichaceae;g__Bulleidia;s__Bulleidia_extructa	0	0	0	0	0	0	0	0	0	0	0	0	0	0	0	0	0	0	0	0	0	0	0	0	0	0	0	0	0	0	0	0	0	0	0	0	0	0	0	0	0	0	0	0	0	0	0	0	0	0	0	0	0	0	0	0	0	0	0	0	0	0	0	0	0	0	0	0	0	0	0	0	0	0	0	0	0	0	0	0	0	0	0	0	0	0	0	0	0	0	0	0	0	0	0	0	0	0	0	0	0	0	0	0	0	0	0	0	0	0	0	0	0	0	0	0	0	0	0	0	0	0	0	0	0	0	0	0	0	0	0	0	0	0	0	0	0	0	0	0	0	0	0	0	0	0	0	0	0	0	0	0	0	1.0	0	0	0	0	0	0	0	0	0	0	0	0	0	0	0	0	0	0	0	0	0	0	0	0
sk__Bacteria;k__;p__Firmicutes;c__Erysipelotrichia;o__Erysipelotrichales;f__Erysipelotrichaceae;g__Eggerthia	0	0	0	0	0	0	0	0	0	0	0	0	0	0	0	0	0	0	0	0	0	0	0	0	0	0	0	0	0	0	0	0	0	0	0	0	0	0	0	0	0	0	0	0	0	0	0	0	0	0	0	0	0	0	0	0	0	0	0	0	0	0	0	0	0	0	0	0	0	0	0	0	0	0	0	0	0	0	0	3.0	0	0	1.0	0	0	0	0	0	0	0	0	0	0	0	0	0	0	0	0	0	0	0	0	0	0	0	0	0	0	0	0	0	0	0	0	0	0	0	0	0	0	0	0	0	0	0	0	0	0	0	1.0	0	0	0	0	0	0	0	0	0	0	0	0	0	0	0	2.0	0	0	0	0	0	0	0	0	0	4.0	0	0	0	0	0	0	0	0	1.0	0	0	11.0	1.0	0	0	0	0	0	0	3.0	0
sk__Bacteria;k__;p__Firmicutes;c__Erysipelotrichia;o__Erysipelotrichales;f__Erysipelotrichaceae;g__Eggerthia;s__Eggerthia_catenaformis	0	0	0	0	0	0	0	0	0	0	0	0	0	0	0	0	0	0	0	0	0	0	0	0	0	0	0	0	0	0	0	0	0	0	0	0	0	0	0	0	0	0	0	0	0	0	0	0	0	0	0	0	0	0	0	0	0	0	0	0	0	0	0	0	0	0	0	0	0	0	0	0	0	0	0	1.0	0	0	1.0	0	0	2.0	0	1.0	0	0	0	0	0	0	0	0	0	0	0	0	0	0	0	0	0	0	0	0	0	0	0	0	0	0	0	0	0	0	0	0	0	0	0	0	0	0	0	0	0	0	0	0	0	1.0	0	0	0	0	0	0	0	0	0	0	0	0	0	0	0	0	2.0	0	0	0	0	0	0	0	1.0	0	2.0	1.0	0	0	0	0	0	0	3.0	0	0	0	12.0	4.0	0	0	0	0	0	0	3.0	0
sk__Bacteria;k__;p__Firmicutes;c__Erysipelotrichia;o__Erysipelotrichales;f__Erysipelotrichaceae;g__Holdemanella	0	0	0	0	0	0	0	0	0	0	0	0	0	0	0	0	0	0	0	0	0	0	0	0	0	0	0	0	0	0	0	0	0	0	0	0	0	0	0	0	0	0	0	0	1.0	0	0	0	0	0	0	0	0	0	0	0	0	0	0	0	0	0	0	0	0	0	0	0	0	0	0	0	0	0	0	0	0	0	0	0	0	0	0	0	0	0	0	0	0	0	0	0	0	0	0	0	0	0	0	0	0	0	0	0	0	0	0	0	0	0	0	0	0	0	0	0	0	0	0	0	0	0	0	0	0	0	0	0	0	0	0	0	0	0	0	0	0	0	0	0	0	0	0	0	0	0	0	0	0	0	0	0	0	0	0	0	0	0	0	0	0	0	0	0	0	0	0	0	0	0	0	0	0	0	0	0	0	0
sk__Bacteria;k__;p__Firmicutes;c__Erysipelotrichia;o__Erysipelotrichales;f__Erysipelotrichaceae;g__Solobacterium	1.0	4.0	2.0	1.0	0	0	20.0	14.0	1.0	1.0	7.0	4.0	3.0	5.0	0	0	0	0	0	23.0	29.0	0	0	2.0	2.0	17.0	28.0	4.0	4.0	0	0	1.0	0	2.0	0	1.0	1.0	0	0	0	0	1.0	0	0	2.0	31.0	34.0	0	0	0	0	0	1.0	2.0	0	0	0	0	0	0	0	3.0	6.0	5.0	12.0	3.0	0	1.0	3.0	8.0	5.0	1.0	3.0	1.0	0	4.0	4.0	7.0	5.0	24.0	32.0	7.0	4.0	10.0	3.0	1.0	5.0	5.0	24.0	8.0	11.0	26.0	4.0	1.0	1.0	0	0	0	1.0	3.0	0	2.0	1.0	8.0	14.0	17.0	15.0	1.0	0	8.0	9.0	1.0	0	0	0	0	0	121.0	19.0	0	1.0	0	0	0	0	0	1.0	0	1.0	0	2.0	2.0	0	0	0	0	0	0	0	16.0	4.0	10.0	6.0	0	0	0	2.0	0	2.0	5.0	12.0	3.0	0	1.0	3.0	2.0	44.0	21.0	0	0	1.0	0	14.0	14.0	6.0	17.0	0	2.0	13.0	15.0	23.0	4.0	14.0	8.0	1.0	4.0	3.0	0
sk__Bacteria;k__;p__Firmicutes;c__Negativicutes	1.0	0	0	0	0	0	0	1.0	1.0	0	0	0	0	0	0	0	5.0	1.0	0	0	0	0	0	0	0	0	0	0	0	0	0	0	0	0	0	0	0	0	0	0	0	0	0	0	0	0	0	0	0	0	0	0	0	0	0	0	0	0	0	0	0	11.0	1.0	52.0	0	0	0	0	0	0	0	0	0	0	1.0	0	0	0	1.0	0	1.0	16.0	0	16.0	0	1.0	0	16.0	0	3.0	0	2.0	0	0	1.0	0	0	5.0	1.0	1.0	0	0	0	2.0	1.0	0	0	0	0	0	1.0	0	0	13.0	0	11.0	0	5.0	0	0	0	1.0	0	0	0	0	0	0	0	0	0	0	0	0	0	0	0	1.0	0	0	0	0	0	0	0	0	1.0	1.0	0	0	0	0	0	0	0	1.0	0	1.0	0	0	0	0	0	0	1.0	0	3.0	1.0	0	0	0	0	0	0	0	0	0	0
sk__Bacteria;k__;p__Firmicutes;c__Negativicutes;o__Acidaminococcales;f__Acidaminococcaceae;g__Phascolarctobacterium	0	0	0	0	0	0	0	0	0	0	0	0	0	0	0	0	0	0	0	0	0	0	0	0	0	0	0	0	0	0	0	0	0	0	0	0	0	0	0	0	0	0	0	0	0	0	0	0	0	0	0	0	0	0	0	0	0	0	0	0	0	0	0	1.0	0	0	0	0	0	0	0	0	0	0	0	0	0	0	0	0	0	0	0	0	0	0	0	0	0	0	0	0	0	0	0	0	0	0	0	0	0	0	0	0	0	0	0	0	0	0	0	0	0	0	0	0	0	0	0	0	0	0	0	0	0	0	0	0	0	0	0	0	0	0	0	0	0	0	0	0	0	0	0	0	0	0	0	0	0	0	0	0	0	0	0	0	0	0	0	0	0	0	0	0	0	0	0	0	0	0	0	0	0	0	0	0	0	0
sk__Bacteria;k__;p__Firmicutes;c__Negativicutes;o__Selenomonadales	0	0	0	0	0	0	0	0	0	0	0	0	0	0	0	0	0	0	0	0	0	0	0	0	0	0	0	0	0	0	0	0	0	0	0	0	0	0	0	0	0	0	0	0	0	1.0	0	0	0	0	0	0	0	0	0	0	0	0	0	0	0	1.0	0	0	0	0	0	0	0	0	0	0	0	0	0	0	0	1.0	0	0	0	0	0	0	0	0	0	0	0	0	0	0	0	0	0	0	0	6.0	0	0	0	0	0	0	0	0	0	0	0	0	0	0	0	2.0	0	0	0	1.0	0	0	0	0	0	0	0	0	0	0	0	0	0	0	0	0	0	0	0	0	0	0	0	0	0	0	0	0	0	0	0	0	0	0	0	0	0	0	0	0	0	0	0	0	0	0	0	0	0	0	0	0	1.0	0	0	0	0	0	0	0
sk__Bacteria;k__;p__Firmicutes;c__Negativicutes;o__Selenomonadales;f__Selenomonadaceae	143.0	2.0	17.0	0	32.0	0	54.0	1.0	131.0	0	88.0	0	15.0	0	6.0	0	53.0	0	0	3.0	0	22.0	6.0	5.0	2.0	20.0	0	8.0	0	5.0	0	64.0	0	5.0	0	413.0	1.0	0	0	2.0	0	45.0	1.0	70.0	0	199.0	3.0	1.0	0	0	0	0	0	0	0	0	0	0	0	7.0	0	80.0	4.0	119.0	0	19.0	0	46.0	4.0	11.0	1.0	35.0	1.0	12.0	1.0	13.0	2.0	10.0	2.0	27.0	4.0	21.0	2.0	62.0	0	12.0	2.0	70.0	3.0	14.0	0	25.0	1.0	5.0	2.0	5.0	1.0	444.0	15.0	49.0	2.0	11.0	0	23.0	1.0	8.0	2.0	0	0	9.0	1.0	1.0	0	286.0	3.0	162.0	12.0	199.0	0	237.0	0	98.0	0	189.0	0	3.0	0	29.0	2.0	30.0	2.0	13.0	0	38.0	0	0	0	15.0	2.0	42.0	1.0	8.0	0	1.0	0	0	128.0	1.0	13.0	0	15.0	0	0	0	61.0	2.0	89.0	7.0	67.0	2.0	32.0	5.0	96.0	1.0	46.0	1.0	53.0	1.0	188.0	6.0	608.0	1.0	782.0	5.0	14.0	2.0	32.0	2.0
sk__Bacteria;k__;p__Firmicutes;c__Negativicutes;o__Selenomonadales;f__Selenomonadaceae;g__Centipeda	0	0	0	0	0	0	0	1.0	1.0	0	1.0	2.0	0	0	0	0	0	0	0	0	0	0	1.0	0	5.0	0	0	0	0	0	0	0	0	0	0	0	0	0	0	0	0	0	0	1.0	0	0	1.0	0	0	0	0	0	0	0	0	0	0	0	0	0	0	2.0	12.0	0	1.0	0	0	0	2.0	0	4.0	0	1.0	0	1.0	0	0	0	1.0	0	3.0	0	9.0	0	3.0	0	2.0	1.0	2.0	0	2.0	1.0	6.0	0	0	0	0	3.0	2.0	0	2.0	0	0	1.0	7.0	0	4.0	0	1.0	0	1.0	0	0	0	1.0	0	3.0	1.0	1.0	0	0	0	3.0	0	4.0	0	0	0	2.0	0	2.0	0	1.0	0	0	0	0	0	0	0	0	0	0	0	0	0	1.0	26.0	0	2.0	0	1.0	0	0	0	1.0	1.0	5.0	0	0	2.0	9.0	0	0	0	0	0	0	0	4.0	2.0	0	1.0	0	0	3.0	0	0
sk__Bacteria;k__;p__Firmicutes;c__Negativicutes;o__Selenomonadales;f__Selenomonadaceae;g__Megamonas	0	0	0	0	0	0	0	0	0	0	0	0	0	0	0	0	0	0	0	0	0	0	0	0	0	0	0	0	0	0	0	0	0	0	0	0	0	0	0	0	0	0	0	0	0	0	0	0	0	0	0	0	0	0	0	0	0	0	0	0	0	0	0	0	0	0	0	0	0	0	0	0	0	0	0	0	0	0	0	0	0	0	0	0	0	0	0	1.0	0	0	0	0	0	0	0	0	0	0	0	0	0	0	0	0	0	0	0	0	0	0	0	0	0	0	0	0	0	0	0	0	0	0	0	0	0	0	0	0	0	0	0	0	0	0	0	0	0	0	0	0	0	0	0	0	0	0	0	0	0	0	0	0	0	0	0	0	0	0	0	0	0	0	0	0	0	0	0	0	0	0	0	0	0	0	0	0	0	0
sk__Bacteria;k__;p__Firmicutes;c__Negativicutes;o__Selenomonadales;f__Selenomonadaceae;g__Mitsuokella;s__Mitsuokella_sp._oral_taxon_131	0	0	0	0	0	1.0	0	0	0	0	0	0	0	0	0	0	0	0	0	0	0	0	2.0	0	0	0	0	0	0	0	0	0	0	0	0	0	0	0	0	0	0	0	0	0	5.0	0	0	0	0	0	0	0	0	0	0	0	0	0	0	0	0	0	0	0	0	0	0	0	0	0	0	0	0	0	0	0	0	0	0	0	0	0	0	0	0	0	0	0	0	0	0	0	0	0	2.0	0	0	0	0	0	0	0	0	0	0	0	0	0	0	0	0	0	0	0	13.0	0	0	0	0	0	0	0	3.0	0	0	0	0	0	0	0	0	0	0	0	0	0	0	0	0	0	0	0	0	0	0	0	0	0	0	0	0	0	0	0	0	0	0	0	0	4.0	0	0	0	36.0	0	0	0	0	0	0	0	0	0	0	0	0	0	0
sk__Bacteria;k__;p__Firmicutes;c__Negativicutes;o__Selenomonadales;f__Selenomonadaceae;g__Selenomonas	123.0	8.0	1.0	0	5.0	1.0	68.0	10.0	63.0	2.0	75.0	23.0	0	0	0	0	4.0	0	0	23.0	1.0	322.0	164.0	18.0	8.0	0	0	2.0	0	0	0	10.0	6.0	48.0	6.0	7.0	0	2.0	1.0	0	0	12.0	7.0	12.0	5.0	154.0	8.0	3.0	0	7.0	2.0	0	2.0	0	1.0	1.0	0	0	0	3.0	4.0	305.0	66.0	14.0	7.0	31.0	19.0	175.0	38.0	476.0	69.0	95.0	45.0	282.0	58.0	18.0	3.0	142.0	29.0	233.0	74.0	99.0	12.0	193.0	23.0	252.0	75.0	99.0	36.0	118.0	29.0	188.0	30.0	70.0	11.0	24.0	4.0	765.0	130.0	104.0	19.0	6.0	3.0	83.0	35.0	222.0	36.0	0	1.0	146.0	40.0	14.0	6.0	540.0	44.0	198.0	40.0	655.0	40.0	68.0	24.0	647.0	40.0	387.0	26.0	1.0	1.0	2.0	4.0	194.0	15.0	42.0	7.0	7.0	0	0	0	46.0	4.0	39.0	3.0	112.0	9.0	5.0	0	2.0	627.0	48.0	10.0	0	177.0	14.0	6.0	0	267.0	19.0	347.0	27.0	404.0	21.0	118.0	50.0	181.0	43.0	71.0	7.0	72.0	9.0	70.0	14.0	0	0	0	0	50.0	6.0	84.0	11.0
sk__Bacteria;k__;p__Firmicutes;c__Negativicutes;o__Selenomonadales;f__Selenomonadaceae;g__Selenomonas;s__Selenomonas_genomosp._P6_oral_clone_MB3_C41	0	0	0	0	0	0	0	0	0	0	0	0	0	0	0	0	0	0	0	0	0	0	0	0	0	0	0	0	0	0	0	0	0	0	0	0	0	0	0	0	0	0	0	0	0	0	0	0	0	0	0	0	0	0	0	0	0	0	0	0	0	0	0	0	0	0	0	0	0	0	0	0	0	0	0	0	0	0	0	0	0	0	0	0	0	0	0	0	0	0	0	0	0	0	1.0	0	0	0	0	0	0	0	0	0	0	0	0	0	0	0	0	0	0	0	0	0	0	0	0	0	0	0	0	0	0	0	0	0	0	0	0	0	0	0	0	0	0	0	0	0	0	0	0	0	0	0	0	0	0	0	0	0	0	0	0	0	0	0	0	0	0	0	0	0	0	0	0	0	0	0	0	0	0	0	0	0	0	0
sk__Bacteria;k__;p__Firmicutes;c__Negativicutes;o__Selenomonadales;f__Selenomonadaceae;g__Selenomonas;s__Selenomonas_noxia	0	0	0	0	0	0	0	1.0	0	0	0	0	0	0	0	0	0	0	1.0	0	0	0	0	0	0	0	0	0	0	0	0	0	0	0	0	0	0	0	0	0	0	0	0	0	0	0	0	0	0	0	0	0	0	0	0	0	0	0	0	0	0	0	0	0	0	0	0	0	1.0	0	0	0	0	0	0	0	0	0	3.0	0	11.0	0	0	0	0	0	0	0	0	0	0	0	4.0	0	0	0	0	0	0	0	0	0	0	0	0	0	0	0	0	0	2.0	0	0	0	0	0	0	0	0	0	0	0	0	0	0	0	0	0	0	0	1.0	0	0	0	0	0	0	0	0	0	0	0	0	0	0	0	0	0	0	0	0	0	0	0	0	0	0	0	0	0	0	0	0	0	0	0	0	0	0	8.0	0	31.0	0	59.0	0	0	0	0
sk__Bacteria;k__;p__Firmicutes;c__Negativicutes;o__Selenomonadales;f__Selenomonadaceae;g__Selenomonas;s__Selenomonas_sp._oral_clone_CS024	0	0	0	0	0	0	0	0	0	0	0	0	0	0	0	0	0	0	0	0	0	0	0	0	0	0	0	0	0	0	0	0	0	0	0	0	0	0	0	0	0	0	0	0	0	0	0	0	0	0	0	0	0	0	0	0	0	0	0	0	0	0	0	0	0	0	0	0	1.0	0	0	0	0	0	0	0	0	0	0	0	0	0	0	0	0	0	0	0	0	0	0	0	0	0	0	0	0	0	0	0	0	0	0	0	0	0	0	0	0	0	0	0	0	0	0	0	0	0	0	0	0	0	0	0	0	0	0	0	0	0	0	0	0	0	0	0	0	0	0	0	0	0	0	0	0	0	0	0	0	0	0	0	0	0	0	0	0	0	0	0	0	0	0	1.0	0	0	0	0	0	0	0	0	0	0	0	0	0	0
sk__Bacteria;k__;p__Firmicutes;c__Negativicutes;o__Selenomonadales;f__Selenomonadaceae;g__Selenomonas;s__Selenomonas_sp._oral_clone_EY047	0	0	0	0	0	0	0	0	0	0	0	4.0	0	0	0	0	0	0	0	0	0	0	0	0	0	0	0	0	0	0	0	0	0	0	0	0	0	0	0	0	0	0	0	0	0	0	0	0	0	0	0	0	0	1.0	0	0	0	0	0	0	0	0	0	0	0	0	1.0	0	5.0	0	0	0	0	0	0	0	0	0	0	0	0	0	3.0	0	1.0	0	6.0	0	0	0	0	0	0	0	0	0	0	0	0	0	0	0	0	0	14.0	0	0	0	0	0	0	0	0	0	4.0	0	0	0	0	0	0	0	0	0	0	0	0	0	0	0	0	0	0	0	0	0	0	0	0	0	0	0	0	0	0	0	0	0	0	0	0	0	0	0	0	0	0	0	0	0	0	0	0	0	0	0	0	0	0	4.0	0	0	0	0	0	0	0	0
sk__Bacteria;k__;p__Firmicutes;c__Negativicutes;o__Selenomonadales;f__Selenomonadaceae;g__Selenomonas;s__Selenomonas_sp._oral_clone_JI021	0	0	0	0	0	0	0	0	0	0	0	0	0	0	0	0	0	0	0	0	0	0	0	0	0	0	0	0	0	0	0	0	0	0	0	0	0	0	0	0	0	0	0	0	0	0	0	0	0	0	0	0	0	0	0	0	0	0	0	0	0	0	0	0	0	0	0	0	0	0	0	0	0	0	0	0	0	0	0	1.0	0	8.0	0	1.0	0	0	0	0	0	0	0	1.0	0	0	0	0	0	0	0	0	0	0	0	0	0	0	0	0	0	0	0	0	0	0	0	0	0	0	0	0	0	0	0	0	0	0	0	0	0	0	0	1.0	0	0	0	0	0	0	0	0	0	0	0	0	0	0	37.0	0	0	0	0	0	0	0	0	0	0	0	0	0	0	0	0	0	1.0	0	0	0	0	0	0	0	0	0	0	0	0	0
sk__Bacteria;k__;p__Firmicutes;c__Negativicutes;o__Selenomonadales;f__Selenomonadaceae;g__Selenomonas;s__Selenomonas_sputigena	0	0	0	0	0	0	0	0	0	0	0	0	0	0	0	0	0	0	0	0	0	0	0	0	0	0	0	0	0	0	0	0	0	0	0	0	0	0	0	0	0	0	0	0	0	0	7.0	0	0	0	0	0	0	0	0	0	0	0	0	0	0	0	1.0	0	0	0	0	0	1.0	0	0	0	0	0	2.0	0	0	0	0	0	1.0	0	1.0	0	0	0	4.0	0	0	0	0	0	0	0	0	0	0	0	0	0	0	0	0	0	1.0	0	2.0	0	0	0	5.0	0	0	0	2.0	0	0	0	0	0	0	0	0	0	0	0	0	0	0	0	1.0	0	0	0	0	0	0	0	0	0	0	0	0	0	0	0	0	5.0	0	0	1.0	0	0	0	0	1.0	0	3.0	0	2.0	0	4.0	0	2.0	0	0	0	2.0	0	0	0	0	0	0	0	1.0	0	0
sk__Bacteria;k__;p__Firmicutes;c__Negativicutes;o__Selenomonadales;f__Sporomusaceae;g__Pelosinus	3.0	0	0	0	0	0	0	0	0	0	0	0	0	0	0	0	0	0	0	0	0	0	0	0	0	0	0	0	0	0	0	0	0	0	0	0	0	0	0	0	0	0	0	0	0	0	0	0	0	0	0	0	0	0	0	0	0	0	0	0	0	0	0	3.0	0	0	0	0	0	0	0	0	0	0	0	1.0	0	0	0	0	0	0	0	0	0	0	0	0	0	0	0	0	0	0	0	0	0	0	0	0	0	0	0	0	0	0	0	0	0	0	0	0	0	0	0	0	0	0	0	0	0	0	0	0	0	0	0	0	0	0	0	0	0	0	0	0	0	0	0	0	0	0	0	0	0	0	0	0	0	0	0	0	0	0	0	0	0	0	0	0	0	0	0	0	0	0	0	0	0	0	0	0	0	0	0	0	0	0
sk__Bacteria;k__;p__Firmicutes;c__Negativicutes;o__Selenomonadales;f__Sporomusaceae;g__Pelosinus;s__Pelosinus_sp._TM1	0	2.0	0	0	0	0	0	0	0	0	0	0	0	0	0	0	0	0	0	0	0	0	0	0	0	0	0	0	0	0	0	0	0	0	0	0	0	0	0	0	0	0	0	0	0	0	0	0	0	0	0	0	0	0	0	0	0	0	0	0	0	0	0	0	0	0	0	0	0	0	0	0	0	0	0	0	0	0	0	0	0	0	0	0	0	0	0	0	0	0	0	0	0	0	0	0	0	0	0	0	0	0	0	0	0	0	0	0	0	0	0	0	0	0	0	0	0	0	0	0	0	0	0	0	0	0	0	0	0	0	0	0	0	0	0	0	0	0	0	0	0	0	0	0	0	0	0	0	0	0	0	0	0	0	0	0	0	0	0	0	0	0	0	0	0	0	0	0	0	0	0	0	0	0	0	0	0	0
sk__Bacteria;k__;p__Firmicutes;c__Negativicutes;o__Veillonellales	1.0	0	0	0	1.0	0	0	0	0	0	1.0	1.0	0	0	0	0	0	0	0	0	0	0	0	0	0	0	0	0	0	0	0	0	0	0	0	0	0	0	0	0	0	0	0	0	0	1.0	0	0	0	0	0	0	0	0	0	0	0	0	0	0	0	2.0	2.0	0	1.0	0	0	0	0	1.0	1.0	0	0	0	0	0	0	1.0	0	0	0	2.0	0	2.0	0	2.0	0	3.0	1.0	1.0	0	2.0	0	0	0	0	0	7.0	1.0	1.0	0	0	0	0	0	0	0	0	0	2.0	4.0	0	2.0	1.0	0	0	0	1.0	0	0	2.0	1.0	0	0	1.0	0	0	0	0	0	0	0	0	0	0	0	0	0	0	1.0	0	0	0	0	0	0	0	0	0	0	0	0	0	0	0	1.0	0	0	0	0	0	1.0	0	0	1.0	0	0	0	0	1.0	2.0	1.0	0	0	0	0	0	0
sk__Bacteria;k__;p__Firmicutes;c__Negativicutes;o__Veillonellales;f__Veillonellaceae	627.0	45.0	128.0	13.0	165.0	48.0	335.0	57.0	578.0	29.0	1104.0	139.0	65.0	9.0	24.0	7.0	489.0	1.0	8.0	175.0	14.0	192.0	53.0	302.0	37.0	25.0	12.0	41.0	5.0	2.0	1.0	542.0	68.0	5.0	4.0	611.0	40.0	12.0	1.0	2.0	1.0	154.0	27.0	183.0	13.0	784.0	34.0	2.0	0	1.0	0	1.0	12.0	0	6.0	5.0	1.0	0	0	31.0	22.0	1237.0	247.0	437.0	287.0	253.0	52.0	1013.0	151.0	1790.0	121.0	663.0	149.0	365.0	32.0	100.0	22.0	603.0	75.0	1418.0	118.0	467.0	58.0	491.0	71.0	1141.0	68.0	311.0	74.0	290.0	70.0	593.0	72.0	188.0	54.0	116.0	15.0	4127.0	637.0	550.0	56.0	63.0	27.0	369.0	124.0	393.0	62.0	22.0	1.0	705.0	141.0	288.0	14.0	1051.0	134.0	587.0	115.0	2510.0	112.0	1203.0	132.0	1379.0	49.0	1440.0	49.0	30.0	10.0	134.0	28.0	350.0	24.0	115.0	13.0	87.0	13.0	3.0	0	282.0	19.0	373.0	14.0	2900.0	47.0	10.0	1.0	5.0	1283.0	57.0	17.0	8.0	1055.0	45.0	68.0	4.0	580.0	29.0	1409.0	105.0	980.0	48.0	1544.0	91.0	552.0	50.0	504.0	25.0	429.0	35.0	1463.0	142.0	3174.0	102.0	4241.0	205.0	79.0	41.0	113.0	28.0
sk__Bacteria;k__;p__Firmicutes;c__Negativicutes;o__Veillonellales;f__Veillonellaceae;g__;s__Selenomonas-like_sp._oral_clone_DM071	0	0	0	0	0	0	0	0	0	0	0	0	0	0	0	0	0	0	0	0	0	0	0	0	0	0	0	0	0	0	0	0	0	0	0	0	0	0	0	0	0	0	0	0	0	0	0	0	0	0	0	0	0	0	0	0	0	0	0	0	0	0	0	0	0	0	0	0	0	0	0	0	0	0	0	0	0	0	0	0	0	0	2.0	0	2.0	0	0	0	1.0	0	0	0	0	0	0	0	0	0	0	0	0	0	0	0	0	0	0	0	0	0	0	0	0	0	0	0	0	0	0	0	0	0	0	0	0	0	0	0	0	0	0	0	0	0	3.0	0	0	0	0	0	0	0	0	0	0	0	0	2.0	0	0	0	0	0	0	0	0	0	0	0	0	0	0	0	0	0	0	0	0	0	0	0	0	0	0	0	0	0	0
sk__Bacteria;k__;p__Firmicutes;c__Negativicutes;o__Veillonellales;f__Veillonellaceae;g__;s__Veillonellaceae_bacterium_oral_taxon_129	0	0	0	0	0	0	0	0	0	0	0	0	0	0	0	0	0	0	0	0	0	0	0	0	0	0	0	0	0	0	0	0	0	0	0	0	0	0	0	0	0	0	0	0	0	0	0	0	0	0	0	0	0	0	0	0	0	0	0	0	0	0	0	0	0	0	0	0	0	0	0	0	0	0	0	0	0	0	0	0	0	0	0	0	0	0	0	0	0	0	0	0	0	0	0	0	0	0	0	0	0	0	0	0	0	0	0	0	0	0	1.0	0	0	0	0	0	0	0	0	0	0	0	0	0	0	0	0	0	0	0	0	0	0	0	0	0	0	0	0	0	0	0	0	0	0	0	0	0	0	0	0	0	0	0	0	0	0	0	0	0	0	0	0	0	0	0	0	0	0	0	0	0	0	0	0	0	0	0
sk__Bacteria;k__;p__Firmicutes;c__Negativicutes;o__Veillonellales;f__Veillonellaceae;g__;s__Veillonellaceae_bacterium_oral_taxon_155	0	0	0	0	0	0	0	0	0	0	0	0	0	0	0	0	0	0	0	0	0	0	0	0	0	0	0	0	0	0	0	0	0	0	0	0	0	0	0	0	0	0	0	0	0	0	0	0	0	0	0	0	0	0	0	0	0	0	0	0	0	0	0	0	0	0	0	0	0	0	0	0	0	0	0	0	0	0	9.0	0	0	0	0	0	0	0	0	0	0	0	0	0	0	0	0	0	0	0	1.0	0	0	0	0	0	0	0	0	0	0	0	0	0	0	0	3.0	0	0	0	0	0	0	0	0	0	0	0	0	0	0	0	0	0	0	0	0	0	0	0	0	0	0	0	0	0	0	0	0	0	0	0	0	0	0	0	0	0	0	0	0	0	0	0	0	0	0	0	0	0	0	0	0	0	0	0	0	0	0	0
sk__Bacteria;k__;p__Firmicutes;c__Negativicutes;o__Veillonellales;f__Veillonellaceae;g__Anaeroglobus	0	0	6.0	2.0	0	2.0	0	0	0	0	27.0	8.0	0	0	0	0	5.0	0	0	96.0	13.0	0	0	17.0	27.0	6.0	1.0	0	0	0	0	0	0	0	0	0	0	0	0	0	0	1.0	0	4.0	0	1.0	0	0	0	2.0	0	0	0	0	0	0	0	0	0	0	0	24.0	12.0	3.0	0	0	1.0	2.0	2.0	2.0	9.0	1.0	4.0	219.0	20.0	1.0	0	14.0	2.0	3.0	4.0	3.0	0	137.0	29.0	215.0	69.0	50.0	36.0	22.0	4.0	4.0	1.0	58.0	9.0	34.0	7.0	1.0	0	5.0	2.0	0	0	4.0	4.0	1.0	0	0	0	1.0	50.0	2.0	50.0	725.0	124.0	21.0	2.0	592.0	29.0	1.0	0	0	0	25.0	6.0	1.0	0	0	0	0	12.0	0	1.0	0	0	0	0	3.0	2.0	11.0	1.0	22.0	61.0	0	1.0	4.0	1.0	16.0	0	0	64.0	15.0	2.0	1.0	8.0	4.0	7.0	18.0	6.0	4.0	0	0	55.0	23.0	67.0	46.0	36.0	2.0	6.0	4.0	0	0	0	0	78.0	6.0	1.0	0
sk__Bacteria;k__;p__Firmicutes;c__Negativicutes;o__Veillonellales;f__Veillonellaceae;g__Colibacter	0	0	0	0	0	0	0	4.0	0	0	0	1.0	0	0	0	0	0	0	0	0	0	0	0	0	0	0	0	0	0	0	0	0	0	0	0	0	0	0	0	0	0	0	0	0	0	0	0	0	0	0	0	0	0	0	0	0	0	0	0	0	0	0	0	0	0	0	0	0	0	0	145.0	0	29.0	0	2.0	0	0	0	0	0	0	0	0	0	1.0	0	4.0	0	11.0	0	0	0	0	0	2.0	0	3.0	0	0	0	0	0	0	0	0	0	0	0	0	0	0	0	2.0	0	0	0	0	0	0	0	0	0	0	0	0	0	0	0	0	0	0	0	0	0	0	0	0	0	0	0	3.0	0	0	0	0	0	0	0	0	0	0	9.0	0	1.0	0	0	0	0	0	0	0	0	0	9.0	0	14.0	0	1.0	0	3.0	0	0	0	0	0	0	0	0
sk__Bacteria;k__;p__Firmicutes;c__Negativicutes;o__Veillonellales;f__Veillonellaceae;g__Colibacter;s__Colibacter_massiliensis	0	0	0	0	0	0	0	6.0	0	0	0	0	0	0	0	0	0	0	0	0	0	0	0	0	0	0	0	0	0	0	0	0	0	0	0	0	0	0	0	0	0	0	0	0	0	0	0	0	0	0	0	0	0	0	0	0	0	0	0	0	0	0	0	0	0	0	0	0	1.0	0	5.0	0	1.0	0	0	0	0	0	0	0	0	0	0	0	0	0	0	0	1.0	0	0	0	0	0	3.0	0	1.0	0	0	0	0	0	0	0	0	0	0	0	0	0	0	0	4.0	0	0	0	0	0	0	0	0	0	0	0	0	0	0	0	0	0	0	0	0	0	0	0	0	0	0	0	0	0	0	0	0	0	0	0	0	0	0	2.0	0	0	0	0	0	0	0	0	0	0	0	8.0	0	6.0	0	1.0	0	1.0	0	0	0	0	0	0	0	0
sk__Bacteria;k__;p__Firmicutes;c__Negativicutes;o__Veillonellales;f__Veillonellaceae;g__Dialister	4.0	14.0	1.0	1.0	5.0	12.0	30.0	27.0	0	1.0	9.0	11.0	6.0	11.0	0	0	4.0	3.0	1.0	58.0	78.0	7.0	9.0	20.0	112.0	22.0	47.0	8.0	10.0	0	0	4.0	5.0	2.0	15.0	9.0	17.0	15.0	3.0	0	0	6.0	32.0	0	3.0	98.0	77.0	0	1.0	17.0	11.0	0	2.0	3.0	0	1.0	0	2.0	1.0	0	1.0	8.0	20.0	3.0	19.0	3.0	3.0	11.0	25.0	105.0	104.0	54.0	74.0	25.0	58.0	22.0	66.0	17.0	75.0	8.0	17.0	3.0	17.0	9.0	25.0	7.0	23.0	17.0	36.0	30.0	82.0	2.0	7.0	6.0	20.0	4.0	19.0	4.0	12.0	6.0	7.0	0	0	4.0	25.0	2.0	16.0	1.0	1.0	25.0	84.0	9.0	37.0	16.0	49.0	0	3.0	90.0	78.0	112.0	94.0	0	0	0	1.0	1.0	0	2.0	8.0	13.0	23.0	4.0	3.0	1.0	0	2.0	0	2.0	0	8.0	1.0	101.0	64.0	2.0	7.0	7.0	14.0	31.0	1.0	3.0	45.0	52.0	79.0	28.0	9.0	9.0	47.0	34.0	10.0	10.0	6.0	5.0	30.0	85.0	17.0	47.0	3.0	16.0	40.0	76.0	0	0	0	8.0	7.0	20.0	17.0	25.0
sk__Bacteria;k__;p__Firmicutes;c__Negativicutes;o__Veillonellales;f__Veillonellaceae;g__Dialister;s__Dialister_invisus	0	0	0	0	0	0	0	0	0	0	0	0	0	0	0	0	0	0	0	0	0	0	0	0	0	0	0	0	0	0	0	0	0	0	0	0	0	0	0	0	0	0	0	0	0	1.0	0	0	0	0	0	0	0	0	0	0	0	0	0	0	0	0	0	0	0	0	0	0	0	0	0	0	0	0	0	0	0	0	0	0	0	0	0	0	0	0	0	0	0	0	0	0	0	0	0	0	0	0	0	0	0	0	0	0	0	0	0	0	0	0	0	0	0	0	0	0	0	0	0	0	0	0	0	0	0	0	0	0	0	0	0	0	0	0	0	0	0	0	0	0	0	0	0	0	0	0	0	0	0	0	0	0	0	0	0	0	0	0	0	0	0	0	0	0	0	0	0	0	0	0	0	0	0	0	0	0	0	0
sk__Bacteria;k__;p__Firmicutes;c__Negativicutes;o__Veillonellales;f__Veillonellaceae;g__Dialister;s__Dialister_pneumosintes	0	0	0	0	0	0	0	0	0	0	0	0	0	0	0	0	0	0	0	0	0	0	0	0	0	0	0	0	0	0	0	0	0	0	0	0	0	0	0	0	0	0	0	0	0	0	0	0	0	0	0	0	0	0	0	0	0	0	0	0	0	0	0	0	0	0	0	0	0	0	0	0	0	0	0	0	0	0	0	1.0	0	0	0	0	0	0	0	0	0	0	0	0	0	0	0	0	0	0	0	0	0	0	0	0	0	0	0	0	0	0	0	0	0	0	0	0	0	0	0	0	0	0	0	0	0	0	0	0	0	0	0	0	0	0	0	0	0	0	0	0	0	0	0	0	0	0	0	0	0	0	0	0	0	0	0	0	0	0	0	0	0	0	0	0	0	0	0	0	0	0	0	0	0	0	0	0	0	0
sk__Bacteria;k__;p__Firmicutes;c__Negativicutes;o__Veillonellales;f__Veillonellaceae;g__Dialister;s__Dialister_sp._oral_clone_BS016	0	0	0	0	0	0	0	2.0	0	0	0	0	0	0	0	0	0	0	0	0	0	0	0	0	0	0	0	0	0	0	0	0	0	0	0	0	0	0	0	0	0	0	0	0	0	0	0	0	0	0	0	0	0	0	0	0	0	0	0	0	0	0	0	0	1.0	0	0	0	0	4.0	51.0	1.0	13.0	0	1.0	0	0	0	0	0	0	0	0	0	0	0	2.0	0	6.0	0	0	0	0	0	0	0	0	0	0	0	0	0	0	0	0	0	0	0	0	0	1.0	0	1.0	0	0	0	0	0	0	0	0	0	0	0	0	0	0	0	0	0	0	0	0	0	0	0	0	0	0	0	1.0	0	0	0	0	0	0	0	0	0	0	5.0	1.0	0	0	0	0	0	0	0	0	0	0	1.0	0	1.0	0	0	0	1.0	0	0	0	0	0	0	0	0
sk__Bacteria;k__;p__Firmicutes;c__Negativicutes;o__Veillonellales;f__Veillonellaceae;g__Dialister;s__Dialister_sp._oral_clone_FY011	0	0	0	0	0	0	0	0	0	0	0	0	0	0	0	0	0	0	0	0	0	0	1.0	0	0	0	0	0	0	0	0	0	0	1.0	0	0	0	0	0	0	0	0	0	0	0	0	0	0	0	0	0	0	0	0	0	0	0	0	0	0	0	0	0	0	0	0	0	0	0	0	0	0	0	0	0	0	0	0	0	0	0	0	0	0	0	0	0	0	0	0	0	0	0	0	0	0	0	0	0	0	0	0	0	0	0	0	0	0	0	0	0	0	0	0	0	0	0	4.0	0	6.0	0	0	0	0	0	0	0	0	0	0	0	0	0	0	0	0	0	0	0	0	0	0	0	0	0	0	0	0	0	0	0	0	0	0	0	0	0	0	0	0	0	0	0	0	0	0	0	0	0	0	0	0	0	0	0	0	0	0
sk__Bacteria;k__;p__Firmicutes;c__Negativicutes;o__Veillonellales;f__Veillonellaceae;g__Megasphaera	5.0	4.0	0	0	1.0	3.0	6.0	2.0	0	0	0	0	0	0	0	0	1.0	0	0	0	0	0	0	0	0	0	0	0	0	0	1.0	1.0	0	0	0	4.0	0	0	0	0	0	0	0	2.0	2.0	1.0	0	0	0	0	0	0	2.0	1.0	0	0	0	0	0	2.0	1.0	2.0	4.0	10.0	0	0	1.0	9.0	3.0	0	0	1.0	0	42.0	11.0	0	0	0	0	10.0	2.0	0	0	21.0	9.0	2.0	1.0	18.0	15.0	0	0	9.0	1.0	0	0	1.0	1.0	66.0	19.0	30.0	15.0	0	0	1.0	2.0	0	0	0	0	2.0	3.0	0	0	20.0	3.0	6.0	4.0	26.0	1.0	32.0	10.0	75.0	6.0	41.0	5.0	0	0	1.0	1.0	26.0	6.0	4.0	2.0	0	0	0	0	1.0	0	7.0	1.0	1.0	0	0	1.0	1.0	3.0	0	0	0	10.0	3.0	1.0	1.0	0	0	0	0	5.0	0	0	0	1.0	0	0	0	6.0	0	4.0	1.0	359.0	20.0	60.0	1.0	0	0	0	0
sk__Bacteria;k__;p__Firmicutes;c__Negativicutes;o__Veillonellales;f__Veillonellaceae;g__Megasphaera;s__Megasphaera_micronuciformis	0	0	0	0	0	0	0	0	0	0	0	0	0	0	0	0	0	0	0	0	0	0	0	0	0	0	0	0	0	0	0	0	0	0	0	0	0	0	0	0	0	0	0	0	0	0	0	0	0	0	0	0	0	0	0	0	0	0	0	0	0	0	0	0	0	0	0	1.0	1.0	0	0	0	0	0	0	0	0	0	0	0	0	0	0	0	0	0	0	0	0	0	0	0	0	0	0	0	0	0	0	0	0	0	0	0	0	0	0	0	0	0	0	0	0	0	0	0	0	0	0	0	0	0	0	0	0	0	0	0	0	0	0	0	0	0	0	0	0	0	0	0	0	0	0	0	0	0	0	0	0	0	0	0	0	0	0	0	0	0	0	0	0	0	0	0	0	0	0	0	0	0	2.0	0	1.0	0	0	0	0	0
sk__Bacteria;k__;p__Firmicutes;c__Negativicutes;o__Veillonellales;f__Veillonellaceae;g__Megasphaera;s__Megasphaera_sp._oral_clone_MCE3_141	0	0	0	0	0	0	0	0	0	0	0	0	0	0	0	0	0	0	0	0	0	0	0	0	0	0	0	0	0	0	0	0	0	0	0	0	0	0	0	0	0	0	0	0	0	0	0	0	0	0	0	0	0	0	0	0	0	0	0	0	0	1.0	0	0	0	0	0	0	0	0	0	0	0	0	0	0	0	0	0	0	0	0	0	0	0	0	1.0	1.0	0	0	0	0	0	0	0	0	0	0	0	0	0	0	0	0	0	0	0	0	0	0	0	0	0	1.0	0	0	0	0	0	0	0	0	0	0	0	0	0	0	0	0	0	0	0	0	0	0	0	0	0	0	0	0	0	0	0	0	0	0	0	0	0	0	0	0	0	0	0	0	0	0	0	0	1.0	0	1.0	0	0	0	0	0	0	0	0	0	0	0	0	0
sk__Bacteria;k__;p__Firmicutes;c__Negativicutes;o__Veillonellales;f__Veillonellaceae;g__Veillonella	213.0	125.0	125.0	109.0	316.0	336.0	352.0	104.0	88.0	31.0	337.0	181.0	529.0	237.0	176.0	167.0	36.0	1.0	175.0	38.0	7.0	963.0	461.0	25.0	42.0	34.0	53.0	295.0	73.0	96.0	78.0	471.0	266.0	34.0	54.0	390.0	70.0	100.0	12.0	280.0	92.0	618.0	314.0	2416.0	1310.0	528.0	96.0	2.0	2.0	413.0	61.0	11.0	427.0	287.0	16.0	9.0	59.0	18.0	7.0	30.0	33.0	44.0	39.0	67.0	98.0	244.0	102.0	1489.0	305.0	630.0	248.0	886.0	327.0	1074.0	274.0	424.0	163.0	152.0	97.0	96.0	23.0	12.0	10.0	117.0	46.0	380.0	289.0	206.0	81.0	19.0	20.0	7.0	14.0	19.0	11.0	6.0	1.0	1721.0	1196.0	1301.0	879.0	169.0	41.0	1592.0	741.0	3.0	19.0	11.0	11.0	914.0	614.0	470.0	323.0	165.0	132.0	612.0	354.0	272.0	44.0	2445.0	399.0	2044.0	339.0	1894.0	263.0	208.0	94.0	161.0	123.0	199.0	69.0	417.0	229.0	108.0	5.0	11.0	3.0	580.0	127.0	1939.0	330.0	75.0	6.0	76.0	16.0	37.0	56.0	26.0	164.0	152.0	20.0	9.0	166.0	8.0	5.0	2.0	140.0	28.0	48.0	11.0	50.0	10.0	298.0	209.0	149.0	79.0	135.0	40.0	1124.0	267.0	1883.0	282.0	175.0	55.0	31.0	25.0	3.0	7.0
sk__Bacteria;k__;p__Firmicutes;c__Negativicutes;o__Veillonellales;f__Veillonellaceae;g__Veillonella;s__Veillonella_atypica	0	0	0	0	0	0	0	0	0	0	0	0	0	0	0	0	0	0	0	0	0	0	0	0	0	0	0	0	0	0	0	0	0	0	0	0	0	0	0	0	0	0	0	0	0	0	0	0	0	0	0	0	0	0	0	0	0	0	0	0	0	0	0	0	0	0	0	0	0	0	0	0	0	0	0	0	0	0	0	0	0	0	0	0	0	0	0	0	0	0	0	0	0	0	0	0	0	0	0	0	0	0	0	0	0	0	0	0	0	0	0	0	0	0	0	0	0	0	0	0	0	0	0	0	0	0	0	0	0	0	0	1.0	0	0	0	0	0	0	0	0	0	0	0	0	0	0	0	0	0	0	0	0	0	0	0	0	0	0	0	0	0	0	0	0	0	0	0	0	0	0	0	0	0	0	0	0	0	0
sk__Bacteria;k__;p__Firmicutes;c__Negativicutes;o__Veillonellales;f__Veillonellaceae;g__Veillonella;s__Veillonella_parvula	0	0	0	0	0	1.0	0	0	0	0	0	0	0	1.0	0	1.0	0	0	0	0	0	0	0	0	0	0	0	0	0	0	1.0	0	0	0	0	0	0	0	0	0	0	0	0	0	4.0	0	1.0	0	0	0	0	0	0	0	0	0	0	0	0	0	0	0	1.0	0	1.0	0	0	0	1.0	0	0	0	2.0	0	0	0	2.0	0	2.0	0	0	0	0	0	2.0	0	0	0	0	0	0	0	0	0	0	0	0	0	0	0	0	0	0	0	0	0	0	0	0	0	0	0	2.0	0	0	0	2.0	0	0	0	1.0	0	0	0	2.0	0	1.0	0	0	0	0	0	0	0	0	0	0	0	0	0	0	0	0	0	0	0	0	0	0	0	0	0	0	0	0	0	0	0	0	0	0	0	0	1.0	0	0	0	0	0	1.0	0	0	0	0	0	0	0	0
sk__Bacteria;k__;p__Firmicutes;c__Negativicutes;o__Veillonellales;f__Veillonellaceae;g__Veillonella;s__Veillonella_sp._oral_taxon_780	0	0	0	0	0	0	0	0	0	0	0	0	0	0	0	2.0	0	0	1.0	0	0	0	0	0	0	0	2.0	0	0	0	0	0	0	0	0	0	0	0	0	0	0	0	0	0	0	0	0	0	0	0	0	0	0	1.0	0	0	0	0	0	0	0	0	0	0	0	0	0	0	0	0	0	0	0	0	0	0	0	0	0	0	0	0	0	0	0	0	7.0	0	0	0	0	0	0	0	0	0	0	0	0	0	0	0	1.0	0	4.0	0	0	0	0	0	0	0	0	0	0	0	22.0	0	0	0	0	0	0	0	0	0	0	0	0	0	0	0	0	0	0	0	0	0	0	0	2.0	0	0	0	0	0	0	0	0	0	0	0	0	0	0	0	0	0	0	0	0	0	0	0	0	0	0	0	0	0	0	0	0	0	0	0	0	0
sk__Bacteria;k__;p__Firmicutes;c__Tissierellia	0	0	0	0	0	0	0	0	0	0	0	0	0	0	0	0	0	0	0	0	0	0	0	0	0	0	0	0	0	0	0	0	0	0	0	0	0	0	0	0	0	0	0	0	0	0	0	0	0	0	0	0	0	0	0	0	0	0	0	0	0	0	0	0	0	0	0	0	0	0	0	0	0	0	0	0	0	0	0	0	0	5.0	1.0	13.0	0	0	0	1.0	1.0	0	0	0	0	0	0	0	0	0	0	0	0	2.0	1.0	0	0	2.0	0	0	0	0	0	0	0	0	0	0	0	0	0	0	0	0	0	0	0	0	0	0	0	9.0	0	0	0	0	0	0	0	1.0	0	0	0	0	0	0	0	0	17.0	1.0	0	0	0	0	0	0	1.0	0	0	0	1.0	0	0	0	0	0	1.0	0	0	0	0	0	0	0	0	0	9.0	4.0	226.0	38.0
sk__Bacteria;k__;p__Firmicutes;c__Tissierellia;o__;f__;g__Ezakiella	0	0	0	0	0	0	0	0	0	0	0	0	0	0	0	0	0	0	0	0	0	0	0	0	0	0	0	0	0	0	0	0	0	0	0	0	0	0	0	0	0	0	0	0	0	0	0	0	0	0	0	0	0	0	0	0	0	0	0	0	0	0	0	0	0	0	0	0	0	0	0	0	0	0	0	0	0	0	0	0	0	0	0	0	0	0	0	0	0	0	0	0	0	0	0	0	0	0	0	0	0	2.0	0	0	0	262.0	59.0	5.0	2.0	0	0	0	1.0	0	0	0	1.0	0	0	0	0	0	0	0	0	0	0	0	0	0	0	0	0	0	0	0	0	0	0	0	0	0	0	0	0	0	0	0	0	0	0	0	0	0	0	0	0	0	0	0	0	0	0	0	0	0	0	0	0	0	0	0	0	0	0	0	0	2.0
sk__Bacteria;k__;p__Firmicutes;c__Tissierellia;o__Tissierellales	0	0	0	0	0	1.0	0	0	0	0	0	0	0	0	0	0	0	0	0	6.0	0	0	0	0	0	0	0	0	0	0	0	0	0	0	0	0	0	0	1.0	0	0	0	0	0	0	2.0	0	0	0	0	0	0	0	0	0	0	0	0	0	0	0	6.0	26.0	1.0	2.0	2.0	0	4.0	0	0	2.0	0	0	9.0	7.0	0	0	1.0	1.0	31.0	15.0	4.0	3.0	12.0	3.0	2.0	7.0	7.0	2.0	18.0	27.0	7.0	12.0	13.0	18.0	16.0	16.0	0	0	0	0	19.0	6.0	1.0	0	2.0	4.0	0	2.0	3.0	5.0	2.0	13.0	1.0	1.0	0	0	1.0	0	0	0	0	0	0	0	0	0	0	0	7.0	3.0	0	0	12.0	5.0	0	0	0	0	0	0	0	0	0	0	1.0	5.0	3.0	0	1.0	0	0	0	0	4.0	2.0	11.0	8.0	7.0	7.0	2.0	0	4.0	4.0	4.0	4.0	14.0	11.0	5.0	2.0	0	0	0	0	4.0	5.0	14.0	17.0
sk__Bacteria;k__;p__Firmicutes;c__Tissierellia;o__Tissierellales;f__Peptoniphilaceae	0	0	0	0	0	0	0	0	0	0	0	0	0	0	0	0	0	0	0	0	0	0	0	0	0	1.0	1.0	0	0	0	0	0	0	0	0	1.0	0	0	0	0	0	0	0	0	0	0	0	0	0	0	0	0	0	0	0	0	0	0	0	0	0	17.0	0	0	0	0	0	0	0	1.0	0	0	0	0	0	0	0	13.0	0	0	0	11.0	0	6.0	0	5.0	0	1.0	0	6.0	0	3.0	0	4.0	0	4.0	0	0	0	0	0	0	0	0	0	0	0	0	0	6.0	0	1.0	0	3.0	0	0	0	2.0	0	0	0	0	0	0	0	0	0	0	0	2.0	0	0	0	0	0	0	0	1.0	0	3.0	0	0	1.0	0	0	0	0	0	0	0	0	0	0	0	1.0	0	3.0	0	1.0	0	0	0	2.0	0	5.0	0	0	0	0	0	3.0	0	1.0	0	1.0	0	0	0
sk__Bacteria;k__;p__Firmicutes;c__Tissierellia;o__Tissierellales;f__Peptoniphilaceae;g__Anaerococcus	0	0	0	0	0	0	0	0	0	0	0	0	0	0	0	0	1.0	0	0	0	0	0	0	2.0	1.0	1.0	0	0	0	0	0	0	0	0	0	0	0	0	0	0	0	0	0	0	1.0	0	0	0	0	0	0	0	9.0	2.0	0	0	0	0	0	0	0	0	0	0	0	0	0	0	0	0	0	0	0	0	0	0	0	4.0	0	1.0	0	0	0	2.0	0	3.0	0	0	0	0	0	1.0	0	0	0	2.0	0	0	0	0	0	0	0	0	0	0	0	0	0	0	0	0	0	0	0	0	0	0	0	0	0	0	0	0	0	4.0	1.0	11.0	1.0	0	0	0	0	0	0	0	0	0	0	0	0	0	0	2.0	0	1.0	0	0	0	0	0	0	0	0	1.0	0	0	0	1.0	0	0	0	0	0	0	0	0	0	0	0	0	0	0	1.0	0	0	0	0
sk__Bacteria;k__;p__Firmicutes;c__Tissierellia;o__Tissierellales;f__Peptoniphilaceae;g__Finegoldia	0	0	0	0	0	0	0	0	0	0	0	0	0	0	0	0	0	0	0	0	0	0	0	0	0	0	0	0	0	0	0	0	0	0	0	0	0	0	0	0	0	0	0	0	0	0	0	0	0	0	0	2.0	0	0	0	0	0	0	0	0	0	0	0	0	0	0	0	0	0	0	0	0	0	0	0	0	0	0	0	0	0	0	0	0	0	0	0	0	0	0	0	0	0	0	0	0	0	0	0	0	0	0	0	0	0	0	0	0	0	0	0	0	0	0	0	0	0	0	0	0	0	0	0	0	0	0	0	0	0	0	0	0	0	0	0	0	0	0	0	0	0	0	0	0	0	0	0	0	0	0	0	0	0	0	0	0	0	0	0	0	0	0	0	0	0	0	0	0	0	0	0	0	0	0	0	0	0	0
sk__Bacteria;k__;p__Firmicutes;c__Tissierellia;o__Tissierellales;f__Peptoniphilaceae;g__Parvimonas	223.0	88.0	678.0	310.0	10.0	40.0	490.0	360.0	103.0	16.0	194.0	117.0	477.0	242.0	3.0	1.0	203.0	17.0	2.0	347.0	334.0	6.0	6.0	115.0	76.0	141.0	201.0	136.0	145.0	6.0	9.0	642.0	421.0	107.0	109.0	785.0	180.0	15.0	5.0	44.0	18.0	387.0	420.0	157.0	116.0	290.0	183.0	5.0	4.0	510.0	142.0	4.0	11.0	6.0	2.0	8.0	3.0	3.0	8.0	5.0	3.0	556.0	280.0	367.0	430.0	0	4.0	35.0	38.0	740.0	240.0	177.0	188.0	431.0	206.0	577.0	437.0	336.0	174.0	356.0	336.0	256.0	123.0	395.0	156.0	260.0	253.0	311.0	356.0	265.0	247.0	403.0	147.0	290.0	218.0	531.0	192.0	15.0	6.0	88.0	51.0	166.0	206.0	143.0	187.0	106.0	40.0	4.0	8.0	329.0	315.0	389.0	638.0	61.0	20.0	29.0	21.0	357.0	41.0	31.0	29.0	69.0	11.0	1211.0	293.0	1.0	0	10.0	11.0	818.0	239.0	70.0	32.0	945.0	285.0	1321.0	531.0	1522.0	287.0	1488.0	281.0	624.0	255.0	5.0	4.0	20.0	126.0	37.0	172.0	273.0	298.0	55.0	790.0	98.0	292.0	78.0	219.0	64.0	255.0	69.0	1.0	0	222.0	192.0	485.0	303.0	178.0	71.0	99.0	105.0	234.0	41.0	328.0	86.0	309.0	382.0	1018.0	453.0
sk__Bacteria;k__;p__Firmicutes;c__Tissierellia;o__Tissierellales;f__Peptoniphilaceae;g__Peptoniphilus	0	0	0	0	0	0	0	0	0	0	0	0	0	0	1.0	0	0	0	0	0	0	0	0	0	0	0	0	0	0	0	0	0	0	0	0	0	0	0	0	0	0	0	0	0	0	0	0	0	0	0	0	0	1.0	0	0	0	0	0	0	0	0	0	0	0	1.0	0	1.0	0	0	0	0	0	0	0	0	0	0	0	0	0	0	0	0	0	0	0	0	0	0	0	0	0	0	0	0	10.0	0	0	0	0	0	0	0	1.0	0	0	0	0	0	3.0	5.0	28.0	10.0	0	0	0	0	0	0	0	0	0	0	1.0	0	0	0	0	0	0	0	0	0	0	0	0	0	0	0	0	0	0	0	0	0	0	0	0	1.0	0	0	0	0	0	13.0	0	1.0	0	6.0	0	0	0	0	0	0	0	0	0	0	0	0	0	1.0	0	0	0	0	0
sk__Bacteria;k__;p__Fusobacteria	0	0	0	4.0	0	7.0	0	3.0	0	2.0	0	2.0	0	0	0	0	0	0	0	0	15.0	0	0	0	0	0	1.0	0	2.0	0	2.0	0	0	0	0	0	2.0	0	3.0	0	0	0	62.0	0	3.0	0	50.0	0	1.0	0	0	0	0	3.0	0	1.0	0	0	1.0	0	0	11.0	119.0	2.0	151.0	0	5.0	0	53.0	0	31.0	0	38.0	0	205.0	0	188.0	0	86.0	27.0	92.0	1161.0	111.0	51.0	90.0	0	87.0	23.0	75.0	57.0	56.0	3.0	43.0	0	53.0	0	60.0	0	3.0	0	13.0	19.0	80.0	0	4.0	14.0	268.0	10.0	29.0	0	78.0	0	325.0	0	107.0	0	9.0	0	1.0	0	3.0	0	0	0	0	0	2.0	0	7.0	0	195.0	0	26.0	51.0	135.0	0	219.0	0	300.0	0	2.0	0	166.0	0	2.0	3.0	0	109.0	0	8.0	0	220.0	0	207.0	0	34.0	0	16.0	0	23.0	0	17.0	0	567.0	0	555.0	31.0	41.0	1.0	67.0	0	0	0	0	0	17.0	0	33.0
sk__Bacteria;k__;p__Fusobacteria;c__;o__;f__;g__;s__Leptotrichia-like_sp._oral_clone_BB002	0	0	0	0	0	0	0	0	0	0	0	0	0	0	0	0	0	0	0	0	55.0	0	0	0	0	0	0	0	0	0	0	0	0	0	0	0	0	0	0	0	0	0	0	0	0	0	2.0	0	0	0	0	0	0	0	0	0	0	0	0	0	0	0	0	0	0	0	0	0	0	0	0	0	0	0	135.0	0	1.0	0	2.0	0	19.0	0	104.0	0	87.0	0	68.0	0	52.0	0	783.0	0	27.0	0	8.0	0	11.0	0	0	0	4.0	0	0	0	0	0	34.0	0	4.0	0	0	0	0	0	1.0	0	2.0	0	0	0	0	0	0	0	0	0	0	0	0	0	0	0	0	0	24.0	0	1.0	0	386.0	0	2.0	0	207.0	0	3.0	7.0	0	44.0	0	5.0	0	0	0	0	0	6.0	0	0	0	2.0	0	0	0	0	0	1.0	0	50.0	0	6.0	0	0	0	0	0	128.0	0	134.0
sk__Bacteria;k__;p__Fusobacteria;c__Fusobacteriia;o__Fusobacteriales	1.0	0	0	2.0	0	0	0	0	0	3.0	0	0	1.0	1.0	0	0	0	0	0	0	4.0	0	0	0	0	0	0	0	1.0	0	0	0	0	0	0	0	2.0	0	0	0	0	0	20.0	0	0	0	0	0	0	0	0	0	0	1.0	0	0	0	0	0	0	0	2.0	36.0	1.0	7.0	0	2.0	0	1.0	0	0	0	0	0	0	0	5.0	2.0	5.0	0	21.0	4.0	94.0	3.0	62.0	0	4.0	1.0	28.0	1.0	142.0	0	19.0	2.0	6.0	5.0	5.0	4.0	1.0	2.0	0	0	5.0	0	4.0	0	15.0	0	22.0	5.0	9.0	0	26.0	2.0	0	0	0	2.0	1.0	0	1.0	0	0	0	1.0	0	0	0	8.0	0	2.0	0	0	0	24.0	1.0	2.0	0	9.0	0	0	0	2.0	0	0	1.0	0	5.0	0	25.0	3.0	3.0	0	3.0	4.0	3.0	0	0	0	1.0	0	3.0	0	4.0	0	4.0	0	22.0	0	9.0	0	1.0	0	1.0	0	1.0	1.0	0
sk__Bacteria;k__;p__Fusobacteria;c__Fusobacteriia;o__Fusobacteriales;f__Fusobacteriaceae	0	3.0	0	0	0	0	0	0	0	0	0	0	0	0	0	0	5.0	0	0	1.0	0	0	0	0	0	0	0	0	0	0	0	0	0	0	0	0	0	0	0	0	0	0	0	0	0	0	0	0	0	2.0	0	0	0	0	0	0	0	0	0	0	0	2.0	5.0	0	11.0	0	0	1.0	0	1.0	0	0	0	0	0	0	1.0	2.0	0	0	1.0	17.0	0	9.0	0	4.0	0	3.0	0	8.0	0	4.0	0	6.0	0	5.0	0	2.0	0	1.0	0	0	0	0	0	1.0	0	0	0	4.0	0	0	0	6.0	0	0	0	2.0	0	1.0	0	1.0	0	0	0	0	0	0	0	1.0	0	0	0	3.0	0	0	0	2.0	0	0	0	0	0	0	0	0	0	0	0	0	0	0	2.0	0	1.0	0	0	0	0	0	0	0	2.0	0	4.0	0	0	0	0	0	2.0	0	0	0	0	0	1.0	0
sk__Bacteria;k__;p__Fusobacteria;c__Fusobacteriia;o__Fusobacteriales;f__Fusobacteriaceae;g__Fusobacterium	612.0	653.0	1251.0	1677.0	131.0	247.0	920.0	531.0	522.0	310.0	1081.0	1232.0	986.0	852.0	9.0	12.0	3151.0	431.0	20.0	6070.0	1815.0	908.0	630.0	297.0	495.0	582.0	403.0	1033.0	737.0	24.0	32.0	411.0	531.0	320.0	180.0	3091.0	1438.0	1302.0	289.0	191.0	117.0	723.0	422.0	138.0	132.0	2113.0	509.0	9.0	10.0	3611.0	827.0	29.0	95.0	61.0	21.0	69.0	41.0	24.0	57.0	86.0	143.0	889.0	646.0	509.0	819.0	1571.0	891.0	2651.0	1076.0	1278.0	917.0	1184.0	748.0	1146.0	280.0	1961.0	653.0	751.0	580.0	2004.0	645.0	988.0	514.0	2015.0	426.0	654.0	679.0	1288.0	704.0	1473.0	722.0	762.0	760.0	4004.0	1730.0	3851.0	1890.0	915.0	496.0	633.0	503.0	3059.0	1113.0	1780.0	1200.0	893.0	735.0	48.0	98.0	1895.0	1689.0	1950.0	2004.0	368.0	242.0	236.0	126.0	1907.0	434.0	2285.0	628.0	917.0	167.0	1879.0	440.0	587.0	549.0	937.0	1216.0	1802.0	685.0	138.0	115.0	4024.0	415.0	2636.0	696.0	2648.0	488.0	2241.0	777.0	3606.0	341.0	128.0	47.0	142.0	389.0	75.0	563.0	686.0	3862.0	765.0	7287.0	757.0	1429.0	880.0	1697.0	399.0	1528.0	615.0	2568.0	980.0	1072.0	527.0	2066.0	532.0	973.0	354.0	1790.0	815.0	954.0	246.0	1013.0	873.0	1679.0	1217.0	1956.0	1299.0
sk__Bacteria;k__;p__Fusobacteria;c__Fusobacteriia;o__Fusobacteriales;f__Fusobacteriaceae;g__Fusobacterium;s__Fusobacterium_nucleatum	0	0	0	0	0	0	0	0	0	0	0	0	0	0	0	0	0	0	0	0	0	0	0	0	0	0	0	0	0	0	0	0	0	0	0	0	0	0	0	0	0	0	0	0	0	0	0	0	0	0	0	0	0	0	0	0	0	0	0	0	0	0	0	0	0	0	0	0	0	0	0	0	0	0	0	0	0	0	0	0	0	0	0	0	0	0	0	0	0	0	0	0	0	2.0	0	1.0	0	0	0	0	0	0	0	0	0	0	0	0	0	0	0	1.0	0	0	0	0	0	0	0	0	0	0	0	0	0	0	0	0	0	0	0	0	0	0	0	0	0	0	0	0	0	0	0	0	0	0	0	0	0	0	1.0	0	2.0	0	1.0	0	0	0	0	0	1.0	0	0	0	0	0	0	0	1.0	0	0	0	0	0	0	0	2.0	0
sk__Bacteria;k__;p__Fusobacteria;c__Fusobacteriia;o__Fusobacteriales;f__Fusobacteriaceae;g__Fusobacterium;s__Fusobacterium_sp._oral_taxon_205	0	0	0	0	0	0	0	0	0	0	0	0	0	0	0	0	0	0	0	0	0	0	0	0	0	0	0	0	0	0	0	0	0	0	0	0	0	0	1.0	0	0	0	0	0	0	0	0	0	0	0	0	0	0	0	0	0	0	0	0	0	0	0	0	0	0	0	0	0	0	0	0	0	0	0	0	0	0	0	0	0	0	0	0	0	0	0	0	0	0	0	1.0	0	1.0	0	0	0	0	0	0	0	0	0	0	0	0	0	0	0	0	0	0	0	0	0	0	0	0	0	0	0	0	0	0	0	0	0	0	0	0	0	0	0	0	0	0	0	0	0	0	0	0	0	0	0	0	0	0	0	0	0	0	0	0	0	0	0	0	0	0	0	0	0	0	0	0	0	0	0	0	1.0	0	0	0	0	0	0	0	0
sk__Bacteria;k__;p__Fusobacteria;c__Fusobacteriia;o__Fusobacteriales;f__Fusobacteriaceae;g__Hypnocyclicus	80.0	1.0	0	0	0	0	0	0	0	0	0	0	0	0	0	0	0	0	0	0	0	0	0	0	0	0	0	0	0	0	0	0	0	0	0	0	0	0	0	0	0	0	0	0	0	0	0	0	0	0	0	0	0	0	0	0	0	0	0	0	0	1.0	0	16.0	0	0	0	0	0	4.0	0	7.0	0	8.0	0	17.0	0	0	0	0	0	0	0	0	0	0	0	0	0	0	0	0	0	0	0	0	0	0	0	0	0	0	0	0	0	0	0	0	0	0	0	0	0	0	0	0	0	0	0	0	0	0	0	0	0	0	0	0	0	0	0	0	0	0	0	0	0	0	0	0	0	0	0	0	0	0	0	0	0	0	0	0	0	0	0	0	0	0	0	0	0	0	0	0	0	0	0	0	0	0	0	0	0	0	0	0	0	0
sk__Bacteria;k__;p__Fusobacteria;c__Fusobacteriia;o__Fusobacteriales;f__Leptotrichiaceae	0	0	0	0	0	0	0	0	0	1.0	0	0	0	0	0	0	3.0	0	0	0	0	0	0	0	0	0	0	1.0	0	0	0	0	1.0	0	0	0	0	2.0	0	0	0	0	0	1.0	0	0	0	0	0	0	0	0	0	0	0	0	0	0	0	0	0	0	0	0	0	0	0	0	0	0	1.0	0	1.0	0	0	0	0	0	1.0	2.0	0	34.0	3.0	1.0	0	3.0	0	2.0	2.0	0	5.0	0	0	0	0	0	0	4.0	0	0	0	0	0	0	0	0	1.0	0	0	2.0	0	0	0	0	0	0	0	0	0	0	0	0	0	0	0	0	0	0	0	0	0	0	0	1.0	0	0	0	0	0	0	0	0	0	0	0	0	0	0	0	1.0	0	0	0	0	0	0	0	0	0	0	0	1.0	0	0	0	0	1.0	1.0	0	0	0	1.0	0	0	0	0	0	0
sk__Bacteria;k__;p__Fusobacteria;c__Fusobacteriia;o__Fusobacteriales;f__Leptotrichiaceae;g__Leptotrichia	38.0	81.0	164.0	113.0	36.0	155.0	123.0	81.0	85.0	186.0	64.0	578.0	0	3.0	22.0	77.0	176.0	120.0	78.0	119.0	344.0	159.0	287.0	23.0	66.0	17.0	51.0	170.0	184.0	9.0	15.0	58.0	197.0	32.0	141.0	92.0	371.0	267.0	203.0	12.0	12.0	17.0	57.0	0	2.0	231.0	177.0	1.0	2.0	0	5.0	16.0	11.0	45.0	2.0	30.0	0	1.0	20.0	16.0	31.0	57.0	251.0	135.0	917.0	261.0	442.0	191.0	356.0	100.0	373.0	21.0	69.0	117.0	66.0	24.0	35.0	157.0	351.0	377.0	320.0	632.0	696.0	148.0	170.0	118.0	128.0	160.0	220.0	44.0	356.0	58.0	225.0	1.0	0	0	2.0	680.0	1339.0	347.0	553.0	173.0	226.0	144.0	349.0	70.0	331.0	6.0	28.0	224.0	131.0	10.0	9.0	91.0	86.0	1277.0	1078.0	971.0	271.0	248.0	98.0	868.0	132.0	1021.0	519.0	349.0	477.0	73.0	328.0	57.0	158.0	36.0	89.0	0	9.0	0	1.0	41.0	33.0	15.0	28.0	30.0	7.0	12.0	26.0	61.0	48.0	194.0	16.0	72.0	357.0	119.0	60.0	15.0	67.0	75.0	261.0	156.0	236.0	153.0	1036.0	554.0	12.0	6.0	17.0	34.0	82.0	55.0	144.0	496.0	227.0	479.0	245.0	902.0	96.0	207.0	69.0	238.0
sk__Bacteria;k__;p__Fusobacteria;c__Fusobacteriia;o__Fusobacteriales;f__Leptotrichiaceae;g__Leptotrichia;s__Leptotrichia_buccalis	0	0	0	0	1.0	0	1.0	0	0	0	0	0	0	0	0	0	0	0	0	0	0	0	0	0	0	0	0	0	0	0	0	0	0	0	0	0	0	0	0	0	0	0	0	0	0	0	0	0	0	0	0	0	0	0	0	0	0	0	0	0	0	0	0	0	0	2.0	0	0	0	1.0	0	0	0	0	0	0	0	0	0	0	0	0	0	0	0	0	0	0	0	0	1.0	0	0	0	0	0	0	0	0	0	0	0	0	0	0	0	1.0	0	0	0	0	0	0	0	0	0	0	0	0	0	0	0	0	0	0	0	0	0	0	0	0	0	0	0	0	0	0	0	0	0	0	0	0	0	0	0	0	0	0	0	1.0	0	0	0	0	0	0	0	0	0	2.0	0	0	0	0	0	0	0	0	0	0	0	0	0	0	0	0	0
sk__Bacteria;k__;p__Fusobacteria;c__Fusobacteriia;o__Fusobacteriales;f__Leptotrichiaceae;g__Leptotrichia;s__Leptotrichia_goodfellowii	0	0	0	0	0	0	0	0	0	0	0	0	0	0	0	1.0	0	1.0	0	0	1.0	0	0	0	0	0	0	0	1.0	0	0	0	1.0	0	0	0	0	0	1.0	0	0	0	0	0	0	0	0	0	0	0	0	1.0	0	0	0	0	0	0	0	0	0	0	0	0	0	0	0	0	0	0	0	0	0	0	0	0	0	0	0	0	0	0	0	0	0	0	0	0	0	0	0	0	0	0	0	0	0	0	0	0	0	0	1.0	0	0	0	0	0	0	0	0	0	0	0	0	0	0	0	1.0	0	0	0	0	0	0	0	4.0	0	6.0	0	0	0	0	0	0	0	0	0	0	0	0	0	0	0	0	0	0	0	0	0	0	0	0	0	0	0	0	0	0	0	0	1.0	0	0	0	0	0	0	0	0	0	0	0	0	0	0	0	0
sk__Bacteria;k__;p__Fusobacteria;c__Fusobacteriia;o__Fusobacteriales;f__Leptotrichiaceae;g__Leptotrichia;s__Leptotrichia_sp._Ulm_D	0	3.0	0	0	0	0	0	0	0	0	0	0	0	0	0	0	0	0	0	0	0	0	0	0	0	0	0	0	0	0	0	0	0	0	0	0	0	0	0	0	0	0	0	0	0	0	1.0	0	0	0	0	0	0	0	0	1.0	0	0	0	0	0	0	0	0	0	0	0	0	0	0	0	0	0	0	0	0	0	0	0	0	0	0	0	0	0	0	0	0	0	0	0	0	0	0	0	0	0	0	0	0	0	0	0	0	0	0	0	0	0	0	0	0	0	0	0	0	0	0	0	0	0	0	0	0	0	0	0	0	0	0	0	0	0	0	0	0	0	0	0	0	0	0	0	0	0	0	0	0	0	0	0	0	0	0	0	0	0	0	0	0	0	0	0	0	0	0	0	0	0	0	0	0	0	0	0	0	0	0
sk__Bacteria;k__;p__Fusobacteria;c__Fusobacteriia;o__Fusobacteriales;f__Leptotrichiaceae;g__Leptotrichia;s__Leptotrichia_sp._oral_clone_EI022	0	0	0	0	0	0	0	0	0	0	0	0	0	0	0	0	0	0	0	0	0	0	0	0	0	0	0	0	0	0	0	0	0	0	0	0	0	0	0	0	0	0	0	0	0	0	0	0	0	0	0	0	0	0	0	0	0	0	0	0	0	0	0	0	0	0	0	0	0	0	0	0	0	0	0	0	0	0	0	0	0	0	0	0	0	0	0	0	0	0	0	0	0	0	0	0	0	0	0	0	0	0	0	0	0	0	0	0	0	0	0	0	0	0	0	0	0	0	0	0	0	0	0	0	0	1.0	0	0	0	0	0	0	0	0	0	0	0	0	0	0	0	0	0	0	0	0	0	0	0	0	0	0	0	0	0	0	0	0	0	0	0	0	0	0	0	0	0	0	0	0	0	0	0	0	0	0	0	0
sk__Bacteria;k__;p__Fusobacteria;c__Fusobacteriia;o__Fusobacteriales;f__Leptotrichiaceae;g__Leptotrichia;s__Leptotrichia_sp._oral_clone_EX103	0	0	0	0	0	0	0	0	0	0	0	0	0	0	0	0	0	0	0	0	0	0	0	0	0	0	0	0	0	0	0	0	0	0	0	0	0	0	0	0	0	0	0	0	0	0	0	0	0	0	0	0	0	0	0	0	0	0	0	0	0	0	0	0	0	0	0	0	0	0	0	0	0	0	0	0	0	0	0	0	0	2.0	0	0	0	0	0	0	0	0	0	0	0	0	0	0	0	0	0	0	0	0	0	0	0	1.0	0	0	0	0	0	0	0	0	0	0	0	0	0	0	0	0	0	0	0	0	0	0	0	0	0	0	0	0	0	0	0	0	0	0	0	0	0	0	0	0	0	0	0	0	0	0	0	0	0	2.0	1.0	26.0	0	2.0	0	0	0	0	0	0	1.0	6.0	0	0	0	0	0	0	0	0	1.0	0
sk__Bacteria;k__;p__Fusobacteria;c__Fusobacteriia;o__Fusobacteriales;f__Leptotrichiaceae;g__Leptotrichia;s__Leptotrichia_sp._oral_clone_FB074	0	0	0	0	0	0	0	0	0	0	0	0	0	0	0	0	0	0	0	0	0	0	0	0	0	0	0	0	0	0	0	0	0	0	0	0	0	0	0	0	0	0	0	0	0	0	0	0	0	0	0	0	0	0	0	0	0	0	0	0	0	0	0	0	0	0	0	0	0	0	0	0	0	0	1.0	0	0	0	0	0	0	0	0	0	0	0	1.0	0	0	0	3.0	0	0	0	0	0	0	0	0	0	0	0	0	0	0	0	0	0	0	0	0	0	0	0	0	0	0	0	0	0	0	0	0	0	0	0	0	0	0	0	0	0	0	0	0	0	0	0	0	0	0	0	0	0	0	0	0	0	0	0	0	0	0	0	0	0	0	0	0	0	0	0	0	0	0	0	0	0	0	0	0	0	0	0	0	0	0	0
sk__Bacteria;k__;p__Fusobacteria;c__Fusobacteriia;o__Fusobacteriales;f__Leptotrichiaceae;g__Leptotrichia;s__Leptotrichia_sp._oral_clone_FP036	0	0	0	0	0	0	0	3.0	0	0	0	0	0	0	0	0	0	0	0	0	0	0	0	0	0	0	0	0	0	0	0	0	3.0	0	0	0	0	0	0	0	0	0	0	0	0	0	15.0	0	0	0	0	3.0	0	6.0	0	0	0	0	0	0	1.0	0	2.0	0	18.0	0	0	0	4.0	0	0	0	0	0	3.0	0	2.0	0	1.0	0	0	0	0	0	16.0	0	27.0	0	34.0	0	0	0	0	0	0	0	0	0	1.0	0	2.0	0	6.0	0	2.0	0	0	0	0	0	1.0	0	0	0	2.0	0	9.0	0	3.0	0	3.0	0	0	0	0	0	0	0	0	0	1.0	0	2.0	0	0	0	0	0	0	0	0	0	0	0	0	0	0	0	0	0	0	0	0	0	0	2.0	0	0	0	0	0	2.0	0	0	0	0	0	0	0	1.0	0	0	0	0	0	1.0	0	0
sk__Bacteria;k__;p__Fusobacteria;c__Fusobacteriia;o__Fusobacteriales;f__Leptotrichiaceae;g__Leptotrichia;s__Leptotrichia_sp._oral_clone_GT018	0	0	0	0	0	0	0	0	0	0	0	0	0	0	0	0	0	0	0	0	0	0	0	0	0	0	0	0	0	0	0	0	0	0	0	0	0	0	0	0	0	0	0	0	0	0	1.0	0	0	0	0	0	0	0	0	0	0	0	0	0	0	0	0	0	0	0	0	0	0	0	0	0	0	0	0	0	0	0	0	0	0	0	0	0	0	0	0	0	0	0	0	0	0	0	0	0	0	0	0	0	0	0	0	0	0	0	0	0	0	0	0	0	0	0	0	0	1.0	0	0	0	0	0	0	0	0	0	0	0	0	0	0	0	0	0	0	0	0	0	0	0	0	0	0	0	0	0	0	0	0	0	0	0	0	0	0	0	0	0	0	0	0	0	0	0	0	0	0	0	0	0	0	0	0	0	0	0	0	0
sk__Bacteria;k__;p__Fusobacteria;c__Fusobacteriia;o__Fusobacteriales;f__Leptotrichiaceae;g__Leptotrichia;s__Leptotrichia_sp._oral_clone_IK040	0	0	0	0	0	14.0	0	0	0	0	0	0	0	0	0	0	0	0	0	0	0	0	4.0	0	0	0	0	0	0	0	0	0	1.0	0	0	0	0	0	0	0	0	0	0	0	0	0	0	0	0	0	0	0	0	0	0	0	0	0	0	0	7.0	0	15.0	0	49.0	0	17.0	0	4.0	0	3.0	0	0	0	11.0	0	3.0	0	0	0	0	0	0	0	0	0	52.0	0	4.0	0	8.0	0	0	0	0	0	0	0	45.0	0	42.0	0	5.0	0	3.0	0	0	0	3.0	0	5.0	0	0	0	0	0	4.0	0	75.0	0	3.0	0	0	0	0	0	11.0	0	25.0	0	20.0	0	5.0	0	0	0	0	0	0	0	0	0	0	0	0	0	0	0	0	0	0	0	0	0	0	9.0	0	13.0	0	31.0	0	4.0	0	0	0	0	0	0	0	0	0	0	0	0	0	4.0	0	0
sk__Bacteria;k__;p__Fusobacteria;c__Fusobacteriia;o__Fusobacteriales;f__Leptotrichiaceae;g__Leptotrichia;s__Leptotrichia_sp._oral_taxon_212	0	3.0	0	0	0	1.0	0	1.0	5.0	4.0	0	0	0	0	0	0	0	0	0	0	1.0	5.0	7.0	0	0	0	1.0	14.0	8.0	0	0	0	1.0	8.0	4.0	4.0	47.0	0	0	0	0	0	0	0	0	3.0	0	0	0	0	0	0	0	0	0	0	0	0	1.0	0	0	0	0	0	0	2.0	13.0	1.0	8.0	0	2.0	1.0	1.0	0	0	0	0	2.0	21.0	7.0	4.0	0	0	0	0	1.0	1.0	0	1.0	0	0	1.0	5.0	0	0	0	0	0	1.0	0	0	1.0	0	0	11.0	0	0	0	0	0	0	0	0	0	0	0	1.0	1.0	0	0	0	0	0	0	0	0	0	0	2.0	0	0	0	0	0	0	0	0	0	0	2.0	5.0	0	0	0	0	0	1.0	0	1.0	2.0	0	0	3.0	0	3.0	1.0	2.0	0	0	0	2.0	1.0	0	0	0	0	1.0	0	7.0	14.0	0	0	0	0	1.0	0	0	0
sk__Bacteria;k__;p__Fusobacteria;c__Fusobacteriia;o__Fusobacteriales;f__Leptotrichiaceae;g__Leptotrichia;s__Leptotrichia_trevisanii	0	0	0	0	0	0	0	0	0	0	0	0	0	0	0	0	0	0	0	0	0	0	0	0	0	0	0	0	0	0	0	0	0	0	0	0	0	0	0	0	0	0	0	0	0	0	0	0	0	0	0	0	0	0	0	0	0	0	0	0	0	0	0	0	0	1.0	0	0	0	0	0	0	0	0	0	0	0	0	0	0	0	0	0	0	0	0	0	0	0	0	0	0	0	0	0	0	0	0	0	0	0	0	0	0	0	0	0	0	0	0	0	0	0	0	0	1.0	0	0	0	0	0	0	0	0	0	0	0	0	0	0	0	0	0	0	0	0	0	0	0	0	0	0	0	0	0	0	0	0	0	0	0	0	0	0	0	0	0	0	0	0	1.0	0	0	0	0	0	0	0	0	0	0	0	0	0	0	0	0	0
sk__Bacteria;k__;p__Fusobacteria;c__Fusobacteriia;o__Fusobacteriales;f__Leptotrichiaceae;g__Sneathia	0	0	0	0	0	0	0	0	0	0	0	0	0	0	0	0	0	0	0	0	0	0	0	0	0	0	0	0	0	0	0	0	0	0	0	0	0	0	0	0	0	0	0	0	0	0	0	0	0	0	0	0	0	0	0	0	0	0	0	0	0	0	0	0	0	0	0	0	0	0	0	0	0	0	0	0	0	0	0	0	0	0	0	0	0	0	0	0	0	0	0	0	0	0	0	0	0	0	0	0	0	0	0	0	0	0	0	0	0	0	0	0	2.0	0	0	0	0	0	0	0	0	0	0	0	0	0	0	0	0	0	0	0	0	0	0	0	0	0	0	0	0	0	0	0	0	0	0	0	0	0	0	0	0	0	0	0	0	0	0	0	0	0	0	0	0	0	0	0	0	0	0	0	0	0	0	0	0	0
sk__Bacteria;k__;p__Gemmatimonadetes	0	0	0	0	0	0	0	0	0	4.0	0	3.0	0	9.0	0	0	0	0	0	0	0	0	0	0	0	0	0	0	0	0	0	0	3.0	0	0	0	0	0	0	0	0	0	0	0	0	0	0	0	1.0	0	0	2.0	0	0	0	0	0	0	0	0	0	0	0	0	0	0	0	0	0	0	0	0	0	0	0	0	0	0	0	0	0	0	0	0	0	0	0	0	0	0	0	0	0	0	0	0	0	0	0	0	1.0	0	4.0	0	9.0	0	1.0	0	1.0	0	3.0	0	1.0	0	0	0	0	0	0	0	0	0	0	0	0	0	0	0	1.0	0	0	0	0	0	0	0	0	0	0	0	0	0	0	0	0	0	0	0	0	0	0	0	0	0	0	0	0	0	0	0	0	0	0	0	0	0	0	0	0	0	0	0	0	0	0	0	0	0
sk__Bacteria;k__;p__Gemmatimonadetes;c__Gemmatimonadetes;o__Gemmatimonadales	0	0	0	0	0	0	0	0	0	0	0	0	0	0	0	0	0	0	0	0	0	0	0	0	0	0	0	0	0	0	0	0	0	0	0	0	0	0	0	0	0	0	0	0	0	0	0	0	0	0	0	0	0	0	0	0	0	0	0	0	1.0	0	0	0	0	0	0	0	0	0	0	0	0	0	0	0	0	0	0	0	0	0	0	0	0	0	0	0	0	0	0	0	0	0	0	0	0	0	0	0	0	0	0	0	0	0	0	0	0	0	0	0	0	0	0	0	0	0	0	0	0	0	0	0	0	0	0	0	0	0	0	0	0	0	0	0	0	0	0	0	0	0	0	0	0	0	0	0	0	0	0	0	0	0	0	0	0	0	0	0	0	0	0	0	0	0	0	0	0	0	0	0	0	0	0	0	0	0
sk__Bacteria;k__;p__Gemmatimonadetes;c__Gemmatimonadetes;o__Gemmatimonadales;f__Gemmatimonadaceae	0	0	0	0	0	0	0	0	0	0	0	0	0	0	0	0	0	0	0	0	0	0	0	0	0	0	0	0	0	1.0	0	0	0	0	0	0	0	0	0	0	0	0	0	0	0	0	0	0	0	0	0	0	0	0	0	0	0	0	0	0	0	0	0	0	0	0	0	0	0	0	0	0	0	0	0	0	0	0	0	0	0	0	0	0	0	0	0	0	0	0	0	0	0	0	0	0	0	0	0	0	0	0	0	0	0	0	0	0	0	0	0	0	0	0	0	0	0	0	0	0	0	0	0	0	0	0	0	0	0	0	0	0	0	0	0	0	0	0	0	0	0	0	0	0	0	0	0	0	0	0	0	0	0	0	0	0	0	0	0	0	0	0	0	0	0	0	0	0	0	0	0	0	0	0	0	0	0	0
sk__Bacteria;k__;p__Gemmatimonadetes;c__Gemmatimonadetes;o__Gemmatimonadales;f__Gemmatimonadaceae;g__Gemmatimonas	0	0	0	0	0	0	0	0	0	0	0	0	0	0	0	0	0	0	0	0	0	0	0	0	0	0	0	0	0	1.0	0	0	0	0	0	0	0	0	0	0	0	0	0	0	0	0	0	0	0	0	0	0	0	0	0	0	0	0	0	0	0	0	0	0	0	0	0	0	0	0	0	0	0	0	0	0	0	0	0	0	0	0	0	0	0	0	0	0	0	0	0	0	0	0	0	0	0	0	0	0	0	0	0	0	0	0	0	0	0	0	0	0	0	0	0	0	0	0	0	0	0	0	0	0	0	0	0	0	0	0	0	0	0	0	0	0	0	0	0	0	0	0	0	0	0	0	0	0	0	0	0	0	0	0	0	0	0	0	0	0	0	0	0	0	0	0	0	0	0	0	0	0	0	0	0	0	0	0
sk__Bacteria;k__;p__Gemmatimonadetes;c__Gemmatimonadetes;o__Gemmatimonadales;f__Gemmatimonadaceae;g__Gemmatirosa	0	0	0	0	0	0	0	0	0	0	0	0	0	0	0	0	0	0	0	0	0	0	0	0	0	0	0	0	0	0	0	0	0	0	0	0	0	0	0	0	0	0	0	0	0	0	0	0	0	0	0	0	0	0	0	0	0	0	0	0	0	0	0	0	0	0	0	0	0	0	0	1.0	0	0	0	0	0	0	0	0	0	0	0	0	0	0	0	0	0	0	0	0	0	0	0	0	0	0	0	0	0	0	0	0	0	0	0	0	0	0	0	0	0	0	0	0	0	0	0	0	0	0	0	0	0	0	0	0	0	0	0	0	0	0	0	0	0	0	0	0	0	0	0	0	0	0	0	0	0	0	0	0	0	0	0	0	0	0	0	0	0	0	0	0	0	0	0	0	0	0	0	0	0	0	0	0	0	0
sk__Bacteria;k__;p__Ignavibacteriae;c__Ignavibacteria	1.0	0	6.0	0	0	0	0	0	0	0	0	0	0	0	0	0	0	0	0	0	0	0	0	0	0	0	0	0	0	0	0	0	0	0	0	0	0	0	0	0	0	0	0	1.0	0	0	0	0	0	0	0	0	0	0	0	0	0	0	0	0	0	0	0	0	0	0	0	0	0	0	0	0	0	0	0	0	0	0	0	0	0	0	0	0	0	0	0	0	0	0	0	0	0	0	0	0	0	0	0	0	0	0	0	0	0	0	0	0	1.0	0	0	0	0	0	0	0	0	0	0	0	0	0	0	0	0	0	0	0	0	0	0	0	0	0	0	0	0	0	0	0	0	0	0	0	0	0	0	0	0	0	0	0	0	0	0	0	0	0	0	0	0	0	0	0	0	0	0	0	0	0	0	0	0	0	0	0	0	0
sk__Bacteria;k__;p__Nitrospirae;c__Nitrospira	0	0	0	0	0	0	0	0	0	0	0	0	0	0	0	0	0	0	0	0	0	0	0	0	0	0	0	0	0	0	0	0	0	0	0	0	0	0	0	0	0	0	0	2.0	0	0	0	0	0	0	0	0	0	0	0	0	0	0	0	0	0	0	0	0	0	0	0	0	0	0	0	0	0	0	0	0	0	0	0	0	0	0	0	0	0	0	0	0	0	0	0	0	0	0	0	0	0	0	0	0	0	0	0	0	0	0	0	2.0	0	0	0	0	0	0	0	0	0	0	0	0	0	0	0	0	0	0	0	0	1.0	0	0	0	0	0	0	0	0	0	0	0	0	0	0	0	0	0	0	0	0	0	0	0	0	0	0	0	0	0	0	0	0	0	0	0	0	0	0	0	0	0	0	0	0	0	0	0	0	0
sk__Bacteria;k__;p__Nitrospirae;c__Nitrospira;o__Nitrospirales;f__Nitrospiraceae;g__Thermodesulfovibrio	0	0	0	0	0	0	0	0	0	0	0	0	0	0	0	0	0	0	0	0	0	0	0	0	0	0	0	0	0	0	0	0	0	0	0	0	0	0	0	0	0	0	0	0	0	0	0	0	0	0	0	0	0	0	0	0	0	0	0	0	0	0	0	0	0	0	0	0	0	0	0	0	0	0	0	0	0	0	0	0	0	0	0	0	0	0	0	0	0	0	0	0	0	0	0	0	0	0	0	0	0	0	0	0	0	0	0	0	0	0	0	0	0	0	0	0	0	0	0	0	0	0	0	0	0	0	0	0	0	0	0	0	0	40.0	0	0	0	0	0	0	0	0	0	0	0	0	0	0	0	0	0	0	0	0	0	0	0	0	0	0	0	0	0	0	0	0	0	0	0	0	0	0	0	0	0	0	0	0
sk__Bacteria;k__;p__Planctomycetes	1.0	0	0	0	0	0	0	0	0	0	0	0	0	0	0	0	0	0	0	0	0	0	0	0	0	0	0	0	0	0	0	0	0	0	0	0	0	0	0	0	0	0	0	1.0	0	0	0	0	0	0	0	0	0	0	0	0	0	0	0	0	0	0	0	0	0	0	0	0	0	0	0	0	0	0	0	2.0	0	0	0	0	0	0	0	0	0	0	0	0	0	0	0	0	0	0	0	0	0	0	0	0	0	0	0	0	0	0	0	1.0	0	0	0	0	0	0	0	0	0	0	0	0	0	0	0	0	0	0	0	0	0	0	0	0	0	0	0	0	0	0	0	0	0	0	0	1.0	0	0	0	0	1.0	0	0	0	0	0	0	0	0	0	0	0	0	0	0	0	0	0	0	0	0	0	0	0	0	0	0	0	0	0
sk__Bacteria;k__;p__Planctomycetes;c__Phycisphaerae;o__Phycisphaerales	0	0	1.0	0	0	0	0	0	0	0	0	0	0	0	0	0	0	0	0	0	0	0	0	0	0	0	0	0	0	0	0	0	0	0	0	0	0	0	0	0	0	0	0	0	0	0	0	0	0	0	0	0	0	0	0	0	0	0	0	0	0	0	0	0	0	0	0	0	0	0	0	0	0	0	0	0	0	0	0	0	0	0	0	0	0	0	0	0	0	0	0	0	0	0	0	0	0	0	0	0	0	0	0	0	0	0	0	0	0	0	0	0	0	0	0	0	0	0	0	0	0	0	0	0	0	0	0	0	0	0	0	0	0	0	0	0	0	0	0	0	0	0	0	0	0	0	0	0	0	0	0	0	0	0	0	0	0	0	0	0	0	0	0	0	0	0	0	0	0	0	0	0	0	0	0	0	0	0
sk__Bacteria;k__;p__Planctomycetes;c__Phycisphaerae;o__Phycisphaerales;f__Phycisphaeraceae	0	0	3.0	0	0	0	0	0	0	0	0	0	0	0	0	0	0	0	0	0	0	0	0	0	0	0	0	0	0	0	0	0	0	0	0	0	0	0	0	0	0	0	0	4.0	0	0	0	0	0	0	0	0	0	0	0	0	0	0	0	0	0	0	0	0	0	0	0	0	0	0	0	0	0	0	0	0	0	0	0	0	0	0	0	0	0	0	0	0	0	0	0	0	0	0	0	0	0	0	0	0	0	0	0	0	0	0	0	0	0	0	0	0	0	0	0	0	0	0	0	0	0	0	0	0	0	0	0	1.0	0	0	0	0	0	0	0	0	0	0	0	0	0	0	0	0	0	0	0	0	0	0	0	0	0	0	0	0	0	0	0	0	0	0	0	0	0	0	0	0	0	0	0	0	0	0	0	0	0	0
sk__Bacteria;k__;p__Planctomycetes;c__Planctomycetia;o__Planctomycetales	0	0	2.0	0	0	0	0	0	0	0	0	0	0	0	0	0	0	0	0	0	0	0	0	0	0	0	0	0	0	0	0	0	0	0	0	0	0	0	0	0	0	0	0	0	0	0	0	0	0	0	0	0	0	0	0	0	0	0	0	0	0	0	0	0	0	0	0	0	0	0	0	0	0	0	0	0	0	0	0	1.0	0	0	0	0	0	0	0	0	0	0	0	0	0	0	0	0	0	0	0	0	0	0	0	0	0	0	0	0	0	0	0	0	0	0	0	0	0	0	0	0	0	0	0	0	0	0	0	0	0	0	0	0	0	0	0	0	0	0	0	0	0	0	0	0	0	0	0	0	0	0	0	0	0	0	0	0	0	0	0	0	0	0	0	0	0	0	0	0	0	0	0	0	0	0	0	0	0	0
sk__Bacteria;k__;p__Planctomycetes;c__Planctomycetia;o__Planctomycetales;f__Gemmataceae	0	0	0	0	0	0	0	0	0	0	0	0	0	0	0	0	0	0	0	0	0	0	0	0	0	0	0	0	0	0	0	0	0	0	0	0	0	0	0	0	0	0	0	1.0	0	0	0	2.0	0	0	0	0	0	0	0	0	0	0	0	0	0	0	0	0	0	0	0	0	0	0	0	0	0	0	0	0	0	0	0	0	0	0	0	0	0	0	0	0	0	0	0	0	0	0	0	0	0	0	0	0	0	0	0	0	0	0	0	0	0	0	0	0	0	0	0	0	0	0	0	0	0	0	0	0	0	0	0	0	0	0	0	0	0	0	0	0	0	0	0	0	0	0	0	0	0	0	0	0	0	0	0	0	0	0	0	0	0	0	0	0	0	0	0	0	0	0	0	0	0	0	0	0	0	0	0	0	0	0
sk__Bacteria;k__;p__Planctomycetes;c__Planctomycetia;o__Planctomycetales;f__Gemmataceae;g__Fimbriiglobus	0	0	4.0	0	0	0	0	0	0	0	0	0	0	0	0	0	0	0	0	0	0	0	0	0	0	0	0	0	0	0	0	0	0	0	0	0	0	0	0	0	0	0	0	0	0	0	0	1.0	0	0	0	0	0	0	0	0	0	0	0	0	0	0	0	0	0	0	0	0	0	0	0	0	0	0	0	0	0	0	0	0	0	0	0	0	0	0	0	0	0	0	0	0	0	0	0	0	0	0	0	1.0	0	0	0	0	0	0	0	0	0	0	0	0	0	0	0	0	0	0	0	0	0	0	0	0	0	0	0	0	0	0	0	0	0	0	0	0	0	0	0	0	0	0	0	0	0	0	0	0	0	0	0	0	0	0	0	0	0	0	0	0	0	0	0	0	0	0	0	0	0	0	0	0	0	0	0	0	0	0
sk__Bacteria;k__;p__Planctomycetes;c__Planctomycetia;o__Planctomycetales;f__Gemmataceae;g__Gemmata	0	0	0	0	0	0	0	0	0	0	0	0	0	0	0	0	0	0	0	0	0	0	0	0	0	0	0	0	0	0	0	0	0	0	0	0	0	0	0	0	0	0	0	0	0	0	0	0	0	0	0	0	0	0	0	0	0	0	0	0	0	0	0	0	0	0	0	0	0	0	0	0	0	0	0	0	0	0	0	0	0	0	0	0	0	0	0	0	0	0	0	0	0	0	0	0	0	0	0	0	0	0	0	0	0	0	0	0	0	0	0	0	0	0	0	0	0	0	0	0	0	0	0	0	0	0	0	0	0	0	0	0	0	0	0	0	0	0	0	0	0	0	0	0	0	0	0	0	1.0	0	0	0	0	0	0	0	0	0	0	0	0	0	0	0	0	0	0	0	0	0	0	0	0	0	0	0	0	0
sk__Bacteria;k__;p__Planctomycetes;c__Planctomycetia;o__Planctomycetales;f__Gemmataceae;g__Gemmata;s__Gemmata_sp._Br1-2	0	0	1.0	0	0	0	0	0	0	0	0	0	0	0	0	0	0	0	0	0	0	0	0	0	0	0	0	0	0	0	0	0	0	0	0	0	0	0	0	0	0	0	0	0	0	0	0	0	0	0	0	0	0	0	0	0	0	0	0	0	0	0	0	0	0	0	0	0	0	0	0	0	0	0	0	0	0	0	0	0	0	0	0	0	0	0	0	0	0	0	0	0	0	0	0	0	0	0	0	0	0	0	0	0	0	0	0	0	0	0	0	0	0	0	0	0	0	0	0	0	0	0	0	0	0	0	0	0	0	0	0	0	0	0	0	0	0	0	0	0	0	0	0	0	0	0	0	0	0	0	0	0	0	0	0	0	0	0	0	0	0	0	0	0	0	0	0	0	0	0	0	0	0	0	0	0	0	0
sk__Bacteria;k__;p__Planctomycetes;c__Planctomycetia;o__Planctomycetales;f__Gemmataceae;g__Telmatocola	0	0	1.0	0	0	0	0	0	0	0	0	0	0	0	0	0	0	0	0	0	0	0	0	0	0	0	0	0	0	0	0	0	0	0	0	0	0	0	0	0	0	0	0	0	0	0	0	0	0	0	0	0	0	0	0	0	0	0	0	0	0	0	0	0	0	0	0	0	0	0	0	0	0	0	0	0	0	0	0	0	0	0	0	0	0	0	0	0	0	0	0	0	0	0	0	0	0	0	0	0	0	0	0	0	0	0	0	0	0	0	0	0	0	0	0	0	0	0	0	0	0	0	0	0	0	0	0	0	0	0	0	0	0	0	0	0	0	0	0	0	0	0	0	0	0	0	0	0	0	0	0	0	0	0	0	0	0	0	0	0	0	0	0	0	0	0	0	0	0	0	0	0	0	0	0	0	0	0
sk__Bacteria;k__;p__Planctomycetes;c__Planctomycetia;o__Planctomycetales;f__Isosphaeraceae	0	0	0	0	0	0	0	0	0	0	0	0	0	0	0	0	0	0	0	0	0	1.0	0	0	0	0	0	0	0	0	0	0	0	0	0	0	0	0	0	0	0	0	0	0	0	0	0	0	0	0	0	0	0	0	0	0	0	0	0	0	0	0	0	0	0	0	0	0	0	0	0	0	0	0	0	0	0	0	0	2.0	0	0	0	0	0	0	0	0	0	0	0	0	0	0	0	0	0	0	0	0	0	0	0	0	0	0	0	0	0	0	0	0	0	0	0	0	0	0	0	0	0	0	0	0	0	0	0	0	0	0	0	0	0	0	0	0	0	0	0	0	0	0	0	0	0	0	0	0	0	0	0	0	0	0	0	0	0	0	0	0	0	0	0	0	0	0	0	0	0	0	0	0	0	0	0	0	0	0
sk__Bacteria;k__;p__Planctomycetes;c__Planctomycetia;o__Planctomycetales;f__Planctomycetaceae;g__Pirellula	0	0	0	0	1.0	0	0	0	0	0	0	0	0	0	0	0	0	0	0	0	0	0	0	0	0	0	0	0	0	0	0	0	0	0	0	0	0	0	0	0	0	0	0	0	0	0	0	0	0	0	0	0	0	0	0	0	0	0	0	0	0	0	0	0	0	0	0	0	0	0	0	0	0	0	0	0	0	0	0	0	0	0	0	0	0	0	0	0	0	0	0	0	0	0	0	0	0	0	0	0	0	0	0	0	0	0	0	0	0	0	0	0	0	0	0	0	0	0	0	1.0	0	0	0	0	0	0	0	0	0	0	0	0	0	0	0	0	0	0	0	0	0	0	0	0	0	0	0	0	0	0	0	0	0	0	0	0	0	0	0	0	0	0	0	0	0	0	0	0	0	0	0	0	0	0	0	0	0	0
sk__Bacteria;k__;p__Planctomycetes;c__Planctomycetia;o__Planctomycetales;f__Planctomycetaceae;g__Schlesneria	0	0	2.0	0	0	0	0	0	0	0	0	0	0	0	0	0	0	0	0	0	0	0	0	0	0	0	0	0	0	0	0	0	0	0	0	0	0	0	0	0	0	0	0	0	0	0	0	0	0	0	0	0	0	0	0	0	0	0	0	0	0	0	0	0	0	0	0	0	0	0	0	0	0	0	0	0	0	0	0	0	0	0	0	0	0	1.0	0	0	0	0	0	0	0	0	0	0	0	0	0	0	0	0	0	0	0	0	0	0	0	0	0	0	0	0	0	0	0	0	0	0	0	0	0	0	0	0	0	0	0	0	0	0	0	0	0	0	0	0	0	0	0	0	0	0	0	0	0	0	0	0	0	0	0	0	0	0	0	0	0	0	0	0	0	0	0	0	0	0	0	0	0	0	0	0	0	0	0	0
sk__Bacteria;k__;p__Proteobacteria	370.0	21.0	136.0	5.0	14.0	8.0	4.0	1.0	54.0	3.0	94.0	13.0	65.0	45.0	1.0	1.0	16.0	0	2.0	33.0	3.0	11.0	4.0	179.0	6.0	32.0	1.0	8.0	1.0	90.0	1.0	37.0	9.0	1.0	0	152.0	3.0	7.0	10.0	2.0	3.0	3.0	0	16.0	4.0	0	0	573.0	23.0	191.0	2.0	62.0	15.0	2.0	47.0	8.0	1.0	1.0	4.0	124.0	4.0	49.0	6.0	280.0	76.0	16.0	1.0	14.0	2.0	31.0	0	155.0	7.0	113.0	2.0	375.0	11.0	0	0	41.0	3.0	0	1.0	2.0	1.0	8.0	5.0	3.0	1.0	15.0	2.0	25.0	5.0	66.0	1.0	32.0	1.0	3.0	1.0	54.0	15.0	12.0	10.0	62.0	17.0	27.0	6.0	488.0	53.0	5.0	4.0	49.0	12.0	19.0	1.0	198.0	5.0	0	0	0	0	0	0	0	0	3.0	1.0	20.0	5.0	15.0	2.0	8.0	0	0	0	448.0	2.0	48.0	1.0	29.0	0	29.0	1.0	487.0	7.0	16.0	12.0	10.0	30.0	5.0	6.0	1.0	15.0	0	3.0	0	8.0	0	9.0	0	0	61.0	0	0	1.0	0	0	1.0	0	3.0	2.0	0	3.0	0	1.0	3.0	9.0	1.0
sk__Bacteria;k__;p__Proteobacteria;c__;o__;f__;g__;s__proteobacterium_symbiont_of_Nilaparvata_lugens	0	0	0	0	0	0	0	0	0	0	0	0	0	0	0	0	0	0	0	0	0	0	0	0	0	0	0	0	0	0	0	0	0	0	0	0	0	0	0	0	0	0	0	0	0	0	0	0	0	0	0	0	0	0	0	0	0	0	0	0	0	0	0	0	0	0	0	0	0	0	0	0	1.0	0	1.0	0	0	0	0	0	0	0	0	0	0	0	0	0	0	0	0	0	0	0	0	0	0	0	0	0	0	0	0	0	0	0	0	0	0	0	0	0	0	0	0	0	0	0	0	0	0	0	0	0	0	0	0	0	0	0	0	0	0	0	0	0	0	0	0	0	0	0	0	0	0	0	0	0	0	0	0	0	0	0	0	0	0	0	0	0	0	0	0	0	0	0	0	0	0	0	0	0	0	0	0	0	0	0
sk__Bacteria;k__;p__Proteobacteria;c__Alphaproteobacteria	6.0	3.0	22.0	1.0	0	1.0	0	0	9.0	2.0	55.0	22.0	32.0	34.0	2.0	3.0	14.0	2.0	1.0	51.0	19.0	25.0	36.0	2.0	6.0	0	1.0	0	0	1.0	1.0	19.0	20.0	0	0	3.0	0	0	0	0	0	0	0	12.0	14.0	1.0	0	3.0	28.0	1.0	1.0	56.0	1.0	0	0	0	0	0	0	0	0	0	5.0	10.0	23.0	7.0	1.0	2.0	0	0	2.0	2.0	4.0	0	0	4.0	1.0	1.0	1.0	17.0	13.0	0	0	11.0	2.0	4.0	13.0	0	0	34.0	8.0	38.0	5.0	23.0	11.0	16.0	5.0	1.0	2.0	62.0	21.0	11.0	5.0	11.0	70.0	36.0	18.0	131.0	293.0	2.0	2.0	10.0	32.0	11.0	7.0	58.0	26.0	0	0	1.0	0	0	0	0	0	0	1.0	4.0	2.0	0	1.0	1.0	0	0	0	3.0	2.0	0	0	0	0	0	0	0	2.0	12.0	0	0	1.0	9.0	0	0	0	0	0	0	0	0	0	0	0	0	0	0	0	0	0	1.0	0	0	0	0	1.0	0	0	0	0	0
sk__Bacteria;k__;p__Proteobacteria;c__Alphaproteobacteria;o__;f__;g__;s__Alphaproteobacteria_bacterium_canine_oral_taxon_081	0	0	0	0	0	0	0	0	0	0	0	0	0	0	0	0	0	0	0	0	0	0	0	0	0	0	0	0	0	0	0	0	0	0	0	0	0	0	0	0	0	0	0	0	0	0	0	0	0	0	0	0	0	0	0	0	0	0	0	0	0	0	0	0	0	0	0	0	0	0	0	0	0	0	0	0	0	0	0	0	0	0	0	0	0	0	0	0	0	0	0	0	0	0	0	0	0	0	0	0	0	0	0	0	0	7.0	1.0	0	0	0	0	0	0	0	0	0	0	0	0	0	0	0	0	0	0	0	0	0	0	0	0	0	0	0	0	0	0	0	0	0	0	0	0	0	0	0	0	0	0	0	0	0	0	0	0	0	0	0	0	0	0	0	0	0	0	0	3.0	1.0	8.0	3.0	0	0	0	0	0	0	0	0
sk__Bacteria;k__;p__Proteobacteria;c__Alphaproteobacteria;o__;f__;g__Phreatobacter	0	0	0	0	0	0	0	0	0	0	0	0	0	0	0	0	0	0	0	0	0	0	0	0	0	0	0	0	0	0	0	0	0	0	0	0	0	0	0	0	0	0	0	0	0	0	0	0	0	0	0	0	0	0	0	0	0	0	0	0	0	0	0	0	0	0	0	0	0	0	0	0	0	0	0	0	0	0	0	0	0	0	0	0	0	0	0	0	0	0	0	1.0	0	0	0	0	0	0	0	0	0	0	0	0	0	0	0	0	0	0	0	0	0	0	0	0	0	0	0	0	0	0	0	0	0	0	0	0	0	0	0	0	0	0	0	0	0	0	0	0	0	0	0	0	0	0	1.0	0	0	0	0	0	0	0	0	0	0	0	0	0	0	0	0	0	0	0	0	0	0	0	0	0	0	0	0	0	0	0
sk__Bacteria;k__;p__Proteobacteria;c__Alphaproteobacteria;o__;f__;g__Rhodovarius	0	0	0	0	0	0	0	0	0	0	1.0	0	0	0	0	0	0	0	0	0	0	0	0	0	0	0	0	0	0	1.0	0	0	0	0	0	0	0	0	0	0	0	0	0	0	0	0	0	0	0	0	0	0	0	0	0	0	0	0	0	0	0	0	0	0	0	0	0	0	0	0	0	0	0	1.0	0	0	0	0	0	2.0	0	0	0	0	0	0	0	0	0	10.0	0	5.0	1.0	0	0	0	0	0	0	23.0	2.0	0	0	0	1.0	0	0	7.0	0	0	0	0	0	0	0	0	0	0	0	0	0	0	0	0	0	0	0	0	0	0	0	0	0	0	0	1.0	0	0	0	0	0	0	0	0	0	0	0	0	1.0	0	0	0	0	0	0	0	0	0	0	0	0	0	0	0	0	0	0	0	0	0	0	0	0	0	0	0	0	0
sk__Bacteria;k__;p__Proteobacteria;c__Alphaproteobacteria;o__;f__;g__Rhodovarius;s__Rhodovarius_lipocyclicus	0	0	0	0	0	0	0	0	0	0	0	0	0	0	0	0	0	0	0	0	0	0	0	0	0	0	0	0	0	0	0	0	0	0	0	0	0	0	0	0	0	0	0	0	0	0	0	0	0	0	0	0	0	0	0	0	0	0	0	0	0	0	0	0	0	0	0	0	0	0	0	0	0	0	0	0	0	0	0	0	1.0	0	0	0	0	0	0	0	0	0	1.0	0	1.0	0	0	0	0	0	0	0	1.0	0	0	0	0	0	0	0	0	0	0	0	0	0	0	0	0	0	0	0	0	0	0	0	0	0	0	0	0	0	0	0	0	0	0	0	0	0	0	0	0	0	0	0	0	0	0	0	0	0	0	0	0	0	0	0	0	0	0	0	0	0	0	0	0	0	0	0	0	0	0	0	0	0	0	0	0	0
sk__Bacteria;k__;p__Proteobacteria;c__Alphaproteobacteria;o__Caulobacterales	0	0	0	0	0	0	0	0	0	0	0	0	0	0	0	0	0	0	0	0	0	0	0	0	0	0	0	0	0	0	0	0	0	0	0	0	0	0	0	0	0	0	0	0	0	0	0	0	0	0	0	0	0	0	0	0	0	0	0	0	0	0	0	0	0	0	0	0	0	0	0	0	0	0	0	0	0	0	0	0	0	0	0	0	0	0	0	1.0	0	0	0	0	0	0	0	1.0	0	0	0	0	0	0	0	0	0	0	0	0	0	0	0	0	0	0	0	1.0	0	0	0	0	0	0	0	0	0	0	0	0	0	0	0	0	0	0	0	0	0	0	0	0	0	0	0	0	0	0	0	0	0	0	0	0	0	0	0	0	0	0	0	0	0	0	0	0	0	0	0	0	0	0	0	0	0	0	0	0	0	0
sk__Bacteria;k__;p__Proteobacteria;c__Alphaproteobacteria;o__Caulobacterales;f__Caulobacteraceae	1.0	0	2.0	0	0	0	0	0	16.0	0	192.0	5.0	50.0	2.0	0	0	0	0	0	5.0	3.0	4.0	2.0	0	0	0	0	0	0	0	0	8.0	0	0	0	0	0	0	0	0	0	0	0	0	0	0	0	1.0	0	0	0	1.0	0	0	0	0	0	0	0	0	0	0	0	1.0	0	0	0	0	0	0	0	1.0	0	0	0	0	1.0	0	0	2.0	2.0	0	0	0	0	4.0	0	0	1.0	24.0	3.0	17.0	4.0	201.0	8.0	134.0	3.0	1.0	0	65.0	12.0	5.0	1.0	4.0	4.0	63.0	2.0	1493.0	223.0	2.0	0	7.0	2.0	90.0	5.0	553.0	23.0	0	0	0	0	0	0	0	0	0	0	0	0	0	0	0	0	0	0	1.0	0	0	0	0	0	0	0	0	0	0	1.0	0	0	0	0	0	1.0	0	0	0	0	0	0	0	0	0	0	0	0	0	0	0	0	0	0	0	0	0	0	0	0	0
sk__Bacteria;k__;p__Proteobacteria;c__Alphaproteobacteria;o__Caulobacterales;f__Caulobacteraceae;g__Asticcacaulis	0	0	0	0	0	0	0	0	4.0	0	187.0	20.0	31.0	5.0	1.0	0	1.0	0	2.0	0	0	0	0	3.0	0	0	0	0	0	0	0	9.0	0	1.0	0	1.0	0	0	0	0	0	0	0	0	0	0	0	9.0	0	1.0	0	2.0	1.0	0	0	0	0	0	0	0	0	0	0	0	0	0	0	0	0	0	0	0	0	0	0	0	0	1.0	0	26.0	8.0	0	0	0	0	2.0	1.0	4.0	1.0	69.0	6.0	83.0	7.0	76.0	5.0	66.0	5.0	1.0	0	145.0	10.0	6.0	0	4.0	1.0	19.0	5.0	190.0	74.0	1.0	0	7.0	1.0	17.0	1.0	212.0	19.0	0	0	0	0	0	0	0	0	0	0	0	0	0	0	0	0	0	0	9.0	0	0	0	0	0	0	0	1.0	0	0	1.0	0	0	0	0	0	0	0	0	0	0	0	0	0	0	0	0	0	0	0	0	0	0	0	0	0	0	0	0	0	0	0
sk__Bacteria;k__;p__Proteobacteria;c__Alphaproteobacteria;o__Caulobacterales;f__Caulobacteraceae;g__Asticcacaulis;s__Asticcacaulis_sp._d5(2011)	0	0	0	0	0	0	0	0	0	0	0	0	0	0	0	0	0	0	0	0	0	0	0	0	0	0	0	0	0	0	0	0	0	0	0	0	0	0	0	0	0	0	0	0	0	0	0	0	0	0	0	0	0	0	0	0	0	0	0	0	0	0	0	0	0	0	0	0	0	0	0	0	0	0	0	0	0	0	0	0	0	0	0	0	0	0	0	0	0	0	0	0	0	0	0	0	0	0	0	0	0	0	0	0	0	0	0	0	0	0	0	0	0	0	0	1.0	0	0	0	0	0	0	0	0	0	0	0	0	0	0	0	0	0	0	0	0	0	0	0	0	0	0	0	0	0	0	0	0	0	0	0	0	0	0	0	0	0	0	0	0	0	0	0	0	0	0	0	0	0	0	0	0	0	0	0	0	0	0
sk__Bacteria;k__;p__Proteobacteria;c__Alphaproteobacteria;o__Caulobacterales;f__Caulobacteraceae;g__Brevundimonas	7.0	0	4.0	0	0	0	0	0	237.0	3.0	308.0	34.0	347.0	47.0	1.0	0	80.0	1.0	0	288.0	35.0	185.0	76.0	33.0	0	4.0	0	1.0	0	0	0	112.0	7.0	0	0	11.0	0	0	0	1.0	0	0	0	24.0	0	0	0	214.0	2.0	36.0	0	5.0	1.0	0	0	0	0	0	0	3.0	0	0	0	10.0	0	0	0	0	0	0	0	2.0	0	2.0	0	2.0	0	2.0	0	18.0	3.0	3.0	0	18.0	1.0	36.0	10.0	5.0	4.0	34.0	3.0	62.0	3.0	127.0	16.0	76.0	7.0	8.0	0	214.0	18.0	15.0	3.0	94.0	7.0	89.0	4.0	478.0	131.0	21.0	0	132.0	11.0	52.0	5.0	466.0	9.0	1.0	0	0	0	0	0	1.0	0	1.0	0	0	1.0	4.0	0	6.0	0	1.0	0	67.0	0	12.0	0	5.0	0	0	0	16.0	0	0	3.0	0	8.0	0	0	0	0	0	0	0	0	0	0	0	0	0	0	0	0	0	0	0	0	0	0	0	0	0	0	0	0	0
sk__Bacteria;k__;p__Proteobacteria;c__Alphaproteobacteria;o__Caulobacterales;f__Caulobacteraceae;g__Caulobacter	0	0	0	0	0	0	0	0	5.0	0	9.0	31.0	0	1.0	0	0	0	0	0	2.0	1.0	2.0	2.0	0	0	0	0	0	0	0	1.0	10.0	2.0	0	0	0	0	0	0	0	0	0	0	1.0	1.0	0	0	0	0	0	0	0	0	0	0	0	0	0	0	0	1.0	0	0	0	0	0	0	0	0	0	0	0	0	0	0	1.0	0	0	0	11.0	3.0	0	0	0	2.0	4.0	1.0	3.0	0	13.0	5.0	18.0	4.0	1.0	20.0	3.0	12.0	0	0	40.0	21.0	9.0	2.0	6.0	0	8.0	5.0	22.0	767.0	1.0	0	1.0	1.0	1.0	2.0	8.0	56.0	0	0	0	0	0	0	0	0	0	0	0	0	0	0	0	0	0	0	1.0	0	0	0	0	0	0	0	0	0	0	0	0	1.0	0	0	0	0	0	0	0	0	0	0	0	0	0	0	0	0	0	0	0	0	0	0	0	0	0	0	0	0	0
sk__Bacteria;k__;p__Proteobacteria;c__Alphaproteobacteria;o__Caulobacterales;f__Caulobacteraceae;g__Phenylobacterium	0	0	0	0	0	0	0	0	0	0	0	0	0	0	0	0	0	0	0	0	0	0	0	0	0	0	0	0	0	0	0	0	0	0	0	0	0	0	0	0	0	0	0	4.0	0	0	0	0	0	0	0	1.0	0	0	0	0	0	0	0	0	0	0	0	0	0	0	0	0	0	0	0	0	0	0	0	0	0	0	0	0	0	0	0	0	0	0	0	0	0	0	0	0	0	0	0	0	0	0	0	0	0	0	0	0	0	0	0	0	0	0	0	0	0	0	0	0	0	0	0	0	0	0	0	0	0	0	0	0	0	0	0	0	0	0	0	0	0	0	0	0	0	0	0	0	0	0	0	0	0	0	0	0	0	0	0	0	0	0	0	0	0	0	0	0	0	0	0	0	0	0	0	0	0	0	0	0	0	0
sk__Bacteria;k__;p__Proteobacteria;c__Alphaproteobacteria;o__Holosporales;f__Candidatus_Paracaedibacteraceae;g__Candidatus_Finniella	0	0	0	0	0	0	0	0	0	0	0	0	0	0	0	0	0	0	0	0	0	0	0	0	0	0	0	0	0	0	0	0	0	0	0	0	0	0	0	0	0	0	0	1.0	0	0	0	0	0	0	0	0	0	0	0	0	0	0	0	0	0	0	0	0	0	0	0	0	0	0	0	0	0	0	0	0	0	0	0	0	0	0	0	0	0	0	0	0	0	0	0	0	0	0	0	0	0	0	0	0	0	0	0	0	0	0	0	0	0	0	0	0	0	0	0	0	0	0	0	0	0	0	0	0	0	0	0	0	0	0	0	0	0	0	0	0	0	0	0	0	0	0	0	0	0	0	0	0	0	0	0	0	0	0	0	0	0	0	0	0	0	0	0	0	0	0	0	0	0	0	0	0	0	0	0	0	0	0
sk__Bacteria;k__;p__Proteobacteria;c__Alphaproteobacteria;o__Micropepsales;f__Micropepsaceae;g__Rhizomicrobium	0	0	0	0	0	0	0	0	0	0	0	0	1.0	0	0	0	0	0	0	0	0	0	0	0	0	0	0	0	0	0	0	0	0	0	0	0	0	0	0	0	0	0	0	0	0	0	0	0	0	0	0	0	0	0	0	0	0	0	0	0	0	0	0	0	0	0	0	0	0	0	0	0	0	0	0	0	0	0	0	0	0	0	0	0	0	0	0	0	0	0	0	0	0	0	0	0	0	0	0	0	0	0	0	0	0	0	0	0	0	0	0	0	0	0	0	0	0	0	0	0	0	0	0	0	0	0	0	0	0	0	0	0	0	0	0	0	0	0	0	0	0	0	0	0	0	0	0	0	0	0	0	0	0	0	0	0	0	0	0	0	0	0	0	0	0	0	0	0	0	0	0	0	0	0	0	0	0	0
sk__Bacteria;k__;p__Proteobacteria;c__Alphaproteobacteria;o__Rhizobiales	7.0	3.0	2.0	2.0	3.0	0	0	0	6.0	0	11.0	0	7.0	0	0	0	0	0	0	0	0	0	0	6.0	0	0	0	0	0	0	0	4.0	0	0	0	4.0	0	0	0	0	0	0	0	3.0	0	0	0	10.0	0	2.0	0	0	1.0	0	0	0	0	0	0	0	0	0	0	8.0	17.0	6.0	0	1.0	0	2.0	2.0	2.0	0	2.0	0	1.0	0	3.0	0	4.0	3.0	0	0	3.0	0	1.0	0	1.0	0	1.0	1.0	6.0	1.0	4.0	0	0	0	2.0	0	17.0	3.0	4.0	0	7.0	1.0	5.0	0	34.0	3.0	1.0	0	1.0	1.0	8.0	0	11.0	0	1.0	0	0	0	0	0	0	0	0	0	9.0	0	1.0	1.0	6.0	0	0	0	1.0	0	3.0	0	0	0	0	0	1.0	0	0	1.0	0	12.0	0	0	0	2.0	0	0	0	0	0	0	0	0	0	0	0	0	0	0	0	0	0	1.0	0	0	0	0	0	1.0	0
sk__Bacteria;k__;p__Proteobacteria;c__Alphaproteobacteria;o__Rhizobiales;f__Aurantimonadaceae;g__Aureimonas	0	0	0	0	0	0	0	0	0	0	0	0	0	0	0	0	0	0	0	0	0	0	0	1.0	0	0	0	0	0	0	0	0	0	0	0	0	0	0	0	0	0	0	0	0	0	0	0	0	0	0	0	0	0	0	0	0	0	0	0	0	0	0	0	0	0	0	0	0	0	0	0	0	0	0	0	0	0	0	0	0	0	0	0	0	0	0	0	0	0	0	0	0	0	0	0	0	0	0	0	0	0	0	0	0	0	0	0	0	0	0	0	0	0	0	0	0	0	0	0	0	0	0	0	0	0	0	0	0	0	0	0	0	0	0	0	0	0	0	0	0	0	0	0	0	0	0	0	0	0	0	0	0	0	0	0	0	0	0	0	0	0	0	0	0	0	0	0	0	0	0	0	0	0	0	0	0	0	0
sk__Bacteria;k__;p__Proteobacteria;c__Alphaproteobacteria;o__Rhizobiales;f__Beijerinckiaceae	0	0	0	0	0	0	0	0	0	0	4.0	0	3.0	1.0	0	0	0	0	0	0	0	0	0	0	0	0	0	0	0	0	0	1.0	0	0	0	0	0	0	0	0	0	0	0	1.0	0	0	0	0	0	0	0	0	0	0	0	0	0	0	1.0	0	0	0	0	0	0	0	0	0	0	0	0	0	0	0	0	0	0	1.0	0	5.0	0	0	0	0	0	0	0	0	0	1.0	0	0	0	0	0	0	0	0	0	2.0	0	0	0	0	0	0	0	10.0	0	0	0	0	0	0	0	2.0	0	0	0	0	0	0	0	0	0	0	0	0	1.0	0	0	0	0	0	0	0	0	0	0	0	0	0	0	0	0	0	0	0	1.0	1.0	0	0	0	0	0	0	0	0	0	0	0	0	0	0	0	0	0	0	0	0	0	0	0	0	0	0	0	0
sk__Bacteria;k__;p__Proteobacteria;c__Alphaproteobacteria;o__Rhizobiales;f__Bradyrhizobiaceae	1.0	0	0	0	0	0	0	0	0	0	0	0	0	1.0	0	1.0	0	0	1.0	0	0	0	0	0	0	0	0	0	0	0	0	0	0	0	0	0	0	0	0	2.0	0	0	0	1.0	0	0	0	1.0	0	0	0	4.0	0	0	0	0	0	0	0	0	0	0	0	0	0	0	0	0	0	0	0	0	0	0	0	0	0	0	0	0	0	0	1.0	0	0	0	0	0	0	0	0	1.0	0	0	1.0	0	0	1.0	1.0	6.0	1.0	0	0	0	0	0	0	0	9.0	0	0	0	0	0	1.0	0	0	0	0	0	0	0	0	0	0	0	0	0	1.0	0	0	0	0	0	0	0	0	0	0	0	0	0	0	0	0	1.0	0	0	0	4.0	0	0	0	0	0	0	0	0	0	0	0	0	0	0	0	0	0	0	0	0	0	0	0	0	0	0	0	0
sk__Bacteria;k__;p__Proteobacteria;c__Alphaproteobacteria;o__Rhizobiales;f__Bradyrhizobiaceae;g__Bosea	0	0	0	0	0	0	0	0	0	0	0	0	0	0	0	0	0	0	0	0	0	0	0	0	0	0	0	0	0	0	0	0	0	0	0	0	0	0	0	0	0	0	0	1.0	0	0	0	0	0	0	0	0	0	0	0	0	0	0	0	0	0	0	0	0	0	0	0	0	0	0	0	0	0	0	0	0	0	0	0	0	0	0	0	0	0	0	0	0	0	0	0	0	0	0	0	0	0	0	0	0	0	0	0	0	0	0	0	0	0	0	0	0	0	0	0	0	0	0	0	0	0	0	0	0	0	0	0	0	0	0	0	0	0	0	0	0	0	0	0	0	0	0	0	0	0	0	0	0	0	0	0	0	0	0	0	0	0	0	0	0	0	0	0	0	0	0	0	0	0	0	0	0	0	0	0	0	0	0
sk__Bacteria;k__;p__Proteobacteria;c__Alphaproteobacteria;o__Rhizobiales;f__Bradyrhizobiaceae;g__Bradyrhizobium	0	0	0	0	0	0	0	0	0	0	0	0	0	0	0	0	0	0	0	0	0	0	0	0	0	0	0	0	0	0	0	0	0	0	0	0	0	0	0	0	0	0	0	0	0	0	0	0	0	0	0	0	0	0	0	0	0	0	0	0	0	0	0	0	0	0	0	0	0	0	0	0	0	0	0	0	0	0	0	0	0	0	0	0	0	0	0	0	0	0	0	0	0	0	0	0	0	0	0	2.0	0	0	0	0	0	0	0	4.0	0	0	0	0	0	0	0	0	0	0	0	0	0	0	0	0	0	0	0	0	0	0	0	0	0	0	0	1.0	0	0	0	0	0	0	0	0	0	0	0	0	0	0	0	0	0	0	0	0	0	0	0	0	0	0	0	0	0	0	0	0	0	0	0	0	0	0	0	0	0	0
sk__Bacteria;k__;p__Proteobacteria;c__Alphaproteobacteria;o__Rhizobiales;f__Bradyrhizobiaceae;g__Rhodopseudomonas	0	0	0	0	0	0	0	0	0	0	0	0	0	0	0	0	0	0	0	0	0	0	0	0	0	0	0	0	0	0	0	0	0	0	0	0	0	0	0	0	0	0	0	0	0	0	0	0	0	0	0	0	0	0	0	0	0	0	0	0	0	0	0	0	0	0	0	0	0	0	0	0	0	0	0	0	0	0	0	0	0	0	0	0	0	0	0	0	0	0	0	0	0	0	0	0	0	0	0	0	0	0	0	0	0	0	0	0	0	0	0	0	0	0	0	0	0	0	0	0	0	0	0	0	0	0	0	0	0	0	0	0	0	0	0	0	0	0	0	0	0	0	0	0	0	0	0	0	1.0	0	0	0	0	0	0	0	0	0	0	0	0	0	0	0	0	0	0	0	0	0	0	0	0	0	0	0	0	0
sk__Bacteria;k__;p__Proteobacteria;c__Alphaproteobacteria;o__Rhizobiales;f__Chelatococcaceae;g__Camelimonas	0	0	0	0	0	0	0	0	0	0	0	0	0	0	0	0	0	0	0	0	0	0	0	0	0	0	0	0	0	0	0	0	0	0	0	1.0	0	0	0	0	0	0	0	0	0	0	0	0	0	0	0	0	0	0	0	0	0	0	0	0	0	0	0	0	0	0	0	0	0	0	0	0	0	0	0	0	0	0	0	0	0	0	0	0	0	0	0	0	0	0	0	0	0	0	0	0	0	0	0	0	0	0	0	0	0	0	0	3.0	0	0	0	0	0	0	0	0	0	0	0	0	0	0	0	0	0	0	0	1.0	0	0	0	0	0	0	0	1.0	0	0	0	0	0	0	0	0	0	0	0	0	1.0	0	0	0	0	0	0	0	0	0	0	0	0	0	0	0	0	0	0	0	0	0	0	0	0	0	0	0	0	0
sk__Bacteria;k__;p__Proteobacteria;c__Alphaproteobacteria;o__Rhizobiales;f__Hyphomicrobiaceae	0	0	0	0	0	0	0	0	0	0	0	0	0	0	0	0	0	0	0	0	0	0	0	0	0	0	0	0	0	0	0	0	0	0	0	0	0	0	0	0	0	0	0	1.0	0	0	0	0	0	0	0	0	0	0	0	0	0	0	0	0	0	0	0	0	0	0	0	0	0	0	0	0	0	0	0	0	0	0	0	0	0	0	0	0	0	0	0	0	0	0	0	0	0	0	0	0	0	0	0	1.0	0	0	0	0	0	0	0	0	0	0	0	0	0	0	0	0	0	0	0	0	0	0	0	0	0	0	0	0	0	0	0	0	0	0	0	0	0	0	0	0	0	0	0	0	0	0	0	0	0	0	0	0	0	0	0	0	0	0	0	0	0	0	0	0	0	0	0	0	0	0	0	0	0	0	0	0	0	0
sk__Bacteria;k__;p__Proteobacteria;c__Alphaproteobacteria;o__Rhizobiales;f__Hyphomicrobiaceae;g__Devosia	1.0	1.0	0	0	0	0	0	0	0	0	0	0	0	0	0	0	0	0	0	0	0	0	0	0	0	0	0	0	0	0	0	0	0	0	0	0	0	0	0	0	0	0	0	0	0	0	0	0	0	0	0	0	0	0	0	1.0	0	0	0	0	0	0	0	0	2.0	0	0	0	0	0	0	0	0	0	0	0	0	0	0	0	0	0	0	0	0	0	0	0	0	0	0	0	0	0	0	0	0	0	0	0	0	0	0	0	0	0	0	0	1.0	0	0	0	0	0	0	0	0	0	0	0	0	0	0	0	0	0	0	0	0	0	0	0	0	0	0	0	0	0	0	0	0	0	0	0	0	0	0	0	0	0	0	0	0	0	0	0	0	0	0	0	0	0	0	0	0	0	0	0	0	0	0	0	0	0	0	0	0	0
sk__Bacteria;k__;p__Proteobacteria;c__Alphaproteobacteria;o__Rhizobiales;f__Hyphomicrobiaceae;g__Hyphomicrobium	1.0	0	1.0	0	0	1.0	0	0	0	0	0	0	0	1.0	0	0	0	0	0	0	0	0	0	0	0	0	0	0	0	0	0	0	0	0	0	4.0	0	0	0	0	0	0	0	0	0	0	0	0	0	0	0	0	0	0	0	0	0	0	0	0	0	0	0	0	0	0	0	0	0	0	0	0	0	0	0	0	0	0	0	3.0	0	0	0	0	0	0	0	0	0	1.0	0	2.0	0	0	0	0	0	0	0	3.0	0	0	0	0	0	0	0	0	0	0	0	0	0	0	0	0	0	0	0	0	0	0	0	0	0	0	0	0	0	0	0	1.0	0	0	0	0	0	0	0	0	0	0	0	0	0	0	0	0	3.0	0	0	0	0	0	0	0	0	0	0	0	0	0	0	0	0	0	0	0	0	0	1.0	0	0	0	0	0	0	0
sk__Bacteria;k__;p__Proteobacteria;c__Alphaproteobacteria;o__Rhizobiales;f__Hyphomicrobiaceae;g__Pedomicrobium	0	0	0	0	0	0	0	0	0	0	0	0	0	0	0	0	0	0	0	0	0	0	0	0	0	0	0	0	0	0	0	0	0	0	0	0	0	0	0	0	0	0	0	0	0	0	0	0	0	0	0	0	0	0	0	0	0	0	0	0	0	0	0	0	0	1.0	0	0	0	0	0	0	0	0	0	0	0	0	0	0	0	0	0	0	0	0	0	0	0	0	0	0	0	0	0	0	0	0	0	0	0	0	0	0	0	0	0	0	0	0	0	0	0	0	0	0	0	0	0	0	0	0	0	0	0	0	0	0	0	0	0	0	0	0	0	0	0	0	0	0	0	0	0	1.0	0	0	0	0	0	0	0	0	0	0	0	0	0	0	0	0	0	0	0	0	0	0	0	0	0	0	0	0	0	0	0	0	0	0
sk__Bacteria;k__;p__Proteobacteria;c__Alphaproteobacteria;o__Rhizobiales;f__Methylobacteriaceae	0	0	0	0	0	0	0	0	2.0	0	0	0	0	1.0	0	0	0	0	0	0	0	0	0	0	0	0	0	0	0	0	0	0	0	0	0	0	0	0	0	0	0	0	0	0	0	0	0	0	0	0	0	0	0	0	0	0	0	0	0	0	0	0	0	0	0	0	0	0	0	0	0	0	0	0	0	0	0	0	0	0	0	0	0	0	0	0	0	0	0	1.0	0	0	0	1.0	1.0	0	0	0	0	0	1.0	0	0	0	0	0	0	0	6.0	0	0	0	0	0	0	0	0	0	0	0	0	0	0	0	0	0	0	0	0	0	0	0	0	0	0	0	0	0	0	0	0	0	0	0	0	0	0	0	1.0	0	0	0	0	0	0	0	0	0	0	0	0	0	0	0	0	0	0	0	0	0	0	0	0	0	0	0	0	0
sk__Bacteria;k__;p__Proteobacteria;c__Alphaproteobacteria;o__Rhizobiales;f__Methylobacteriaceae;g__Methylobacterium	4.0	0	15.0	0	3.0	0	0	0	36.0	0	39.0	2.0	47.0	5.0	4.0	0	3.0	0	0	6.0	0	3.0	0	3.0	0	0	0	0	0	2.0	1.0	9.0	1.0	2.0	0	4.0	0	0	0	0	0	0	0	42.0	2.0	0	0	21.0	1.0	1.0	0	1.0	0	2.0	3.0	0	1.0	0	0	0	0	0	0	1.0	0	0	0	0	0	1.0	0	1.0	0	1.0	0	0	0	0	0	45.0	8.0	1.0	0	3.0	1.0	6.0	0	6.0	0	55.0	2.0	89.0	2.0	10.0	3.0	7.0	0	4.0	0	249.0	13.0	4.0	0	6.0	2.0	18.0	2.0	84.0	10.0	3.0	0	8.0	1.0	15.0	1.0	36.0	1.0	0	0	0	0	0	0	3.0	0	1.0	0	2.0	3.0	1.0	0	11.0	1.0	0	0	1.0	0	2.0	0	0	0	0	0	0	0	0	0	0	7.0	0	0	0	0	0	0	0	1.0	0	2.0	0	0	0	0	0	0	0	0	0	0	0	0	0	1.0	0	0	0	0	0
sk__Bacteria;k__;p__Proteobacteria;c__Alphaproteobacteria;o__Rhizobiales;f__Methylobacteriaceae;g__Methylobacterium;s__Methylobacterium_indicum	0	0	0	0	0	0	0	0	0	0	0	0	0	0	0	0	0	0	0	0	0	0	0	0	0	0	0	0	0	0	0	0	0	0	0	0	0	0	0	0	0	0	0	0	0	0	0	0	0	0	0	0	0	0	0	0	0	0	0	0	0	0	0	0	0	0	0	0	0	0	0	0	0	0	0	0	0	0	0	0	0	0	0	0	0	0	0	0	0	0	0	0	0	0	0	0	0	0	0	0	1.0	0	0	0	0	0	0	0	0	0	0	0	0	0	0	0	0	0	0	0	0	0	0	0	0	0	0	0	1.0	0	0	0	0	0	0	0	0	0	0	0	0	0	0	0	0	0	0	0	0	0	0	0	0	0	0	0	0	0	0	0	0	0	0	0	0	0	0	0	0	0	0	0	0	0	0	0	0	0
sk__Bacteria;k__;p__Proteobacteria;c__Alphaproteobacteria;o__Rhizobiales;f__Methylobacteriaceae;g__Methylobacterium;s__Methylobacterium_sp._SKJH-15	0	0	0	0	0	0	0	0	0	0	0	0	0	0	0	0	0	0	0	0	0	0	0	0	0	0	0	0	0	0	0	0	1.0	0	0	0	0	0	0	0	0	0	0	0	0	0	0	0	1.0	0	0	0	0	0	0	0	0	0	0	0	0	0	0	0	0	0	0	0	0	0	0	0	0	0	0	0	0	0	0	0	0	0	0	0	0	0	1.0	0	0	0	0	0	0	0	0	0	0	0	0	0	0	0	0	0	0	0	0	0	1.0	0	0	0	0	0	0	0	0	0	0	0	0	0	0	0	0	0	0	0	0	0	0	0	0	0	0	0	0	0	0	0	0	0	0	0	0	0	0	0	0	0	0	0	0	0	0	0	0	0	0	0	0	0	0	0	0	0	0	0	0	0	0	0	0	0	0	0	0	0
sk__Bacteria;k__;p__Proteobacteria;c__Alphaproteobacteria;o__Rhizobiales;f__Methylobacteriaceae;g__Methylobacterium;s__Methylobacterium_variabile	0	0	0	0	0	0	0	0	0	0	0	0	0	1.0	0	0	0	0	0	0	0	0	0	0	0	0	0	0	0	0	0	0	0	0	0	0	0	0	0	0	0	0	0	0	0	0	0	0	0	0	0	0	0	0	0	0	0	0	0	0	0	0	0	0	0	0	0	0	0	0	0	0	0	0	0	0	0	0	0	0	0	0	0	0	0	0	0	0	0	0	0	0	0	0	0	0	0	0	0	0	0	0	0	0	0	0	0	0	0	0	0	0	0	0	0	0	0	0	0	0	0	0	0	0	0	0	0	0	0	0	0	0	0	0	0	0	0	0	0	0	0	0	0	0	0	0	0	0	0	0	0	0	0	0	0	0	0	0	0	0	0	0	0	0	0	0	0	0	0	0	0	0	0	0	0	0	0	0
sk__Bacteria;k__;p__Proteobacteria;c__Alphaproteobacteria;o__Rhizobiales;f__Methylobacteriaceae;g__Psychroglaciecola	0	0	0	0	0	0	0	0	0	0	0	0	0	0	0	0	0	0	0	0	0	0	0	0	0	0	0	0	0	0	0	1.0	0	0	0	0	0	0	0	0	0	0	0	0	0	0	0	0	0	0	0	0	0	0	0	0	0	0	0	0	0	0	0	0	0	0	0	0	0	0	0	0	0	0	0	0	0	0	0	0	0	0	0	0	0	0	0	0	0	0	0	0	0	0	0	0	0	0	0	1.0	0	0	0	0	0	0	0	0	0	0	0	0	0	0	0	0	0	0	0	0	0	0	0	0	0	0	0	0	0	0	0	0	0	0	0	0	0	0	0	0	0	0	0	0	0	0	0	0	0	0	0	0	0	0	0	0	0	0	0	0	0	0	0	0	0	0	0	0	0	0	0	0	0	0	0	0	0	0
sk__Bacteria;k__;p__Proteobacteria;c__Alphaproteobacteria;o__Rhizobiales;f__Methylocystaceae;g__Chthonobacter	0	0	0	0	0	0	0	0	0	0	0	0	0	0	0	0	0	0	0	0	0	0	0	0	0	0	0	0	0	0	0	0	0	0	0	0	0	0	0	0	0	0	0	0	0	0	0	0	0	0	0	0	0	0	0	0	0	0	0	0	0	0	0	1.0	0	0	0	0	0	0	0	0	0	0	0	0	0	0	0	0	0	0	0	0	0	0	0	0	0	0	0	0	0	0	0	0	0	0	0	0	0	0	0	0	0	0	0	0	0	0	0	0	0	0	0	0	0	0	0	0	0	0	0	0	0	0	0	0	0	0	0	0	0	0	0	0	0	0	0	0	0	0	0	0	0	0	0	0	0	0	0	0	0	0	0	0	0	0	0	0	0	0	0	0	0	0	0	0	0	0	0	0	0	0	0	0	0	0
sk__Bacteria;k__;p__Proteobacteria;c__Alphaproteobacteria;o__Rhizobiales;f__Rhizobiaceae	2.0	0	1.0	3.0	0	0	0	0	1.0	1.0	0	0	5.0	1.0	0	0	0	0	0	1.0	0	0	0	0	0	0	0	0	0	0	0	0	0	0	0	0	0	0	0	0	0	0	0	0	0	0	0	1.0	0	0	0	0	0	0	0	0	0	0	0	0	0	1.0	0	1.0	2.0	0	0	1.0	0	1.0	0	0	0	0	0	0	0	0	0	5.0	2.0	0	0	0	0	0	1.0	0	0	6.0	8.0	0	2.0	0	0	0	0	0	0	19.0	15.0	0	1.0	2.0	0	0	0	9.0	0	0	0	1.0	2.0	1.0	0	2.0	0	0	0	0	0	0	0	0	0	0	0	0	0	0	0	0	0	0	0	0	0	0	0	0	0	0	0	0	0	1.0	0	0	1.0	0	0	0	0	0	0	0	0	0	0	0	0	0	0	0	0	0	0	0	0	0	0	0	0	0	0	0	0	0
sk__Bacteria;k__;p__Proteobacteria;c__Alphaproteobacteria;o__Rhizobiales;f__Rhizobiaceae;g__Agrobacterium	0	0	0	0	0	0	0	0	0	0	0	0	0	1.0	0	0	0	0	0	0	0	0	0	0	0	0	0	0	0	0	0	0	0	0	0	0	0	0	0	0	0	0	0	0	0	0	0	0	0	0	0	0	0	0	0	0	0	0	0	0	0	0	0	0	0	0	0	0	0	0	0	0	0	0	0	0	0	0	0	0	0	0	0	0	0	0	0	0	0	0	0	0	0	0	0	0	0	0	0	0	0	0	0	0	0	0	0	0	0	0	0	0	1.0	0	0	0	0	0	0	0	0	0	0	0	0	0	0	0	0	0	0	0	0	0	0	0	0	0	0	0	0	0	0	0	0	0	0	0	0	0	0	0	0	0	0	0	0	0	0	0	0	0	0	0	0	0	0	0	0	0	0	0	0	0	0	0	0	0
sk__Bacteria;k__;p__Proteobacteria;c__Alphaproteobacteria;o__Rhizobiales;f__Rhizobiaceae;g__Rhizobium	0	0	0	0	0	0	0	0	2.0	0	0	0	6.0	0	0	0	0	0	0	0	0	0	0	0	0	0	0	0	0	0	0	1.0	0	0	0	0	0	0	0	0	0	0	0	0	0	0	0	0	0	0	0	0	0	0	0	0	0	0	0	0	0	0	0	0	0	0	0	0	0	0	0	0	0	0	0	0	0	0	0	9.0	1.0	0	0	0	0	0	0	0	0	16.0	0	6.0	0	2.0	0	0	0	0	0	34.0	0	0	0	2.0	0	0	0	2.0	1.0	0	0	0	0	0	0	2.0	0	0	0	0	0	0	0	0	0	0	0	0	0	0	0	0	0	0	0	0	0	0	0	0	0	0	0	0	0	0	0	0	0	0	0	0	0	0	0	0	0	0	0	0	0	0	0	0	0	0	0	0	0	0	0	0	0	0	0	0	0	0
sk__Bacteria;k__;p__Proteobacteria;c__Alphaproteobacteria;o__Rhizobiales;f__Rhizobiaceae;g__Rhizobium;s__Rhizobium_sp._Leaf383	0	0	0	0	0	0	0	0	0	0	0	0	0	0	0	0	0	0	0	0	0	0	0	0	0	0	0	0	0	0	0	0	0	0	0	0	0	0	0	0	0	0	0	0	0	0	0	0	0	0	0	0	0	0	0	0	0	0	0	0	0	0	0	0	0	0	0	0	0	0	0	0	0	0	0	0	0	0	0	0	0	0	0	0	0	0	0	0	0	0	0	0	0	0	0	0	0	0	0	0	0	0	0	0	0	0	0	0	0	0	0	0	0	0	0	0	0	0	0	0	0	0	0	0	0	0	0	0	1.0	0	0	0	0	0	0	0	0	0	0	0	0	0	0	0	0	0	0	0	0	0	0	0	0	0	0	0	0	0	0	0	0	0	0	0	0	0	0	0	0	0	0	0	0	0	0	0	0	0
sk__Bacteria;k__;p__Proteobacteria;c__Alphaproteobacteria;o__Rhizobiales;f__Rhizobiaceae;g__Rhizobium;s__Rhizobium_sp._R-24663	0	0	0	0	0	0	0	0	0	0	0	0	0	0	0	0	0	0	0	0	0	0	0	0	0	0	0	0	0	0	0	0	0	0	0	0	0	0	0	0	0	0	0	0	0	0	0	0	0	0	0	0	0	0	0	0	0	0	0	0	0	0	0	0	0	0	0	0	0	0	0	0	0	0	0	0	0	0	0	0	0	0	0	0	0	0	0	0	0	0	1.0	0	1.0	0	0	0	0	0	0	0	1.0	0	0	0	0	0	0	0	1.0	0	0	0	0	0	0	0	0	0	0	0	0	0	0	0	0	0	0	0	0	0	0	0	0	0	0	0	0	0	0	0	0	0	0	0	0	0	0	0	0	0	0	0	0	0	0	0	0	0	0	0	0	0	0	0	0	0	0	0	0	0	0	0	0	0	0	0	0	0
sk__Bacteria;k__;p__Proteobacteria;c__Alphaproteobacteria;o__Rhizobiales;f__Xanthobacteraceae	0	0	0	0	0	0	0	0	0	0	3.0	0	0	0	0	0	0	0	0	0	0	0	0	0	0	0	0	0	0	0	0	0	0	0	0	0	0	0	0	0	0	0	0	0	0	0	0	0	0	0	0	0	0	0	0	0	0	0	0	0	0	0	0	0	0	0	0	0	0	0	0	0	0	0	0	0	0	1.0	0	28.0	0	0	0	10.0	0	1.0	0	9.0	0	1.0	0	7.0	1.0	1.0	0	0	0	5.0	1.0	6.0	0	0	0	0	0	0	0	38.0	3.0	1.0	0	0	0	0	0	7.0	0	0	0	0	0	0	0	0	0	0	0	0	0	0	0	0	0	0	0	0	0	0	0	0	0	0	0	0	0	0	0	0	0	0	0	0	0	0	0	0	0	0	0	0	0	0	0	0	0	0	0	0	0	0	0	0	0	0	0	0	0	0
sk__Bacteria;k__;p__Proteobacteria;c__Alphaproteobacteria;o__Rhizobiales;f__Xanthobacteraceae;g__Xanthobacter	0	0	0	0	0	0	0	0	0	0	0	0	1.0	0	0	0	0	0	0	0	0	0	0	0	0	0	0	0	0	0	0	0	0	0	0	0	0	0	0	0	0	0	0	0	0	0	0	1.0	0	0	0	0	0	0	0	0	0	0	0	0	0	0	0	0	0	0	0	0	0	0	0	0	0	1.0	0	0	0	0	0	3.0	0	0	0	0	0	0	0	2.0	0	0	0	0	0	0	0	0	0	1.0	0	0	0	0	0	0	0	0	0	4.0	0	0	0	0	0	0	0	1.0	0	0	0	0	0	0	0	0	0	0	0	1.0	0	0	0	0	0	0	0	0	0	0	0	0	0	0	0	0	0	0	0	0	0	0	0	0	0	0	0	0	0	0	0	0	0	0	0	0	0	0	0	0	0	0	0	0	0	0	0	0	0	0
sk__Bacteria;k__;p__Proteobacteria;c__Alphaproteobacteria;o__Rhodobacterales	0	0	0	0	0	0	0	0	0	1.0	0	0	0	0	0	0	0	0	0	0	0	1.0	0	0	0	0	0	0	0	0	0	0	0	0	0	0	0	0	0	0	0	0	0	0	0	0	0	0	0	0	0	0	0	0	0	0	0	0	0	0	0	0	0	0	0	0	0	0	0	0	0	0	0	0	0	0	0	0	0	0	0	0	0	0	0	0	0	0	0	0	0	0	0	0	0	0	0	0	0	0	0	0	0	0	0	0	0	0	0	0	0	0	0	0	0	0	0	0	0	0	0	0	0	0	0	0	0	0	0	0	0	0	0	0	0	0	0	0	0	0	0	0	0	0	0	0	0	0	0	0	0	0	0	0	0	0	0	0	0	0	0	0	0	0	0	0	0	0	0	0	0	0	0	0	0	0	0	0
sk__Bacteria;k__;p__Proteobacteria;c__Alphaproteobacteria;o__Rhodobacterales;f__Hyphomonadaceae	0	0	0	0	0	0	0	0	0	0	0	0	0	0	0	0	0	0	0	0	0	0	0	0	0	0	0	0	0	1.0	0	0	0	0	0	0	0	0	0	0	0	0	0	0	0	0	0	0	0	0	0	0	0	0	0	0	0	0	0	0	0	0	0	0	0	0	0	0	0	0	0	0	0	0	0	0	0	0	0	0	0	0	0	0	0	0	0	0	0	0	0	0	0	0	0	0	0	0	0	0	0	0	0	0	0	0	0	0	0	0	0	0	0	0	0	0	0	0	0	0	0	0	0	0	0	0	0	0	0	0	0	0	0	0	0	0	0	0	0	0	0	0	0	0	0	0	0	0	0	0	0	0	0	0	0	0	0	0	0	0	0	0	0	0	0	0	0	0	0	0	0	0	0	0	0	0	0	0
sk__Bacteria;k__;p__Proteobacteria;c__Alphaproteobacteria;o__Rhodobacterales;f__Hyphomonadaceae;g__Hirschia	0	0	0	0	0	0	0	0	0	0	0	0	0	0	0	0	0	0	0	0	0	0	0	0	0	0	0	0	0	0	0	0	0	0	0	0	0	0	0	0	0	0	0	1.0	0	0	0	0	0	0	0	0	0	0	0	0	0	0	0	0	0	0	0	0	0	0	0	0	0	0	0	0	0	0	0	0	0	0	0	0	0	0	0	0	0	0	0	0	0	0	0	0	0	0	0	0	0	0	0	0	0	0	0	0	0	0	0	0	0	0	0	0	0	0	0	0	0	0	0	0	0	0	0	0	0	0	0	0	0	0	0	0	0	0	0	0	0	0	0	0	0	0	0	0	0	0	0	0	0	0	0	0	0	0	0	0	0	0	0	0	0	0	0	0	0	0	0	0	0	0	0	0	0	0	0	0	0	0
sk__Bacteria;k__;p__Proteobacteria;c__Alphaproteobacteria;o__Rhodobacterales;f__Rhodobacteraceae	67.0	5.0	34.0	16.0	0	0	0	0	0	0	0	0	1.0	1.0	1.0	0	0	0	0	0	0	2.0	0	1.0	0	0	0	0	0	1.0	1.0	2.0	1.0	0	0	1.0	0	0	0	0	0	0	0	4.0	0	1.0	0	0	0	0	0	0	0	0	0	1.0	0	0	1.0	2.0	0	9.0	0	46.0	23.0	8.0	2.0	7.0	0	7.0	0	15.0	2.0	8.0	0	36.0	6.0	0	0	0	0	0	0	0	0	0	0	0	0	0	0	0	0	0	0	0	1.0	0	0	0	0	0	0	1.0	1.0	0	0	3.0	2.0	0	0	0	0	0	0	0	0	0	0	0	0	0	0	1.0	0	0	0	6.0	0	0	0	0	0	0	0	3.0	0	0	0	0	0	0	0	0	0	0	0	0	3.0	0	0	0	0	0	0	0	0	0	0	0	0	0	0	0	0	0	0	0	0	0	0	0	0	0	0	0	0	0
sk__Bacteria;k__;p__Proteobacteria;c__Alphaproteobacteria;o__Rhodobacterales;f__Rhodobacteraceae;g__Ketogulonicigenium	0	0	0	0	0	0	0	0	0	0	0	0	0	0	0	0	0	0	0	0	0	0	0	0	0	0	0	0	0	0	0	0	0	0	0	0	0	0	0	0	0	0	0	0	0	0	0	0	0	0	0	0	0	0	0	0	0	0	0	0	0	0	0	2.0	0	0	0	0	0	0	0	0	0	0	0	1.0	0	0	0	0	0	0	0	0	0	0	0	0	0	0	0	0	0	0	0	0	0	0	0	0	0	0	0	0	0	0	0	0	0	0	0	0	0	0	0	0	0	0	0	0	0	0	0	0	0	0	0	0	0	0	0	0	0	0	0	0	0	0	0	0	0	0	0	0	0	0	0	0	0	0	0	0	0	0	0	0	0	0	0	0	0	0	0	0	0	0	0	0	0	0	0	0	0	0	0	0	0	0
sk__Bacteria;k__;p__Proteobacteria;c__Alphaproteobacteria;o__Rhodobacterales;f__Rhodobacteraceae;g__Paracoccus	0	0	2.0	4.0	0	0	0	0	0	0	0	0	1.0	0	0	0	0	0	0	0	0	0	0	0	0	0	0	2.0	0	14.0	0	0	0	0	0	0	0	0	0	0	0	0	0	1.0	0	0	0	0	0	0	0	0	0	0	5.0	0	0	0	1.0	0	0	0	0	0	5.0	0	0	0	0	0	0	10.0	0	6.0	1.0	5.0	2.0	0	0	0	0	0	0	0	0	0	0	0	0	0	0	0	0	0	0	0	0	0	0	0	0	0	0	3.0	0	0	0	0	0	0	0	0	0	0	0	0	0	0	0	0	0	0	0	0	0	1.0	0	0	0	0	0	0	0	0	0	0	0	0	0	0	0	0	0	0	0	0	0	0	0	0	0	0	0	0	0	0	0	0	0	0	0	0	1.0	0	0	0	0	0	0	0	0	0	0	0	0	0	0	0
sk__Bacteria;k__;p__Proteobacteria;c__Alphaproteobacteria;o__Rhodobacterales;f__Rhodobacteraceae;g__Paracoccus;s__Paracoccus_yeei	0	0	0	0	0	0	0	0	0	0	0	0	0	0	0	0	0	0	0	0	0	0	0	0	0	0	0	0	0	0	2.0	0	0	0	0	0	0	0	0	0	1.0	0	0	0	0	0	0	0	0	0	0	0	0	1.0	0	4.0	0	0	3.0	0	0	0	0	0	0	0	0	0	0	0	0	0	0	0	0	0	0	0	0	0	0	0	0	0	0	0	0	0	0	0	0	0	0	0	0	0	0	0	0	0	0	0	0	0	1.0	0	0	0	0	0	0	0	0	0	0	0	0	0	0	0	0	0	0	0	0	0	0	0	0	0	0	0	0	0	0	0	0	0	0	0	0	0	0	0	0	0	0	0	0	1.0	0	0	0	0	0	0	0	0	0	0	0	0	0	0	0	0	0	0	0	0	0	0	0	0	0	0	0	0
sk__Bacteria;k__;p__Proteobacteria;c__Alphaproteobacteria;o__Rhodobacterales;f__Rhodobacteraceae;g__Rhodobacter	0	0	0	0	0	0	0	0	0	0	0	0	0	0	0	0	0	0	0	0	0	0	0	0	0	0	0	0	0	0	0	0	0	0	0	0	0	0	0	0	0	0	0	0	0	0	0	0	0	0	0	0	0	0	0	0	0	0	0	0	0	0	0	0	1.0	0	0	0	0	0	0	0	0	0	0	0	0	0	0	0	0	0	0	0	0	0	0	0	0	0	0	0	0	0	0	0	0	0	0	0	0	0	0	0	0	0	0	0	0	0	0	0	0	0	0	0	0	0	0	0	0	0	0	0	0	0	0	0	0	0	0	0	0	0	0	0	0	0	0	0	0	0	0	0	0	0	0	0	0	0	0	0	0	0	0	0	0	0	0	0	0	0	0	0	0	0	0	0	0	0	0	0	0	0	0	0	0	0
sk__Bacteria;k__;p__Proteobacteria;c__Alphaproteobacteria;o__Rhodobacterales;f__Rhodobacteraceae;g__Rubellimicrobium	0	0	5.0	0	0	0	0	0	0	0	0	0	0	0	0	0	0	0	0	0	0	0	0	0	0	0	0	0	0	0	0	0	0	0	0	0	0	0	0	0	0	0	0	0	0	0	0	0	0	0	0	0	0	0	0	0	0	0	0	0	0	0	0	0	0	0	0	0	0	0	0	0	0	0	0	0	0	0	0	0	0	0	0	0	0	0	0	0	0	0	0	0	1.0	0	0	0	0	0	0	0	0	0	0	0	0	0	0	0	0	0	0	0	0	0	0	0	0	0	0	0	0	0	0	0	0	0	0	0	0	0	0	0	0	0	0	0	0	0	0	0	0	0	0	0	0	0	0	0	2.0	0	0	0	0	0	0	0	0	0	0	0	0	0	0	0	0	0	0	0	0	0	0	0	0	0	0	0	0	0
sk__Bacteria;k__;p__Proteobacteria;c__Alphaproteobacteria;o__Rhodospirillales	38.0	3.0	1.0	0	2097.0	256.0	188.0	10.0	13.0	1.0	4.0	0	13.0	3.0	96.0	8.0	229.0	3.0	17.0	205.0	12.0	79.0	6.0	1401.0	200.0	310.0	24.0	98.0	7.0	16.0	1.0	264.0	58.0	12.0	2.0	2948.0	143.0	126.0	2.0	970.0	65.0	201.0	43.0	6.0	0	0	0	3403.0	583.0	1848.0	48.0	1685.0	456.0	32.0	23.0	1.0	284.0	23.0	2.0	516.0	58.0	7.0	1.0	71.0	14.0	0	0	0	0	6.0	2.0	165.0	8.0	87.0	9.0	108.0	3.0	0	0	18.0	0	0	0	0	2.0	4.0	1.0	5.0	0	16.0	4.0	9.0	2.0	5.0	1.0	4.0	1.0	0	0	25.0	7.0	11.0	0	78.0	5.0	1.0	0	10.0	7.0	0	0	16.0	1.0	1.0	0	3.0	1.0	14.0	0	37.0	0	5.0	0	56.0	1.0	45.0	5.0	588.0	52.0	158.0	4.0	263.0	29.0	22.0	0	2895.0	87.0	241.0	10.0	83.0	1.0	155.0	4.0	2365.0	128.0	355.0	83.0	6.0	1069.0	61.0	164.0	6.0	207.0	2.0	46.0	2.0	168.0	4.0	81.0	2.0	0	0	0	0	0	0	53.0	4.0	30.0	0	6.0	0	244.0	9.0	11.0	0	269.0	12.0
sk__Bacteria;k__;p__Proteobacteria;c__Alphaproteobacteria;o__Rhodospirillales;f__;g__Enhydrobacter	0	0	0	0	14.0	117.0	2.0	2.0	0	0	0	0	0	0	0	7.0	1.0	1.0	2.0	0	4.0	0	0	0	52.0	1.0	11.0	0	2.0	0	0	1.0	9.0	0	0	25.0	64.0	1.0	1.0	4.0	17.0	0	9.0	0	0	0	0	34.0	187.0	15.0	10.0	364.0	7.0	7.0	0	0	4.0	3.0	0	7.0	21.0	0	0	0	8.0	0	0	0	0	0	0	4.0	1.0	3.0	0	0	0	0	0	0	0	0	0	0	1.0	0	0	0	0	0	0	0	0	0	0	0	0	0	0	0	0	0	0	0	1.0	0	0	0	1.0	0	0	0	0	0	0	0	0	0	0	0	0	0	0	0	0	0	2.0	7.0	20.0	2.0	1.0	3.0	4.0	0	0	26.0	22.0	2.0	4.0	0	0	1.0	0	24.0	44.0	96.0	1.0	2.0	11.0	22.0	1.0	0	2.0	0	1.0	2.0	1.0	1.0	1.0	1.0	0	0	0	0	0	0	0	0	0	0	0	0	1.0	4.0	0	0	4.0	6.0
sk__Bacteria;k__;p__Proteobacteria;c__Alphaproteobacteria;o__Rhodospirillales;f__;g__Reyranella	0	0	0	0	0	0	0	0	0	0	0	0	0	0	0	0	0	0	0	0	0	0	0	0	0	0	0	0	0	0	0	0	0	0	0	0	0	0	0	0	0	0	0	0	0	0	0	0	0	1.0	0	0	0	0	0	0	0	0	0	0	0	0	0	0	0	0	0	0	0	0	0	0	0	0	0	0	0	0	0	0	0	0	0	0	0	0	0	0	0	0	0	0	0	0	0	0	0	0	0	0	0	0	0	0	0	0	0	0	0	0	0	0	0	0	0	0	0	0	0	0	0	0	0	0	0	0	0	0	0	0	0	0	0	0	0	0	0	0	0	0	0	0	0	0	0	0	0	0	0	0	0	0	0	0	0	0	0	0	0	0	0	0	0	0	0	0	0	0	0	0	0	0	0	0	0	0	0	0
sk__Bacteria;k__;p__Proteobacteria;c__Alphaproteobacteria;o__Rhodospirillales;f__Acetobacteraceae	0	0	0	0	0	0	0	0	2.0	0	0	0	7.0	0	1.0	0	0	0	0	0	0	0	0	0	0	0	0	0	0	0	0	1.0	0	0	0	0	0	0	0	0	0	0	0	1.0	0	0	0	1.0	0	0	0	0	2.0	0	0	0	0	0	0	0	0	0	0	0	0	0	0	0	0	0	0	0	0	0	0	0	0	0	0	0	0	0	0	0	0	0	0	0	0	1.0	0	0	1.0	0	0	0	0	0	0	6.0	0	0	0	0	1.0	1.0	0	6.0	1.0	0	0	0	0	0	0	0	0	0	0	0	0	0	0	0	0	0	0	0	0	0	0	3.0	0	0	0	0	0	0	0	0	0	0	0	0	0	0	0	0	0	0	0	0	0	0	0	0	0	0	0	0	0	0	0	0	0	0	0	0	0	0	0	0	0	0	0	0	0	0
sk__Bacteria;k__;p__Proteobacteria;c__Alphaproteobacteria;o__Rhodospirillales;f__Acetobacteraceae;g__Acetobacter	0	0	0	0	0	0	0	0	0	0	0	0	0	0	0	0	0	0	0	0	0	0	0	0	0	0	0	0	0	0	0	0	0	0	0	0	0	0	0	0	0	0	0	0	0	0	0	0	0	0	0	0	0	0	0	0	0	0	0	0	0	0	0	0	0	0	0	0	0	0	0	0	0	0	0	0	0	0	0	12.0	0	0	0	18.0	0	0	0	8.0	0	0	0	20.0	0	0	0	0	0	0	0	0	0	0	0	0	0	0	0	0	0	0	0	0	0	0	0	0	0	0	0	0	0	0	0	0	0	0	0	0	0	0	0	0	0	0	0	0	0	0	0	0	0	0	0	0	0	0	0	0	0	0	0	0	0	0	0	0	0	0	0	0	0	0	0	0	0	0	0	0	0	0	0	0	0	0	0	0	0	0
sk__Bacteria;k__;p__Proteobacteria;c__Alphaproteobacteria;o__Rhodospirillales;f__Acetobacteraceae;g__Acidiphilium	0	0	3.0	0	0	0	0	0	0	0	0	0	0	0	0	0	0	0	0	0	0	0	0	0	0	0	0	0	0	0	0	0	0	0	0	0	0	0	0	0	0	0	0	0	0	0	0	0	0	0	0	0	0	0	0	0	0	0	0	0	0	0	0	0	0	0	0	0	0	0	0	0	0	0	0	0	0	0	0	0	0	0	0	0	0	0	0	0	0	0	0	0	0	0	0	0	0	0	0	0	0	0	0	0	0	0	0	0	0	0	0	0	0	0	0	0	0	0	0	0	0	0	0	0	0	0	0	0	0	0	0	0	0	0	0	0	0	0	0	0	0	0	0	0	0	0	0	0	0	0	0	0	0	0	0	0	0	0	0	0	0	0	0	0	0	0	0	0	0	0	0	0	0	0	0	0	0	0
sk__Bacteria;k__;p__Proteobacteria;c__Alphaproteobacteria;o__Rhodospirillales;f__Acetobacteraceae;g__Acidocella	0	0	0	0	0	0	0	0	0	0	0	0	0	0	0	0	0	0	0	0	0	0	0	0	0	0	0	0	0	0	0	0	0	0	0	0	0	0	0	0	0	0	0	0	0	0	0	1.0	0	0	0	0	0	0	0	0	0	0	0	0	0	0	0	0	0	0	0	0	0	0	0	0	0	0	0	0	0	0	0	0	0	0	0	0	0	0	0	0	0	0	0	0	0	0	0	0	0	0	0	0	0	0	0	0	0	0	0	0	0	0	0	0	0	0	0	0	0	0	0	0	0	0	0	0	0	0	0	0	0	0	0	0	0	0	0	0	0	0	0	0	0	0	0	0	0	0	0	0	1.0	0	0	0	0	0	0	0	0	0	0	0	0	0	0	0	0	0	0	0	0	0	0	0	0	0	0	0	0	0
sk__Bacteria;k__;p__Proteobacteria;c__Alphaproteobacteria;o__Rhodospirillales;f__Acetobacteraceae;g__Roseomonas	0	0	1.0	0	0	0	0	0	2.0	0	0	0	0	0	0	0	0	0	0	0	0	0	0	0	0	0	0	0	0	0	0	4.0	0	0	0	0	0	0	0	0	0	0	0	1.0	0	0	0	4.0	0	0	0	0	0	0	1.0	0	0	0	0	0	0	0	0	2.0	0	0	0	0	0	0	0	0	0	0	0	0	0	0	0	0	0	0	0	0	0	0	0	0	0	0	0	0	0	0	0	0	0	0	0	1.0	0	4.0	0	1.0	1.0	2.0	0	2.0	1.0	0	0	0	0	0	0	1.0	0	0	0	0	0	0	0	0	0	0	0	0	0	0	0	0	0	0	0	0	0	0	0	0	0	0	0	0	0	0	0	0	0	0	0	0	0	0	0	0	0	0	0	0	0	0	0	0	0	0	0	0	0	0	0	0	0	0	0	0	1.0	0
sk__Bacteria;k__;p__Proteobacteria;c__Alphaproteobacteria;o__Rhodospirillales;f__Acetobacteraceae;g__Roseomonas;s__Roseomonas_gilardii	0	0	0	0	0	0	0	0	0	0	0	0	0	0	0	0	0	0	0	0	0	0	0	0	0	0	0	0	0	0	0	0	0	0	0	0	0	0	0	0	0	0	0	0	0	0	0	0	0	0	0	0	0	0	0	0	0	0	1.0	0	0	0	0	0	0	0	0	0	0	0	0	0	0	0	0	0	0	0	0	0	0	0	0	0	0	0	0	0	0	0	0	0	0	0	0	0	0	0	0	0	0	0	0	0	0	0	0	0	0	0	0	0	0	0	0	0	0	0	0	0	0	0	0	0	0	0	0	0	0	0	0	0	0	0	0	0	0	0	0	0	0	0	0	0	0	0	0	0	0	0	0	0	0	0	0	0	0	0	0	0	0	0	0	0	0	0	0	0	0	0	0	0	0	0	0	0	0	0
sk__Bacteria;k__;p__Proteobacteria;c__Alphaproteobacteria;o__Rhodospirillales;f__Acetobacteraceae;g__Rubritepida	0	0	0	0	0	0	0	0	0	0	0	0	0	0	0	0	0	0	0	0	0	0	0	0	0	0	0	0	0	0	0	0	0	0	0	0	0	0	0	0	0	0	0	0	0	0	0	0	0	0	0	0	0	0	0	0	0	0	0	0	0	0	0	0	0	0	0	0	0	0	0	0	0	0	0	0	0	0	0	0	0	0	0	0	0	0	0	0	0	0	0	0	0	0	0	0	0	0	0	0	0	0	0	0	0	0	0	0	1.0	0	0	0	0	0	0	0	0	0	0	0	0	0	0	0	0	0	0	0	0	0	0	0	0	0	0	0	0	0	0	0	0	0	0	0	0	0	0	0	0	1.0	0	0	0	0	0	0	0	0	0	0	0	0	0	0	0	0	0	0	0	0	0	0	0	0	0	0	0	0
sk__Bacteria;k__;p__Proteobacteria;c__Alphaproteobacteria;o__Rhodospirillales;f__Rhodospirillaceae	0	0	1.0	0	0	0	1.0	0	0	0	0	0	0	0	0	0	0	0	0	0	0	0	0	0	0	0	0	0	0	0	0	0	0	0	0	0	0	0	0	0	0	0	0	0	0	0	0	1.0	0	0	0	0	0	0	0	0	0	0	0	0	0	0	0	0	0	0	0	0	0	0	0	0	0	0	0	0	0	0	0	0	0	0	0	0	0	0	0	0	0	0	0	0	0	0	0	0	0	0	0	0	0	0	0	0	0	0	0	1.0	0	0	0	0	0	0	0	0	0	0	0	0	0	0	0	0	0	0	0	0	0	0	0	0	0	0	0	0	0	0	0	0	0	0	0	0	0	0	0	0	0	0	0	0	0	0	0	0	0	0	0	0	0	0	0	0	0	0	0	0	0	0	0	0	1.0	0	0	0	0	0
sk__Bacteria;k__;p__Proteobacteria;c__Alphaproteobacteria;o__Rickettsiales	0	0	0	0	2.0	0	0	0	0	0	0	0	0	0	1.0	0	0	0	0	0	0	1.0	0	1.0	0	0	0	0	0	0	0	0	0	0	0	0	0	0	0	0	0	0	0	0	0	0	0	0	0	0	0	0	0	0	0	0	0	0	0	0	0	0	0	0	0	0	0	0	0	0	0	0	0	0	0	0	0	0	0	0	0	0	0	0	0	0	0	0	0	0	0	0	0	1.0	0	0	0	0	0	0	0	0	0	0	0	0	0	0	0	0	0	0	0	0	0	0	0	0	0	0	0	0	0	0	0	0	0	0	2.0	0	0	0	0	0	0	0	0	0	0	0	0	0	0	0	0	0	0	0	1.0	0	0	0	0	0	0	0	0	0	0	0	0	0	0	0	0	0	0	0	0	0	0	0	0	0	0	0	0	0
sk__Bacteria;k__;p__Proteobacteria;c__Alphaproteobacteria;o__Rickettsiales;f__Rickettsiaceae	0	0	0	0	0	0	0	0	0	0	0	0	0	0	0	0	0	0	0	0	0	0	0	0	0	0	0	0	0	1.0	0	0	0	0	0	0	0	0	0	0	0	0	0	1.0	0	0	0	0	0	0	0	0	0	0	0	0	0	0	0	0	0	0	0	0	0	0	0	0	0	0	0	0	0	0	0	0	0	0	0	0	0	0	0	0	0	0	0	0	0	0	0	0	0	0	0	0	0	0	0	0	0	0	0	0	0	0	0	0	0	0	0	0	0	0	0	0	0	0	0	0	0	0	0	0	0	0	0	0	0	0	0	0	0	0	0	0	0	0	0	0	0	0	0	0	0	0	0	0	0	0	0	0	0	0	0	0	0	0	0	0	0	0	0	0	0	0	0	0	0	0	0	0	0	0	0	0	0	0
sk__Bacteria;k__;p__Proteobacteria;c__Alphaproteobacteria;o__Rickettsiales;f__Rickettsiaceae;g__Candidatus_Megaira	0	0	0	0	0	0	0	0	0	0	0	0	0	0	0	0	0	0	0	0	0	0	0	1.0	0	0	0	0	0	0	0	0	0	0	0	0	0	0	0	0	0	0	0	0	0	0	0	0	0	0	0	0	0	0	0	0	0	0	0	0	0	0	0	0	0	0	0	0	0	0	0	0	0	0	0	0	0	0	0	0	0	0	0	0	0	0	0	0	0	0	0	0	0	0	0	0	0	0	0	0	0	0	0	0	0	0	0	0	0	0	0	0	0	0	0	0	0	0	0	0	0	0	0	0	0	0	0	0	0	0	0	0	0	0	0	0	0	0	0	0	0	0	0	0	0	0	0	0	0	0	0	0	0	0	0	0	0	0	0	0	0	0	0	0	0	0	0	0	0	0	0	0	0	0	0	0	0	0
sk__Bacteria;k__;p__Proteobacteria;c__Alphaproteobacteria;o__Sneathiellales;f__Sneathiellaceae	0	0	1.0	0	0	0	0	0	0	0	0	0	0	0	0	0	0	0	0	0	0	0	0	0	0	0	0	0	0	0	0	0	0	0	0	0	0	0	0	0	0	0	0	0	0	0	0	0	0	0	0	0	0	0	0	0	0	0	0	0	0	0	0	0	0	0	0	0	0	0	0	0	0	0	0	0	0	0	0	0	0	0	0	0	0	0	0	0	0	0	0	0	0	0	0	0	0	0	0	0	0	0	0	0	0	0	0	0	0	0	0	0	0	0	0	0	0	0	0	0	0	0	0	0	0	0	0	0	0	0	0	0	0	0	0	0	0	0	0	0	0	0	0	0	0	0	0	0	0	0	0	0	0	0	0	0	0	0	0	0	0	0	0	0	0	0	0	0	0	0	0	0	0	0	0	0	0	0
sk__Bacteria;k__;p__Proteobacteria;c__Alphaproteobacteria;o__Sphingomonadales	0	0	0	0	1.0	0	0	0	35.0	2.0	105.0	42.0	203.0	45.0	2.0	0	0	0	0	0	0	1.0	0	5.0	1.0	0	0	1.0	0	3.0	0	12.0	7.0	0	0	6.0	0	0	0	0	0	0	0	9.0	0	0	0	8.0	1.0	5.0	0	2.0	2.0	0	1.0	0	0	0	0	0	0	0	0	0	0	0	0	0	0	0	0	0	0	0	0	0	0	2.0	2.0	23.0	6.0	2.0	0	12.0	1.0	12.0	12.0	6.0	0	15.0	8.0	3.0	3.0	55.0	15.0	10.0	13.0	10.0	2.0	38.0	24.0	61.0	14.0	98.0	23.0	19.0	20.0	288.0	615.0	11.0	7.0	25.0	20.0	19.0	7.0	141.0	58.0	0	0	0	0	0	0	1.0	0	7.0	0	6.0	0	1.0	0	3.0	0	0	0	5.0	0	0	0	2.0	0	0	0	15.0	0	1.0	0	0	20.0	0	0	0	3.0	0	0	0	0	0	0	0	0	0	0	0	0	0	1.0	0	0	0	0	0	0	0	0	0	0	0
sk__Bacteria;k__;p__Proteobacteria;c__Alphaproteobacteria;o__Sphingomonadales;f__Erythrobacteraceae	0	0	0	0	1.0	0	0	0	0	0	11.0	0	9.0	0	0	0	0	0	0	0	0	0	0	0	0	0	0	1.0	0	2.0	0	0	0	0	0	0	0	0	0	0	0	0	0	2.0	0	0	0	2.0	0	1.0	0	0	0	0	0	0	0	0	0	0	0	0	0	0	0	0	0	0	0	0	0	0	0	0	0	0	0	0	0	3.0	0	1.0	0	0	0	1.0	0	0	0	0	0	2.0	0	12.0	0	7.0	0	2.0	0	1.0	0	1.0	0	4.0	0	0	0	78.0	0	0	0	2.0	0	3.0	0	24.0	0	0	0	0	0	0	0	0	0	3.0	0	3.0	0	0	0	0	0	0	0	0	0	0	0	0	0	0	0	2.0	0	0	0	0	6.0	0	0	0	0	0	0	0	0	0	0	0	0	0	0	0	0	0	0	0	0	0	0	0	0	0	0	0	1.0	0
sk__Bacteria;k__;p__Proteobacteria;c__Alphaproteobacteria;o__Sphingomonadales;f__Erythrobacteraceae;g__Altererythrobacter	0	0	0	0	0	0	0	0	0	0	0	0	0	0	0	0	0	0	0	0	0	0	0	0	0	0	0	0	0	0	0	0	0	0	0	0	0	0	0	0	0	0	0	0	0	0	0	0	0	0	0	0	0	0	0	0	0	0	0	0	0	0	0	0	0	0	0	0	0	0	0	0	0	0	0	0	0	0	0	0	0	0	0	0	0	0	0	0	0	0	0	0	0	0	0	0	0	0	0	0	2.0	0	0	0	0	0	0	0	0	0	0	0	0	0	0	0	0	0	0	0	0	0	0	0	0	0	0	0	0	0	0	0	0	0	0	0	0	0	0	0	0	0	0	0	0	0	0	0	0	0	0	0	0	0	0	0	0	0	0	0	0	0	0	0	0	0	0	0	0	0	0	0	0	0	0	0	0	0
sk__Bacteria;k__;p__Proteobacteria;c__Alphaproteobacteria;o__Sphingomonadales;f__Sphingomonadaceae	0	0	1.0	0	0	1.0	0	0	19.0	1.0	202.0	4.0	149.0	7.0	3.0	0	0	0	0	3.0	0	4.0	0	22.0	1.0	7.0	0	1.0	0	2.0	0	17.0	1.0	0	0	9.0	0	0	0	0	0	0	0	91.0	0	2.0	0	49.0	0	29.0	0	1.0	5.0	0	2.0	0	0	0	1.0	5.0	0	0	0	1.0	0	0	0	1.0	0	0	0	4.0	1.0	1.0	0	7.0	0	2.0	0	28.0	0	0	0	10.0	0	14.0	2.0	14.0	0	40.0	0	9.0	1.0	117.0	2.0	65.0	2.0	5.0	0	99.0	1.0	61.0	1.0	69.0	1.0	16.0	0	810.0	44.0	3.0	0	24.0	1.0	28.0	2.0	301.0	3.0	3.0	0	2.0	0	0	0	7.0	0	3.0	0	37.0	3.0	6.0	0	1.0	0	0	0	41.0	0	3.0	0	1.0	0	3.0	0	35.0	0	1.0	2.0	0	64.0	0	0	0	6.0	0	0	0	0	0	1.0	0	0	0	0	0	0	0	0	0	0	0	0	0	0	0	0	0	2.0	0
sk__Bacteria;k__;p__Proteobacteria;c__Alphaproteobacteria;o__Sphingomonadales;f__Sphingomonadaceae;g__Novosphingobium	0	0	0	0	0	0	0	0	2.0	0	5.0	0	15.0	6.0	0	0	0	0	0	0	0	0	0	0	0	0	0	0	0	0	0	3.0	1.0	0	0	0	0	0	0	0	0	0	0	0	0	0	0	0	0	0	1.0	0	0	0	0	0	0	0	0	0	0	0	0	0	0	0	0	0	0	0	0	0	0	0	0	0	0	1.0	0	2.0	0	0	0	0	0	3.0	0	2.0	0	0	0	0	0	0	0	0	0	0	0	5.0	0	4.0	0	13.0	2.0	1.0	0	1.0	0	0	0	8.0	0	0	1.0	0	1.0	0	0	0	0	0	0	0	0	0	0	1.0	0	0	0	0	0	0	0	0	0	0	0	0	0	0	0	0	0	0	0	0	0	0	0	0	0	0	0	0	0	0	0	0	0	0	0	0	0	0	0	0	0	0	0	0	0	0	0	0	0	0
sk__Bacteria;k__;p__Proteobacteria;c__Alphaproteobacteria;o__Sphingomonadales;f__Sphingomonadaceae;g__Rhizorhapis	0	0	0	0	0	0	0	0	0	0	1.0	0	0	0	0	0	0	0	0	0	0	0	0	0	0	0	0	0	0	0	0	1.0	0	0	0	0	0	0	0	0	0	0	0	0	0	0	0	0	0	0	0	0	0	0	0	0	0	0	0	0	0	0	0	0	0	0	0	0	0	0	0	0	0	0	0	0	0	0	0	0	0	0	0	0	0	0	0	0	0	3.0	0	1.0	0	0	0	0	0	0	0	1.0	0	0	0	0	0	0	0	7.0	0	0	0	0	0	0	0	1.0	0	0	0	0	0	0	0	0	0	0	0	0	0	0	0	0	0	0	0	0	0	0	0	0	0	0	0	0	0	0	0	0	0	0	0	0	0	0	0	0	0	0	0	0	0	0	0	0	0	0	0	0	0	0	0	0	0	0	0	0	0	0
sk__Bacteria;k__;p__Proteobacteria;c__Alphaproteobacteria;o__Sphingomonadales;f__Sphingomonadaceae;g__Sandaracinobacter	0	0	0	0	0	0	0	0	0	0	0	0	0	0	0	0	0	0	0	0	0	0	0	0	0	0	0	0	0	0	0	0	0	0	0	0	0	0	0	0	0	0	0	0	0	0	0	0	0	0	0	0	0	0	0	0	0	0	0	0	0	0	0	0	0	0	0	0	0	0	0	0	0	0	0	0	0	0	0	0	0	0	0	0	0	0	0	0	0	0	0	0	0	0	0	0	0	0	0	0	0	0	0	0	0	0	0	0	0	0	0	0	0	0	0	0	0	0	0	0	0	0	0	0	0	0	0	0	0	0	0	1.0	0	0	0	0	0	0	0	0	0	0	0	0	0	0	0	0	0	0	0	0	0	0	0	0	0	0	0	0	0	0	0	0	0	0	0	0	0	0	0	0	0	0	0	0	0	0
sk__Bacteria;k__;p__Proteobacteria;c__Alphaproteobacteria;o__Sphingomonadales;f__Sphingomonadaceae;g__Sphingoaurantiacus	0	0	0	0	0	0	0	0	0	0	0	0	0	0	0	0	0	0	0	0	0	0	0	0	0	0	0	0	0	0	0	0	0	0	0	0	0	0	0	0	0	0	0	0	0	0	0	0	0	0	0	0	0	0	0	0	0	0	0	0	0	0	0	0	0	0	0	0	0	0	0	0	0	0	0	0	0	0	0	0	0	0	0	0	0	0	0	0	0	0	0	0	0	0	0	0	0	0	0	0	0	0	0	0	0	0	0	0	0	0	0	0	0	0	0	0	0	0	0	0	0	0	0	0	0	0	0	0	0	0	0	0	0	0	0	0	0	0	0	0	0	0	0	0	0	0	0	0	0	0	0	0	1.0	0	0	0	0	0	0	0	0	0	0	0	0	0	0	0	0	0	0	0	0	0	0	0	0	0
sk__Bacteria;k__;p__Proteobacteria;c__Alphaproteobacteria;o__Sphingomonadales;f__Sphingomonadaceae;g__Sphingobium	0	0	0	0	0	0	0	0	0	0	0	0	0	0	0	0	0	0	0	0	0	0	0	0	0	0	0	0	0	0	0	0	0	0	0	0	0	0	0	0	0	0	0	0	0	0	0	0	0	0	0	0	0	0	0	0	0	0	0	0	0	0	0	0	0	0	0	0	0	0	0	0	0	0	0	0	0	0	0	0	0	0	0	0	0	0	0	0	0	0	0	0	0	0	0	0	0	0	0	0	0	0	0	0	1.0	0	0	0	1.0	0	0	0	0	0	0	0	0	0	0	0	0	0	0	0	0	0	0	0	0	0	0	0	0	0	0	0	0	0	0	0	0	0	0	0	0	0	0	0	0	0	0	0	0	0	0	0	0	0	0	0	0	0	0	0	0	0	0	0	0	0	0	0	0	0	0	0	0	0
sk__Bacteria;k__;p__Proteobacteria;c__Alphaproteobacteria;o__Sphingomonadales;f__Sphingomonadaceae;g__Sphingomonas	0	0	2.0	0	0	0	0	0	4.0	1.0	20.0	39.0	30.0	10.0	0	1.0	0	0	2.0	0	0	0	0	0	12.0	0	1.0	0	0	1.0	1.0	6.0	1.0	0	0	2.0	1.0	1.0	0	0	0	0	0	4.0	34.0	0	0	0	22.0	3.0	2.0	55.0	0	0	0	0	0	0	0	0	4.0	0	0	0	0	0	0	0	0	0	0	0	0	0	0	1.0	0	0	0	11.0	5.0	0	0	1.0	0	0	2.0	4.0	1.0	3.0	5.0	4.0	9.0	14.0	14.0	7.0	8.0	4.0	0	17.0	21.0	5.0	3.0	18.0	10.0	0	6.0	102.0	504.0	1.0	0	9.0	4.0	3.0	5.0	23.0	45.0	0	0	0	0	0	0	0	0	0	1.0	5.0	5.0	0	1.0	1.0	5.0	0	0	0	2.0	0	1.0	0	0	0	0	5.0	6.0	5.0	0	0	3.0	9.0	0	0	0	0	0	0	0	0	0	0	0	0	0	0	0	0	1.0	0	0	0	0	0	0	0	0	0	0	1.0
sk__Bacteria;k__;p__Proteobacteria;c__Alphaproteobacteria;o__Sphingomonadales;f__Sphingomonadaceae;g__Sphingomonas;s__Sphingomonas_metalli	0	0	0	0	0	0	0	0	0	0	0	0	0	0	0	0	0	0	0	0	0	0	0	0	0	0	0	0	0	0	0	0	0	0	0	0	0	0	0	0	0	0	0	0	0	0	0	0	0	0	0	0	0	0	0	0	0	0	0	0	0	0	0	0	0	0	0	0	0	0	0	0	0	0	0	0	0	0	0	0	0	0	0	0	0	0	0	0	0	0	1.0	0	0	0	0	0	0	0	0	0	4.0	0	0	0	0	0	0	0	3.0	0	0	0	0	0	0	0	0	0	0	0	0	0	0	0	0	0	0	0	0	0	0	0	0	0	0	0	0	0	0	0	0	0	0	0	0	0	0	0	0	0	0	0	0	0	0	0	0	0	0	0	0	0	0	0	0	0	0	0	0	0	0	0	0	0	0	0	0	0
sk__Bacteria;k__;p__Proteobacteria;c__Alphaproteobacteria;o__Sphingomonadales;f__Sphingomonadaceae;g__Sphingomonas;s__Sphingomonas_pseudosanguinis	0	0	0	0	0	0	0	0	0	0	0	0	0	0	0	0	0	0	0	0	0	0	0	0	0	0	0	0	0	0	0	0	0	0	0	0	0	0	0	0	0	0	0	0	0	0	0	0	0	0	0	0	0	0	0	0	0	0	0	0	0	0	0	0	0	0	0	0	0	0	0	0	0	0	0	0	0	0	0	0	0	0	0	0	0	0	0	0	0	0	0	0	0	0	0	0	0	0	0	0	0	0	0	0	0	0	0	0	2.0	0	0	0	0	0	0	0	1.0	0	0	0	0	0	0	0	0	0	0	0	0	0	0	0	0	0	0	0	0	0	0	0	0	0	0	0	0	0	0	0	0	0	0	0	0	0	0	0	0	0	0	0	0	0	0	0	0	0	0	0	0	0	0	0	0	0	0	0	0	0
sk__Bacteria;k__;p__Proteobacteria;c__Alphaproteobacteria;o__Sphingomonadales;f__Sphingomonadaceae;g__Sphingomonas;s__Sphingomonas_sp._AM20-41	0	0	0	0	0	0	0	0	0	0	0	0	0	0	0	0	0	0	0	0	0	0	0	0	0	0	0	0	0	0	0	0	0	0	0	0	0	0	0	0	0	0	0	0	0	0	0	0	0	0	0	0	0	0	0	0	0	0	0	0	0	0	0	0	0	0	0	0	0	0	0	0	0	0	0	0	0	0	0	0	0	0	0	0	0	0	0	0	0	0	0	0	0	0	0	0	0	0	0	0	0	0	0	0	0	0	0	3.0	0	0	0	0	0	0	0	0	0	0	0	0	0	0	0	0	0	0	0	0	0	0	0	0	0	0	0	0	0	0	0	0	0	0	0	0	0	0	0	0	0	0	0	0	0	0	0	0	0	0	0	0	0	0	0	0	0	0	0	0	0	0	0	0	0	0	0	0	0	0
sk__Bacteria;k__;p__Proteobacteria;c__Alphaproteobacteria;o__Sphingomonadales;f__Sphingomonadaceae;g__Sphingomonas;s__Sphingomonas_sp._G(2012)	0	0	0	0	0	0	0	0	0	0	0	1.0	0	1.0	0	0	0	0	0	0	0	0	0	0	0	0	0	0	0	0	0	0	0	0	0	0	0	0	0	0	0	0	0	0	0	0	0	0	0	0	0	1.0	0	0	0	0	0	0	0	0	0	0	0	0	0	0	0	0	0	0	0	0	0	0	0	0	0	0	0	0	0	0	0	0	0	0	1.0	0	0	0	1.0	0	0	0	0	0	0	0	0	0	3.0	0	0	0	2.0	0	0	0	5.0	0	0	0	0	0	0	0	0	0	0	0	0	0	0	0	0	0	0	0	0	0	0	0	0	0	0	0	0	0	0	0	0	0	0	0	0	0	0	0	0	0	0	0	0	0	0	0	0	0	0	0	0	0	0	0	0	0	0	0	0	0	0	0	0	0	0	0	0	0
sk__Bacteria;k__;p__Proteobacteria;c__Alphaproteobacteria;o__Sphingomonadales;f__Sphingomonadaceae;g__Sphingomonas;s__Sphingomonas_sp._sph1	0	0	0	0	0	0	0	0	0	0	0	0	0	0	0	0	0	0	0	0	0	0	0	0	0	0	0	0	0	0	0	0	0	0	0	0	0	0	0	0	0	0	0	0	0	0	0	0	0	0	0	0	0	0	0	0	0	0	0	0	0	0	0	0	0	0	0	0	0	0	0	0	0	0	0	0	0	0	0	0	0	0	0	0	0	0	0	0	0	0	0	0	0	0	0	0	0	0	0	0	0	0	0	0	0	0	0	0	3.0	0	0	0	0	0	0	0	0	0	0	0	0	0	0	0	0	0	0	0	0	0	0	0	0	0	0	0	0	0	0	0	0	0	0	0	0	0	0	0	0	0	0	0	0	0	0	0	0	0	0	0	0	0	0	0	0	0	0	0	0	0	0	0	0	0	0	0	0	0
sk__Bacteria;k__;p__Proteobacteria;c__Alphaproteobacteria;o__Sphingomonadales;f__Sphingomonadaceae;g__Sphingopyxis	0	0	0	0	0	0	0	0	0	0	5.0	0	0	0	0	0	0	0	0	0	0	0	0	0	0	0	0	0	0	0	0	0	0	0	0	0	0	0	0	0	0	0	0	0	0	0	0	0	0	0	0	0	0	0	0	0	0	0	0	0	0	0	0	0	0	0	0	0	0	0	0	0	0	0	0	0	0	0	0	0	0	0	0	0	0	0	0	0	0	0	0	0	0	2.0	0	0	0	0	0	0	0	2.0	0	0	0	0	0	3.0	0	0	0	0	0	2.0	0	1.0	0	0	0	0	0	0	0	0	0	0	0	1.0	0	0	0	0	0	0	0	0	0	0	0	0	0	0	0	2.0	0	0	0	0	0	0	0	0	0	0	0	0	0	0	0	0	0	0	0	0	0	0	0	0	0	0	0	0	0	0	0	0	0	0
sk__Bacteria;k__;p__Proteobacteria;c__Alphaproteobacteria;o__Sphingomonadales;f__Sphingomonadaceae;g__Sphingorhabdus	0	0	0	0	0	0	0	0	0	0	0	0	0	0	0	0	0	0	0	0	0	0	0	0	0	0	0	0	0	0	1.0	0	0	0	0	0	0	0	0	0	0	0	0	0	0	0	0	0	0	0	0	0	0	0	0	0	0	0	0	0	0	0	0	0	0	0	0	0	0	0	0	0	0	0	0	0	1.0	0	0	0	0	0	0	0	0	0	0	0	0	0	0	0	0	0	0	0	0	0	0	0	0	0	0	0	0	0	0	0	0	0	0	0	0	0	0	0	0	0	0	0	0	0	0	0	0	0	0	0	0	0	0	0	0	0	0	0	0	0	0	0	0	0	0	0	0	0	0	0	0	0	0	0	0	0	0	0	0	0	0	0	0	0	0	0	0	0	0	0	0	0	0	0	0	0	0	0	0	0
sk__Bacteria;k__;p__Proteobacteria;c__Betaproteobacteria	116.0	0	10.0	0	2.0	1.0	0	0	2.0	0	219.0	0	29.0	0	0	0	0	1.0	0	3.0	0	3.0	1.0	3.0	0	0	0	0	0	7.0	0	3.0	1.0	0	0	4.0	0	0	0	1.0	0	0	0	10.0	2.0	0	0	9.0	0	3.0	0	0	0	0	0	1.0	0	0	0	0	0	27.0	0	174.0	0	3.0	0	4.0	0	9.0	0	33.0	0	22.0	0	82.0	0	1.0	0	28.0	1.0	0	0	0	0	4.0	0	2.0	0	14.0	1.0	9.0	1.0	358.0	0	181.0	0	3.0	0	52.0	3.0	9.0	0	24.0	2.0	58.0	0	4310.0	5.0	0	0	7.0	0	47.0	0	903.0	3.0	0	0	0	0	0	0	2.0	0	2.0	0	10.0	0	0	0	5.0	0	0	0	9.0	1.0	0	0	0	0	0	0	8.0	0	0	2.0	0	4.0	0	0	0	1.0	0	0	0	0	0	0	0	0	0	0	0	0	0	0	0	0	0	0	0	1.0	0	0	0	3.0	0
sk__Bacteria;k__;p__Proteobacteria;c__Betaproteobacteria;o__;f__;g__;s__beta_proteobacterium_A0837	0	0	0	0	0	0	0	0	0	0	0	0	0	0	0	0	0	0	0	0	0	0	0	0	0	0	0	0	0	0	0	0	0	0	0	0	0	0	0	0	0	0	0	0	0	0	0	0	0	0	0	0	0	0	0	0	0	0	0	0	0	0	0	0	0	0	0	0	0	0	0	0	0	0	0	0	0	0	0	0	0	0	0	0	0	0	0	0	0	0	0	0	0	0	0	0	0	0	1.0	0	0	0	0	0	0	0	0	0	0	0	0	0	0	0	0	0	0	0	0	0	0	0	0	0	0	0	0	0	0	0	0	0	0	0	0	0	0	0	0	0	0	0	0	0	0	0	0	0	0	0	0	0	0	0	0	0	0	0	0	0	0	0	0	0	0	0	0	0	0	0	0	0	0	0	0	0	0	0
sk__Bacteria;k__;p__Proteobacteria;c__Betaproteobacteria;o__;f__;g__;s__beta_proteobacterium_KNU3	0	0	0	0	0	0	0	0	0	0	0	0	0	0	0	0	0	0	0	0	0	0	0	0	0	0	0	0	0	0	0	0	0	0	0	0	0	0	0	0	0	0	0	0	0	0	0	0	0	0	0	0	0	0	0	0	0	0	0	0	0	0	0	0	0	0	0	0	0	0	0	0	0	0	0	0	0	0	0	0	4.0	0	0	0	0	0	0	0	0	0	0	0	1.0	0	1.0	0	0	0	0	0	0	0	0	0	0	0	0	0	9.0	0	0	0	0	0	0	0	0	0	0	0	0	0	0	0	0	0	0	0	0	0	0	0	0	0	0	0	0	0	0	0	0	0	0	0	0	0	0	0	0	0	0	0	0	0	0	0	0	0	0	0	0	0	0	0	0	0	0	0	0	0	0	0	0	0	0	0	0	0
sk__Bacteria;k__;p__Proteobacteria;c__Betaproteobacteria;o__Burkholderiales	35.0	1.0	4.0	0	49.0	6.0	13.0	1.0	11.0	0	34.0	2.0	35.0	0	11.0	1.0	84.0	4.0	3.0	817.0	24.0	490.0	45.0	92.0	3.0	5.0	0	34.0	13.0	490.0	102.0	8.0	2.0	2.0	3.0	61.0	7.0	30.0	5.0	11.0	2.0	3.0	5.0	54.0	2.0	0	1.0	116.0	5.0	75.0	1.0	16.0	140.0	17.0	197.0	132.0	6.0	0	145.0	35.0	4.0	3.0	0	18.0	11.0	9.0	0	30.0	0	1.0	0	6.0	0	2.0	0	27.0	0	5.0	1.0	108.0	3.0	6.0	0	14.0	1.0	0	0	9.0	0	57.0	0	41.0	5.0	40.0	1.0	26.0	1.0	4.0	0	105.0	8.0	44.0	1.0	28.0	0	4.0	0	234.0	44.0	1.0	0	10.0	0	4.0	2.0	49.0	7.0	3.0	0	1.0	1.0	1.0	0	8.0	0	10.0	1.0	101.0	16.0	26.0	0	49.0	7.0	18.0	0	106.0	0	12.0	0	5.0	0	8.0	0	124.0	1.0	1.0	4.0	0	190.0	16.0	2.0	0	22.0	2.0	1.0	0	3.0	0	4.0	0	1.0	0	0	2.0	4.0	0	1.0	0	2.0	0	3.0	1.0	6.0	0	12.0	0	7.0	0
sk__Bacteria;k__;p__Proteobacteria;c__Betaproteobacteria;o__Burkholderiales;f__;g__Aquabacterium	0	0	0	0	0	0	0	0	0	0	2.0	0	0	0	0	0	0	0	0	0	0	0	0	0	0	0	0	0	0	0	1.0	0	0	0	0	0	0	0	0	0	0	0	0	0	1.0	0	0	0	0	0	0	2.0	0	0	0	0	0	0	0	0	0	0	0	0	1.0	0	0	0	0	0	0	0	0	0	0	0	0	0	0	0	0	0	0	0	0	0	0	0	0	0	0	0	0	2.0	0	0	0	0	0	0	0	0	0	0	0	0	0	4.0	0	0	0	0	0	0	0	1.0	0	0	0	0	0	0	0	0	0	0	0	0	1.0	0	0	0	0	0	0	0	0	0	0	0	0	0	0	0	0	0	0	0	0	0	0	0	0	0	0	0	0	0	0	0	0	0	0	0	0	0	0	0	0	0	0	0	0	0	0	0	0	0
sk__Bacteria;k__;p__Proteobacteria;c__Betaproteobacteria;o__Burkholderiales;f__;g__Aquincola;s__Aquincola_tertiaricarbonis	0	0	0	0	0	0	0	0	0	0	0	0	0	0	0	0	0	0	0	0	0	0	0	0	0	0	0	0	0	0	0	0	0	0	0	0	0	0	0	0	0	0	0	0	0	0	0	0	0	0	0	0	0	0	0	0	0	0	0	0	0	0	0	0	0	0	0	0	0	0	0	0	0	0	0	0	0	0	0	0	0	0	0	0	0	0	0	0	0	0	0	0	0	0	0	0	0	0	0	0	0	0	0	0	1.0	0	0	0	0	0	0	0	0	0	0	0	0	0	0	0	0	0	0	0	0	0	0	0	0	0	0	0	0	0	0	0	0	0	0	0	0	0	0	0	0	0	0	0	0	0	0	0	0	0	0	0	0	0	0	0	0	0	0	0	0	0	0	0	0	0	0	0	0	0	0	0	0	0
sk__Bacteria;k__;p__Proteobacteria;c__Betaproteobacteria;o__Burkholderiales;f__;g__Ideonella	0	0	0	0	0	0	0	0	0	0	0	2.0	0	0	0	0	0	0	0	0	0	0	0	0	0	0	0	0	0	0	0	0	0	0	0	0	0	0	0	0	0	0	0	0	0	0	0	0	0	0	0	0	0	0	0	0	0	0	0	0	0	0	0	0	0	0	0	0	0	0	0	0	0	0	0	0	0	0	0	0	3.0	0	0	0	0	0	0	0	0	0	6.0	0	2.0	0	0	0	0	0	0	0	8.0	0	0	1.0	2.0	0	0	0	12.0	0	0	0	0	0	0	0	1.0	0	0	0	0	0	0	0	0	0	0	0	0	2.0	0	0	0	0	0	0	0	0	0	0	0	0	0	0	0	0	0	0	0	0	0	0	0	0	0	0	0	0	0	0	0	0	0	0	0	0	0	0	0	0	0	0	0	0	0	0	0	0
sk__Bacteria;k__;p__Proteobacteria;c__Betaproteobacteria;o__Burkholderiales;f__;g__Leptothrix	0	0	0	0	0	0	0	0	0	0	0	0	0	0	0	0	0	0	0	0	0	0	0	0	0	0	0	0	0	0	0	0	0	0	0	0	0	0	0	0	0	0	0	0	0	0	0	0	0	0	0	0	0	0	0	0	0	0	0	0	0	0	0	0	0	0	0	0	0	0	0	0	0	0	0	0	0	0	0	0	0	0	0	0	0	0	0	0	0	0	0	0	0	0	0	0	0	0	0	0	0	0	0	0	0	0	0	1.0	0	0	0	0	0	0	0	0	0	0	0	0	0	0	0	0	0	0	0	0	0	0	0	0	0	0	0	0	0	0	0	0	0	0	0	0	0	0	0	0	0	0	0	0	0	0	0	0	0	0	0	0	0	0	0	0	0	0	0	0	0	0	0	0	0	0	0	0	0	0
sk__Bacteria;k__;p__Proteobacteria;c__Betaproteobacteria;o__Burkholderiales;f__;g__Paucibacter	0	0	0	0	0	0	0	0	0	0	0	0	0	0	0	0	0	0	0	0	0	0	0	0	0	0	0	0	0	0	0	0	1.0	0	0	0	0	0	0	0	0	0	0	0	0	0	0	0	0	0	0	0	0	0	0	0	0	0	0	0	0	0	0	0	0	0	0	0	0	0	0	0	0	0	0	0	0	0	0	0	0	0	0	0	0	0	0	0	0	0	0	0	0	0	0	0	0	0	0	0	0	0	0	0	0	0	0	0	1.0	0	0	0	0	0	0	0	0	0	0	0	0	0	0	0	0	0	0	0	0	0	0	0	0	0	0	0	0	0	0	0	0	0	0	0	0	0	0	0	0	0	0	0	0	0	0	0	0	0	0	0	0	0	0	0	0	0	0	0	0	0	0	0	0	0	0	0	0	0
sk__Bacteria;k__;p__Proteobacteria;c__Betaproteobacteria;o__Burkholderiales;f__;g__Rhizobacter	0	0	0	0	0	0	0	0	0	0	0	0	0	0	0	0	0	0	0	0	1.0	0	0	0	0	0	0	0	0	0	0	0	0	0	0	0	0	0	0	0	0	0	0	0	0	0	0	0	0	0	0	0	0	0	0	0	0	0	0	0	0	0	0	0	0	0	0	0	0	0	0	0	0	0	0	0	0	0	0	0	0	0	0	0	0	0	0	0	0	0	0	0	0	0	0	0	0	0	0	0	0	0	0	0	0	0	0	0	0	0	0	0	0	0	0	0	0	0	0	0	0	0	0	0	0	0	0	0	0	0	0	0	0	0	0	0	0	0	0	0	0	0	0	0	0	0	0	0	0	0	0	0	0	0	0	0	0	0	0	0	0	0	0	0	0	0	0	0	0	0	0	0	0	0	0	0	0	0
sk__Bacteria;k__;p__Proteobacteria;c__Betaproteobacteria;o__Burkholderiales;f__;g__Sphaerotilus	0	0	0	0	0	0	0	0	0	0	0	0	0	0	0	0	0	0	0	0	0	0	0	0	0	0	0	0	0	0	0	0	0	0	0	0	0	0	0	0	0	0	0	0	0	0	0	0	0	0	0	0	0	0	0	0	0	0	0	0	0	0	0	0	0	0	0	0	0	0	0	0	0	0	0	0	0	0	0	0	0	0	0	0	0	0	0	0	0	0	0	0	0	0	0	0	0	0	0	0	0	0	0	0	0	0	0	0	0	0	0	0	0	0	0	0	0	0	0	0	0	0	0	0	0	0	0	1.0	0	0	0	0	0	0	0	0	0	0	0	0	0	0	0	0	0	0	0	0	0	0	0	0	0	0	0	0	0	0	0	0	0	0	0	0	0	0	0	0	0	0	0	0	0	0	0	0	0	0
sk__Bacteria;k__;p__Proteobacteria;c__Betaproteobacteria;o__Burkholderiales;f__;g__Tepidimonas	0	0	0	0	0	0	0	0	0	0	0	0	0	0	0	0	0	0	0	0	0	0	0	0	0	0	0	0	0	0	0	0	0	0	0	0	0	0	0	0	0	0	0	0	1.0	0	0	0	0	0	0	0	0	0	0	0	0	0	0	0	0	0	0	0	0	0	0	0	0	0	0	0	0	0	0	0	0	0	0	0	0	0	0	0	0	0	0	0	0	0	0	0	0	0	0	0	0	0	0	0	0	0	0	0	0	0	0	0	0	0	0	0	0	0	0	0	0	0	0	0	0	0	0	0	0	0	0	0	0	0	0	0	0	0	0	0	0	0	0	0	0	0	0	0	0	0	0	0	0	0	0	0	0	0	0	0	0	0	0	0	0	0	0	0	0	0	0	0	0	0	0	0	0	0	0	0	0	0
sk__Bacteria;k__;p__Proteobacteria;c__Betaproteobacteria;o__Burkholderiales;f__Alcaligenaceae	0	0	1.0	0	0	0	0	0	0	0	0	0	0	0	0	0	0	0	0	0	0	0	0	0	0	0	0	0	0	1.0	0	1.0	0	0	0	0	0	0	0	0	0	0	0	2.0	0	0	0	1.0	0	0	0	0	0	0	0	0	0	0	0	0	0	0	0	0	0	0	0	0	0	0	0	0	0	0	0	0	0	0	0	0	0	0	0	0	0	0	0	0	0	0	0	0	0	0	0	0	0	0	0	0	0	0	0	0	0	0	0	0	0	0	0	0	0	0	0	0	0	0	0	0	0	0	0	0	0	0	0	0	0	0	0	0	0	0	0	0	0	0	0	0	0	1.0	0	0	0	0	0	0	0	0	0	0	0	0	0	0	0	0	0	0	0	0	0	0	0	0	0	0	0	0	0	0	0	0	0	0	0	0
sk__Bacteria;k__;p__Proteobacteria;c__Betaproteobacteria;o__Burkholderiales;f__Alcaligenaceae;g__Alcaligenes	0	0	0	0	0	0	0	0	0	0	0	0	0	0	0	0	0	0	0	0	0	0	0	0	0	0	0	0	0	0	0	0	0	0	0	0	0	0	0	0	0	0	0	0	0	0	0	0	0	0	0	0	0	0	0	0	0	0	0	0	0	0	0	0	0	0	0	0	0	0	0	0	0	0	0	0	0	0	0	0	0	0	0	0	0	0	0	0	0	0	0	0	0	0	0	0	0	0	0	0	0	0	0	0	0	0	0	0	0	0	0	0	0	0	0	0	0	0	0	0	0	0	0	0	0	0	0	0	0	0	0	0	0	0	0	0	0	0	0	0	0	0	0	0	0	0	0	0	0	0	0	0	0	0	0	0	0	0	0	0	0	0	0	0	0	0	0	0	0	0	0	0	0	1.0	0	0	0	0
sk__Bacteria;k__;p__Proteobacteria;c__Betaproteobacteria;o__Burkholderiales;f__Alcaligenaceae;g__Bordetella	0	0	0	0	0	0	0	0	0	0	0	0	0	0	0	0	0	0	0	0	0	0	0	0	0	0	0	1.0	0	0	0	0	0	0	0	0	0	0	0	0	0	0	0	0	0	0	0	0	0	0	0	0	0	0	0	0	0	0	0	0	0	0	0	0	0	0	0	0	0	0	0	0	0	0	0	0	0	0	0	0	0	0	0	0	0	0	0	0	0	0	0	0	0	0	0	0	0	0	0	0	0	0	0	0	0	0	0	0	0	0	0	0	0	0	0	0	0	0	0	0	0	0	0	0	0	0	0	0	0	0	0	0	0	0	0	0	0	0	0	0	0	0	0	0	0	0	0	0	0	0	0	0	0	0	0	0	0	0	0	0	0	0	0	0	0	0	0	0	0	0	0	0	0	0	0	0	0	0
sk__Bacteria;k__;p__Proteobacteria;c__Betaproteobacteria;o__Burkholderiales;f__Alcaligenaceae;g__Oligella	0	0	0	0	0	0	0	0	0	0	0	0	0	0	0	0	0	0	0	0	0	0	0	0	0	0	0	0	0	0	0	0	0	0	0	0	0	0	0	0	0	0	0	2.0	0	0	0	0	0	0	0	0	0	0	0	0	0	0	0	0	0	0	0	0	0	0	0	0	0	0	0	0	0	0	0	0	0	0	0	0	0	0	0	0	0	0	0	0	0	0	0	0	0	0	0	0	0	0	0	0	0	0	0	0	0	0	0	0	0	0	0	0	0	0	0	0	0	0	0	0	0	0	0	0	0	0	0	0	0	0	0	0	0	0	0	0	0	0	0	0	0	0	0	0	0	0	0	0	0	0	0	0	0	0	0	0	0	0	0	0	0	0	0	0	0	0	0	0	0	0	0	0	0	0	0	0	0	0
sk__Bacteria;k__;p__Proteobacteria;c__Betaproteobacteria;o__Burkholderiales;f__Burkholderiaceae	0	0	0	0	1.0	0	0	0	1.0	0	3.0	16.0	3.0	5.0	0	0	3.0	4.0	0	2.0	0	4.0	0	0	0	0	4.0	3.0	12.0	43.0	1.0	0	0	0	2.0	2.0	0	0	14.0	2.0	14.0	0	2.0	114.0	4.0	8.0	0	2.0	1.0	0	0	0	27.0	0	18.0	3.0	0	0	1.0	7.0	1.0	0	0	0	0	0	1.0	0	0	0	0	0	0	0	0	0	0	4.0	4.0	11.0	0	2.0	0	1.0	0	0	0	2.0	0	0	1.0	9.0	0	3.0	12.0	2.0	14.0	6.0	1.0	4.0	0	0	1.0	2.0	3.0	0	8.0	136.0	1332.0	0	0	4.0	0	0	7.0	13.0	72.0	0	0	0	0	1.0	0	0	0	0	4.0	4.0	6.0	0	0	2.0	0	0	0	0	0	0	1.0	0	0	0	0	4.0	0	1.0	0	6.0	8.0	13.0	1.0	0	0	0	0	0	0	0	0	0	0	0	0	0	0	0	0	0	0	0	0	0	0	0	2.0	0	0	0
sk__Bacteria;k__;p__Proteobacteria;c__Betaproteobacteria;o__Burkholderiales;f__Burkholderiaceae;g__Burkholderia	0	0	0	0	0	0	0	0	0	0	0	0	0	0	0	0	0	0	0	0	0	0	0	1.0	0	0	0	0	0	0	0	0	0	0	0	0	0	0	0	0	0	0	0	0	0	0	0	0	0	0	0	0	0	0	0	0	0	0	1.0	0	0	0	0	0	0	0	0	0	0	0	0	0	0	0	0	0	0	0	0	0	0	0	0	0	0	0	0	0	0	0	0	0	0	0	0	0	0	0	0	0	0	0	0	0	0	0	0	0	0	0	0	0	0	0	0	0	0	0	0	0	0	0	0	0	0	0	0	0	0	0	0	0	0	0	0	0	0	0	0	0	0	0	0	0	0	0	0	0	0	0	0	0	0	0	0	0	0	0	0	0	0	0	0	0	0	0	0	0	0	0	0	0	0	0	0	0	0	0
sk__Bacteria;k__;p__Proteobacteria;c__Betaproteobacteria;o__Burkholderiales;f__Burkholderiaceae;g__Cupriavidus	0	0	0	0	3.0	0	0	0	0	0	0	1.0	0	1.0	0	0	1.0	0	0	5.0	0	5.0	0	0	0	0	0	5.0	0	46.0	13.0	1.0	0	0	0	0	0	0	0	1.0	0	0	0	21.0	1.0	0	0	0	0	1.0	0	0	41.0	12.0	32.0	22.0	0	0	16.0	11.0	4.0	0	0	0	0	0	0	0	0	0	0	0	0	0	0	0	0	0	2.0	0	3.0	0	2.0	0	0	0	0	0	0	0	0	0	1.0	0	0	0	0	0	2.0	0	0	0	0	0	0	0	0	4.0	71.0	0	0	0	0	0	0	0	2.0	0	0	0	0	0	0	0	0	0	0	1.0	0	0	0	1.0	0	1.0	0	0	0	0	0	0	0	0	0	0	0	0	0	0	0	0	0	0	1.0	0	0	0	0	0	0	0	0	0	0	0	2.0	0	0	0	0	0	2.0	0	0	0	3.0	0	0	0
sk__Bacteria;k__;p__Proteobacteria;c__Betaproteobacteria;o__Burkholderiales;f__Burkholderiaceae;g__Lautropia	6.0	5.0	8.0	3.0	7.0	6.0	0	1.0	0	0	32.0	12.0	89.0	42.0	3.0	11.0	663.0	58.0	3.0	0	0	7.0	5.0	30.0	24.0	46.0	20.0	679.0	319.0	4.0	5.0	0	1.0	171.0	79.0	51.0	12.0	1144.0	229.0	750.0	275.0	22.0	34.0	3.0	1.0	12.0	2.0	14.0	14.0	0	0	41.0	49.0	25.0	1.0	3.0	18.0	2.0	9.0	8.0	2.0	0	0	1.0	1.0	90.0	26.0	13.0	9.0	0	0	0	0	0	0	3.0	0	57.0	42.0	65.0	15.0	0	0	1.0	0	0	1.0	5.0	1.0	3.0	2.0	5.0	6.0	0	0	0	0	5.0	2.0	2.0	2.0	8.0	4.0	74.0	35.0	13.0	7.0	11.0	16.0	0	0	0	0	0	0	3.0	1.0	7.0	2.0	14.0	3.0	0	0	0	0	89.0	52.0	191.0	115.0	6.0	1.0	0	0	0	0	0	0	6.0	1.0	5.0	0	2.0	0	4.0	1.0	1.0	187.0	52.0	196.0	179.0	0	0	0	0	2.0	0	0	0	20.0	1.0	8.0	1.0	0	0	0	0	1.0	0	0	0	0	0	0	0	0	5.0	1.0	0
sk__Bacteria;k__;p__Proteobacteria;c__Betaproteobacteria;o__Burkholderiales;f__Burkholderiaceae;g__Lautropia;s__Lautropia_mirabilis	1.0	0	0	0	0	0	0	0	0	0	0	0	4.0	0	0	0	0	0	0	0	0	3.0	0	4.0	0	3.0	0	30.0	0	0	0	0	0	9.0	0	0	0	9.0	0	51.0	0	1.0	0	1.0	0	1.0	0	1.0	0	0	0	0	0	0	0	0	1.0	0	0	0	0	0	0	0	0	3.0	0	2.0	0	0	0	0	0	0	0	0	0	4.0	0	1.0	0	0	0	0	0	0	0	0	0	1.0	0	0	0	0	0	0	0	0	0	0	0	1.0	0	6.0	0	0	0	0	0	0	0	0	0	0	0	0	0	0	0	0	0	0	0	0	0	7.0	0	7.0	0	0	0	0	0	0	0	0	0	1.0	0	1.0	0	0	0	0	0	0	7.0	0	12.0	0	0	0	0	0	0	0	0	0	0	0	0	0	0	0	0	0	1.0	0	0	0	0	0	0	0	0	0	0	0
sk__Bacteria;k__;p__Proteobacteria;c__Betaproteobacteria;o__Burkholderiales;f__Burkholderiaceae;g__Pandoraea	0	0	0	0	0	0	0	0	0	0	0	0	0	0	0	0	0	0	0	0	0	0	0	0	0	0	0	0	0	0	0	0	0	0	0	0	0	0	0	0	0	0	0	0	0	0	0	0	0	0	0	1.0	0	0	0	0	0	0	0	0	0	0	0	0	0	0	0	0	0	0	0	0	0	0	0	0	0	0	0	0	0	0	0	0	0	0	0	0	0	0	0	0	0	0	0	0	0	0	0	0	0	0	0	0	0	0	0	0	0	0	0	0	0	0	0	0	0	0	0	0	0	0	0	0	0	0	0	0	0	0	0	0	0	0	0	0	0	0	0	0	0	0	0	0	0	0	0	0	0	0	0	0	0	0	0	0	0	0	0	0	0	0	0	0	0	0	0	0	0	0	0	0	0	0	0	0	0	0
sk__Bacteria;k__;p__Proteobacteria;c__Betaproteobacteria;o__Burkholderiales;f__Burkholderiaceae;g__Polynucleobacter	0	0	0	0	0	0	0	0	0	0	0	0	0	0	0	0	0	0	0	0	0	0	0	0	0	0	0	0	0	0	0	0	0	0	0	0	0	0	0	0	0	0	0	0	1.0	0	0	0	0	0	0	0	0	0	0	0	0	0	0	0	0	0	0	0	0	0	0	0	0	0	0	0	0	0	0	0	0	0	0	0	0	0	0	0	0	0	0	0	0	0	0	0	0	0	0	1.0	0	0	0	0	0	0	0	0	0	0	0	0	0	0	0	0	0	0	0	0	0	0	0	0	0	0	0	0	0	0	0	0	0	0	0	0	0	0	0	0	0	0	0	0	0	0	0	0	0	0	0	0	0	0	0	0	0	0	0	0	0	0	0	0	0	0	0	0	0	0	0	0	0	0	0	0	0	0	0	0	0	0
sk__Bacteria;k__;p__Proteobacteria;c__Betaproteobacteria;o__Burkholderiales;f__Burkholderiaceae;g__Ralstonia	0	0	0	0	0	0	0	0	0	0	0	0	1.0	0	0	0	0	0	0	2.0	0	3.0	1.0	0	0	0	0	0	0	0	0	0	0	0	0	0	0	0	0	0	0	0	0	5.0	0	1.0	0	0	1.0	0	0	2.0	0	0	0	0	0	0	0	0	0	0	0	0	0	0	0	0	0	0	0	0	0	0	0	0	0	0	0	0	0	0	0	0	0	0	0	0	0	0	0	0	0	0	0	0	0	0	0	0	0	0	0	0	0	0	1.0	0	3.0	0	0	0	0	0	0	1.0	0	0	0	0	0	0	0	0	0	0	0	0	0	0	0	0	0	0	0	0	0	0	0	0	0	0	0	0	1.0	1.0	0	0	0	0	0	0	0	0	0	0	0	0	0	0	0	0	0	0	0	0	0	0	0	0	0	0	0	0	0	0	0	0
sk__Bacteria;k__;p__Proteobacteria;c__Betaproteobacteria;o__Burkholderiales;f__Burkholderiaceae;g__Ralstonia;s__Ralstonia_mannitolilytica	0	0	0	0	0	0	0	0	0	0	0	0	0	0	0	0	0	0	0	0	0	0	0	0	0	0	0	0	0	0	0	0	0	0	0	0	0	0	0	0	0	0	0	0	0	0	0	0	0	0	0	0	0	0	0	0	0	0	0	0	0	0	0	0	0	0	0	0	0	0	0	0	0	0	0	0	0	0	0	0	0	0	0	0	0	0	0	0	0	0	0	0	0	0	0	0	0	0	0	0	0	0	0	0	0	0	0	0	0	0	0	0	0	0	0	0	0	0	0	0	0	0	0	0	0	0	0	0	0	0	0	0	0	0	0	1.0	0	0	0	0	0	0	0	1.0	0	0	0	0	0	0	0	0	0	0	0	0	0	0	0	0	0	0	0	0	0	0	0	0	0	0	0	0	0	0	0	0	0	0
sk__Bacteria;k__;p__Proteobacteria;c__Betaproteobacteria;o__Burkholderiales;f__Comamonadaceae	4.0	0	1.0	0	1.0	1.0	2.0	3.0	0	0	2.0	0	1.0	0	0	0	6.0	1.0	0	43.0	1.0	26.0	1.0	6.0	0	0	0	0	0	45.0	0	0	0	0	0	47.0	11.0	66.0	9.0	0	0	0	0	6.0	0	0	0	7.0	0	3.0	0	2.0	14.0	2.0	28.0	3.0	0	0	6.0	6.0	2.0	2.0	0	14.0	0	0	3.0	1.0	1.0	4.0	0	2.0	0	1.0	0	12.0	1.0	0	2.0	14.0	5.0	0	1.0	0	5.0	0	0	0	1.0	0	2.0	15.0	2.0	1.0	1.0	0	1.0	1.0	0	7.0	0	34.0	8.0	5.0	2.0	4.0	3.0	9.0	2.0	3.0	0	0	0	0	0	0	0	0	0	0	0	0	0	0	0	1.0	0	8.0	1.0	1.0	1.0	3.0	0	1.0	1.0	4.0	6.0	0	0	0	0	1.0	0	6.0	0	0	6.0	2.0	11.0	0	0	0	5.0	0	0	0	0	0	2.0	0	4.0	2.0	0	0	0	0	0	0	0	0	0	0	0	0	0	1.0	0	0
sk__Bacteria;k__;p__Proteobacteria;c__Betaproteobacteria;o__Burkholderiales;f__Comamonadaceae;g__Acidovorax	0	0	0	0	0	0	0	0	0	0	0	0	0	0	0	0	0	0	0	0	0	0	0	0	0	0	0	0	0	0	0	0	0	0	0	0	0	0	0	0	0	0	0	0	0	0	0	0	0	0	0	0	0	0	0	0	0	0	0	0	0	0	0	0	0	0	0	0	0	0	0	0	0	0	0	0	0	0	0	0	0	0	0	0	0	0	1.0	0	0	0	0	0	0	0	0	0	0	0	0	0	0	0	0	0	0	0	0	0	0	0	0	0	0	0	0	0	0	0	0	0	0	0	0	0	0	0	0	0	0	0	0	0	0	0	0	0	0	0	0	0	0	0	0	0	0	0	0	0	2.0	0	0	0	0	0	0	0	0	0	0	0	0	0	0	0	0	0	0	0	0	0	0	0	0	0	0	0	0	0
sk__Bacteria;k__;p__Proteobacteria;c__Betaproteobacteria;o__Burkholderiales;f__Comamonadaceae;g__Brachymonas	0	0	0	0	0	0	0	0	0	0	0	0	0	0	0	0	0	0	0	0	0	0	0	0	0	0	0	0	0	0	0	0	0	0	0	0	0	0	2.0	0	0	0	0	0	0	0	0	0	0	0	0	0	0	0	0	0	0	0	0	0	0	0	0	0	0	0	0	0	0	0	0	0	0	0	0	0	0	0	0	0	1.0	0	1.0	0	1.0	0	0	0	0	0	1.0	0	0	0	0	0	0	0	0	0	0	0	0	0	0	0	0	0	0	0	0	0	0	0	0	0	0	0	0	0	0	0	0	0	0	0	0	0	0	0	1.0	0	0	0	0	0	0	0	0	0	0	0	0	0	0	0	0	0	0	0	0	0	0	0	0	0	0	0	0	0	0	1.0	0	0	0	0	0	0	0	0	0	0	0	0	0	0	0	0
sk__Bacteria;k__;p__Proteobacteria;c__Betaproteobacteria;o__Burkholderiales;f__Comamonadaceae;g__Comamonas	1.0	26.0	1.0	1.0	1.0	3.0	0	0	0	0	0	0	0	0	0	0	0	0	1.0	8.0	2.0	4.0	3.0	2.0	16.0	0	1.0	0	2.0	17.0	17.0	0	1.0	0	0	46.0	8.0	62.0	9.0	1.0	1.0	0	0	0	1.0	0	0	0	10.0	0	1.0	29.0	6.0	4.0	6.0	11.0	0	0	24.0	2.0	3.0	0	10.0	2.0	114.0	0	0	0	0	2.0	4.0	1.0	6.0	0	4.0	0	6.0	0	1.0	7.0	4.0	0	0	0	0	0	0	1.0	0	0	1.0	7.0	8.0	0	0	0	0	0	0	1.0	2.0	24.0	4.0	2.0	0	11.0	3.0	8.0	31.0	0	0	0	0	0	0	1.0	0	0	0	2.0	0	0	0	0	0	1.0	0	5.0	1.0	0	0	3.0	3.0	1.0	0	0	0	0	0	0	0	0	0	0	3.0	6.0	7.0	2.0	5.0	5.0	0	0	0	0	0	0	0	0	1.0	0	3.0	2.0	0	0	1.0	0	0	0	0	0	1.0	0	0	0	1.0	0	1.0	0
sk__Bacteria;k__;p__Proteobacteria;c__Betaproteobacteria;o__Burkholderiales;f__Comamonadaceae;g__Comamonas;s__Comamonas_sp._SYC62	0	0	0	0	0	0	0	0	0	0	0	0	0	0	0	0	0	0	0	0	0	0	0	0	0	0	0	0	0	1.0	0	0	0	0	0	0	0	0	0	0	0	0	0	0	0	0	0	0	0	0	0	0	0	0	0	0	0	0	0	0	0	0	0	0	0	0	0	0	0	0	0	0	0	0	0	0	0	0	0	0	0	0	0	0	0	0	0	0	0	0	0	0	0	0	0	0	0	0	0	0	0	0	0	0	0	0	0	0	0	0	0	0	0	0	0	0	0	0	0	0	0	0	0	0	0	0	0	0	0	0	0	0	0	0	0	0	0	0	0	0	0	0	0	0	0	0	0	0	0	0	0	0	0	0	0	0	0	0	0	0	0	0	0	0	0	0	0	0	0	0	0	0	0	0	0	0	0	0
sk__Bacteria;k__;p__Proteobacteria;c__Betaproteobacteria;o__Burkholderiales;f__Comamonadaceae;g__Hydrogenophaga	0	0	0	0	0	0	0	0	0	0	0	0	0	0	0	0	0	0	0	0	0	0	0	0	0	0	0	0	0	0	0	0	0	0	0	0	0	0	0	0	0	0	0	0	0	0	0	0	0	0	0	1.0	0	0	0	0	0	0	0	0	0	0	0	0	0	0	0	0	0	0	0	0	0	0	0	0	0	0	0	0	0	0	0	0	0	0	0	0	0	0	0	0	0	0	0	0	0	0	0	0	0	0	0	0	0	0	0	0	0	0	0	0	0	0	0	0	0	0	0	0	0	0	0	0	0	0	0	0	0	0	0	0	0	0	0	0	0	0	0	0	0	0	0	0	0	0	0	0	0	0	0	0	0	0	0	0	0	0	0	0	0	0	0	0	0	0	0	0	0	0	0	0	0	0	0	0	0	0
sk__Bacteria;k__;p__Proteobacteria;c__Betaproteobacteria;o__Burkholderiales;f__Comamonadaceae;g__Ottowia	0	0	0	0	0	0	0	0	0	0	0	0	0	0	0	0	0	0	0	0	0	0	0	0	0	0	0	0	0	0	0	0	0	0	0	0	0	1.0	0	0	0	0	0	0	0	0	0	0	0	0	0	0	0	0	0	0	0	0	0	0	0	0	0	0	0	0	0	1.0	0	0	0	0	0	0	0	0	0	0	0	0	0	0	0	0	0	0	0	0	0	0	0	0	0	0	0	0	0	0	0	0	0	0	0	0	0	0	0	0	0	0	0	0	0	0	0	1.0	0	0	0	0	0	0	0	0	0	0	0	0	0	0	0	0	0	0	0	0	0	0	0	0	0	0	0	0	0	0	0	0	0	0	0	0	0	0	0	0	0	0	0	0	0	0	0	0	0	0	0	0	0	0	0	0	0	0	0	0	0	0
sk__Bacteria;k__;p__Proteobacteria;c__Betaproteobacteria;o__Burkholderiales;f__Comamonadaceae;g__Pelomonas	0	0	0	0	0	0	0	0	0	0	0	1.0	0	1.0	0	0	0	0	0	0	0	0	1.0	0	1.0	0	0	0	0	0	1.0	0	0	0	0	0	0	0	0	0	0	0	0	0	4.0	0	0	0	0	0	0	1.0	0	0	0	0	0	0	0	0	1.0	0	0	0	0	0	0	0	0	0	0	0	0	0	0	0	0	0	0	0	0	0	0	0	0	0	0	0	0	0	1.0	0	0	0	1.0	0	0	0	0	0	1.0	0	0	0	1.0	0	0	0	6.0	0	0	0	0	0	0	0	0	0	0	0	0	0	0	0	0	0	0	0	0	0	0	0	0	0	0	0	0	0	0	0	0	0	0	0	0	0	0	0	0	0	0	0	0	0	0	0	0	0	0	0	0	0	0	0	0	0	0	0	0	0	0	0	0	0	0	0	0	0
sk__Bacteria;k__;p__Proteobacteria;c__Betaproteobacteria;o__Burkholderiales;f__Comamonadaceae;g__Xenophilus;s__Xenophilus_sp._BM2.09-117	0	0	0	0	0	0	0	0	0	2.0	0	0	0	0	0	0	0	0	0	0	0	0	0	0	0	0	0	0	0	0	0	0	0	0	0	0	0	0	0	0	0	0	0	0	0	0	0	0	0	0	0	0	0	0	0	0	0	0	0	0	0	0	0	0	0	0	0	0	0	0	0	0	0	0	0	0	0	0	0	0	0	0	0	0	0	0	0	0	0	0	0	0	0	0	0	0	0	0	0	0	0	0	0	0	2.0	0	0	0	0	0	0	0	0	0	0	0	0	0	0	0	0	0	0	0	0	0	0	0	0	0	0	0	0	0	0	0	0	0	0	0	0	0	0	0	0	0	0	0	0	0	0	0	0	0	0	0	0	0	0	0	0	0	0	0	0	0	0	0	0	0	0	0	0	0	0	0	0	0
sk__Bacteria;k__;p__Proteobacteria;c__Betaproteobacteria;o__Burkholderiales;f__Oxalobacteraceae	0	0	0	0	0	0	0	0	0	0	20.0	5.0	3.0	0	0	0	0	0	0	0	0	0	0	0	0	0	0	0	0	0	0	0	0	0	0	0	0	0	0	0	0	0	0	0	0	0	0	0	0	0	0	0	0	0	0	0	0	0	0	0	0	0	0	1.0	0	0	0	0	0	0	0	0	0	0	0	0	0	0	0	0	0	0	0	0	0	0	1.0	0	0	0	1.0	0	0	20.0	3.0	8.0	1.0	0	0	1.0	1.0	1.0	0	0	0	6.0	1.0	264.0	91.0	0	0	0	0	8.0	1.0	62.0	10.0	0	0	0	0	0	0	0	0	0	0	0	0	0	0	0	0	0	0	1.0	0	0	0	0	0	0	0	0	0	0	0	0	0	0	0	0	0	0	0	0	0	0	0	0	0	0	0	0	0	0	0	0	0	0	0	0	0	0	0	0	0	0
sk__Bacteria;k__;p__Proteobacteria;c__Betaproteobacteria;o__Burkholderiales;f__Oxalobacteraceae;g__;s__Oxalobacteraceae_bacterium_118D	0	0	0	0	0	0	0	0	0	0	0	0	0	0	0	0	0	0	0	0	0	0	0	0	0	0	0	0	0	0	0	0	0	0	0	0	0	0	0	0	0	0	0	0	0	0	0	0	0	0	0	0	0	0	0	0	0	0	0	0	0	0	0	0	0	0	0	0	0	0	0	0	0	0	0	0	0	0	0	0	0	0	0	0	0	0	0	0	0	0	0	0	0	0	0	0	0	0	0	0	0	0	0	0	0	0	0	0	0	0	0	0	0	0	0	1.0	0	0	0	0	0	0	0	0	0	0	0	0	0	0	0	0	0	0	0	0	0	0	0	0	0	0	0	0	0	0	0	0	0	0	0	0	0	0	0	0	0	0	0	0	0	0	0	0	0	0	0	0	0	0	0	0	0	0	0	0	0	0
sk__Bacteria;k__;p__Proteobacteria;c__Betaproteobacteria;o__Burkholderiales;f__Oxalobacteraceae;g__Duganella	0	0	0	0	0	0	0	0	0	0	0	1.0	0	0	0	0	0	0	0	0	0	0	0	0	0	0	0	0	0	0	0	0	0	0	0	0	0	0	0	0	0	0	0	0	0	0	0	0	0	0	0	0	0	0	0	0	0	0	0	0	0	0	0	0	0	0	0	0	0	0	0	0	0	0	0	0	0	0	0	0	0	0	0	0	0	0	0	0	0	0	0	0	0	0	0	0	0	0	0	0	0	0	0	0	0	2.0	0	20.0	8.0	0	0	0	0	0	0	4.0	2.0	0	0	0	0	0	0	0	0	0	0	0	0	0	0	0	0	0	0	0	0	0	0	0	0	0	0	0	0	0	0	0	0	0	0	0	0	0	0	0	0	0	0	0	0	0	0	0	0	0	0	0	0	0	0	0	0	0	0	0	0	0
sk__Bacteria;k__;p__Proteobacteria;c__Betaproteobacteria;o__Burkholderiales;f__Oxalobacteraceae;g__Janthinobacterium	0	0	0	0	0	0	0	0	0	0	0	0	0	0	0	0	0	0	0	0	0	0	0	0	0	0	0	0	0	0	0	0	0	0	0	0	0	0	0	0	0	0	0	0	0	0	0	0	0	0	0	0	0	0	0	0	0	0	0	0	0	0	0	0	3.0	0	0	0	0	0	0	0	0	0	0	0	0	0	0	0	0	0	0	0	0	0	0	0	0	0	0	0	0	0	0	0	0	0	0	0	0	0	0	0	0	0	0	0	0	0	0	0	0	0	0	0	0	0	0	0	0	0	0	0	0	0	0	0	0	0	0	0	0	0	0	0	0	0	0	0	0	0	0	0	0	0	0	0	0	0	0	0	0	0	0	0	0	0	0	0	0	0	0	0	0	0	0	0	0	0	0	0	0	0	0	0	0	0
sk__Bacteria;k__;p__Proteobacteria;c__Betaproteobacteria;o__Burkholderiales;f__Oxalobacteraceae;g__Massilia	0	0	0	0	0	0	0	0	0	0	0	9.0	0	3.0	0	0	0	0	0	0	0	0	0	0	0	0	0	0	0	0	0	0	0	0	0	0	0	0	0	0	0	0	0	0	0	0	0	0	0	0	0	1.0	0	0	0	0	0	0	0	0	0	0	0	0	0	0	0	0	0	0	0	0	0	0	0	0	0	0	0	0	0	0	0	0	0	0	0	0	0	0	0	0	0	0	10.0	0	4.0	0	1.0	0	0	0	0	0	3.0	0	1.0	1.0	441.0	0	0	0	1.0	0	2.0	0	15.0	0	0	0	0	0	0	0	0	0	0	0	0	0	0	0	0	0	0	0	0	0	0	0	0	0	0	0	0	0	0	0	0	1.0	0	0	0	0	0	0	0	0	0	0	0	0	0	0	0	0	0	0	0	0	0	0	0	0	0	0	0	0
sk__Bacteria;k__;p__Proteobacteria;c__Betaproteobacteria;o__Burkholderiales;f__Oxalobacteraceae;g__Noviherbaspirillum	0	0	0	0	0	0	0	0	0	0	0	0	0	0	0	0	0	0	0	0	0	0	0	0	0	0	0	0	0	0	0	0	0	0	0	0	0	0	0	0	0	0	0	0	0	0	0	0	0	0	0	0	0	0	0	0	0	0	0	0	0	0	0	0	0	0	0	0	0	0	0	0	0	0	0	0	0	0	0	0	0	0	0	0	0	0	0	0	0	0	0	0	0	0	0	0	0	0	0	0	0	0	0	0	0	0	0	0	0	0	0	0	0	0	0	0	0	0	0	0	0	0	0	0	0	0	0	0	0	0	0	0	0	0	0	0	0	0	0	0	0	0	0	0	0	0	0	0	0	0	0	0	1.0	0	0	0	0	0	0	0	0	0	0	0	0	0	0	0	0	0	0	0	0	0	0	0	0	0
sk__Bacteria;k__;p__Proteobacteria;c__Betaproteobacteria;o__Burkholderiales;f__Oxalobacteraceae;g__Undibacterium	0	0	0	0	0	0	0	0	0	0	0	0	0	0	0	0	0	0	0	0	0	0	0	0	0	0	0	0	0	0	0	0	0	0	0	0	0	0	0	0	0	0	0	0	0	0	0	0	0	0	0	0	0	0	0	0	0	0	0	0	0	0	0	0	0	0	0	0	0	0	0	0	0	0	0	0	0	0	0	0	0	0	0	0	0	0	0	0	0	0	0	0	0	0	1.0	0	0	0	0	0	0	0	0	0	0	0	0	2.0	12.0	0	0	0	0	0	0	0	0	0	0	0	0	0	0	0	0	0	0	0	0	0	0	0	0	0	0	0	0	0	0	0	0	0	0	0	0	0	0	0	0	0	0	0	0	0	0	0	0	0	0	0	0	0	0	0	0	0	0	0	0	0	0	0	0	0	0	0	0	0
sk__Bacteria;k__;p__Proteobacteria;c__Betaproteobacteria;o__Neisseriales	0	0	0	0	0	0	0	0	0	0	0	0	0	0	0	0	0	0	0	0	0	0	0	0	0	1.0	0	0	0	0	0	0	0	0	0	0	0	0	0	0	0	0	0	1.0	0	0	0	0	0	0	0	0	0	0	0	0	0	0	0	0	0	0	0	0	0	0	0	0	0	0	0	0	0	0	0	0	0	1.0	0	0	0	0	0	0	0	0	0	0	0	1.0	0	0	0	1.0	0	0	0	0	0	0	0	0	0	0	0	0	0	0	0	0	0	0	0	0	0	0	0	0	0	0	0	0	0	0	0	0	0	0	0	0	0	0	0	0	0	0	0	0	0	1.0	0	0	0	0	0	0	0	0	0	0	0	0	0	0	1.0	0	0	0	0	0	0	0	0	0	0	0	0	0	0	0	0	0	0	0	0	0	0	0
sk__Bacteria;k__;p__Proteobacteria;c__Betaproteobacteria;o__Neisseriales;f__Neisseriaceae	8.0	0	31.0	3.0	45.0	1.0	28.0	0	32.0	0	38.0	4.0	1.0	1.0	3.0	0	29.0	0	1.0	46.0	0	12.0	0	9.0	0	8.0	0	44.0	0	3.0	0	16.0	0	2.0	0	14.0	0	178.0	4.0	114.0	4.0	7.0	0	3.0	0	9.0	0	14.0	5.0	0	0	11.0	12.0	1.0	5.0	5.0	2.0	0	6.0	7.0	1.0	6.0	0	16.0	0	68.0	3.0	51.0	3.0	13.0	0	6.0	0	2.0	0	20.0	0	72.0	5.0	43.0	0	4.0	0	1.0	0	18.0	0	17.0	0	3.0	0	53.0	0	86.0	0	61.0	0	19.0	1.0	23.0	2.0	34.0	1.0	31.0	1.0	16.0	0	24.0	10.0	0	0	0	0	0	0	8.0	0	15.0	0	3.0	0	26.0	0	61.0	2.0	58.0	2.0	38.0	3.0	22.0	0	6.0	1.0	47.0	0	17.0	0	13.0	0	22.0	0	60.0	1.0	14.0	0	1.0	25.0	0	26.0	0	7.0	0	25.0	0	2.0	0	1.0	0	17.0	0	50.0	0	0	0	7.0	0	6.0	0	15.0	0	3.0	0	5.0	0	1.0	0	3.0	0
sk__Bacteria;k__;p__Proteobacteria;c__Betaproteobacteria;o__Neisseriales;f__Neisseriaceae;g__Alysiella	0	0	0	0	0	0	0	0	0	0	1.0	0	0	0	0	0	0	0	0	0	0	0	0	0	0	0	0	0	0	0	0	0	0	0	0	0	0	0	0	0	0	0	0	0	0	0	0	0	0	0	0	0	0	0	0	0	0	0	0	0	0	0	0	0	0	0	0	0	0	0	0	0	0	0	0	0	0	0	0	0	0	0	0	0	0	0	0	0	0	1.0	0	0	0	0	0	0	0	0	0	0	0	0	0	1.0	0	0	0	1.0	0	0	0	0	0	0	0	0	0	0	0	0	0	0	0	0	0	0	0	0	0	0	0	0	0	0	0	0	0	0	0	0	0	0	0	0	0	0	0	0	0	0	0	0	0	0	0	0	0	0	0	0	0	0	0	0	0	0	0	0	0	0	0	0	0	0	0	0	0	0
sk__Bacteria;k__;p__Proteobacteria;c__Betaproteobacteria;o__Neisseriales;f__Neisseriaceae;g__Conchiformibius	0	0	0	0	0	0	0	0	0	0	0	0	1.0	0	0	0	0	0	0	0	0	0	0	0	0	0	0	0	0	0	0	0	0	0	0	0	0	1.0	0	0	0	0	0	0	0	0	0	0	0	0	0	0	0	0	0	0	0	0	0	0	0	0	0	0	0	0	0	0	0	0	0	0	0	0	0	0	0	0	0	0	0	0	0	0	0	0	0	0	0	0	0	0	0	1.0	0	0	0	0	0	0	0	0	0	0	0	0	0	0	0	0	0	0	0	0	0	0	0	0	0	0	0	0	0	0	0	0	0	0	0	0	0	0	0	0	0	0	0	0	0	0	0	0	0	0	0	0	0	0	0	0	0	0	0	0	0	0	0	0	0	0	0	0	0	0	0	0	0	0	0	0	0	0	0	0	1.0	0	0	0
sk__Bacteria;k__;p__Proteobacteria;c__Betaproteobacteria;o__Neisseriales;f__Neisseriaceae;g__Eikenella	10.0	5.0	9.0	12.0	30.0	27.0	30.0	13.0	31.0	7.0	71.0	22.0	152.0	35.0	2.0	0	119.0	5.0	0	80.0	25.0	0	0	1.0	1.0	19.0	6.0	13.0	10.0	2.0	0	41.0	26.0	14.0	5.0	289.0	69.0	64.0	9.0	23.0	2.0	23.0	12.0	6.0	0	4.0	1.0	0	0	0	0	1.0	5.0	0	2.0	1.0	0	0	3.0	54.0	18.0	27.0	12.0	27.0	23.0	79.0	29.0	152.0	37.0	30.0	7.0	23.0	3.0	8.0	4.0	39.0	6.0	92.0	50.0	105.0	18.0	14.0	6.0	5.0	4.0	11.0	6.0	4.0	1.0	21.0	2.0	33.0	32.0	259.0	52.0	168.0	35.0	11.0	3.0	31.0	6.0	78.0	15.0	48.0	20.0	31.0	19.0	7.0	3.0	8.0	9.0	35.0	18.0	2.0	0	11.0	0	1.0	0	0	0	17.0	10.0	186.0	30.0	140.0	67.0	76.0	21.0	18.0	3.0	6.0	1.0	171.0	17.0	86.0	10.0	13.0	3.0	55.0	7.0	78.0	6.0	5.0	1.0	1.0	45.0	9.0	57.0	22.0	101.0	13.0	302.0	22.0	11.0	1.0	6.0	3.0	13.0	4.0	44.0	13.0	5.0	2.0	8.0	2.0	30.0	1.0	52.0	11.0	58.0	5.0	115.0	26.0	79.0	27.0	10.0	1.0
sk__Bacteria;k__;p__Proteobacteria;c__Betaproteobacteria;o__Neisseriales;f__Neisseriaceae;g__Eikenella;s__Eikenella_corrodens	0	0	0	0	5.0	0	2.0	0	0	0	11.0	0	2.0	0	0	0	3.0	0	0	2.0	0	0	0	0	0	0	0	5.0	0	0	0	1.0	0	0	0	4.0	0	1.0	0	0	0	1.0	0	0	0	0	0	0	0	0	0	0	0	0	0	0	0	0	0	0	0	0	0	1.0	0	1.0	0	7.0	0	1.0	0	0	0	0	0	0	0	0	0	0	0	0	0	0	0	0	0	0	0	0	0	0	0	32.0	0	15.0	0	0	0	0	0	4.0	0	3.0	0	1.0	0	0	0	0	0	0	0	0	0	1.0	0	0	0	0	0	0	0	0	0	1.0	0	0	0	2.0	0	0	0	7.0	0	7.0	0	0	0	5.0	0	9.0	0	0	0	0	3.0	0	1.0	0	0	0	0	0	1.0	0	0	0	2.0	0	0	0	0	0	0	0	0	0	0	0	0	0	1.0	0	2.0	0	0	0
sk__Bacteria;k__;p__Proteobacteria;c__Betaproteobacteria;o__Neisseriales;f__Neisseriaceae;g__Eikenella;s__Eikenella_sp.	0	0	0	0	0	0	0	0	0	0	0	0	0	0	0	0	0	0	0	0	0	0	0	0	0	0	0	0	0	0	0	0	0	0	0	0	0	0	0	0	0	0	0	0	0	0	0	0	0	0	0	0	0	0	0	0	0	0	0	0	0	0	0	0	0	0	0	0	0	0	0	0	0	0	0	0	0	0	0	0	0	0	0	0	0	0	0	0	0	0	0	0	0	0	0	0	0	0	0	0	0	0	0	0	0	0	0	0	0	0	0	0	0	0	0	0	0	0	0	0	0	0	2.0	0	1.0	0	0	0	0	0	2.0	0	0	0	0	0	0	0	0	0	0	0	0	0	0	0	0	0	0	0	0	0	0	0	0	0	0	0	0	0	0	0	0	0	0	0	0	0	0	0	0	0	0	0	0	0	0	0
sk__Bacteria;k__;p__Proteobacteria;c__Betaproteobacteria;o__Neisseriales;f__Neisseriaceae;g__Eikenella;s__Eikenella_sp._MDA2346-4	0	0	0	0	0	0	0	0	0	0	0	0	0	0	0	0	0	0	0	0	0	0	0	0	0	0	0	0	0	0	0	0	0	0	0	0	0	0	0	0	0	0	0	0	0	0	0	0	0	0	0	0	0	0	0	0	0	0	0	0	0	0	0	0	0	0	0	0	0	0	0	0	0	0	0	0	0	0	0	0	0	0	0	0	0	0	0	0	0	0	0	0	0	0	0	0	0	0	0	0	0	0	0	0	0	0	0	0	0	0	0	0	0	0	0	0	0	0	0	0	0	0	0	1.0	0	0	0	0	0	0	0	0	0	0	0	0	0	0	0	0	0	0	0	0	0	0	0	0	0	0	1.0	0	0	0	0	0	0	0	0	0	0	0	0	0	0	0	0	0	1.0	0	0	0	0	0	0	0	0	0
sk__Bacteria;k__;p__Proteobacteria;c__Betaproteobacteria;o__Neisseriales;f__Neisseriaceae;g__Eikenella;s__Eikenella_sp._NML02-A-017	0	0	0	0	0	0	0	0	0	0	0	0	0	0	0	0	0	0	0	0	0	0	0	0	0	0	0	0	0	0	0	0	0	0	0	0	0	0	0	0	0	0	0	0	0	0	0	0	0	0	0	0	0	0	0	0	0	0	0	0	0	0	0	0	0	0	0	0	1.0	0	0	0	0	0	0	0	0	0	0	0	0	0	0	0	0	0	0	0	1.0	0	0	0	0	0	0	0	0	0	0	0	0	0	0	0	0	0	0	0	0	0	0	0	0	0	0	0	0	0	0	0	0	0	0	0	0	0	0	0	0	0	0	0	0	0	0	0	0	0	0	0	0	0	0	0	0	0	0	0	0	0	0	0	0	0	0	0	0	0	0	0	0	0	0	0	0	0	0	0	0	0	0	0	0	0	0	0	0	0
sk__Bacteria;k__;p__Proteobacteria;c__Betaproteobacteria;o__Neisseriales;f__Neisseriaceae;g__Kingella	28.0	10.0	36.0	21.0	200.0	166.0	61.0	14.0	116.0	10.0	46.0	12.0	0	1.0	40.0	32.0	53.0	3.0	44.0	1.0	0	106.0	49.0	12.0	0	11.0	1.0	112.0	18.0	13.0	7.0	20.0	12.0	0	0	6.0	1.0	95.0	0	80.0	3.0	38.0	16.0	0	0	33.0	1.0	8.0	6.0	0	0	8.0	0	1.0	28.0	25.0	2.0	0	20.0	1.0	2.0	4.0	1.0	65.0	48.0	250.0	60.0	26.0	6.0	5.0	0	39.0	8.0	12.0	0	105.0	31.0	130.0	134.0	59.0	22.0	2.0	0	28.0	8.0	53.0	26.0	67.0	13.0	2.0	1.0	28.0	5.0	0	0	1.0	0	109.0	35.0	162.0	37.0	13.0	4.0	22.0	11.0	6.0	2.0	71.0	38.0	0	0	0	0	4.0	4.0	48.0	12.0	116.0	15.0	6.0	2.0	64.0	7.0	539.0	99.0	121.0	41.0	152.0	57.0	11.0	3.0	4.0	5.0	294.0	16.0	12.0	0	47.0	12.0	78.0	10.0	19.0	2.0	19.0	1.0	4.0	8.0	0	27.0	9.0	0	0	91.0	1.0	0	0	2.0	0	7.0	3.0	4.0	4.0	0	0	12.0	4.0	4.0	3.0	32.0	4.0	0	0	1.0	0	1.0	0	0	1.0
sk__Bacteria;k__;p__Proteobacteria;c__Betaproteobacteria;o__Neisseriales;f__Neisseriaceae;g__Kingella;s__Kingella_kingae	0	0	0	0	0	0	0	0	0	0	0	0	0	0	0	0	0	0	0	0	0	0	0	0	0	0	0	0	0	0	0	0	0	0	0	0	0	0	0	0	0	0	0	0	0	0	0	0	0	0	0	0	0	1.0	0	0	0	0	0	0	0	0	0	0	0	0	0	0	0	0	0	0	0	0	0	0	0	0	0	0	0	0	0	0	0	0	0	0	0	0	0	0	0	0	0	0	0	0	0	0	0	0	0	0	0	0	0	0	0	0	0	0	0	0	0	0	0	0	0	0	0	0	0	0	0	0	0	0	0	0	0	0	0	0	0	0	0	0	0	0	0	0	0	0	0	0	0	0	0	0	0	0	0	0	0	0	0	0	0	0	0	0	0	0	0	0	0	0	0	0	0	0	0	0	0	0	0	0
sk__Bacteria;k__;p__Proteobacteria;c__Betaproteobacteria;o__Neisseriales;f__Neisseriaceae;g__Kingella;s__Kingella_oralis	0	0	0	0	1.0	0	0	0	0	0	0	0	0	0	0	0	0	0	0	0	0	0	0	0	0	0	0	0	0	0	0	0	0	0	0	0	0	0	0	0	0	0	0	0	0	0	0	0	0	0	0	0	0	0	0	0	0	0	0	0	0	0	0	0	0	0	0	0	0	0	0	0	0	0	0	0	0	0	0	0	0	0	0	0	0	0	0	0	0	0	0	0	0	0	0	0	0	0	0	0	0	0	0	0	0	0	0	0	0	0	0	0	0	0	0	0	0	0	0	0	0	0	0	0	0	0	0	1.0	0	0	0	0	0	0	0	0	0	0	0	0	0	0	0	0	0	0	0	0	0	0	0	0	0	0	0	0	0	0	0	0	0	0	0	0	0	0	0	0	0	0	0	0	0	0	0	0	0	0
sk__Bacteria;k__;p__Proteobacteria;c__Betaproteobacteria;o__Neisseriales;f__Neisseriaceae;g__Neisseria	20.0	2.0	137.0	66.0	665.0	380.0	42.0	5.0	2327.0	404.0	526.0	126.0	718.0	167.0	55.0	43.0	152.0	5.0	46.0	3.0	3.0	103.0	22.0	101.0	44.0	188.0	29.0	804.0	141.0	244.0	76.0	373.0	139.0	177.0	21.0	44.0	8.0	1499.0	217.0	381.0	213.0	150.0	57.0	2.0	1.0	498.0	45.0	27.0	24.0	0	0	50.0	708.0	185.0	11.0	12.0	1.0	0	7.0	19.0	6.0	57.0	22.0	788.0	495.0	599.0	89.0	692.0	75.0	34.0	6.0	398.0	81.0	80.0	6.0	196.0	31.0	685.0	186.0	436.0	115.0	14.0	7.0	38.0	10.0	20.0	9.0	37.0	8.0	19.0	11.0	140.0	84.0	0	0	0	0	60.0	23.0	59.0	24.0	743.0	114.0	2760.0	635.0	146.0	44.0	170.0	92.0	0	0	0	0	21.0	6.0	82.0	13.0	391.0	26.0	112.0	7.0	3.0	0	3.0	0	414.0	167.0	45.0	26.0	291.0	22.0	214.0	61.0	101.0	6.0	8.0	2.0	123.0	17.0	269.0	22.0	88.0	7.0	405.0	49.0	132.0	237.0	51.0	373.0	105.0	0	0	4.0	0	276.0	60.0	148.0	6.0	1661.0	224.0	489.0	69.0	0	0	2.0	2.0	4.0	0	1127.0	193.0	330.0	21.0	203.0	31.0	44.0	4.0	20.0	3.0
sk__Bacteria;k__;p__Proteobacteria;c__Betaproteobacteria;o__Neisseriales;f__Neisseriaceae;g__Neisseria;s__Neisseria_elongata	0	0	0	0	0	0	0	0	1.0	0	0	0	0	0	0	0	0	0	0	0	0	0	0	0	0	0	0	0	0	0	0	0	0	0	0	0	0	0	0	1.0	0	0	0	0	0	0	0	0	0	0	0	0	0	0	0	0	0	0	0	0	0	0	0	0	0	1.0	0	0	0	0	0	0	0	0	0	0	0	1.0	0	0	0	0	0	0	0	0	0	0	0	0	0	0	0	0	0	0	0	0	0	0	0	0	0	0	0	0	0	0	0	0	0	0	0	0	0	0	0	0	0	0	0	0	0	0	0	0	1.0	0	0	0	0	0	0	0	0	0	0	0	0	0	0	0	0	0	0	0	0	0	0	0	0	0	0	0	0	0	0	0	0	0	0	0	0	0	0	0	0	0	0	0	0	0	0	0	0	0	0	0
sk__Bacteria;k__;p__Proteobacteria;c__Betaproteobacteria;o__Neisseriales;f__Neisseriaceae;g__Neisseria;s__Neisseria_flavescens	0	0	0	0	0	0	0	0	0	0	0	0	0	0	0	0	0	0	0	0	0	0	0	0	0	0	0	0	0	0	0	0	0	0	0	0	0	0	0	0	0	0	0	0	0	0	0	0	0	0	0	0	0	0	0	0	0	0	0	0	0	1.0	0	0	0	0	0	1.0	0	0	0	0	0	0	0	0	0	0	0	0	0	0	0	0	0	0	0	0	0	0	0	0	0	0	0	0	0	0	0	0	0	1.0	0	0	0	0	0	0	0	0	0	0	0	0	0	0	0	0	0	0	0	0	0	0	0	0	0	0	0	0	0	1.0	0	0	0	0	0	0	0	0	0	0	0	0	0	0	0	0	0	0	0	0	0	0	0	0	0	0	0	0	0	0	0	0	0	0	0	0	0	0	0	0	0	0	0	0	0	0
sk__Bacteria;k__;p__Proteobacteria;c__Betaproteobacteria;o__Neisseriales;f__Neisseriaceae;g__Neisseria;s__Neisseria_sp._oral_clone_AK105	0	0	0	0	0	0	0	0	0	0	0	0	0	1.0	0	0	0	0	0	0	0	0	0	0	0	0	0	0	0	0	0	0	0	0	0	0	0	0	0	0	0	0	0	0	0	0	0	0	0	0	0	0	0	0	0	0	0	0	0	0	0	0	0	0	0	0	0	0	0	0	0	0	0	0	0	0	0	0	0	0	0	0	0	0	0	0	0	0	0	0	0	0	0	0	0	0	0	0	0	0	0	0	0	0	0	0	0	0	0	0	0	0	0	0	0	0	0	0	0	0	0	0	0	0	0	0	0	0	0	0	0	0	0	0	0	0	0	0	0	0	0	0	0	0	0	0	0	0	0	0	0	0	0	0	0	0	0	0	0	0	0	0	0	0	0	0	0	0	0	0	0	0	0	0	0	0	0	0
sk__Bacteria;k__;p__Proteobacteria;c__Betaproteobacteria;o__Neisseriales;f__Neisseriaceae;g__Neisseria;s__Neisseria_sp._oral_clone_JC012	0	0	0	0	0	0	0	0	0	0	0	0	0	0	0	0	0	0	0	0	0	0	0	0	0	0	0	0	0	0	0	0	0	0	0	0	0	0	0	0	0	0	0	0	0	0	0	0	0	0	0	0	0	0	0	0	0	0	0	0	0	0	0	0	0	0	0	0	0	0	0	0	0	0	0	0	0	0	0	0	0	0	0	0	0	0	0	0	0	0	0	0	0	0	0	0	0	0	0	0	0	0	0	0	0	0	0	0	0	0	0	0	0	0	0	0	0	0	0	5.0	0	0	0	0	0	0	0	0	0	4.0	0	4.0	0	0	0	0	0	0	0	0	0	0	0	0	0	0	0	0	0	0	0	0	0	0	0	0	0	0	0	0	0	0	0	0	0	0	0	0	0	0	0	0	0	0	0	0	0	0
sk__Bacteria;k__;p__Proteobacteria;c__Betaproteobacteria;o__Neisseriales;f__Neisseriaceae;g__Neisseria;s__Neisseria_zoodegmatis	0	0	0	0	0	0	0	0	0	0	0	0	0	6.0	0	0	0	0	0	0	0	0	0	0	0	0	0	0	0	0	0	0	0	0	0	0	0	0	2.0	0	0	0	0	0	0	0	0	0	0	0	0	0	0	0	0	0	0	0	0	0	0	0	0	0	0	0	0	0	0	0	0	0	0	0	0	0	0	0	0	0	0	0	0	0	0	0	0	0	0	0	0	0	0	0	0	0	0	0	0	0	0	0	0	0	0	0	0	0	0	0	0	0	0	0	0	0	0	0	0	0	0	0	0	0	0	0	0	0	0	0	0	0	0	0	0	0	0	0	0	0	0	0	0	0	0	0	0	0	0	0	0	0	0	0	0	0	0	0	0	0	0	0	0	0	0	0	0	0	0	0	0	0	0	0	0	0	0	0
sk__Bacteria;k__;p__Proteobacteria;c__Betaproteobacteria;o__Neisseriales;f__Neisseriaceae;g__Simonsiella	0	0	0	0	0	0	0	0	0	0	0	0	0	0	0	0	0	0	0	0	0	0	0	0	0	0	0	0	0	0	0	0	0	0	0	0	0	0	0	0	0	0	0	0	0	0	0	0	0	0	0	0	25.0	3.0	0	0	0	0	0	0	0	0	0	0	0	0	0	0	0	0	0	0	0	0	0	0	0	0	0	0	0	0	0	0	0	0	0	0	0	0	0	0	0	0	0	0	0	0	0	0	0	0	0	0	0	0	0	0	0	0	0	0	0	0	0	0	0	0	0	0	0	0	0	1.0	0	0	0	0	0	0	0	0	0	0	0	0	0	0	0	0	0	0	1.0	0	0	0	1.0	0	0	0	0	0	0	0	0	0	0	0	0	0	0	0	0	0	0	0	0	0	0	0	0	0	0	0	0	0	0	0
sk__Bacteria;k__;p__Proteobacteria;c__Betaproteobacteria;o__Neisseriales;f__Neisseriaceae;g__Snodgrassella	0	0	0	0	0	0	0	0	0	0	0	0	0	0	0	0	0	0	0	0	0	0	0	0	0	0	0	0	1.0	0	0	0	0	0	0	0	0	0	0	0	0	0	0	0	0	0	0	0	0	0	0	0	0	0	0	0	0	0	0	0	0	0	0	0	0	0	0	0	0	0	0	0	0	0	0	0	0	0	0	0	0	0	0	0	0	0	0	0	0	0	0	0	0	0	0	0	0	0	1.0	0	0	0	0	0	0	0	0	0	0	0	0	0	0	0	0	0	0	0	0	0	0	0	0	0	0	0	0	0	0	0	0	0	0	0	0	0	0	0	0	0	0	0	0	0	0	0	0	0	0	0	0	0	0	0	0	0	0	0	0	0	0	0	0	0	0	0	0	0	0	0	0	0	0	0	0	0	0	0
sk__Bacteria;k__;p__Proteobacteria;c__Betaproteobacteria;o__Nitrosomonadales	0	0	1.0	0	0	1.0	0	0	0	0	0	0	0	0	0	0	0	0	0	0	0	0	1.0	0	0	0	0	0	0	0	0	0	0	0	0	0	0	0	0	0	0	0	0	0	0	0	0	0	0	0	0	0	0	0	0	0	0	0	0	0	0	0	0	0	0	0	0	0	0	0	0	0	0	0	0	0	0	0	0	0	0	0	0	0	0	0	0	0	0	0	0	0	0	0	0	0	0	0	0	0	0	0	0	0	0	0	0	0	0	0	0	0	0	0	0	0	0	0	0	0	0	0	0	0	0	0	0	2.0	1.0	0	0	0	0	0	0	0	0	0	0	0	0	0	0	0	0	0	0	0	0	0	0	0	0	0	0	0	0	0	0	0	0	0	0	0	0	0	0	0	0	0	0	0	0	0	0	0	0	0
sk__Bacteria;k__;p__Proteobacteria;c__Betaproteobacteria;o__Nitrosomonadales;f__Methylophilaceae	4.0	0	9.0	1.0	7.0	0	1.0	0	2.0	0	0	0	0	0	1.0	0	0	0	0	1.0	0	2.0	0	0	0	0	0	0	0	5.0	0	5.0	0	0	0	1.0	0	0	0	0	0	0	0	5.0	0	0	0	1.0	0	0	0	0	1.0	0	0	0	0	0	0	1.0	0	0	0	1.0	0	0	0	6.0	0	0	0	6.0	0	3.0	0	1.0	0	0	1.0	1.0	0	0	0	0	0	0	0	0	0	0	0	0	0	0	0	0	0	0	0	0	0	3.0	0	2.0	0	0	0	3.0	0	0	0	1.0	0	1.0	0	1.0	0	0	0	0	0	0	0	1.0	0	0	0	18.0	1.0	0	0	3.0	0	0	0	1.0	0	1.0	0	0	0	0	0	4.0	0	0	0	0	2.0	0	0	0	0	0	0	0	0	0	0	0	0	0	0	0	0	0	0	0	0	0	0	0	0	0	0	0	0	0
sk__Bacteria;k__;p__Proteobacteria;c__Betaproteobacteria;o__Nitrosomonadales;f__Methylophilaceae;g__Methylophilus	0	0	1.0	1.0	0	0	0	0	0	0	0	0	0	0	0	0	0	0	0	0	0	0	0	0	0	0	0	0	0	0	0	0	0	0	0	0	0	0	0	0	0	0	0	0	1.0	0	0	0	0	0	0	1.0	0	0	0	0	0	0	0	0	0	0	0	1.0	0	0	0	0	0	0	0	0	1.0	0	0	0	0	0	0	0	0	0	0	0	0	0	0	0	0	0	0	0	0	0	0	0	0	0	0	0	0	0	0	0	0	0	0	0	2.0	0	0	0	0	0	0	0	0	0	0	0	0	0	0	0	0	0	0	1.0	4.0	0	0	1.0	2.0	0	0	1.0	0	0	0	0	0	0	0	0	0	0	0	0	0	0	0	0	0	0	0	0	0	0	0	0	0	0	0	0	0	0	0	0	0	0	0	0	0	0	0	0	0	0
sk__Bacteria;k__;p__Proteobacteria;c__Betaproteobacteria;o__Nitrosomonadales;f__Methylophilaceae;g__Methylotenera	0	0	0	0	1.0	0	0	0	0	0	0	0	0	0	0	0	0	0	0	0	0	0	0	0	0	0	0	0	0	0	0	0	0	0	0	0	0	0	0	0	0	0	0	0	0	0	0	0	0	0	0	0	0	0	0	0	0	0	0	0	0	0	0	0	0	0	1.0	0	0	0	0	0	0	0	0	0	0	0	0	0	0	0	0	0	0	0	0	0	0	0	0	0	0	0	0	0	0	0	0	0	0	0	0	0	0	0	0	0	0	0	0	0	0	0	0	0	0	0	0	0	0	0	0	0	0	0	0	0	0	0	0	0	0	0	0	0	0	0	0	0	0	0	0	1.0	0	0	0	0	0	0	0	0	0	0	0	0	0	0	0	0	0	0	0	0	0	0	0	0	0	0	0	0	0	0	0	0	0	0
sk__Bacteria;k__;p__Proteobacteria;c__Betaproteobacteria;o__Nitrosomonadales;f__Methylophilaceae;g__Methylotenera;s__Methylotenera_mobilis	0	0	0	1.0	0	0	0	0	0	0	0	0	0	0	0	0	0	0	0	0	0	0	0	0	0	0	0	0	0	0	0	0	0	0	0	0	0	0	0	0	0	0	0	0	0	0	0	0	0	0	0	0	0	0	0	0	0	0	0	0	0	0	0	0	0	0	0	0	0	0	0	0	0	0	0	0	0	0	0	0	0	0	0	0	0	0	0	0	0	0	0	0	0	0	0	0	0	0	0	0	0	0	0	0	0	0	0	0	0	0	0	0	0	0	0	0	0	0	0	0	0	0	0	0	0	0	0	0	0	0	0	0	0	0	0	0	0	0	0	0	0	0	0	0	0	0	0	0	0	0	0	0	0	0	0	0	0	0	0	0	0	0	0	0	0	0	0	0	0	0	0	0	0	0	0	0	0	0
sk__Bacteria;k__;p__Proteobacteria;c__Betaproteobacteria;o__Nitrosomonadales;f__Nitrosomonadaceae	2.0	0	0	0	0	0	0	0	0	0	0	0	0	0	0	0	0	0	0	0	0	0	0	0	0	0	0	0	0	0	0	0	0	0	0	0	0	0	0	0	0	0	0	1.0	0	0	0	0	0	0	0	0	0	0	0	0	0	0	0	0	0	0	0	0	0	0	0	0	0	0	0	0	0	0	0	0	0	0	0	0	0	0	0	0	0	0	0	0	0	0	0	0	0	0	0	0	0	0	0	0	0	0	0	0	0	0	0	0	0	0	0	0	0	0	0	0	0	0	0	0	0	0	0	0	0	0	0	0	0	0	0	0	0	0	0	0	0	0	0	0	0	0	0	0	0	0	0	0	0	0	0	0	0	0	0	0	0	0	0	0	0	0	0	0	0	0	0	0	0	0	0	0	0	0	0	0	0	0
sk__Bacteria;k__;p__Proteobacteria;c__Betaproteobacteria;o__Nitrosomonadales;f__Sterolibacteriaceae;g__Methyloversatilis	0	0	0	0	0	4.0	0	0	0	0	0	0	0	0	0	0	0	0	0	0	0	0	0	0	0	0	0	0	0	0	0	0	0	0	0	0	0	0	0	0	0	0	0	0	0	0	0	0	0	0	0	0	0	0	0	0	0	0	0	0	0	0	0	0	0	0	0	0	0	0	0	0	0	0	0	0	0	0	0	0	0	0	0	0	0	0	0	0	0	0	0	0	0	0	0	0	0	0	0	0	0	0	0	0	0	0	0	0	0	0	0	0	0	0	0	0	0	0	0	0	0	0	0	0	0	0	0	0	0	0	0	0	0	0	0	0	0	0	0	0	0	0	0	0	0	0	0	0	0	0	0	0	0	0	0	0	0	0	0	0	0	0	0	0	0	0	0	0	0	0	0	0	0	0	0	0	0	0
sk__Bacteria;k__;p__Proteobacteria;c__Betaproteobacteria;o__Nitrosomonadales;f__Thiobacillaceae;g__Thiobacillus	0	0	0	0	0	1.0	0	0	0	0	0	0	0	0	0	0	0	0	0	0	0	0	0	0	0	0	0	0	0	0	0	0	0	0	0	0	0	0	0	0	0	0	0	0	0	0	0	0	0	0	0	0	0	0	0	0	0	0	0	0	0	0	0	0	0	0	0	0	0	0	0	0	0	0	0	0	0	0	0	0	0	0	0	0	0	0	0	0	0	0	0	0	0	0	0	0	0	0	0	0	0	0	0	0	0	0	0	0	0	0	0	0	0	0	0	0	0	0	0	0	0	0	0	0	0	0	0	0	0	0	0	0	0	0	0	0	0	0	0	0	0	0	0	0	0	0	0	0	0	0	0	0	0	0	0	0	0	0	0	0	0	0	0	0	0	0	0	0	0	0	0	0	0	0	0	0	0	0
sk__Bacteria;k__;p__Proteobacteria;c__Betaproteobacteria;o__Rhodocyclales	0	0	0	0	0	0	0	0	0	0	0	0	0	0	0	0	0	0	0	0	0	0	0	0	0	0	0	0	0	0	0	0	0	0	0	0	0	0	0	0	0	0	0	0	0	0	0	0	0	0	0	0	0	0	0	0	0	0	0	0	0	0	0	1.0	0	0	0	0	0	0	0	0	0	0	0	0	0	0	0	0	0	0	0	0	0	0	0	0	0	0	0	0	0	0	0	0	0	0	0	0	0	0	0	1.0	0	0	0	1.0	0	0	0	0	0	0	0	0	0	0	0	0	0	0	0	0	0	0	0	0	0	0	0	1.0	0	0	0	0	0	1.0	0	0	0	0	0	0	0	0	0	0	0	0	0	0	0	0	0	0	0	0	0	0	0	0	0	0	0	0	0	0	0	0	0	0	0	0	0	0	0	0
sk__Bacteria;k__;p__Proteobacteria;c__Betaproteobacteria;o__Rhodocyclales;f__Azonexaceae;g__Dechloromonas	0	0	0	0	0	0	0	0	0	0	0	0	0	0	0	0	0	0	0	0	0	0	0	0	0	0	0	0	0	0	0	0	0	0	0	0	0	0	0	0	0	0	0	0	0	0	0	0	0	0	0	0	0	0	0	0	0	0	0	0	0	0	0	0	0	0	0	0	0	0	0	0	0	0	0	0	0	0	0	0	0	0	0	0	0	0	0	0	0	0	0	0	0	0	0	0	0	0	0	0	0	0	0	0	0	0	0	0	1.0	0	0	0	0	0	0	0	0	0	0	0	0	0	0	0	0	0	0	0	0	0	0	0	0	0	0	0	0	0	0	0	0	0	0	0	0	0	0	0	0	0	0	0	0	0	0	0	0	0	0	0	0	0	0	0	0	0	0	0	0	0	0	0	0	0	0	0	0	0
sk__Bacteria;k__;p__Proteobacteria;c__Betaproteobacteria;o__Rhodocyclales;f__Rhodocyclaceae	0	0	0	0	0	0	0	0	0	0	0	0	0	0	0	0	0	0	0	0	0	0	0	0	0	0	0	0	0	0	0	0	0	0	0	3.0	0	0	0	0	0	0	0	0	0	0	0	1.0	0	0	0	0	0	0	0	0	0	0	0	0	0	0	0	0	0	0	0	0	0	0	0	0	0	0	0	0	0	0	0	0	0	0	0	0	0	0	0	0	0	0	0	0	0	0	0	0	0	0	0	0	0	0	0	0	0	0	0	0	0	0	0	0	0	0	0	0	0	0	0	0	0	0	0	0	0	0	0	0	0	0	0	0	0	0	0	0	0	0	0	0	0	0	0	0	0	0	0	0	0	0	0	0	0	0	0	0	0	0	0	0	0	0	0	0	0	0	0	0	0	0	0	0	0	0	0	0	0	0
sk__Bacteria;k__;p__Proteobacteria;c__Betaproteobacteria;o__Rhodocyclales;f__Rhodocyclaceae;g__Azospira	0	0	1.0	0	0	0	0	0	0	0	0	0	0	0	0	0	0	0	0	0	0	0	0	0	0	0	0	0	0	0	0	0	0	0	0	0	0	0	0	0	0	0	0	0	0	0	0	0	0	0	0	0	0	0	0	0	0	0	0	0	0	0	0	0	0	0	0	0	0	0	0	0	0	0	0	0	0	0	0	0	0	0	0	0	0	0	0	0	0	0	0	0	0	0	0	0	0	0	0	0	0	0	0	0	0	0	0	0	0	0	0	0	0	0	0	0	0	0	0	0	0	0	0	0	0	0	0	0	0	1.0	0	0	0	0	0	0	0	0	0	0	0	0	0	0	0	0	0	0	0	0	0	0	0	0	0	0	0	0	0	0	0	0	0	0	0	0	0	0	0	0	0	0	0	0	0	0	0	0
sk__Bacteria;k__;p__Proteobacteria;c__Betaproteobacteria;o__Rhodocyclales;f__Rhodocyclaceae;g__Propionivibrio	0	0	0	0	0	0	0	0	0	0	0	0	0	0	0	0	6.0	0	0	13.0	0	0	0	0	0	0	0	0	0	1.0	0	0	0	0	0	0	0	6.0	0	0	0	0	0	0	0	0	0	0	0	0	0	0	0	0	0	0	0	0	0	0	0	2.0	0	0	1.0	1.0	0	4.0	0	0	0	0	0	0	0	0	0	3.0	3.0	7.0	0	2.0	1.0	6.0	0	0	0	2.0	0	0	0	0	0	0	0	0	0	0	0	0	0	7.0	0	8.0	0	0	0	0	0	0	0	0	0	0	0	0	0	0	0	0	0	0	0	0	0	0	0	2.0	1.0	3.0	0	1.0	0	2.0	1.0	0	0	0	0	0	0	0	0	0	0	0	0	0	1.0	0	0	0	0	0	0	0	0	0	0	0	2.0	0	0	0	0	0	0	0	2.0	0	0	0	0	0	12.0	1.0	9.0	2.0
sk__Bacteria;k__;p__Proteobacteria;c__Betaproteobacteria;o__Rhodocyclales;f__Zoogloeaceae;g__Zoogloea	0	0	0	0	0	0	0	0	0	0	0	0	0	0	0	0	0	0	0	0	0	0	0	0	0	0	0	0	0	0	0	0	0	0	0	0	0	0	0	0	0	0	0	3.0	0	0	0	0	0	0	0	0	0	0	0	0	0	0	0	0	0	0	0	0	0	0	0	0	0	0	0	0	0	0	0	0	0	0	0	0	0	0	0	0	0	0	0	0	0	0	0	0	0	0	0	0	0	0	0	0	0	0	0	0	0	0	0	0	0	0	0	0	0	0	0	0	0	0	0	0	0	0	0	0	0	0	0	0	0	0	0	0	0	0	0	0	0	0	0	0	0	0	0	0	0	0	0	0	0	0	0	0	0	0	0	0	0	0	0	0	0	0	0	0	0	0	0	0	0	0	0	0	0	0	0	0	0	0
sk__Bacteria;k__;p__Proteobacteria;c__Deltaproteobacteria	0	0	0	0	0	0	0	0	0	0	0	0	0	0	0	0	0	0	0	1.0	0	0	0	0	0	0	0	0	0	0	0	1.0	0	0	0	0	0	0	0	0	0	0	0	0	0	0	0	0	0	0	0	0	0	0	0	0	0	0	0	0	0	0	0	0	0	0	0	0	0	0	0	0	0	0	0	0	0	0	0	0	0	0	0	0	0	0	0	0	0	0	0	0	0	0	0	0	0	0	0	0	0	0	0	0	0	0	0	0	0	0	0	0	0	0	0	0	0	0	0	0	0	0	0	0	0	0	0	1.0	0	0	0	1.0	0	0	0	0	0	0	0	0	0	0	0	0	0	0	0	0	0	0	0	0	0	0	0	0	0	0	0	0	0	0	0	0	0	0	0	0	0	0	0	0	0	0	0	0	0	0
sk__Bacteria;k__;p__Proteobacteria;c__Deltaproteobacteria;o__Bradymonadales	0	0	0	0	0	0	0	0	0	0	0	0	0	0	0	0	0	0	0	0	0	0	0	0	0	0	0	0	0	0	0	0	0	0	0	0	0	0	0	0	0	0	0	0	0	0	0	0	0	0	0	0	0	0	0	0	0	0	0	0	0	15.0	0	0	0	0	1.0	0	0	0	0	0	0	0	0	0	0	0	0	0	0	0	0	0	0	0	0	0	0	14.0	3.0	3.0	0	0	0	0	0	0	0	0	0	0	0	0	0	12.0	1.0	0	0	0	0	0	0	0	0	0	0	0	0	0	0	0	0	0	0	0	0	0	0	0	0	0	0	0	0	0	0	0	0	0	0	0	0	0	0	0	9.0	1.0	0	0	0	0	0	0	0	0	0	0	0	0	0	0	0	0	0	0	0	0	0	0	0	0	0	0	0	0	0	0
sk__Bacteria;k__;p__Proteobacteria;c__Deltaproteobacteria;o__Desulfarculales;f__Desulfarculaceae	0	0	0	0	0	0	0	0	0	0	0	0	0	0	0	0	0	0	0	0	0	0	0	0	0	0	0	0	0	0	0	0	0	0	0	0	0	0	0	0	0	0	0	0	0	0	0	0	0	0	0	0	0	0	0	0	0	0	0	0	0	0	0	1.0	0	0	0	0	0	0	0	0	0	0	0	0	0	0	0	0	0	0	0	0	0	0	0	0	0	0	0	0	0	0	0	0	0	0	0	0	0	0	0	0	0	0	0	1.0	0	0	0	0	0	0	0	0	0	0	0	0	0	0	0	0	0	0	0	0	0	0	0	0	0	0	0	0	0	0	0	0	0	0	0	0	0	0	0	0	0	0	0	0	0	0	0	0	0	0	0	0	0	0	0	0	0	0	0	0	0	0	0	0	0	0	0	0	0	0
sk__Bacteria;k__;p__Proteobacteria;c__Deltaproteobacteria;o__Desulfobacterales	0	0	0	0	0	0	0	0	0	0	0	0	0	0	0	0	0	0	0	0	0	0	0	0	0	0	0	0	0	0	0	0	0	0	0	0	0	0	0	0	0	0	0	0	0	0	0	0	0	0	0	0	0	0	0	0	0	0	0	0	0	0	0	0	0	0	0	0	0	0	0	0	0	0	0	0	0	0	0	0	0	0	0	0	0	0	0	0	0	1.0	0	2.0	0	0	0	0	0	0	0	0	0	0	0	0	0	0	0	0	0	0	0	0	0	0	0	0	0	0	0	0	0	0	0	0	0	0	0	0	0	0	0	0	0	0	0	0	0	0	0	0	0	0	0	0	0	0	0	0	0	0	0	0	0	0	0	0	0	0	0	0	0	0	0	0	0	0	0	0	0	0	0	0	0	0	0	0	0	0
sk__Bacteria;k__;p__Proteobacteria;c__Deltaproteobacteria;o__Desulfobacterales;f__Desulfobulbaceae	0	0	0	0	0	0	0	0	0	0	0	0	0	0	0	0	0	0	0	0	0	0	0	0	0	0	0	0	0	0	0	0	0	0	0	0	0	0	0	0	0	0	0	0	0	0	0	0	0	0	0	0	0	0	0	0	0	0	0	0	0	3.0	0	0	0	0	0	0	0	0	0	0	0	0	0	0	0	0	0	0	0	1.0	0	0	0	0	0	0	0	7.0	0	1.0	0	4.0	0	6.0	0	0	0	0	0	0	0	0	0	1.0	0	0	0	0	0	0	0	1.0	0	0	0	0	0	0	0	0	0	0	0	0	0	0	0	0	0	0	0	1.0	0	0	0	1.0	0	0	0	0	0	0	0	0	0	0	0	0	0	0	0	0	3.0	0	0	0	1.0	0	0	0	0	0	0	0	0	0	0	0	0	0	0	0	0	0	0	0
sk__Bacteria;k__;p__Proteobacteria;c__Deltaproteobacteria;o__Desulfobacterales;f__Desulfobulbaceae;g__Desulfobulbus	0	0	0	0	6.0	1.0	0	0	0	0	0	0	0	0	0	0	0	0	0	0	0	3.0	1.0	0	0	0	0	0	0	0	0	0	0	0	0	0	0	121.0	7.0	0	0	0	0	2.0	0	1.0	0	0	0	0	0	0	1.0	0	0	0	0	0	0	0	0	186.0	17.0	3.0	0	2.0	0	0	0	0	0	0	0	29.0	4.0	1.0	0	62.0	5.0	82.0	10.0	30.0	2.0	40.0	0	109.0	10.0	39.0	5.0	409.0	28.0	354.0	16.0	1042.0	47.0	912.0	43.0	0	0	0	0	7.0	5.0	0	0	166.0	6.0	5.0	1.0	0	0	0	0	169.0	3.0	0	1.0	0	0	0	0	0	0	0	0	0	0	0	0	433.0	8.0	33.0	0	294.0	11.0	14.0	0	938.0	29.0	0	0	0	0	0	0	0	42.0	0	0	0	271.0	18.0	278.0	10.0	639.0	32.0	240.0	15.0	327.0	13.0	0	0	78.0	19.0	135.0	14.0	0	0	0	0	0	0	0	0	97.0	16.0	110.0	10.0
sk__Bacteria;k__;p__Proteobacteria;c__Deltaproteobacteria;o__Desulfovibrionales	0	0	0	0	0	0	0	0	0	0	0	0	0	0	0	0	0	0	0	0	0	0	0	0	0	0	0	0	0	0	0	0	0	0	0	0	0	0	0	0	0	0	0	0	0	0	0	0	0	0	0	0	0	0	0	0	0	0	0	0	0	0	0	0	0	0	0	0	0	0	0	0	0	0	0	0	0	0	0	0	0	0	0	1.0	0	0	0	0	0	0	0	0	0	0	0	0	0	0	0	0	0	0	0	0	0	0	0	0	0	0	0	0	0	0	0	0	0	0	0	0	0	0	0	0	0	0	0	0	0	0	0	0	0	0	0	0	0	0	0	0	0	0	0	0	0	0	0	0	0	0	0	0	0	0	0	0	0	0	0	0	0	0	0	0	0	0	0	0	0	0	0	0	0	0	0	0	0	0
sk__Bacteria;k__;p__Proteobacteria;c__Deltaproteobacteria;o__Desulfovibrionales;f__Desulfomicrobiaceae	0	0	0	0	0	0	0	0	0	0	0	0	0	0	0	0	0	0	0	0	0	0	0	0	0	0	0	0	0	0	0	0	0	0	0	0	0	0	0	0	0	0	0	0	0	0	0	0	0	0	0	0	0	0	0	0	0	0	0	0	0	0	0	0	0	0	0	0	0	0	0	0	0	0	0	0	0	0	0	0	0	1.0	0	1.0	0	0	0	1.0	0	0	0	0	0	0	0	0	0	0	0	0	0	0	0	0	0	0	0	0	0	0	0	0	0	0	0	0	0	0	0	0	0	0	0	0	0	0	0	0	0	0	0	0	0	0	0	0	0	0	0	0	0	0	0	0	0	0	0	0	0	0	0	0	0	0	0	0	0	0	0	0	0	0	0	0	0	0	0	0	0	0	0	0	0	0	0	0	0	0
sk__Bacteria;k__;p__Proteobacteria;c__Deltaproteobacteria;o__Desulfovibrionales;f__Desulfomicrobiaceae;g__Desulfomicrobium	0	0	0	0	0	0	0	0	0	0	0	0	0	0	0	0	0	0	0	0	0	0	0	0	0	0	0	0	0	0	0	0	0	0	0	0	0	0	0	0	0	0	0	0	0	0	0	0	0	0	0	0	0	0	0	0	0	0	0	0	0	0	0	0	0	0	0	0	0	0	0	0	0	0	0	0	0	0	0	1.0	0	37.0	0	129.0	0	0	0	107.0	0	0	0	0	0	0	0	0	0	0	0	0	0	350.0	0	0	0	0	0	0	0	0	0	0	0	0	0	0	0	0	0	0	0	0	0	0	0	0	0	0	0	0	0	0	0	0	0	0	0	0	0	0	0	0	0	0	0	0	3.0	0	0	0	0	0	0	0	0	0	0	0	0	0	0	0	0	0	0	0	0	0	0	0	0	0	0	0	74.0	0	227.0	0
sk__Bacteria;k__;p__Proteobacteria;c__Deltaproteobacteria;o__Desulfovibrionales;f__Desulfomicrobiaceae;g__Desulfomicrobium;s__Desulfomicrobium_orale	0	0	0	0	0	0	0	0	0	0	0	0	0	0	0	0	0	0	0	0	0	0	0	0	0	0	0	0	0	0	0	0	0	0	0	0	0	0	0	0	0	0	0	0	0	0	0	0	0	0	0	0	0	0	0	0	0	0	0	0	0	0	0	0	0	0	0	0	0	0	0	0	0	0	0	0	0	0	0	0	0	0	1.0	0	0	0	0	0	0	0	0	0	0	0	0	0	0	0	0	0	0	0	1.0	0	0	0	0	0	0	0	0	0	0	0	0	0	0	0	0	0	0	0	0	0	0	0	0	0	0	0	0	0	0	0	0	0	0	0	0	0	0	0	0	0	0	0	0	0	0	0	0	0	0	0	0	0	0	0	0	0	0	0	0	0	0	0	0	0	0	0	0	0	0	0	0	0	0	0
sk__Bacteria;k__;p__Proteobacteria;c__Deltaproteobacteria;o__Desulfovibrionales;f__Desulfovibrionaceae	0	0	0	0	0	0	0	0	0	0	0	0	0	0	0	0	0	0	0	0	0	0	0	0	0	0	0	0	0	0	0	0	0	0	0	0	0	0	0	0	0	0	0	0	0	0	0	0	0	0	0	0	0	0	0	0	0	0	0	0	0	0	0	0	0	0	0	0	0	0	0	0	0	41.0	0	0	0	0	0	0	0	9.0	0	3.0	0	0	0	5.0	0	1.0	0	0	0	0	0	0	0	0	0	0	0	1.0	0	0	0	0	0	0	0	0	0	0	0	0	0	0	0	0	0	0	0	0	0	0	0	0	0	0	0	0	0	1.0	0	0	0	0	0	0	0	0	0	0	0	0	0	0	128.0	0	7.0	0	0	0	0	0	0	0	0	0	0	0	0	0	0	0	0	0	91.0	0	19.0	0	0	0	0	0	7.0	0	0	0
sk__Bacteria;k__;p__Proteobacteria;c__Deltaproteobacteria;o__Desulfovibrionales;f__Desulfovibrionaceae;g__Desulfovibrio	0	0	0	0	0	0	0	0	0	0	0	0	0	0	0	0	0	0	0	0	0	0	0	0	0	0	0	0	0	0	0	0	0	0	0	0	0	0	0	0	0	0	0	0	0	0	0	0	0	0	0	0	0	0	0	0	0	0	0	0	0	0	0	0	0	0	0	0	0	0	0	0	0	0	0	0	0	0	0	0	0	0	0	0	0	0	0	0	0	0	0	0	0	0	0	0	0	0	0	0	0	0	0	0	0	0	0	0	0	0	0	0	0	0	0	0	0	0	0	0	0	0	0	0	0	0	0	0	0	0	0	0	0	0	0	0	0	0	0	0	0	0	0	0	0	0	3.0	2.0	0	0	0	0	0	0	0	0	0	0	0	0	0	0	0	0	0	0	0	0	0	0	0	0	0	0	1.0	0	0	0
sk__Bacteria;k__;p__Proteobacteria;c__Deltaproteobacteria;o__Myxococcales	0	0	0	0	0	0	1.0	0	0	0	0	0	1.0	1.0	0	0	0	0	0	0	0	0	0	0	0	0	0	0	0	2.0	0	0	0	0	0	0	0	0	0	0	0	0	0	0	0	0	0	0	0	0	0	0	0	0	0	0	0	0	0	0	0	0	0	0	0	0	0	1.0	0	0	0	0	0	0	0	0	0	0	0	0	0	0	0	0	0	0	0	1.0	0	0	0	0	0	0	0	0	0	0	0	0	0	0	0	0	0	0	0	0	0	0	0	0	0	0	0	0	0	0	0	0	0	0	0	0	0	0	0	0	0	0	0	2.0	0	0	0	0	0	0	0	0	0	0	0	0	0	0	0	0	0	0	0	0	0	0	0	0	0	0	0	0	0	0	0	0	0	0	0	0	0	0	1.0	0	0	0	0	0	0	0
sk__Bacteria;k__;p__Proteobacteria;c__Deltaproteobacteria;o__Myxococcales;f__Kofleriaceae;g__Haliangium	0	0	0	0	0	0	0	0	0	0	0	0	0	0	0	0	0	0	0	0	0	0	0	0	0	0	0	0	0	0	0	0	0	0	0	0	0	0	0	0	0	0	0	0	0	0	0	0	0	0	0	0	0	0	0	0	0	0	0	0	0	0	0	0	0	0	0	0	0	0	0	0	0	0	0	0	0	0	0	0	0	0	0	0	0	0	0	0	0	0	0	0	0	0	0	0	0	0	0	0	0	0	0	0	0	0	0	0	0	0	0	0	0	0	0	0	0	0	0	0	0	0	0	0	0	0	0	0	0	0	0	0	0	0	0	0	0	0	0	0	0	0	0	0	0	0	0	0	1.0	0	0	0	0	0	0	0	0	0	0	0	0	0	0	0	0	0	0	0	0	0	0	0	0	0	0	0	0	0
sk__Bacteria;k__;p__Proteobacteria;c__Deltaproteobacteria;o__Myxococcales;f__Myxococcaceae	0	0	0	0	0	0	0	0	0	0	0	0	0	0	0	0	0	0	0	0	0	0	0	0	0	0	0	0	0	0	0	0	0	0	0	0	0	1.0	0	0	0	0	0	0	0	0	0	0	0	0	0	0	0	0	0	0	0	0	0	0	0	0	0	0	0	0	0	0	0	0	0	0	0	0	0	0	0	0	0	0	0	0	0	0	0	0	0	0	0	0	0	0	0	0	0	0	0	0	0	0	0	0	0	0	0	0	0	0	0	0	0	0	0	0	0	0	0	0	0	0	0	0	0	0	0	0	0	0	0	0	0	0	0	0	0	0	0	0	0	0	0	0	0	0	0	0	0	0	0	0	0	0	0	0	0	0	0	0	0	0	0	0	0	0	0	0	0	0	0	0	0	0	0	0	0	0	0	0
sk__Bacteria;k__;p__Proteobacteria;c__Deltaproteobacteria;o__Myxococcales;f__Phaselicystidaceae;g__Phaselicystis	0	0	0	0	0	0	0	0	0	0	0	0	0	0	0	0	0	0	0	0	0	0	0	0	0	0	0	0	0	0	0	0	0	0	0	0	0	0	0	0	0	0	0	0	0	0	0	0	0	0	0	0	0	0	0	0	0	0	0	0	0	0	0	0	0	0	0	0	0	0	0	0	0	0	0	0	0	0	0	0	0	0	0	0	0	0	0	0	0	0	0	0	0	0	0	0	0	0	0	0	0	6.0	2.0	0	0	0	0	0	0	0	0	0	0	0	0	0	0	0	0	0	0	0	0	0	0	0	0	0	0	0	0	0	0	0	0	0	0	0	0	0	0	0	0	0	0	0	0	0	0	0	0	0	0	0	0	0	0	0	0	0	0	0	0	0	0	0	0	0	0	0	0	0	0	0	0	0	0	0
sk__Bacteria;k__;p__Proteobacteria;c__Deltaproteobacteria;o__Myxococcales;f__Polyangiaceae;g__Pajaroellobacter	0	0	1.0	0	1.0	0	0	0	0	0	0	0	0	0	0	0	0	0	0	0	0	1.0	0	0	0	0	0	0	0	0	0	1.0	0	0	0	0	0	0	0	0	0	0	0	2.0	0	0	0	0	0	0	0	0	0	0	0	0	0	0	0	0	0	0	0	0	0	0	0	0	0	0	0	0	0	0	0	0	0	0	0	0	0	0	0	0	0	0	0	0	0	0	0	0	0	0	0	0	0	0	0	0	0	0	0	0	0	0	0	0	0	0	0	0	0	0	0	0	0	0	0	0	0	0	0	0	0	0	0	0	0	0	0	0	0	0	0	0	0	0	0	0	0	0	0	0	0	0	0	0	0	0	0	0	0	0	0	0	0	0	0	0	0	0	0	0	0	0	0	0	0	0	0	0	0	0	0	0	0	0
sk__Bacteria;k__;p__Proteobacteria;c__Deltaproteobacteria;o__Myxococcales;f__Sandaracinaceae	0	0	0	0	0	0	0	0	0	0	0	0	0	0	0	0	0	0	0	0	0	0	0	0	0	0	0	0	0	0	0	0	0	0	0	0	0	0	0	0	0	0	0	4.0	0	0	0	0	0	0	0	0	0	0	0	0	0	0	0	0	0	0	0	0	0	0	0	0	0	0	0	0	0	0	0	0	0	0	0	0	0	0	0	0	0	0	0	0	0	0	0	0	0	0	0	0	0	0	0	0	0	0	0	0	0	0	0	0	0	0	0	0	0	0	0	0	0	0	0	0	0	0	0	0	0	0	0	0	0	0	0	0	0	0	0	0	1.0	0	0	0	0	0	0	0	0	0	0	0	2.0	0	0	0	0	0	0	0	0	0	0	0	0	0	0	0	0	0	0	0	0	0	0	0	0	0	0	0	0	0
sk__Bacteria;k__;p__Proteobacteria;c__Deltaproteobacteria;o__Myxococcales;f__Sandaracinaceae;g__Sandaracinus	0	0	0	0	0	0	0	0	0	0	0	0	0	0	0	0	0	0	0	0	0	0	0	0	0	0	0	0	0	0	0	0	0	0	0	0	0	0	0	0	0	0	0	0	0	0	0	0	0	0	0	0	0	0	0	0	0	0	0	0	0	0	0	2.0	0	0	0	0	0	0	0	0	0	0	0	0	0	0	0	0	0	0	0	0	0	0	0	0	0	0	0	0	0	0	0	0	0	0	0	0	0	0	0	0	0	0	0	0	0	0	0	0	0	0	0	0	0	0	0	0	0	0	0	0	0	0	0	0	0	0	0	0	0	0	0	0	0	0	0	0	0	0	0	0	0	0	0	0	0	0	0	0	0	0	0	0	0	0	0	0	0	0	0	0	0	0	0	0	0	0	0	0	0	0	0	0	0	0
sk__Bacteria;k__;p__Proteobacteria;c__Epsilonproteobacteria;o__Campylobacterales	0	0	0	0	0	0	0	0	0	0	0	0	0	0	0	0	0	0	0	0	0	0	0	0	0	0	0	0	0	0	0	0	0	0	0	0	0	0	0	0	0	0	0	0	0	0	0	0	0	0	0	0	0	0	0	0	0	0	0	0	0	0	0	1.0	0	0	0	0	0	0	0	0	0	0	0	0	0	0	0	0	0	0	0	0	0	0	0	1.0	0	1.0	0	0	0	1.0	0	0	0	0	0	0	0	0	0	0	0	0	0	0	0	1.0	0	0	0	0	0	0	0	0	0	0	0	0	0	0	0	0	0	0	0	0	0	0	0	0	0	0	0	0	0	1.0	0	0	0	0	0	0	0	0	0	0	0	0	0	0	0	0	0	0	0	0	0	0	0	0	0	0	0	0	0	0	2.0	0	0	0	0	0	0	0
sk__Bacteria;k__;p__Proteobacteria;c__Epsilonproteobacteria;o__Campylobacterales;f__Campylobacteraceae	0	0	0	0	0	0	0	0	0	0	0	0	0	0	0	0	0	0	0	0	0	0	0	0	0	0	0	0	0	0	0	0	0	0	0	0	0	0	0	0	0	0	0	0	0	0	0	0	0	0	0	0	0	0	0	0	0	0	0	0	0	0	0	0	0	0	0	0	0	0	0	0	0	0	0	0	0	0	0	0	0	0	0	0	0	0	0	0	0	0	0	1.0	0	0	0	0	0	0	0	0	0	0	0	0	0	0	0	0	0	0	0	0	0	0	0	0	0	0	0	0	0	1.0	0	0	0	0	0	0	0	0	0	0	0	0	0	0	0	0	0	2.0	0	0	0	0	0	0	0	0	0	0	0	0	0	0	0	1.0	0	0	0	0	0	1.0	0	0	0	0	0	0	0	0	0	0	0	0	0	0	0	0
sk__Bacteria;k__;p__Proteobacteria;c__Epsilonproteobacteria;o__Campylobacterales;f__Campylobacteraceae;g__Arcobacter	3.0	0	0	0	0	0	0	0	0	0	0	0	0	0	0	0	0	0	0	0	0	0	0	0	0	0	0	0	0	0	0	0	0	0	0	0	0	0	0	0	0	0	0	0	0	0	0	0	0	0	0	0	0	0	0	0	0	0	0	0	0	0	0	0	0	0	0	0	0	0	0	0	0	0	0	0	0	0	0	0	0	0	0	0	0	0	0	0	0	0	0	0	0	0	0	0	0	0	0	0	0	0	0	0	0	0	0	0	0	0	0	0	0	0	0	0	0	0	0	0	0	0	0	0	0	0	0	0	0	0	0	0	0	0	0	0	0	0	0	0	0	0	0	0	0	0	0	0	0	0	0	0	0	0	0	0	0	0	0	0	0	0	0	0	0	0	0	0	0	0	0	0	0	0	0	0	0	0
sk__Bacteria;k__;p__Proteobacteria;c__Epsilonproteobacteria;o__Campylobacterales;f__Campylobacteraceae;g__Campylobacter	38.0	75.0	26.0	158.0	53.0	93.0	48.0	91.0	203.0	50.0	231.0	156.0	20.0	18.0	7.0	9.0	402.0	55.0	10.0	394.0	147.0	114.0	160.0	81.0	59.0	112.0	63.0	59.0	56.0	3.0	6.0	103.0	111.0	17.0	23.0	302.0	192.0	130.0	63.0	8.0	9.0	25.0	86.0	81.0	102.0	245.0	49.0	2.0	0	293.0	104.0	0	53.0	56.0	2.0	4.0	2.0	1.0	5.0	15.0	65.0	81.0	213.0	63.0	199.0	199.0	126.0	231.0	203.0	529.0	251.0	214.0	178.0	102.0	47.0	75.0	41.0	52.0	70.0	164.0	87.0	55.0	65.0	39.0	49.0	22.0	88.0	123.0	74.0	228.0	56.0	247.0	71.0	271.0	262.0	149.0	158.0	390.0	666.0	199.0	176.0	362.0	155.0	78.0	80.0	331.0	144.0	12.0	20.0	86.0	123.0	77.0	190.0	85.0	47.0	116.0	112.0	195.0	64.0	190.0	190.0	199.0	116.0	155.0	182.0	24.0	59.0	57.0	62.0	188.0	41.0	23.0	3.0	262.0	47.0	133.0	127.0	142.0	34.0	187.0	44.0	488.0	94.0	2.0	6.0	17.0	41.0	17.0	29.0	49.0	515.0	162.0	601.0	92.0	119.0	64.0	80.0	23.0	85.0	61.0	140.0	131.0	10.0	45.0	38.0	71.0	61.0	100.0	312.0	213.0	712.0	197.0	516.0	131.0	110.0	117.0	54.0	49.0
sk__Bacteria;k__;p__Proteobacteria;c__Epsilonproteobacteria;o__Campylobacterales;f__Campylobacteraceae;g__Campylobacter;s__Campylobacter_concisus	0	0	0	0	0	0	0	1.0	0	0	0	0	0	10.0	0	0	0	0	0	0	3.0	0	0	0	0	0	0	0	0	0	0	0	1.0	0	0	0	0	0	0	0	1.0	0	0	0	0	0	0	0	0	0	0	0	0	0	0	0	0	0	0	0	0	0	0	0	0	0	1.0	0	0	0	9.0	0	5.0	0	0	0	0	0	0	0	0	0	0	0	0	0	1.0	0	0	0	0	0	0	0	0	0	0	0	2.0	0	1.0	0	0	0	1.0	0	0	0	0	0	0	0	0	0	0	0	0	0	0	0	0	0	0	0	1.0	0	0	0	0	0	0	0	0	0	0	0	0	0	0	0	0	0	0	0	0	1.0	0	0	0	0	0	0	0	0	0	0	0	0	0	0	0	0	0	0	0	0	0	0	0	1.0	0	0	0	0	0	0	0	0
sk__Bacteria;k__;p__Proteobacteria;c__Epsilonproteobacteria;o__Campylobacterales;f__Campylobacteraceae;g__Campylobacter;s__Campylobacter_curvus	0	0	0	0	0	0	0	0	0	0	0	1.0	0	0	0	0	0	0	0	0	0	0	2.0	0	3.0	0	0	0	0	0	0	0	0	0	0	0	0	0	0	0	0	0	0	0	0	0	0	0	0	0	0	0	0	0	0	0	0	0	0	0	0	0	2.0	0	1.0	0	2.0	0	6.0	0	1.0	0	2.0	0	0	0	1.0	0	0	0	2.0	0	0	0	0	0	5.0	0	0	0	1.0	0	1.0	0	0	0	0	0	0	0	0	0	0	0	0	0	0	0	0	0	0	0	0	0	0	0	0	0	0	0	0	0	0	0	0	0	1.0	0	1.0	0	0	0	0	0	0	0	0	0	0	0	11.0	0	0	0	0	0	0	0	0	0	0	0	0	0	0	0	0	0	0	0	0	2.0	0	0	0	10.0	0	0	0	1.0	0	0	0	0	0	0	0	0
sk__Bacteria;k__;p__Proteobacteria;c__Epsilonproteobacteria;o__Campylobacterales;f__Campylobacteraceae;g__Campylobacter;s__Campylobacter_gracilis	0	0	0	0	0	0	0	0	0	0	0	0	0	0	0	0	0	0	0	0	0	0	0	0	0	0	0	0	0	0	0	0	0	0	0	0	0	0	0	0	0	0	0	0	0	0	0	0	0	0	0	0	0	0	0	0	0	0	0	0	0	0	0	0	0	0	0	0	0	0	0	0	0	0	0	0	0	0	0	0	0	0	0	0	0	0	0	0	1.0	0	0	0	0	0	0	0	0	0	0	0	0	0	0	0	0	0	0	0	0	0	0	0	0	0	0	0	0	0	0	0	0	0	0	0	0	0	0	0	0	0	0	0	0	0	0	0	0	0	0	0	0	0	0	0	0	0	0	0	0	0	0	0	0	0	0	0	0	0	0	0	0	0	0	0	0	0	0	0	0	0	0	0	0	0	0	0	0	0
sk__Bacteria;k__;p__Proteobacteria;c__Epsilonproteobacteria;o__Campylobacterales;f__Campylobacteraceae;g__Campylobacter;s__Campylobacter_rectus	0	0	0	0	0	0	0	0	0	0	0	0	0	0	0	0	0	2.0	0	0	0	0	0	0	0	0	0	0	0	0	0	0	0	0	0	0	0	0	12.0	0	0	0	0	0	0	0	0	0	0	0	0	0	0	0	0	0	0	0	0	0	0	0	5.0	0	0	0	11.0	0	20.0	0	0	0	6.0	0	0	0	0	0	2.0	0	33.0	0	2.0	0	0	0	0	0	0	0	56.0	0	19.0	0	0	0	0	0	0	0	0	0	24.0	0	0	0	50.0	0	16.0	0	0	0	0	0	0	0	0	0	0	0	0	0	0	0	0	0	0	0	0	0	29.0	0	1.0	0	0	0	0	0	33.0	0	0	0	3.0	0	0	0	0	5.0	0	3.0	0	2.0	0	2.0	0	0	0	0	0	0	0	0	0	0	0	0	0	9.0	0	2.0	0	0	0	0	0	28.0	0	36.0
sk__Bacteria;k__;p__Proteobacteria;c__Epsilonproteobacteria;o__Campylobacterales;f__Campylobacteraceae;g__Campylobacter;s__Campylobacter_showae	0	0	0	0	0	0	0	0	0	0	0	0	0	0	0	0	0	0	0	0	0	0	0	0	0	0	0	0	0	0	0	0	0	0	0	0	0	0	0	0	0	0	0	0	0	0	0	0	0	0	0	0	0	0	0	0	0	0	0	0	0	0	0	0	0	0	0	0	0	0	0	0	0	0	0	0	0	0	0	0	0	0	0	0	0	0	0	0	0	0	0	0	0	0	0	0	0	0	0	0	0	0	0	0	0	0	0	0	0	0	0	0	0	0	0	0	0	0	0	0	0	0	0	0	0	0	0	0	0	0	0	0	0	0	0	0	0	1.0	0	0	0	0	0	0	0	0	0	0	0	0	0	0	0	0	0	0	0	0	0	0	0	0	0	0	0	0	0	0	0	0	0	0	0	0	0	0	0	0
sk__Bacteria;k__;p__Proteobacteria;c__Epsilonproteobacteria;o__Campylobacterales;f__Helicobacteraceae	0	0	0	0	0	0	0	0	0	0	0	0	0	0	0	0	0	0	0	0	0	0	0	0	0	0	0	0	0	0	0	0	0	0	0	0	0	0	0	0	0	0	0	0	0	0	0	0	0	0	0	0	0	0	0	0	0	0	0	0	0	0	0	0	0	0	0	0	0	0	0	0	0	0	0	0	0	0	0	0	0	0	0	0	0	0	0	0	0	0	0	0	0	2.0	0	0	0	0	0	0	0	0	0	0	0	0	0	0	0	0	0	0	0	0	0	0	0	0	0	0	0	0	0	0	0	0	0	0	0	0	0	0	0	0	0	0	0	0	0	0	0	0	0	0	0	0	0	0	0	0	0	0	0	0	0	0	0	0	0	0	0	0	0	0	0	0	0	0	0	0	0	0	0	0	0	0	0	0
sk__Bacteria;k__;p__Proteobacteria;c__Epsilonproteobacteria;o__Campylobacterales;f__Helicobacteraceae;g__Wolinella	0	0	0	0	0	0	0	0	0	0	0	0	0	0	0	0	0	0	0	0	0	0	0	0	0	0	0	0	0	0	0	0	0	0	0	0	0	0	0	0	0	0	0	0	0	0	0	0	0	0	0	0	0	0	0	0	0	0	0	0	0	0	0	0	0	0	0	0	0	0	0	0	0	0	0	0	0	0	0	0	0	0	0	0	0	0	0	0	0	0	0	0	0	1.0	0	9.0	2.0	0	0	0	0	4.0	0	0	0	5.0	3.0	0	1.0	0	0	0	0	0	0	0	0	0	0	0	0	0	0	0	0	0	0	0	0	0	0	0	0	0	0	0	0	0	0	0	0	0	0	0	0	0	2.0	0	0	0	0	0	0	0	0	0	0	0	0	0	6.0	0	0	0	0	0	4.0	2.0	2.0	1.0	0	0	0	0	0	0	0	0
sk__Bacteria;k__;p__Proteobacteria;c__Epsilonproteobacteria;o__Campylobacterales;f__Helicobacteraceae;g__Wolinella;s__Wolinella_sp._canine_oral_taxon_173	0	0	0	0	0	0	0	0	0	0	0	0	0	0	0	0	0	0	0	0	0	0	0	0	0	0	0	0	0	0	0	0	0	0	0	0	0	0	0	0	0	0	0	0	0	0	0	0	0	0	0	0	0	0	0	0	0	0	0	0	0	0	0	0	0	0	0	0	0	0	0	0	0	0	0	0	0	0	0	0	0	0	0	0	0	0	0	0	0	0	0	0	0	0	0	0	0	0	0	0	0	0	0	0	0	0	0	0	0	0	0	0	0	0	0	0	0	0	0	0	0	0	0	0	0	0	0	0	0	0	0	0	0	0	0	0	0	0	0	0	0	0	0	0	0	0	0	0	0	0	0	0	0	0	0	0	0	0	0	0	0	0	0	0	0	0	0	1.0	0	0	0	0	0	0	0	0	0	0
sk__Bacteria;k__;p__Proteobacteria;c__Gammaproteobacteria	192.0	47.0	188.0	16.0	1.0	1.0	0	0	1.0	0	2.0	2.0	0	2.0	0	0	0	0	2.0	0	0	0	0	2.0	0	0	0	0	0	0	1.0	0	0	0	1.0	1.0	0	0	0	1.0	0	0	0	6.0	1.0	0	0	4.0	1.0	1.0	0	1.0	1.0	0	0	0	0	0	0	1.0	2.0	20.0	20.0	143.0	117.0	33.0	1.0	25.0	2.0	12.0	4.0	50.0	12.0	29.0	7.0	89.0	31.0	0	0	0	2.0	0	0	0	0	0	0	0	0	0	2.0	0	1.0	2.0	0	1.0	0	0	0	0	1.0	0	0	0	2.0	0	0	1.0	3.0	0	0	0	0	0	0	1.0	0	1.0	0	1.0	0	0	0	0	0	2.0	0	5.0	0	1.0	0	4.0	1.0	0	0	0	0	0	0	0	0	0	0	3.0	2.0	4.0	1.0	0	6.0	0	1.0	0	1.0	0	0	0	0	0	0	0	0	1.0	0	0	0	0	0	1.0	0	3.0	1.0	0	0	0	0	0	0	0
sk__Bacteria;k__;p__Proteobacteria;c__Gammaproteobacteria;o__;f__;g__Candidatus_Ovatusbacter	0	0	1.0	0	0	0	0	0	0	0	0	0	0	0	0	0	0	0	0	0	0	0	0	0	0	0	0	0	0	0	0	0	0	0	0	0	0	0	0	0	0	0	0	0	0	0	0	0	0	0	0	0	0	0	0	0	0	0	0	0	0	0	0	0	0	0	0	0	0	0	0	0	0	0	0	0	0	0	0	0	0	0	0	0	0	0	0	0	0	0	0	0	0	0	0	0	0	0	0	0	0	0	0	0	0	0	0	0	0	0	0	0	0	0	0	1.0	0	0	0	0	0	0	0	0	0	0	0	0	0	0	0	0	0	0	0	0	0	0	0	0	0	0	0	0	0	0	0	0	0	0	0	0	0	0	0	0	0	0	0	0	0	0	0	0	0	0	0	0	0	0	0	0	0	0	0	0	0	0
sk__Bacteria;k__;p__Proteobacteria;c__Gammaproteobacteria;o__;f__;g__Ignatzschineria	0	0	0	0	0	0	0	0	0	0	0	0	0	0	0	0	0	0	0	0	0	0	0	0	0	0	0	0	0	0	0	0	0	0	0	0	0	0	0	0	0	0	0	0	0	0	0	0	0	0	0	0	2.0	0	0	0	0	0	0	0	0	0	0	0	0	0	0	0	0	0	0	0	0	0	0	0	0	0	0	0	0	0	0	0	0	0	0	0	0	0	0	0	0	0	0	0	0	0	0	0	0	0	0	0	0	0	0	0	0	0	0	0	0	0	0	0	0	0	0	0	0	0	0	0	0	0	0	0	0	0	0	0	0	0	0	0	0	0	0	0	0	0	0	0	0	0	0	0	0	0	0	0	0	0	0	0	0	0	0	0	0	0	0	0	0	0	0	0	0	0	0	0	0	0	0	0	0	0
sk__Bacteria;k__;p__Proteobacteria;c__Gammaproteobacteria;o__;f__;g__Koukoulia	0	0	0	0	0	0	0	0	0	0	0	0	0	0	0	0	0	0	0	0	0	0	0	0	0	0	0	0	0	0	0	0	0	0	0	0	0	0	0	0	0	0	0	0	0	0	0	0	0	0	0	1.0	0	0	0	0	0	0	0	0	0	0	0	0	0	0	0	0	0	0	0	0	0	0	0	0	0	0	0	0	0	0	0	0	0	0	0	0	0	0	0	0	0	0	0	0	0	0	0	0	0	0	0	0	0	0	0	0	0	0	0	0	0	0	0	0	0	0	0	0	0	0	0	0	0	0	0	0	0	0	0	0	0	0	0	0	0	0	0	0	0	0	0	0	0	0	0	0	0	0	0	0	0	0	0	0	0	0	0	0	0	0	0	0	0	0	0	0	0	0	0	0	0	0	0	0	0	0
sk__Bacteria;k__;p__Proteobacteria;c__Gammaproteobacteria;o__Aeromonadales	0	0	0	0	0	0	0	0	0	0	0	0	0	0	0	0	0	0	0	0	0	0	0	0	0	0	0	0	0	0	0	0	0	0	0	0	0	0	0	0	0	0	0	0	0	0	0	0	0	0	0	0	0	0	0	0	0	0	0	0	0	0	0	1.0	0	0	0	0	0	0	0	0	0	0	0	1.0	0	0	0	0	0	0	0	0	0	0	0	0	0	0	0	0	0	0	0	0	0	0	0	0	0	0	0	0	0	0	0	0	0	0	0	0	0	0	0	0	0	0	0	0	0	0	0	0	0	0	0	0	0	0	0	0	0	0	0	0	0	0	0	0	0	0	0	0	0	0	0	0	0	0	0	0	0	0	0	0	0	0	0	0	0	0	0	0	0	0	0	0	0	0	0	0	0	0	0	0	0	0
sk__Bacteria;k__;p__Proteobacteria;c__Gammaproteobacteria;o__Aeromonadales;f__Aeromonadaceae	0	1.0	0	0	0	0	0	0	0	2.0	0	0	2.0	0	0	0	0	0	0	0	0	0	0	0	0	0	0	0	0	0	0	1.0	0	0	0	0	0	0	0	0	0	0	0	0	0	0	0	0	0	0	0	0	0	0	0	0	0	0	0	0	0	0	0	0	0	0	0	0	0	0	0	0	0	0	0	0	0	0	0	0	0	0	0	0	0	0	0	0	0	0	0	0	0	0	0	0	0	0	0	0	0	0	0	0	0	0	0	0	0	0	0	0	0	0	0	0	0	0	0	0	0	0	0	0	0	0	0	0	0	0	0	0	0	0	0	0	0	0	0	0	0	0	0	0	0	0	0	0	0	0	0	0	0	0	0	0	0	0	0	0	0	0	0	0	0	0	0	0	0	0	0	0	0	0	0	0	0	0
sk__Bacteria;k__;p__Proteobacteria;c__Gammaproteobacteria;o__Aeromonadales;f__Aeromonadaceae;g__Aeromonas	4.0	4.0	3.0	2.0	0	0	0	0	0	0	0	0	0	0	0	0	0	0	0	0	0	0	0	0	0	0	0	0	0	0	0	0	0	0	0	0	0	0	0	0	0	0	0	0	0	0	0	0	0	0	0	0	0	0	0	0	0	0	0	0	0	1.0	2.0	8.0	6.0	0	0	0	0	1.0	1.0	5.0	0	7.0	1.0	4.0	0	0	0	0	0	0	0	0	0	0	0	0	0	0	0	0	0	1.0	0	0	0	0	0	0	0	0	0	0	0	0	0	0	0	0	0	0	0	0	0	0	0	0	0	0	0	0	0	0	0	0	0	0	1.0	0	0	0	0	0	0	0	0	0	0	0	0	0	0	0	0	0	0	0	0	0	0	0	0	0	0	0	0	0	0	0	0	0	0	0	0	0	0	0	0	0	0	0	0	0	0	0	0	0
sk__Bacteria;k__;p__Proteobacteria;c__Gammaproteobacteria;o__Aeromonadales;f__Aeromonadaceae;g__Aeromonas;s__Aeromonas_caviae	0	0	0	0	0	2.0	0	0	0	0	0	0	0	0	0	0	0	0	0	0	0	0	0	0	0	0	0	0	0	0	1.0	0	1.0	0	0	0	1.0	0	0	0	0	0	0	0	0	0	0	0	9.0	0	0	7.0	0	0	0	1.0	0	0	1.0	0	3.0	0	0	0	0	0	0	0	0	0	0	0	0	0	0	0	0	0	0	0	1.0	0	1.0	0	0	0	0	0	2.0	0	0	0	5.0	0	0	0	1.0	0	0	0	0	0	0	0	0	0	1.0	0	109.0	0	0	0	0	0	1.0	0	3.0	0	0	0	0	0	0	0	0	0	0	0	1.0	0	0	0	0	0	0	0	1.0	0	1.0	0	0	0	0	0	6.0	15.0	0	0	0	0	0	0	0	0	0	0	0	0	0	0	0	0	0	1.0	0	0	0	0	0	0	0	0	0	1.0	0	0	0	0
sk__Bacteria;k__;p__Proteobacteria;c__Gammaproteobacteria;o__Aeromonadales;f__Aeromonadaceae;g__Aeromonas;s__Aeromonas_hydrophila	1.0	0	0	0	0	0	0	0	0	0	0	0	0	0	0	0	0	0	0	0	0	0	0	0	0	0	0	0	0	0	0	0	0	0	0	0	0	0	0	0	0	0	0	0	0	0	0	0	0	0	0	0	0	0	0	0	0	0	0	0	0	0	0	0	0	0	0	0	0	0	0	0	0	0	0	0	0	0	0	0	0	0	0	0	0	0	0	0	0	0	0	0	0	0	0	0	0	0	0	0	0	0	0	0	0	0	0	0	0	0	0	0	0	0	0	0	0	0	0	0	0	0	0	0	0	0	0	0	0	0	0	0	0	0	0	0	0	0	0	0	0	0	0	0	0	0	0	0	0	0	0	0	0	0	0	0	0	0	0	0	0	0	0	0	0	0	0	0	0	0	0	0	0	0	0	0	0	0
sk__Bacteria;k__;p__Proteobacteria;c__Gammaproteobacteria;o__Aeromonadales;f__Aeromonadaceae;g__Oceanisphaera	0	0	0	0	0	0	0	0	0	0	0	0	0	0	0	0	0	0	0	0	0	0	0	0	0	0	0	0	0	0	0	0	0	0	0	0	0	0	0	0	0	1.0	0	0	0	0	0	0	0	0	0	0	0	0	0	0	0	0	0	0	0	0	0	0	0	0	0	0	0	0	0	0	0	0	0	0	0	0	0	0	0	0	0	0	0	0	0	0	0	0	0	0	0	0	0	0	0	0	0	0	0	0	0	0	0	0	0	0	0	0	0	0	0	0	0	0	0	0	0	0	0	0	0	0	0	0	0	0	0	0	0	0	0	0	0	0	0	0	0	0	0	0	0	0	0	0	0	0	0	0	0	0	0	0	0	0	0	0	0	0	0	0	0	0	0	0	0	0	0	0	0	0	0	0	0	0	0	0
sk__Bacteria;k__;p__Proteobacteria;c__Gammaproteobacteria;o__Aeromonadales;f__Aeromonadaceae;g__Tolumonas	0	0	0	0	0	0	0	0	0	0	0	0	0	0	0	0	0	0	0	0	0	0	0	0	0	0	0	0	0	0	0	0	0	0	0	0	0	0	0	0	0	0	0	0	0	0	0	0	0	0	0	0	0	0	0	0	0	0	0	0	0	0	0	0	0	0	0	0	0	0	0	0	0	0	0	0	0	0	0	0	0	0	0	0	0	0	0	0	0	0	0	0	0	0	0	0	0	0	0	0	0	1.0	0	0	0	0	0	0	0	0	0	0	0	0	0	0	0	0	0	0	0	0	0	0	0	0	0	0	0	0	0	0	0	0	0	0	0	0	0	0	0	0	0	0	0	0	0	0	0	0	0	0	0	0	0	0	0	0	0	0	0	0	0	0	0	0	0	0	0	0	0	0	0	0	0	0	0	0
sk__Bacteria;k__;p__Proteobacteria;c__Gammaproteobacteria;o__Alteromonadales	0	0	3.0	0	0	0	0	0	0	0	0	0	0	0	0	0	0	0	0	0	0	0	0	0	0	0	0	0	0	0	0	0	0	0	0	0	0	0	0	0	0	0	0	0	0	0	0	0	0	0	0	0	0	0	0	0	0	0	0	0	0	0	0	0	0	0	0	0	0	0	0	0	0	0	0	0	0	0	0	0	0	0	0	0	0	0	0	0	0	0	0	0	0	0	0	0	0	0	0	0	0	0	0	0	0	0	0	0	0	0	0	0	0	0	0	0	0	0	0	0	0	0	0	0	0	0	0	0	0	0	0	0	0	0	0	0	0	0	0	0	0	0	0	0	0	0	0	0	0	0	0	0	0	0	0	0	0	0	0	0	0	0	0	0	0	0	0	0	0	0	0	0	0	0	0	0	0	0
sk__Bacteria;k__;p__Proteobacteria;c__Gammaproteobacteria;o__Alteromonadales;f__Alteromonadaceae	1.0	0	19.0	0	0	0	0	0	0	0	0	0	0	0	0	0	0	0	0	0	0	0	0	0	0	0	0	0	0	0	0	0	0	0	0	0	0	0	0	0	0	0	0	0	0	0	0	0	0	0	0	0	0	0	0	0	0	0	0	0	0	0	0	4.0	0	3.0	0	1.0	0	0	0	0	0	0	0	0	0	0	0	0	0	0	0	0	0	0	0	0	0	0	0	0	0	0	0	0	0	0	0	0	0	0	0	0	0	0	0	0	0	0	0	0	0	0	0	0	0	0	0	0	0	0	0	0	0	0	0	0	0	0	0	0	0	0	0	0	0	0	0	0	0	0	0	0	0	0	0	0	0	0	0	0	0	0	0	0	0	0	0	0	0	0	0	0	0	0	0	0	0	0	0	0	0	0	0	0	0	0
sk__Bacteria;k__;p__Proteobacteria;c__Gammaproteobacteria;o__Alteromonadales;f__Alteromonadaceae;g__Alishewanella	0	0	0	0	0	0	0	0	0	0	0	0	0	0	0	0	0	0	0	0	0	0	0	0	0	0	0	0	0	0	0	0	0	0	0	0	0	0	0	0	0	0	0	0	0	0	0	0	0	0	0	0	0	0	0	0	0	0	0	0	0	0	0	0	0	0	0	0	0	0	0	0	0	0	0	1.0	0	0	0	0	0	0	0	0	0	0	0	0	0	0	0	0	0	0	0	0	0	0	0	0	0	0	0	0	0	0	0	0	0	0	0	0	0	0	0	0	0	0	0	0	0	0	0	0	0	0	0	0	0	0	0	0	0	0	0	0	0	0	0	0	0	0	0	0	0	0	0	0	0	0	0	0	0	0	0	0	0	0	0	0	0	0	0	0	0	0	0	0	0	0	0	0	0	0	0	0	0	0
sk__Bacteria;k__;p__Proteobacteria;c__Gammaproteobacteria;o__Alteromonadales;f__Shewanellaceae	0	0	2.0	0	0	0	1.0	0	3.0	0	7.0	0	0	0	0	0	1.0	0	0	0	0	0	0	0	0	0	0	1.0	0	0	0	0	0	0	0	0	0	7.0	0	1.0	0	0	0	0	0	1.0	0	0	0	0	0	0	0	0	0	0	0	0	0	0	0	0	0	0	0	1.0	0	0	0	0	0	0	0	0	0	0	0	0	0	0	0	0	0	0	0	0	0	0	0	0	0	1.0	0	0	0	0	0	3.0	0	0	0	2.0	0	0	0	0	0	0	0	0	0	0	0	0	0	0	0	1.0	0	0	0	0	0	0	0	0	0	0	0	0	0	0	0	0	0	0	0	0	0	0	0	0	0	1.0	0	0	0	0	0	0	0	0	0	0	0	0	0	0	0	0	0	0	0	0	0	0	1.0	0	0	0	0	0	0	0	0	0	0	0
sk__Bacteria;k__;p__Proteobacteria;c__Gammaproteobacteria;o__Alteromonadales;f__Shewanellaceae;g__Shewanella	0	0	0	0	0	0	0	0	0	0	0	0	0	0	0	0	0	0	1.0	0	0	0	0	0	0	0	0	0	0	0	0	0	0	0	0	0	0	0	0	0	0	0	0	0	0	0	0	0	0	0	0	0	0	0	0	0	0	0	0	0	0	0	0	1.0	0	0	0	0	0	0	0	0	0	0	0	0	0	0	0	0	0	0	0	0	0	0	0	0	0	0	0	0	0	0	0	0	0	0	0	0	0	0	0	0	0	0	0	0	0	0	0	0	0	0	0	0	0	0	0	0	0	0	0	0	0	0	0	0	0	0	0	0	0	0	0	0	0	0	0	0	0	0	0	0	0	0	0	0	0	0	0	0	0	0	0	0	0	0	0	0	0	0	0	0	0	0	0	0	0	0	0	0	0	0	0	0	0	0
sk__Bacteria;k__;p__Proteobacteria;c__Gammaproteobacteria;o__Cardiobacteriales;f__Cardiobacteriaceae	14.0	0	13.0	0	50.0	0	35.0	0	68.0	0	83.0	0	0	0	2.0	0	53.0	0	0	5.0	0	5.0	0	2.0	0	0	0	44.0	0	3.0	0	0	0	0	0	34.0	0	264.0	0	6.0	0	52.0	0	0	0	18.0	0	0	0	0	0	0	2.0	0	1.0	0	0	0	0	3.0	0	4.0	0	4.0	0	55.0	0	5.0	0	0	0	0	0	0	0	3.0	0	11.0	0	46.0	0	1.0	0	0	0	2.0	0	0	0	1.0	0	25.0	0	0	0	0	0	63.0	0	9.0	0	8.0	0	0	0	19.0	0	2.0	0	0	0	0	0	0	0	0	0	14.0	0	4.0	0	0	0	0	0	3.0	0	1.0	0	9.0	0	2.0	0	0	0	0	0	0	0	0	0	7.0	0	3.0	0	0	10.0	0	3.0	0	0	0	18.0	0	5.0	0	2.0	0	19.0	0	0	0	0	0	2.0	0	2.0	0	0	0	0	0	0	0	0	0	0	0
sk__Bacteria;k__;p__Proteobacteria;c__Gammaproteobacteria;o__Cardiobacteriales;f__Cardiobacteriaceae;g__Cardiobacterium	2.0	0	7.0	1.0	5.0	2.0	15.0	1.0	8.0	1.0	2.0	3.0	0	0	0	0	57.0	0	0	9.0	0	1.0	0	1.0	1.0	14.0	0	44.0	2.0	0	0	0	0	0	0	2.0	0	22.0	1.0	0	0	3.0	7.0	0	0	1.0	0	1.0	0	0	0	0	0	0	5.0	0	0	0	1.0	0	0	4.0	0	14.0	0	37.0	0	9.0	0	0	0	0	0	0	0	0	0	11.0	0	51.0	2.0	1.0	0	1.0	0	0	0	1.0	0	1.0	0	13.0	0	0	0	0	0	5.0	3.0	7.0	0	41.0	1.0	6.0	0	6.0	0	5.0	0	0	0	0	0	0	0	0	0	8.0	0	0	0	0	0	0	0	111.0	2.0	45.0	1.0	10.0	0	2.0	0	2.0	0	7.0	0	0	0	11.0	0	2.0	0	0	0	0	6.0	0	2.0	1.0	0	0	29.0	0	8.0	0	16.0	0	10.0	0	8.0	2.0	0	0	0	0	0	0	105.0	5.0	0	0	0	0	9.0	0	1.0	0
sk__Bacteria;k__;p__Proteobacteria;c__Gammaproteobacteria;o__Cellvibrionales	0	0	0	0	0	0	0	0	0	0	0	0	0	0	0	0	0	0	0	0	0	0	0	0	0	0	0	0	0	0	0	0	0	0	0	0	0	0	0	0	0	0	0	0	1.0	0	0	0	0	0	0	0	0	0	0	0	0	0	0	0	0	0	0	0	0	0	0	0	0	0	0	0	0	0	0	0	0	0	0	0	0	0	0	0	0	0	0	0	0	0	0	0	0	0	0	0	0	0	0	0	0	0	0	0	0	0	0	0	0	0	0	0	0	0	0	0	0	0	0	0	0	0	0	0	0	0	0	0	0	0	0	0	0	0	0	0	0	0	0	0	0	0	0	0	0	0	0	0	0	0	0	0	0	0	0	0	0	0	0	0	0	0	0	0	0	0	0	0	0	0	0	0	0	0	0	0	0	0
sk__Bacteria;k__;p__Proteobacteria;c__Gammaproteobacteria;o__Cellvibrionales;f__Cellvibrionaceae;g__Cellvibrio	0	0	7.0	0	0	0	0	0	1.0	0	0	0	0	0	0	0	0	0	0	0	0	0	0	0	0	0	0	0	0	0	0	0	0	0	0	0	0	0	0	0	0	0	0	0	0	0	0	0	0	0	0	0	0	0	0	0	0	0	0	0	0	0	0	0	0	0	0	0	0	0	0	0	0	0	0	0	0	0	0	0	0	0	0	0	0	0	0	0	0	0	0	0	0	0	0	0	0	0	0	0	0	0	0	0	0	0	0	0	0	0	0	0	0	0	0	0	0	0	0	0	0	0	0	0	0	0	0	0	0	0	0	0	0	0	0	1.0	0	0	0	0	0	0	0	0	0	0	0	0	1.0	0	0	0	0	0	0	0	0	0	0	0	0	0	0	0	0	0	0	0	0	0	0	0	0	0	0	0	0	0
sk__Bacteria;k__;p__Proteobacteria;c__Gammaproteobacteria;o__Chromatiales;f__Chromatiaceae	0	3.0	0	2.0	0	0	0	0	0	0	0	0	0	0	0	0	0	0	0	0	0	0	0	0	0	0	0	0	0	0	0	0	0	0	0	0	0	0	0	0	0	0	0	0	0	0	0	0	0	0	0	0	0	0	0	0	0	0	0	0	0	0	0	0	2.0	0	0	0	0	0	0	0	0	0	0	0	0	0	0	0	0	0	0	0	0	0	0	0	0	0	0	0	0	0	0	0	0	0	0	0	0	0	0	0	0	0	0	0	0	0	0	0	0	0	0	0	0	0	0	0	0	0	0	0	0	0	0	0	0	0	0	0	0	0	0	0	0	0	0	0	0	0	0	0	0	0	0	0	0	0	0	0	0	0	0	0	0	0	0	0	0	0	0	0	0	0	0	0	0	0	0	0	0	0	0	0	0	0
sk__Bacteria;k__;p__Proteobacteria;c__Gammaproteobacteria;o__Chromatiales;f__Chromatiaceae;g__Lamprocystis	0	0	0	0	0	0	0	0	0	0	0	0	0	0	0	0	0	0	0	0	0	0	0	0	0	0	0	0	0	0	0	0	0	0	0	0	0	0	0	0	0	0	0	0	1.0	0	0	0	0	0	0	0	0	0	0	0	0	0	0	0	0	0	0	0	0	0	0	0	0	0	0	0	0	0	0	0	0	0	0	0	0	0	0	0	0	0	0	0	0	0	0	0	0	0	0	0	0	0	0	0	0	0	0	0	0	0	0	0	0	0	0	0	0	0	0	0	0	0	0	0	0	0	0	0	0	0	0	0	0	0	0	0	0	0	0	0	0	0	0	0	0	0	0	0	0	0	0	0	0	0	0	0	0	0	0	0	0	0	0	0	0	0	0	0	0	0	0	0	0	0	0	0	0	0	0	0	0	0
sk__Bacteria;k__;p__Proteobacteria;c__Gammaproteobacteria;o__Chromatiales;f__Chromatiaceae;g__Rheinheimera	0	0	0	0	0	0	0	0	0	0	0	0	0	0	0	0	0	0	0	0	0	0	0	0	0	0	0	0	0	0	0	0	0	0	0	0	0	0	0	0	0	0	0	0	0	0	0	0	0	0	0	0	0	0	0	0	0	0	0	0	0	0	0	0	0	0	0	0	0	0	0	0	0	0	0	0	0	0	0	0	0	0	0	0	0	0	0	0	0	0	0	0	0	0	0	0	0	0	0	0	0	0	0	0	0	0	0	0	0	0	0	0	0	0	0	0	0	0	0	0	0	0	0	0	0	0	0	2.0	0	0	0	0	0	0	0	0	0	0	0	0	0	0	0	0	0	0	0	0	0	0	0	0	0	0	0	0	0	0	0	0	0	0	0	0	0	0	0	0	0	0	0	0	0	0	0	0	0	0
sk__Bacteria;k__;p__Proteobacteria;c__Gammaproteobacteria;o__Enterobacterales	654.0	10.0	14.0	0	0	0	0	0	0	0	3.0	0	36.0	1.0	0	0	1.0	0	0	0	0	4.0	1.0	0	0	0	0	0	0	0	0	0	0	1.0	0	0	0	0	0	5.0	0	0	0	4.0	1.0	0	0	2.0	0	0	0	2.0	4.0	1.0	3.0	1.0	1.0	0	1.0	5.0	1.0	130.0	10.0	852.0	42.0	2.0	0	2.0	0	47.0	0	121.0	3.0	104.0	1.0	321.0	5.0	0	0	10.0	0	1.0	0	0	0	0	0	0	0	2.0	0	2.0	1.0	5.0	0	1.0	0	0	0	10.0	1.0	0	0	1.0	0	0	0	14.0	2.0	0	0	0	0	0	0	7.0	3.0	0	0	0	0	0	0	0	0	0	0	3.0	0	0	0	1.0	0	0	0	2.0	0	0	0	0	0	0	0	1.0	0	1.0	1.0	0	25.0	6.0	0	0	2.0	0	0	0	1.0	0	0	0	0	0	0	0	0	0	1.0	0	0	0	0	0	0	0	0	0	0	0
sk__Bacteria;k__;p__Proteobacteria;c__Gammaproteobacteria;o__Enterobacterales;f__;g__Plesiomonas	1.0	0	0	0	0	0	0	0	0	0	0	0	0	0	0	0	0	0	0	0	0	0	0	0	0	0	0	0	0	0	0	0	0	0	0	0	0	0	0	0	0	0	0	0	0	0	0	0	0	0	0	0	0	0	0	0	0	0	0	0	0	0	0	0	0	0	0	0	0	0	0	0	0	0	0	0	0	0	0	0	0	0	0	0	0	0	0	0	0	0	0	0	0	0	0	0	0	0	0	0	0	0	0	0	0	0	0	0	0	0	0	0	0	0	0	0	0	0	0	0	0	0	0	0	0	0	0	0	0	0	0	0	0	0	0	0	0	0	0	0	0	0	0	0	0	0	0	0	0	0	0	0	0	0	0	0	0	0	0	0	0	0	0	0	0	0	0	0	0	0	0	0	0	0	0	0	0	0
sk__Bacteria;k__;p__Proteobacteria;c__Gammaproteobacteria;o__Enterobacterales;f__Enterobacteriaceae	264.0	63.0	3.0	2.0	0	0	0	0	0	0	6.0	0	0	1.0	1.0	0	1.0	0	0	1.0	0	0	0	1.0	0	0	0	1.0	0	15.0	1.0	1.0	0	0	0	0	0	0	0	0	0	0	0	6.0	1.0	0	0	1.0	1.0	0	0	2.0	24.0	0	6.0	1.0	0	0	4.0	1.0	1.0	49.0	29.0	281.0	280.0	3.0	0	1.0	0	25.0	2.0	58.0	6.0	46.0	5.0	208.0	23.0	0	0	8.0	0	0	0	0	0	0	0	0	0	1.0	0	2.0	1.0	1.0	0	1.0	0	0	0	9.0	0	0	0	0	0	0	0	7.0	1.0	0	0	0	0	1.0	1.0	7.0	1.0	0	0	0	0	0	0	0	0	1.0	0	1.0	0	2.0	0	2.0	0	3.0	0	0	0	0	0	0	0	0	0	0	0	0	2.0	0	2.0	4.0	0	0	0	0	0	0	0	0	0	0	0	0	0	0	0	0	0	0	0	0	0	0	0	0	2.0	0	0	0
sk__Bacteria;k__;p__Proteobacteria;c__Gammaproteobacteria;o__Enterobacterales;f__Enterobacteriaceae;g__Citrobacter	0	0	0	0	0	0	0	0	0	0	0	0	0	0	0	0	0	0	0	0	0	0	0	0	0	0	0	0	0	0	0	0	0	0	0	0	0	0	0	0	0	0	0	0	0	0	0	0	0	0	0	0	0	0	0	0	0	0	0	0	0	0	0	1.0	0	0	0	0	0	0	0	1.0	0	0	0	0	0	0	0	0	0	0	0	0	0	0	0	0	0	0	0	0	0	0	0	0	0	0	0	0	0	0	0	0	0	0	0	0	0	0	0	0	0	0	0	0	0	0	0	0	0	0	0	0	0	0	0	0	0	0	0	0	0	0	0	0	0	0	0	0	0	0	0	0	0	0	0	0	0	0	0	0	0	0	0	0	0	0	0	0	0	0	0	0	0	0	0	0	0	0	0	0	0	0	0	0	0	0
sk__Bacteria;k__;p__Proteobacteria;c__Gammaproteobacteria;o__Enterobacterales;f__Enterobacteriaceae;g__Citrobacter;s__Citrobacter_amalonaticus	0	0	0	0	0	0	0	0	0	0	0	0	0	0	0	0	0	0	0	0	0	0	0	0	0	0	0	0	0	0	0	0	0	0	0	0	0	0	0	0	0	0	0	2.0	0	0	0	0	0	0	0	0	0	0	0	0	0	0	0	0	0	0	0	0	0	0	0	0	0	0	0	0	0	0	0	0	0	0	0	0	0	0	0	0	0	0	0	0	0	0	0	0	0	0	0	0	0	0	0	0	0	0	0	0	0	0	0	0	0	0	0	0	0	0	0	0	0	0	0	0	0	0	0	0	0	0	0	0	0	0	0	0	0	0	0	0	0	0	0	0	0	0	0	0	0	0	0	0	0	0	0	0	0	0	0	0	0	0	0	0	0	0	0	0	0	0	0	0	0	0	0	0	0	0	0	0	0	0
sk__Bacteria;k__;p__Proteobacteria;c__Gammaproteobacteria;o__Enterobacterales;f__Enterobacteriaceae;g__Citrobacter;s__Citrobacter_sp._50B.5	0	0	0	0	0	0	0	0	0	0	0	0	0	0	0	0	0	0	0	0	0	0	0	0	0	0	0	0	0	0	0	0	0	0	0	0	0	0	0	0	0	0	0	0	0	0	0	0	0	0	0	0	0	0	0	0	0	0	0	0	0	0	0	0	0	0	0	0	0	0	0	1.0	0	0	0	0	0	0	0	0	0	0	0	0	0	0	0	0	0	0	0	0	0	0	0	0	0	0	0	0	0	0	0	0	0	0	0	0	0	0	0	0	0	0	0	0	0	0	0	0	0	0	0	0	0	0	0	0	0	0	0	0	0	0	0	0	0	0	0	0	0	0	0	0	0	0	0	0	0	0	0	0	0	0	0	0	0	0	0	0	0	0	0	0	0	0	0	0	0	0	0	0	0	0	0	0	0	0
sk__Bacteria;k__;p__Proteobacteria;c__Gammaproteobacteria;o__Enterobacterales;f__Enterobacteriaceae;g__Enterobacter	5.0	0	0	0	0	0	0	0	0	0	0	0	0	0	0	0	0	0	0	0	0	0	0	0	0	0	0	0	0	0	0	0	0	0	0	0	0	0	6.0	0	0	0	0	0	0	0	0	0	0	0	0	0	0	0	0	0	0	0	0	0	0	1.0	1.0	3.0	0	0	0	0	0	0	0	2.0	0	0	0	3.0	0	0	0	0	3.0	0	2.0	0	0	0	6.0	0	3.0	0	11.0	0	5.0	0	59.0	0	44.0	0	0	0	0	0	0	0	0	0	7.0	0	2.0	0	0	0	0	0	2.0	0	0	0	0	0	0	0	0	0	0	0	0	0	0	0	1.0	0	1.0	0	0	0	0	0	0	0	0	0	0	0	0	0	0	1.0	0	0	0	3.0	0	5.0	0	0	0	0	0	0	0	0	0	0	0	0	0	0	0	0	0	0	0	0	0	0	0	0
sk__Bacteria;k__;p__Proteobacteria;c__Gammaproteobacteria;o__Enterobacterales;f__Enterobacteriaceae;g__Klebsiella	0	0	0	0	0	0	0	0	0	0	0	0	0	0	0	0	0	0	0	0	0	0	0	0	0	0	0	0	0	0	0	0	0	0	0	0	0	0	0	0	0	0	0	0	0	0	0	0	0	0	0	0	0	0	0	0	0	0	0	0	0	1.0	0	1.0	0	0	0	0	0	0	0	0	0	0	0	0	1.0	0	0	0	0	0	0	0	0	0	0	0	0	0	0	0	0	0	0	0	0	0	0	0	0	0	0	0	0	0	0	0	0	0	0	0	0	0	0	0	0	0	0	0	0	0	0	0	0	0	0	0	0	0	0	0	0	0	0	0	0	0	0	0	0	0	0	0	0	0	0	0	0	0	0	0	0	0	0	0	0	0	0	0	0	0	0	0	0	0	0	0	0	0	0	0	0	0	0	0	0	0
sk__Bacteria;k__;p__Proteobacteria;c__Gammaproteobacteria;o__Enterobacterales;f__Enterobacteriaceae;g__Klebsiella;s__Klebsiella_pneumoniae	0	0	0	0	0	0	0	0	0	0	0	0	0	0	0	0	0	0	0	0	0	0	0	0	0	0	0	0	0	0	0	0	0	0	0	0	0	0	0	0	0	0	0	0	0	0	0	0	0	0	0	0	0	0	0	0	0	0	0	0	0	0	0	0	1.0	0	0	0	0	0	0	0	0	0	0	0	0	0	0	0	0	0	0	0	0	0	0	0	0	0	0	0	0	0	0	0	0	0	0	0	0	0	0	0	0	0	0	0	0	0	0	0	0	0	0	0	0	0	0	0	0	0	0	0	0	0	0	0	0	0	0	0	0	0	0	0	0	0	0	0	0	0	0	0	0	0	0	0	0	0	0	0	0	0	0	0	0	0	0	0	0	0	0	0	0	0	0	0	0	0	0	0	0	0	0	0	0	0
sk__Bacteria;k__;p__Proteobacteria;c__Gammaproteobacteria;o__Enterobacterales;f__Enterobacteriaceae;g__Kosakonia	0	0	0	0	0	0	0	0	0	0	0	0	0	0	0	0	0	0	0	0	0	0	0	0	0	0	0	0	0	1.0	0	0	0	0	0	0	0	0	0	0	0	0	0	1.0	0	0	0	0	0	0	0	0	1.0	0	0	0	0	0	0	0	0	0	0	0	0	0	0	0	0	0	0	0	0	0	0	0	0	0	0	0	0	0	0	0	0	0	0	0	0	0	0	0	0	0	0	0	0	0	0	0	0	0	0	0	0	0	0	0	0	0	0	0	0	0	0	0	0	0	0	0	0	0	0	0	0	0	0	0	0	0	0	0	0	0	0	0	0	0	0	0	0	0	0	0	0	0	0	0	0	0	0	0	0	0	0	0	0	0	0	0	0	0	0	0	0	0	0	0	0	0	0	0	0	0	0	0	0	0
sk__Bacteria;k__;p__Proteobacteria;c__Gammaproteobacteria;o__Enterobacterales;f__Erwiniaceae	5.0	0	0	0	0	0	0	0	0	0	0	0	0	0	0	0	0	0	0	1.0	0	1.0	0	0	0	0	0	0	0	0	0	0	0	0	0	0	0	0	0	0	0	0	0	0	0	0	0	0	0	0	0	0	0	0	0	0	0	0	0	0	0	1.0	1.0	5.0	3.0	0	0	0	0	0	0	0	0	0	0	3.0	1.0	0	0	0	0	0	0	0	0	0	0	0	0	0	0	0	0	0	0	0	0	0	0	0	0	0	0	0	0	0	0	0	0	0	0	0	0	0	0	0	0	0	0	0	0	0	0	0	0	0	0	0	0	0	0	0	0	0	0	0	0	0	0	0	0	0	0	0	0	1.0	0	0	1.0	1.0	0	0	0	0	0	0	0	0	0	0	0	0	0	0	0	0	0	0	0	0	0	0	0	0	0	0	0	0
sk__Bacteria;k__;p__Proteobacteria;c__Gammaproteobacteria;o__Enterobacterales;f__Erwiniaceae;g__Erwinia	0	0	0	0	0	0	0	0	0	0	0	0	0	0	0	0	0	0	0	0	0	0	0	0	0	0	0	0	0	0	0	0	0	0	0	0	0	0	0	0	0	0	0	0	0	0	0	0	0	0	0	0	0	0	0	0	0	0	0	0	0	0	0	1.0	0	0	0	0	0	0	0	0	0	0	0	0	0	0	0	0	0	0	0	0	0	0	0	0	0	0	0	0	0	0	0	0	0	0	0	0	0	0	0	0	0	0	0	0	0	0	0	0	0	0	0	0	0	0	0	0	0	0	0	0	0	0	0	0	0	0	0	0	0	0	0	0	0	0	0	0	0	0	0	0	0	0	0	0	0	0	0	0	0	0	0	0	0	0	0	0	0	0	0	0	0	0	0	0	0	0	0	0	0	0	0	0	0	0
sk__Bacteria;k__;p__Proteobacteria;c__Gammaproteobacteria;o__Enterobacterales;f__Erwiniaceae;g__Pantoea	0	0	0	0	0	0	0	0	0	0	0	0	0	0	0	0	0	0	0	0	0	0	0	0	0	0	0	0	0	0	0	0	0	0	0	0	0	0	0	0	0	0	0	0	0	0	0	0	1.0	0	0	0	0	0	0	0	0	0	0	0	0	0	0	0	0	0	0	0	0	0	0	0	0	0	0	0	0	0	0	0	0	0	0	0	0	0	0	0	0	0	0	0	0	0	0	0	0	0	0	0	0	0	0	0	0	0	0	0	1.0	0	0	0	0	0	0	0	0	0	0	0	0	0	0	0	0	0	0	0	0	0	0	0	1.0	0	0	0	0	0	0	0	0	0	0	0	0	0	0	0	0	1.0	0	0	0	0	0	0	0	0	0	0	0	0	0	0	0	0	0	0	0	0	0	0	0	0	0	0	0	0
sk__Bacteria;k__;p__Proteobacteria;c__Gammaproteobacteria;o__Enterobacterales;f__Pectobacteriaceae	0	0	0	0	0	0	0	0	0	0	0	0	0	0	0	0	0	0	0	0	0	0	0	0	0	0	0	0	0	0	0	0	0	0	0	0	0	0	0	0	0	0	0	0	0	0	0	0	0	0	0	0	0	0	0	0	0	0	0	0	0	0	0	0	0	0	0	0	0	0	0	0	0	0	0	1.0	0	0	0	0	0	0	0	0	0	0	0	0	0	0	0	0	0	0	0	0	0	0	0	0	0	0	0	0	0	0	0	0	0	0	0	0	0	0	0	0	0	0	0	0	0	0	0	0	0	0	0	0	0	0	0	0	0	0	0	0	0	0	0	0	0	0	0	0	0	0	0	0	0	0	0	0	0	0	0	0	0	0	0	0	0	0	0	0	0	0	0	0	0	0	0	0	0	0	0	0	0	0
sk__Bacteria;k__;p__Proteobacteria;c__Gammaproteobacteria;o__Enterobacterales;f__Pectobacteriaceae;g__Pectobacterium	0	0	0	0	0	0	0	0	0	0	0	0	0	0	0	0	0	0	0	0	0	0	0	0	0	0	0	0	0	0	0	0	0	0	0	0	0	0	0	0	0	0	0	0	0	0	0	0	0	0	0	0	0	0	0	0	0	0	0	0	0	0	0	0	0	0	0	0	0	0	0	0	0	1.0	0	0	0	0	0	0	0	0	0	0	0	0	0	0	0	0	0	0	0	0	0	0	0	0	0	0	0	0	0	0	0	0	0	0	0	0	0	0	0	0	0	0	0	0	0	0	0	0	0	0	0	0	0	0	0	0	0	0	0	0	0	0	0	0	0	0	0	0	0	0	0	0	0	0	0	0	0	0	0	0	0	0	0	0	0	0	0	0	0	0	0	0	0	0	0	0	0	0	0	0	0	0	0	0
sk__Bacteria;k__;p__Proteobacteria;c__Gammaproteobacteria;o__Enterobacterales;f__Yersiniaceae	0	1.0	0	0	0	0	0	0	0	0	0	0	0	0	0	0	0	0	0	0	0	0	0	0	0	0	0	0	0	0	0	0	0	0	0	0	0	0	0	0	0	0	0	0	0	0	0	0	0	0	0	0	0	0	0	0	0	0	0	0	1.0	0	0	0	0	0	0	0	0	0	0	0	0	0	0	0	0	0	0	0	0	0	0	0	0	0	0	0	0	0	0	0	0	0	0	0	0	0	0	0	0	0	0	0	0	0	0	0	0	0	0	0	0	0	0	0	0	0	0	0	0	0	0	0	0	0	0	0	0	0	0	0	0	0	0	0	0	0	0	0	0	0	0	0	0	0	0	0	0	0	0	0	0	0	0	0	0	0	0	0	0	0	0	0	0	0	0	0	0	0	0	0	0	0	0	0	0	0
sk__Bacteria;k__;p__Proteobacteria;c__Gammaproteobacteria;o__Enterobacterales;f__Yersiniaceae;g__Serratia	0	0	0	0	0	0	0	0	0	0	0	0	0	1.0	0	0	0	0	0	0	0	0	0	0	0	0	0	0	0	0	0	0	0	0	0	0	0	0	0	0	0	0	0	0	0	0	0	0	0	0	0	0	0	0	0	0	0	0	0	0	0	0	0	0	0	0	0	0	0	0	0	0	0	0	0	0	0	0	0	0	0	0	0	0	0	0	0	0	0	0	0	0	0	0	0	0	0	0	0	0	0	0	0	0	0	0	0	0	0	0	0	0	0	0	0	0	0	0	0	0	0	0	0	0	0	0	0	0	0	0	0	0	0	0	0	0	0	0	0	0	0	0	0	0	0	0	0	0	0	0	0	0	0	0	0	0	0	0	0	0	0	0	0	0	0	0	0	0	0	0	0	0	0	0	0	0	0	0
sk__Bacteria;k__;p__Proteobacteria;c__Gammaproteobacteria;o__Legionellales;f__Coxiellaceae	0	0	0	0	0	0	0	0	0	0	0	0	0	0	0	0	0	0	0	0	0	0	0	0	0	0	0	0	0	0	0	0	0	0	0	0	0	0	0	0	0	0	0	0	0	0	0	0	0	0	0	0	0	0	0	0	0	0	0	0	0	0	0	0	0	0	0	0	0	0	0	0	0	0	0	0	0	0	0	0	0	0	0	0	0	0	0	0	0	0	0	0	0	0	0	0	0	0	0	0	0	0	0	0	0	0	0	0	0	0	0	0	0	0	0	0	0	0	0	0	0	0	0	0	0	0	0	0	0	0	0	0	0	0	0	0	0	0	0	0	0	0	0	0	0	0	0	0	1.0	0	0	0	0	0	0	0	0	0	0	0	0	0	0	0	0	0	0	0	0	0	0	0	0	0	0	0	0	0
sk__Bacteria;k__;p__Proteobacteria;c__Gammaproteobacteria;o__Legionellales;f__Coxiellaceae;g__Rickettsiella	0	0	2.0	0	0	0	0	0	0	0	0	0	0	0	0	0	0	0	0	0	0	0	0	0	0	0	0	0	0	0	0	0	0	0	0	0	0	0	0	0	0	0	0	0	0	0	0	0	0	0	0	0	0	0	0	0	0	0	0	0	0	0	0	0	0	0	0	0	0	0	0	0	0	0	0	0	0	0	0	0	0	0	0	0	0	0	0	0	0	0	0	0	0	0	0	0	0	0	0	0	0	0	0	0	0	0	0	0	0	0	0	0	0	0	0	0	0	0	0	0	0	0	0	0	0	0	0	0	0	0	0	0	0	0	0	0	0	0	0	0	0	0	0	0	0	0	0	0	0	0	0	0	0	0	0	0	0	0	0	0	0	0	0	0	0	0	0	0	0	0	0	0	0	0	0	0	0	0
sk__Bacteria;k__;p__Proteobacteria;c__Gammaproteobacteria;o__Legionellales;f__Legionellaceae;g__Legionella	0	0	0	0	0	0	0	0	0	0	0	0	0	0	0	0	0	0	0	1.0	0	0	0	0	0	0	0	0	0	0	0	0	0	0	0	0	0	0	0	0	0	0	0	0	0	0	0	0	0	0	0	0	0	0	0	0	0	0	0	0	0	0	0	0	0	0	0	0	0	0	0	0	0	0	0	0	0	0	0	0	0	0	0	0	0	0	0	0	0	0	0	0	0	0	0	0	1.0	0	0	0	0	0	0	1.0	0	0	0	0	0	0	0	0	0	1.0	0	0	0	0	0	0	0	0	0	0	0	0	0	0	0	0	0	0	0	0	0	0	0	0	0	0	0	0	0	0	0	0	0	0	0	0	0	0	0	0	0	0	0	0	0	0	0	0	0	0	0	0	0	0	0	0	0	0	0	0	0	0	0	0
sk__Bacteria;k__;p__Proteobacteria;c__Gammaproteobacteria;o__Methylococcales	0	0	0	0	0	0	0	0	0	0	0	0	0	0	0	0	0	0	0	0	0	0	0	0	0	0	0	0	0	0	0	0	0	0	0	0	0	0	0	0	0	0	0	0	0	0	0	0	0	0	0	0	0	0	0	0	0	0	0	0	0	0	0	0	0	1.0	0	0	0	0	0	0	0	0	0	0	0	0	0	0	0	0	0	0	0	0	0	0	0	0	0	0	0	0	0	0	0	0	0	0	0	0	0	0	0	0	0	0	0	0	0	0	0	0	0	0	0	0	0	0	0	0	0	0	0	0	0	0	0	0	0	0	0	0	0	0	0	0	0	0	0	0	0	0	0	0	0	0	0	0	0	0	0	0	0	0	0	0	0	0	0	0	0	0	0	0	0	0	0	0	0	0	0	0	0	0	0	0
sk__Bacteria;k__;p__Proteobacteria;c__Gammaproteobacteria;o__Nevskiales;f__Sinobacteraceae;g__Nevskia	0	0	0	0	0	0	0	0	0	0	0	0	0	0	0	0	0	0	0	0	0	0	0	0	0	0	0	0	0	0	0	0	0	0	0	0	0	0	0	0	0	0	0	3.0	0	0	0	0	0	0	0	0	0	0	0	0	0	0	0	0	0	0	0	0	0	0	0	0	0	0	0	0	0	0	0	0	0	0	0	0	0	0	0	0	0	0	0	0	0	0	0	0	0	0	0	0	0	0	0	0	0	0	0	0	0	0	0	0	0	0	0	0	0	0	0	0	0	0	0	0	0	0	0	0	0	0	0	0	0	0	0	0	0	0	0	0	0	0	0	0	0	0	0	0	0	0	0	0	0	0	0	0	0	0	0	0	0	0	0	0	0	0	0	0	0	0	0	0	0	0	0	0	0	0	0	0	0	0
sk__Bacteria;k__;p__Proteobacteria;c__Gammaproteobacteria;o__Oceanospirillales	0	0	0	0	0	0	0	0	0	0	0	0	0	0	0	0	0	0	0	0	0	0	0	0	0	0	0	0	0	0	0	0	0	0	0	0	0	0	0	0	0	0	0	0	0	0	0	0	0	0	0	0	0	0	0	0	0	0	0	0	0	0	0	0	0	0	0	0	0	0	0	0	0	0	0	0	0	0	0	0	0	0	0	0	0	0	1.0	0	0	0	0	0	0	0	0	0	0	0	0	0	0	0	0	0	0	0	0	0	0	0	0	0	0	0	0	0	0	0	0	0	0	0	0	0	0	0	0	0	0	0	0	0	0	0	0	0	0	0	0	0	0	0	0	0	0	0	0	0	0	0	0	0	0	0	0	0	0	0	0	0	0	0	0	0	0	0	0	0	0	0	0	0	0	0	0	0	0	0
sk__Bacteria;k__;p__Proteobacteria;c__Gammaproteobacteria;o__Oceanospirillales;f__Halomonadaceae	0	0	0	0	2.0	0	0	0	0	0	0	0	0	0	0	0	0	0	0	0	0	0	0	0	0	0	0	0	0	0	0	0	0	0	0	0	0	0	0	0	0	0	0	0	0	0	0	0	1.0	1.0	1.0	4.0	0	0	0	1.0	0	0	1.0	2.0	0	0	0	0	0	0	0	0	0	0	0	0	0	0	0	0	0	0	0	0	0	0	0	0	0	0	0	0	0	0	0	0	0	0	0	0	0	0	0	0	0	0	0	0	0	0	0	0	0	0	0	0	0	0	0	0	0	0	0	0	0	0	0	0	0	0	0	0	0	0	0	0	0	0	0	0	0	0	0	0	0	0	0	0	0	0	0	0	1.0	0	0	0	0	0	0	0	0	0	1.0	0	0	0	0	0	0	0	0	0	0	0	0	0	1.0	0	0	0	0	0
sk__Bacteria;k__;p__Proteobacteria;c__Gammaproteobacteria;o__Oceanospirillales;f__Halomonadaceae;g__Halomonas	0	0	0	0	1.0	0	0	0	0	0	0	0	0	0	0	0	0	0	0	0	0	0	0	0	0	0	0	0	0	0	0	1.0	0	0	0	0	0	0	0	0	0	0	0	0	0	0	0	0	0	0	0	3.0	0	0	0	1.0	0	0	0	0	0	0	0	0	0	0	0	0	0	0	0	0	0	0	0	0	0	0	0	0	0	0	0	0	0	0	0	0	0	0	0	0	0	0	0	0	0	0	0	0	0	0	0	0	0	0	0	2.0	0	0	0	0	0	0	0	0	0	0	0	0	0	0	0	0	0	0	0	0	0	0	0	0	0	0	0	0	0	0	0	0	0	0	0	0	0	0	0	0	2.0	1.0	0	0	0	0	0	0	0	0	2.0	0	0	0	0	0	0	0	0	0	0	0	0	0	0	0	0	0	0	0
sk__Bacteria;k__;p__Proteobacteria;c__Gammaproteobacteria;o__Pasteurellales	0	0	0	0	0	0	0	0	0	0	0	0	0	0	0	0	1.0	0	0	0	0	0	0	0	0	1.0	0	0	0	0	0	0	0	1.0	0	0	0	0	0	0	0	0	0	0	0	0	0	0	0	0	0	0	0	0	0	0	0	0	0	0	0	1.0	0	0	0	0	0	0	0	0	0	0	0	0	0	0	0	0	0	0	0	2.0	0	0	0	1.0	0	1.0	0	0	0	1.0	0	0	0	0	0	3.0	0	3.0	0	0	0	0	0	0	0	0	0	0	0	0	0	0	0	0	0	0	0	0	0	0	0	0	0	0	0	0	0	1.0	0	0	0	0	0	0	0	0	0	0	0	0	0	0	0	0	0	0	0	0	0	0	0	0	0	0	0	0	0	0	0	0	0	0	0	0	0	0	1.0	1.0	0	0	0	0	0	0	0	0
sk__Bacteria;k__;p__Proteobacteria;c__Gammaproteobacteria;o__Pasteurellales;f__Pasteurellaceae	152.0	3.0	175.0	11.0	197.0	20.0	147.0	155.0	77.0	8.0	40.0	38.0	2.0	13.0	313.0	1.0	262.0	1.0	1.0	9.0	19.0	1.0	0	196.0	2.0	873.0	3.0	267.0	2.0	206.0	1.0	220.0	0	1308.0	12.0	273.0	79.0	66.0	5.0	135.0	6.0	163.0	0	3.0	0	15.0	28.0	254.0	3.0	0	0	6.0	353.0	10.0	6.0	0	9.0	4.0	0	16.0	0	8.0	1.0	20.0	0	215.0	14.0	109.0	3.0	398.0	14.0	70.0	3.0	16.0	2.0	24.0	1.0	46.0	9.0	13.0	2.0	113.0	24.0	50.0	2.0	302.0	7.0	57.0	5.0	27.0	0	129.0	0	1.0	0	0	0	358.0	28.0	702.0	4.0	154.0	19.0	252.0	57.0	52.0	2.0	155.0	20.0	0	0	0	0	10.0	0	6.0	0	161.0	14.0	12.0	0	17.0	0	31.0	0	1382.0	66.0	122.0	3.0	293.0	11.0	1413.0	3.0	100.0	0	24.0	0	564.0	3.0	254.0	1.0	45.0	3.0	27.0	7.0	9.0	600.0	11.0	1488.0	36.0	24.0	1.0	20.0	0	94.0	3.0	204.0	2.0	137.0	1.0	197.0	19.0	0	1.0	6.0	7.0	31.0	1.0	568.0	32.0	18.0	1.0	24.0	5.0	332.0	36.0	85.0	2.0
sk__Bacteria;k__;p__Proteobacteria;c__Gammaproteobacteria;o__Pasteurellales;f__Pasteurellaceae;g__;s__Bisgaard_Taxon_10	0	0	0	0	0	0	0	0	0	0	1.0	0	0	0	0	0	0	0	0	0	0	0	0	0	0	0	0	0	0	0	0	0	0	1.0	0	0	0	0	0	0	0	0	0	0	0	0	0	0	0	0	0	0	0	0	0	0	0	0	0	0	0	0	0	0	0	0	0	0	0	0	0	0	0	0	0	0	0	0	0	0	0	0	0	0	0	0	0	0	0	0	0	0	0	0	0	0	0	0	0	0	0	0	0	0	0	0	0	0	0	0	0	0	0	0	0	0	0	0	0	0	0	0	0	0	0	0	0	0	0	0	0	0	0	1.0	0	0	0	1.0	0	0	0	0	0	0	0	0	0	0	1.0	0	0	0	0	0	0	0	0	0	0	0	0	0	0	0	0	0	0	0	0	0	0	0	0	0	0	0	0	0
sk__Bacteria;k__;p__Proteobacteria;c__Gammaproteobacteria;o__Pasteurellales;f__Pasteurellaceae;g__;s__Bisgaard_Taxon_7	32.0	0	31.0	0	7.0	0	5.0	0	20.0	0	4.0	0	3.0	0	84.0	0	80.0	0	0	2.0	0	0	0	53.0	0	97.0	0	46.0	0	27.0	0	88.0	0	89.0	0	78.0	0	1.0	0	39.0	0	48.0	0	1.0	0	0	0	23.0	0	0	0	0	104.0	0	2.0	0	0	0	0	1.0	0	1.0	0	4.0	0	2.0	0	8.0	0	5.0	0	5.0	0	1.0	0	0	0	5.0	0	0	0	0	0	6.0	0	49.0	0	13.0	0	2.0	0	1.0	0	0	0	0	0	56.0	0	27.0	0	3.0	0	17.0	0	1.0	0	24.0	0	0	0	0	0	0	0	5.0	0	5.0	0	1.0	0	4.0	0	4.0	0	118.0	0	22.0	0	92.0	0	325.0	0	1.0	0	3.0	0	34.0	0	57.0	0	4.0	0	4.0	0	0	40.0	0	71.0	0	0	0	3.0	0	6.0	0	8.0	0	2.0	0	1.0	0	0	0	0	0	9.0	0	15.0	0	6.0	0	4.0	0	14.0	0	4.0	0
sk__Bacteria;k__;p__Proteobacteria;c__Gammaproteobacteria;o__Pasteurellales;f__Pasteurellaceae;g__;s__[Pasteurella]_mairii	0	0	0	0	0	0	0	0	0	0	0	0	0	0	0	0	0	0	0	0	0	0	0	0	0	0	1.0	0	1.0	0	0	0	0	0	0	0	0	0	0	0	0	0	0	0	0	0	0	0	0	0	0	0	0	0	0	0	0	0	0	0	0	0	0	0	0	0	0	0	0	0	0	0	0	0	0	0	0	0	0	0	0	0	0	0	0	0	0	0	0	0	0	0	0	0	0	0	0	0	0	0	0	0	0	0	0	0	0	0	0	0	0	0	0	0	0	0	0	0	0	0	0	0	0	0	0	0	0	0	0	0	0	0	0	0	0	0	0	0	1.0	0	0	0	0	0	0	0	0	0	0	5.0	0	0	0	0	0	0	0	0	0	0	0	1.0	0	0	0	0	0	0	0	0	0	0	0	0	0	0	0	0
sk__Bacteria;k__;p__Proteobacteria;c__Gammaproteobacteria;o__Pasteurellales;f__Pasteurellaceae;g__Actinobacillus	0	0	0	0	0	0	0	0	0	0	0	0	0	0	0	0	0	0	0	0	0	0	0	0	2.0	0	0	0	0	0	0	0	0	0	58.0	0	0	0	0	0	2.0	0	0	0	0	0	0	0	65.0	0	0	204.0	0	3.0	0	0	0	0	0	0	0	0	0	0	0	0	0	0	0	0	0	0	0	0	0	0	0	0	0	0	0	0	0	0	0	0	0	0	0	0	0	0	0	0	0	0	0	0	0	0	0	0	0	0	0	0	0	0	0	0	0	0	0	0	0	0	0	0	0	0	0	0	0	0	0	0	0	0	0	0	0	0	0	0	0	0	0	0	0	0	0	0	0	0	0	0	0	0	0	0	0	0	0	0	0	0	0	0	0	0	0	0	0	0	0	0	0	0	0	0	0	0	0	0	0	0	0	0
sk__Bacteria;k__;p__Proteobacteria;c__Gammaproteobacteria;o__Pasteurellales;f__Pasteurellaceae;g__Aggregatibacter	6.0	2.0	16.0	2.0	13.0	8.0	61.0	8.0	1.0	0	11.0	3.0	0	0	0	0	0	0	3.0	0	0	0	1.0	2.0	0	472.0	290.0	62.0	4.0	6.0	1.0	2.0	1.0	1346.0	538.0	60.0	6.0	28.0	18.0	0	0	1.0	1.0	0	0	12.0	3.0	0	0	0	0	1.0	3.0	2.0	1.0	0	0	0	0	3129.0	1068.0	32.0	2.0	57.0	25.0	527.0	72.0	560.0	36.0	132.0	25.0	16.0	8.0	18.0	1.0	2.0	0	101.0	12.0	91.0	23.0	225.0	24.0	41.0	11.0	53.0	19.0	17.0	2.0	51.0	20.0	236.0	63.0	0	0	0	0	45.0	1.0	1574.0	393.0	523.0	216.0	144.0	205.0	497.0	111.0	8.0	4.0	0	0	0	0	5.0	0	0	0	60.0	3.0	10.0	3.0	0	0	0	0	214.0	97.0	3.0	0	42.0	3.0	7.0	0	143.0	7.0	20.0	2.0	785.0	4.0	732.0	22.0	3.0	2.0	5.0	5.0	33.0	101.0	3.0	1565.0	39.0	16.0	4.0	4.0	1.0	39.0	13.0	109.0	6.0	67.0	9.0	225.0	65.0	0	0	109.0	29.0	5.0	3.0	794.0	364.0	0	0	0	0	16.0	11.0	12.0	0
sk__Bacteria;k__;p__Proteobacteria;c__Gammaproteobacteria;o__Pasteurellales;f__Pasteurellaceae;g__Aggregatibacter;s__Aggregatibacter_actinomycetemcomitans	0	0	0	0	0	0	0	0	0	0	0	0	0	0	0	0	0	0	0	0	0	0	0	0	0	0	1.0	0	0	0	0	0	0	0	1.0	0	0	0	0	0	0	0	0	0	0	0	0	0	0	0	0	0	0	0	0	0	0	0	0	1424.0	27.0	18.0	2.0	10.0	0	276.0	151.0	391.0	201.0	0	0	1.0	0	0	0	0	0	0	0	11.0	2.0	64.0	32.0	10.0	2.0	0	0	3.0	4.0	3.0	0	38.0	15.0	0	0	0	0	0	0	0	0	71.0	2.0	1.0	0	198.0	1.0	0	0	0	0	0	0	0	0	0	0	0	0	0	0	0	0	0	0	0	0	0	0	0	0	0	0	0	0	0	0	0	1.0	0	0	0	0	0	0	0	0	0	1.0	1.0	0	0	0	0	0	0	0	0	1.0	1.0	25.0	0	0	0	0	0	0	0	0	0	0	0	0	0	0	0	0	0
sk__Bacteria;k__;p__Proteobacteria;c__Gammaproteobacteria;o__Pasteurellales;f__Pasteurellaceae;g__Aggregatibacter;s__Aggregatibacter_aphrophilus	0	0	0	0	0	0	0	0	0	0	0	0	0	0	0	0	0	0	0	0	0	0	0	0	0	0	0	0	19.0	0	0	0	0	2.0	0	0	0	0	0	0	0	0	0	0	0	0	0	0	0	0	0	0	0	0	0	0	0	0	0	0	0	1.0	0	0	0	0	0	0	1.0	0	0	0	0	0	0	0	0	0	14.0	0	0	0	0	0	0	0	0	0	0	0	0	0	0	0	0	0	0	0	0	5.0	2.0	0	1.0	0	0	0	0	0	0	0	0	0	0	0	0	0	0	0	0	0	0	0	0	0	0	0	0	0	0	0	0	0	0	0	0	0	0	3.0	81.0	0	10.0	0	0	0	0	0	0	1.0	4.0	885.0	0	0	0	0	0	0	0	0	0	1.0	0	13.0	0	0	0	0	0	0	0	0	0	0	0	0	0	0	0	0
sk__Bacteria;k__;p__Proteobacteria;c__Gammaproteobacteria;o__Pasteurellales;f__Pasteurellaceae;g__Aggregatibacter;s__Aggregatibacter_segnis	0	0	0	0	0	0	0	0	0	0	0	0	0	0	0	0	0	0	0	0	0	0	0	0	0	0	0	0	0	0	0	0	0	0	0	0	0	0	0	0	0	0	0	0	0	0	0	0	0	0	0	0	0	0	0	0	0	0	0	0	0	0	0	0	0	0	0	0	0	0	0	0	0	0	0	0	0	0	0	0	0	0	0	0	0	0	0	0	0	0	0	0	0	0	0	0	0	0	0	0	0	0	0	0	0	0	0	0	0	0	0	0	0	0	0	0	0	1.0	0	0	0	0	0	0	0	0	0	0	0	1.0	0	0	0	0	0	0	0	0	0	0	0	0	0	0	0	0	0	0	0	0	0	0	0	0	0	0	0	0	0	0	0	5.0	0	0	0	0	0	0	0	0	0	0	0	0	0	1.0	0	0
sk__Bacteria;k__;p__Proteobacteria;c__Gammaproteobacteria;o__Pasteurellales;f__Pasteurellaceae;g__Haemophilus	549.0	99.0	947.0	165.0	247.0	202.0	472.0	43.0	181.0	31.0	75.0	4.0	23.0	5.0	1500.0	358.0	1125.0	31.0	429.0	44.0	7.0	27.0	12.0	616.0	138.0	2061.0	332.0	1009.0	136.0	524.0	125.0	1121.0	244.0	3381.0	255.0	1101.0	72.0	37.0	6.0	1055.0	92.0	714.0	220.0	5.0	18.0	7.0	0	923.0	49.0	0	11.0	97.0	1807.0	251.0	38.0	17.0	0	1.0	18.0	40.0	12.0	13.0	15.0	69.0	22.0	121.0	18.0	204.0	42.0	44.0	9.0	132.0	21.0	25.0	13.0	60.0	20.0	139.0	12.0	57.0	17.0	84.0	10.0	247.0	31.0	1144.0	184.0	192.0	62.0	78.0	11.0	163.0	20.0	0	0	0	1.0	888.0	241.0	1763.0	104.0	360.0	41.0	449.0	111.0	51.0	5.0	346.0	155.0	0	8.0	3.0	4.0	148.0	6.0	306.0	4.0	70.0	13.0	55.0	7.0	62.0	3.0	127.0	8.0	2930.0	278.0	534.0	205.0	1038.0	71.0	4077.0	201.0	124.0	5.0	49.0	3.0	1071.0	17.0	1213.0	23.0	159.0	6.0	267.0	35.0	76.0	577.0	41.0	2434.0	250.0	23.0	3.0	53.0	0	144.0	11.0	184.0	8.0	203.0	10.0	71.0	10.0	0	0	56.0	1.0	100.0	7.0	631.0	106.0	98.0	2.0	75.0	1.0	437.0	50.0	128.0	3.0
sk__Bacteria;k__;p__Proteobacteria;c__Gammaproteobacteria;o__Pasteurellales;f__Pasteurellaceae;g__Haemophilus;s__Haemophilus_haemolyticus	0	0	0	0	0	0	0	2.0	0	0	0	0	0	0	0	0	0	0	0	0	0	0	0	0	0	0	0	0	0	0	0	0	0	0	0	0	0	0	0	0	0	0	0	0	0	0	0	0	0	0	0	0	0	0	0	0	0	0	0	0	0	0	0	0	0	0	0	0	0	0	0	0	0	0	0	0	0	0	0	0	0	0	0	0	0	0	0	0	0	0	0	0	0	0	0	0	0	0	0	0	0	0	0	0	0	0	0	0	0	0	0	0	0	0	0	0	0	0	0	0	0	0	0	0	0	0	0	0	0	0	0	0	0	0	0	0	0	0	0	0	0	0	0	0	0	0	0	0	0	0	0	0	0	0	0	0	0	0	0	0	0	0	0	0	0	0	0	0	0	0	0	0	0	0	0	0	0	0
sk__Bacteria;k__;p__Proteobacteria;c__Gammaproteobacteria;o__Pasteurellales;f__Pasteurellaceae;g__Haemophilus;s__Haemophilus_influenzae	0	0	0	0	0	0	0	0	0	0	0	0	0	0	0	0	0	0	0	0	0	0	0	0	0	0	0	0	0	0	0	0	0	0	0	0	0	0	0	0	0	0	0	0	0	0	0	0	0	0	0	0	0	0	0	0	0	0	0	0	0	0	0	0	0	0	0	0	0	0	0	0	0	0	0	0	0	0	0	0	0	0	0	0	0	0	0	0	0	0	0	0	0	0	0	0	0	0	0	0	0	0	0	0	1.0	0	0	0	0	0	0	0	0	0	0	0	0	0	0	0	0	0	0	0	0	0	0	0	0	0	0	0	0	0	0	0	0	0	0	0	0	0	0	0	0	0	0	0	0	0	0	0	0	0	0	0	0	0	0	0	0	0	0	0	0	0	0	0	0	0	0	0	0	0	0	0	0	0
sk__Bacteria;k__;p__Proteobacteria;c__Gammaproteobacteria;o__Pasteurellales;f__Pasteurellaceae;g__Haemophilus;s__Haemophilus_parainfluenzae	0	0	0	3.0	0	0	0	0	0	0	0	1.0	0	0	0	1.0	0	0	2.0	0	1.0	0	1.0	0	8.0	0	3.0	0	0	0	1.0	0	2.0	0	1.0	0	7.0	0	0	0	4.0	0	1.0	0	0	0	0	0	0	0	0	1.0	0	2.0	0	0	0	0	1.0	0	1.0	0	0	0	0	0	0	0	0	0	0	0	0	0	0	0	0	0	0	0	0	0	0	0	0	0	1.0	0	0	0	0	0	0	0	0	0	0	0	2.0	0	0	0	2.0	0	0	0	0	0	0	0	0	0	0	0	1.0	0	0	0	0	0	0	0	0	0	0	0	0	0	1.0	0	0	0	4.0	0	0	0	0	0	0	0	0	0	0	0	2.0	6.0	0	0	0	2.0	0	0	0	0	0	0	0	0	0	0	0	0	0	0	0	0	0	0	0	0	0	0	0	0	0	0	0	0
sk__Bacteria;k__;p__Proteobacteria;c__Gammaproteobacteria;o__Pasteurellales;f__Pasteurellaceae;g__Haemophilus;s__Haemophilus_sp._oral_clone_ASCA07	0	0	0	0	0	0	0	0	0	0	0	0	0	0	0	0	0	0	0	0	0	0	0	0	0	0	0	0	0	0	0	0	0	0	0	0	0	0	0	0	0	0	0	0	0	0	0	0	0	0	0	0	0	0	0	0	0	0	0	0	0	0	0	0	0	0	0	0	0	0	0	0	0	0	0	0	0	0	0	0	0	0	0	0	0	0	0	0	0	0	0	0	0	0	0	0	0	0	0	0	0	0	0	0	0	0	0	0	0	0	0	0	0	0	3.0	0	6.0	0	0	0	0	0	0	0	0	0	0	0	0	0	0	0	0	0	0	0	0	0	0	0	0	0	0	0	0	0	0	0	0	0	0	0	0	0	0	0	0	0	0	0	0	0	0	0	0	0	0	0	0	0	0	0	0	0	0	7.0	0	0
sk__Bacteria;k__;p__Proteobacteria;c__Gammaproteobacteria;o__Pasteurellales;f__Pasteurellaceae;g__Mannheimia	0	0	0	0	0	0	0	0	0	0	0	0	0	0	0	0	0	0	0	0	0	0	0	0	0	0	0	0	0	0	0	0	0	0	1.0	0	0	0	0	0	0	0	0	0	0	0	0	0	0	0	0	0	0	0	0	0	0	0	0	0	0	0	0	0	0	0	0	0	0	0	0	0	0	0	0	0	0	0	0	0	0	0	0	0	0	0	0	0	0	0	0	0	0	0	0	0	0	0	0	0	0	0	0	0	0	0	0	0	0	0	0	0	0	0	0	0	0	0	0	0	0	0	0	0	0	0	0	0	0	0	0	0	0	0	0	0	0	0	0	0	0	0	0	0	0	0	0	0	0	0	0	0	0	0	0	0	0	0	0	0	0	0	0	0	0	0	0	0	0	0	0	0	0	0	0	0	0	0
sk__Bacteria;k__;p__Proteobacteria;c__Gammaproteobacteria;o__Pasteurellales;f__Pasteurellaceae;g__Mesocricetibacter	0	0	0	0	0	0	0	0	0	0	0	0	0	0	1.0	0	0	0	0	0	0	0	0	0	0	0	0	0	0	0	0	0	0	0	0	0	0	0	0	0	0	0	0	0	0	0	0	0	0	0	0	0	0	0	0	0	0	0	0	0	0	0	0	1.0	0	1.0	0	1.0	0	0	0	0	0	1.0	0	1.0	0	0	0	0	0	0	0	0	0	0	0	0	0	0	0	0	0	0	0	0	0	0	0	0	0	0	0	3.0	0	0	0	0	0	0	0	0	0	0	0	0	0	0	0	0	0	0	0	0	0	0	0	0	0	3.0	0	5.0	0	0	0	0	0	0	0	0	0	2.0	0	5.0	0	0	1.0	0	0	0	0	0	0	0	0	0	0	0	1.0	0	1.0	0	0	0	0	0	0	0	4.0	0	0	0	0	0	0	0	0	0
sk__Bacteria;k__;p__Proteobacteria;c__Gammaproteobacteria;o__Pasteurellales;f__Pasteurellaceae;g__Nicoletella;s__Nicoletella_semolina	0	0	0	0	0	0	0	0	0	0	0	0	0	0	0	0	0	0	0	0	0	0	0	0	0	0	0	0	0	0	0	0	0	0	0	0	0	0	0	0	0	0	0	0	0	0	0	0	0	0	0	0	0	0	0	0	0	0	0	0	0	0	0	0	0	0	0	0	0	0	0	0	0	0	0	0	0	0	0	0	0	0	0	0	0	0	0	0	0	0	0	0	0	0	0	0	0	0	0	1.0	0	0	0	0	0	0	0	0	0	0	0	0	0	0	0	0	0	0	0	0	0	0	0	0	0	0	0	0	0	0	0	0	0	0	0	0	0	0	0	0	0	0	0	0	0	0	0	0	0	0	0	0	0	0	0	0	0	0	0	0	0	0	0	0	0	0	0	0	0	0	0	0	0	0	0	0	0	0
sk__Bacteria;k__;p__Proteobacteria;c__Gammaproteobacteria;o__Pasteurellales;f__Pasteurellaceae;g__Pasteurella	0	0	0	0	0	0	0	0	0	0	0	0	0	0	0	0	0	0	0	0	0	0	0	0	0	0	0	0	0	0	0	0	0	0	0	0	0	0	0	0	0	0	0	0	0	0	0	0	0	0	0	0	0	0	0	0	0	0	0	0	0	0	0	0	0	0	0	0	0	0	0	0	0	0	0	0	0	0	0	0	0	0	0	0	0	0	0	0	0	0	0	0	0	0	0	0	0	0	0	0	1.0	0	0	0	0	0	0	0	0	0	0	0	0	0	0	0	0	0	0	0	0	0	0	0	0	0	0	0	0	0	0	0	0	0	0	0	0	0	0	0	0	0	0	0	0	0	0	0	0	2.0	0	0	0	0	0	0	0	0	0	0	0	0	0	0	0	0	0	0	0	0	0	0	0	0	0	0	0	0
sk__Bacteria;k__;p__Proteobacteria;c__Gammaproteobacteria;o__Pasteurellales;f__Pasteurellaceae;g__Pasteurella;s__Pasteurella_langaaensis	0	0	0	0	0	0	0	0	0	0	0	0	0	0	0	0	0	0	0	0	0	0	0	0	0	0	0	0	0	0	0	0	0	0	0	0	0	0	0	0	0	0	0	0	0	0	0	0	0	0	0	0	0	0	0	0	0	0	0	0	0	0	0	0	0	0	0	0	0	0	0	0	0	0	0	0	0	0	0	0	0	0	0	0	0	0	0	0	0	0	0	0	0	0	0	0	0	0	0	0	0	0	0	0	0	0	0	0	0	0	0	0	0	0	0	0	0	0	0	0	0	0	0	0	0	0	0	0	0	0	0	0	0	0	0	0	0	0	2.0	0	0	0	0	0	0	0	0	0	0	11.0	0	0	0	0	0	0	0	0	0	0	0	1.0	0	0	0	0	0	0	0	0	0	0	0	0	0	0	0	0
sk__Bacteria;k__;p__Proteobacteria;c__Gammaproteobacteria;o__Pasteurellales;f__Pasteurellaceae;g__Rodentibacter	0	0	0	0	0	0	0	0	0	0	0	0	0	0	0	0	0	0	0	0	0	0	0	0	0	0	0	0	0	0	0	0	0	0	0	0	0	0	0	0	0	0	0	0	0	0	0	0	0	0	0	0	0	0	0	0	0	0	0	0	0	0	0	0	0	0	0	0	0	0	0	0	0	0	0	0	0	0	0	0	0	0	0	0	0	0	0	0	0	0	0	0	0	0	0	0	0	0	0	0	0	0	0	0	0	0	0	0	0	0	0	0	0	0	0	0	0	0	0	0	0	0	0	0	0	0	0	0	0	0	0	0	0	0	0	0	0	0	0	0	0	0	0	0	0	0	0	0	0	0	0	0	0	0	0	0	0	0	0	0	0	0	0	0	0	0	0	0	1.0	0	0	0	0	0	0	0	0	0
sk__Bacteria;k__;p__Proteobacteria;c__Gammaproteobacteria;o__Pasteurellales;f__Pasteurellaceae;g__Rodentibacter;s__Rodentibacter_pneumotropicus	0	0	0	0	0	0	0	0	0	0	0	0	0	0	0	0	0	0	0	0	0	0	0	0	0	0	0	0	0	0	0	0	0	0	0	0	0	0	0	0	0	0	0	0	0	0	0	0	0	0	0	0	0	0	0	0	0	0	0	0	0	0	0	0	0	0	0	0	0	2.0	0	0	0	0	0	0	0	0	0	0	0	0	0	0	0	0	0	0	0	0	0	0	0	0	0	0	0	0	0	0	0	0	0	0	0	0	0	0	0	0	0	0	0	0	0	0	0	0	0	0	0	0	0	0	0	0	0	0	0	0	0	0	0	0	0	0	0	0	0	1.0	0	0	0	0	0	0	2.0	0	0	0	0	0	0	0	0	0	1.0	0	1.0	0	0	0	0	0	0	0	0	0	0	0	0	0	0	0	0	0	0	0
sk__Bacteria;k__;p__Proteobacteria;c__Gammaproteobacteria;o__Pseudomonadales	0	0	0	2.0	0	18.0	0	0	0	0	0	2.0	0	1.0	0	0	0	1.0	1.0	0	0	0	1.0	0	46.0	0	2.0	0	3.0	0	19.0	0	0	0	1.0	0	33.0	0	2.0	0	1.0	0	0	0	0	0	0	0	86.0	0	4.0	233.0	0	67.0	0	38.0	0	0	48.0	0	30.0	3.0	0	4.0	6.0	0	0	0	0	0	1.0	0	0	0	4.0	0	1.0	0	3.0	0	4.0	0	0	0	2.0	0	0	0	3.0	1.0	0	0	1.0	1.0	5.0	0	6.0	0	0	0	0	0	0	0	0	0	0	0	75.0	0	1.0	0	0	0	0	0	3.0	0	0	0	1.0	0	0	0	0	0	0	0	6.0	0	1.0	0	1.0	0	0	0	12.0	0	5.0	0	0	0	0	0	34.0	93.0	0	0	0	5.0	0	3.0	0	0	0	0	0	1.0	0	0	0	0	0	0	0	0	0	2.0	0	0	0	0	0	1.0	0	0	0	2.0
sk__Bacteria;k__;p__Proteobacteria;c__Gammaproteobacteria;o__Pseudomonadales;f__Moraxellaceae	4.0	19.0	0	0	112.0	127.0	4.0	5.0	0	0	0	6.0	0	3.0	1.0	0	5.0	1.0	5.0	6.0	4.0	2.0	7.0	22.0	57.0	3.0	14.0	1.0	2.0	2.0	58.0	15.0	18.0	0	0	99.0	61.0	5.0	1.0	27.0	31.0	3.0	18.0	2.0	0	0	0	45.0	234.0	49.0	16.0	593.0	8.0	9.0	2.0	112.0	17.0	7.0	105.0	24.0	47.0	2.0	4.0	6.0	53.0	0	0	0	0	1.0	2.0	7.0	3.0	2.0	1.0	5.0	5.0	0	1.0	0	2.0	0	1.0	0	0	0	1.0	0	0	0	3.0	2.0	1.0	3.0	1.0	7.0	2.0	1.0	0	0	4.0	0	0	4.0	2.0	0	1.0	0	124.0	0	0	0	0	1.0	0	1.0	7.0	0	0	0	0	0	0	3.0	1.0	3.0	4.0	28.0	18.0	11.0	5.0	7.0	5.0	1.0	0	168.0	27.0	16.0	8.0	4.0	2.0	10.0	1.0	109.0	73.0	167.0	3.0	0	34.0	15.0	6.0	0	12.0	2.0	4.0	0	5.0	0	8.0	1.0	0	0	0	0	0	0	2.0	0	2.0	0	1.0	0	11.0	7.0	0	0	13.0	4.0
sk__Bacteria;k__;p__Proteobacteria;c__Gammaproteobacteria;o__Pseudomonadales;f__Moraxellaceae;g__Acinetobacter	1909.0	97.0	162.0	11.0	493.0	82.0	57.0	9.0	0	0	241.0	2.0	9.0	1.0	15.0	0	97.0	2.0	3.0	15.0	0	16.0	0	1426.0	236.0	177.0	21.0	122.0	10.0	3967.0	340.0	49.0	8.0	1.0	0	1861.0	137.0	50.0	0	93.0	3.0	34.0	2.0	9.0	0	1.0	0	3295.0	550.0	1207.0	19.0	1410.0	980.0	58.0	6553.0	1250.0	27.0	2.0	1231.0	1149.0	138.0	340.0	24.0	1998.0	250.0	50.0	1.0	32.0	0	178.0	4.0	712.0	22.0	509.0	15.0	1791.0	42.0	34.0	1.0	159.0	3.0	7.0	1.0	23.0	6.0	1.0	0	30.0	0	15.0	4.0	59.0	2.0	435.0	3.0	202.0	4.0	59.0	7.0	27.0	1.0	0	0	4.0	0	61.0	6.0	3700.0	85.0	0	0	4.0	0	55.0	3.0	746.0	3.0	3.0	0	5.0	1.0	1.0	0	8.0	0	20.0	2.0	110.0	12.0	161.0	7.0	66.0	3.0	2.0	0	3086.0	106.0	366.0	20.0	215.0	3.0	201.0	3.0	3964.0	228.0	605.0	71.0	7.0	113.0	10.0	90.0	6.0	110.0	3.0	5.0	2.0	60.0	0	31.0	1.0	0	0	8.0	4.0	36.0	0	8.0	0	8.0	1.0	51.0	2.0	47.0	4.0	17.0	1.0	114.0	7.0
sk__Bacteria;k__;p__Proteobacteria;c__Gammaproteobacteria;o__Pseudomonadales;f__Moraxellaceae;g__Acinetobacter;s__Acinetobacter_baumannii	0	0	0	0	0	0	0	0	0	0	0	0	0	0	0	0	0	0	0	0	0	0	0	0	0	0	0	0	0	0	1.0	0	0	0	0	0	0	0	0	0	0	0	0	0	0	0	0	0	0	0	0	0	0	0	0	0	0	0	0	0	0	0	0	0	0	0	0	0	0	0	0	0	0	0	0	0	0	0	0	0	0	0	0	0	0	0	0	0	0	0	0	0	0	0	0	0	0	0	0	0	0	0	0	0	0	0	0	0	0	0	0	0	0	0	0	0	0	0	0	0	0	0	0	0	0	0	0	0	0	0	0	0	0	0	0	0	0	0	0	0	0	0	0	0	0	0	0	0	0	0	0	0	0	0	0	0	0	0	0	0	0	0	0	0	0	0	0	0	0	0	0	0	0	0	0	0	0	0
sk__Bacteria;k__;p__Proteobacteria;c__Gammaproteobacteria;o__Pseudomonadales;f__Moraxellaceae;g__Acinetobacter;s__Acinetobacter_calcoaceticus	0	0	0	0	0	0	0	0	0	0	0	0	0	0	0	0	0	0	0	0	0	0	0	0	0	0	0	0	0	0	0	0	0	0	0	2.0	0	0	0	0	0	0	0	0	0	0	0	0	0	1.0	0	0	2.0	0	0	0	0	0	0	0	0	0	0	0	0	0	0	0	0	0	0	0	0	0	0	0	0	0	0	0	0	0	0	0	0	0	0	0	0	0	0	0	0	0	0	0	0	0	0	0	0	0	0	0	0	0	0	0	0	0	0	0	0	0	0	0	0	0	0	0	0	0	0	0	0	0	0	0	0	0	0	0	0	0	0	0	0	0	0	0	0	0	0	0	0	0	0	0	0	0	0	0	0	0	0	0	0	0	0	0	0	0	0	0	0	0	0	0	0	0	0	0	0	0	0	0	0	0
sk__Bacteria;k__;p__Proteobacteria;c__Gammaproteobacteria;o__Pseudomonadales;f__Moraxellaceae;g__Acinetobacter;s__Acinetobacter_sp._A7-12	0	0	0	0	0	0	0	0	0	0	0	0	0	0	0	0	0	0	0	0	0	0	0	0	0	0	0	0	0	0	0	0	0	0	0	1.0	0	0	0	0	0	0	0	0	0	0	0	0	0	0	0	0	0	0	0	0	0	0	0	0	0	0	0	0	0	0	0	0	0	0	0	0	0	0	0	0	0	0	0	0	0	0	0	0	0	0	0	0	0	0	0	0	0	0	0	0	0	0	0	0	0	0	0	0	0	0	0	0	0	0	0	0	0	0	0	0	0	0	0	0	0	0	0	0	0	0	0	0	0	0	0	0	0	0	0	0	0	0	0	0	0	0	0	0	0	0	0	0	0	0	0	0	0	0	0	0	0	0	0	0	0	0	0	0	0	0	0	0	0	0	0	0	0	0	0	0	0	0
sk__Bacteria;k__;p__Proteobacteria;c__Gammaproteobacteria;o__Pseudomonadales;f__Moraxellaceae;g__Acinetobacter;s__Acinetobacter_sp._C8	0	0	0	0	0	0	0	0	0	0	0	0	0	0	0	0	0	0	0	0	0	0	0	0	0	0	0	0	0	0	0	0	0	0	0	0	0	0	0	0	0	0	0	0	0	0	0	0	0	0	0	0	0	0	1.0	0	0	0	0	0	0	0	0	0	0	0	0	0	0	0	0	0	0	0	0	0	0	0	0	0	0	0	0	0	0	0	0	0	0	0	0	0	0	0	0	0	0	0	0	0	0	0	0	0	0	0	0	0	0	0	0	0	0	0	0	0	0	0	0	0	0	0	0	0	0	0	0	0	0	0	0	0	0	0	0	0	0	0	0	0	0	0	0	0	0	0	0	0	0	0	0	0	0	0	0	0	0	0	0	0	0	0	0	0	0	0	0	0	0	0	0	0	0	0	0	0	0	0
sk__Bacteria;k__;p__Proteobacteria;c__Gammaproteobacteria;o__Pseudomonadales;f__Moraxellaceae;g__Acinetobacter;s__Acinetobacter_sp._CW6(2015)	0	1.0	0	0	0	0	0	0	0	0	0	0	0	0	0	0	0	0	0	0	0	0	0	0	0	0	0	0	0	0	0	0	0	0	0	0	0	0	0	0	0	0	0	0	0	0	0	0	0	0	0	0	0	0	0	0	0	0	0	0	0	0	0	0	0	0	0	0	0	0	0	0	0	0	0	0	0	0	0	0	0	0	0	0	0	0	0	0	0	0	0	0	0	0	0	0	0	0	0	0	0	0	0	0	0	0	0	0	0	0	0	0	0	0	0	0	0	0	0	0	0	0	0	0	0	0	0	0	0	0	0	0	0	0	0	0	0	0	0	0	0	0	0	0	0	0	0	0	0	0	0	0	0	0	0	0	0	0	0	0	0	0	0	0	0	0	0	0	0	0	0	0	0	0	0	0	0	0
sk__Bacteria;k__;p__Proteobacteria;c__Gammaproteobacteria;o__Pseudomonadales;f__Moraxellaceae;g__Acinetobacter;s__Acinetobacter_sp._HNA-1	0	0	0	0	0	0	0	0	0	0	0	0	0	0	0	0	0	0	0	0	0	0	0	0	0	0	0	0	0	0	0	0	0	0	0	0	0	0	0	0	0	0	0	0	0	0	0	0	0	0	0	0	0	0	0	0	0	0	0	0	0	0	0	0	0	0	0	0	0	0	0	0	0	0	0	0	0	0	0	0	2.0	0	0	0	0	0	0	0	0	0	0	0	0	0	0	0	0	0	0	0	0	0	0	0	0	0	0	0	2.0	0	0	0	0	0	0	0	0	0	0	0	0	0	0	0	0	0	0	0	0	0	0	0	0	0	0	0	0	0	0	0	0	0	0	0	0	0	0	0	0	0	0	0	0	0	0	0	0	0	0	0	0	0	0	0	0	0	0	0	0	0	0	0	0	0	0	0	0	0
sk__Bacteria;k__;p__Proteobacteria;c__Gammaproteobacteria;o__Pseudomonadales;f__Moraxellaceae;g__Acinetobacter;s__Acinetobacter_sp._IrC1	0	0	0	0	0	0	0	0	0	0	0	0	0	0	0	0	0	0	0	0	0	0	0	0	0	0	0	0	0	0	0	0	0	0	0	1.0	0	0	0	0	0	0	0	0	0	0	0	1.0	0	0	0	0	0	0	1.0	0	0	0	0	0	0	0	0	0	0	0	0	0	0	0	0	0	0	0	0	0	0	0	0	0	0	0	0	0	0	0	0	0	0	0	0	0	0	0	0	0	0	0	0	0	0	0	0	0	0	0	0	0	0	0	0	0	0	0	0	0	0	0	0	0	0	1.0	0	0	0	0	0	0	0	0	0	0	0	0	0	0	0	1.0	0	0	0	0	0	3.0	0	0	0	0	1.0	0	0	0	1.0	0	0	0	0	0	0	0	0	0	0	0	0	0	0	0	0	0	0	0	0	0	0	0	0	0
sk__Bacteria;k__;p__Proteobacteria;c__Gammaproteobacteria;o__Pseudomonadales;f__Moraxellaceae;g__Acinetobacter;s__Acinetobacter_sp._SSAL-8	0	0	0	0	0	0	0	0	0	0	0	0	0	0	0	0	0	0	0	0	0	0	0	0	0	0	0	0	0	0	0	0	0	0	0	0	0	0	0	0	0	0	0	0	0	0	0	0	0	0	0	0	0	0	0	0	0	0	0	0	0	0	0	0	0	0	0	0	0	0	0	0	0	0	0	0	0	0	0	0	0	0	0	0	0	0	0	0	0	0	0	0	0	0	0	0	0	0	0	0	0	0	0	0	0	0	0	0	0	0	0	0	0	0	0	0	0	0	0	0	0	0	0	0	0	0	0	0	0	0	0	0	0	0	0	0	0	0	0	0	0	0	0	2.0	0	0	0	0	0	0	0	0	0	0	0	0	0	0	0	0	0	0	0	0	0	0	0	0	0	0	0	0	0	0	0	0	0	0
sk__Bacteria;k__;p__Proteobacteria;c__Gammaproteobacteria;o__Pseudomonadales;f__Moraxellaceae;g__Alkanindiges	0	0	0	0	0	0	0	0	0	0	0	0	1.0	0	0	0	0	0	0	0	0	0	0	0	0	0	0	0	0	0	0	0	0	0	0	0	0	0	0	0	0	0	0	0	0	0	0	0	0	0	0	0	0	0	0	0	0	0	0	0	1.0	0	0	1.0	0	0	0	0	0	0	0	0	0	0	0	0	0	0	0	67.0	5.0	0	0	0	0	0	0	0	0	52.0	9.0	29.0	8.0	0	0	0	0	0	0	69.0	9.0	0	0	0	0	0	0	0	0	0	0	0	0	0	0	0	0	0	0	0	0	0	0	0	0	0	0	0	0	0	0	0	0	0	0	0	0	0	0	0	0	0	0	0	0	0	0	0	0	0	0	0	0	0	0	0	0	0	0	0	0	0	0	0	0	0	0	0	0	0	0	0	0	0	0	0	0	0
sk__Bacteria;k__;p__Proteobacteria;c__Gammaproteobacteria;o__Pseudomonadales;f__Moraxellaceae;g__Faucicola	0	0	0	0	0	2.0	0	0	0	0	0	0	0	0	0	0	0	0	0	0	0	0	0	0	0	0	0	0	0	0	0	0	0	0	0	0	0	0	0	0	0	0	0	0	0	0	0	0	0	0	0	0	0	0	0	0	0	0	0	0	0	0	0	0	0	0	0	0	0	0	0	0	0	0	0	0	0	0	0	0	0	0	0	0	0	0	0	0	0	0	0	0	0	0	0	0	0	0	0	0	0	0	0	0	0	0	0	0	0	0	0	0	0	0	0	0	0	0	0	0	0	0	0	0	0	0	0	0	0	0	0	0	0	0	0	0	0	0	0	0	0	0	0	0	0	0	0	0	0	0	0	0	0	0	0	0	0	0	0	0	0	0	0	0	0	0	0	0	0	0	0	0	0	0	0	0	0	0
sk__Bacteria;k__;p__Proteobacteria;c__Gammaproteobacteria;o__Pseudomonadales;f__Moraxellaceae;g__Faucicola;s__Faucicola_mancuniensis	0	0	0	0	0	1.0	0	0	0	0	0	0	0	0	0	0	0	0	0	0	0	0	0	0	0	0	0	0	0	0	0	0	0	0	0	0	0	0	0	0	0	0	0	0	0	0	0	0	0	0	0	0	0	0	0	0	0	0	0	0	0	0	0	0	0	0	0	0	0	0	0	0	0	0	0	0	0	0	0	0	0	0	0	0	0	0	0	0	0	0	0	0	0	0	0	0	0	0	0	0	0	0	0	0	0	0	0	0	0	0	0	0	0	0	0	0	0	0	0	0	0	0	0	0	0	0	0	0	0	0	0	0	0	0	0	0	0	0	0	0	0	0	0	0	0	0	0	0	0	0	0	0	0	0	0	0	0	0	0	0	0	0	0	0	0	0	0	0	0	0	0	0	0	0	0	0	0	0
sk__Bacteria;k__;p__Proteobacteria;c__Gammaproteobacteria;o__Pseudomonadales;f__Moraxellaceae;g__Moraxella	0	0	0	0	0	11.0	0	0	0	0	0	0	0	0	0	1.0	0	0	0	0	0	0	0	1.0	3.0	0	0	0	1.0	2.0	0	0	0	1.0	0	3.0	1.0	1.0	0	0	1.0	0	0	0	0	0	0	0	6.0	0	0	3.0	0	1.0	0	0	0	0	0	0	1.0	0	0	0	0	0	0	0	0	0	0	0	0	0	0	0	0	0	0	0	0	0	0	0	0	0	0	0	0	0	0	0	0	0	0	0	0	0	0	0	0	0	0	0	0	0	0	0	0	0	0	0	0	0	0	0	0	0	0	0	0	0	0	0	0	0	0	1.0	0	0	0	0	0	0	0	0	1.0	0	1.0	0	0	0	0	0	1.0	1.0	0	0	0	1.0	0	0	0	0	0	0	0	0	1.0	0	0	0	0	0	0	0	0	0	0	0	0	0	0	0	0	0	0	0
sk__Bacteria;k__;p__Proteobacteria;c__Gammaproteobacteria;o__Pseudomonadales;f__Moraxellaceae;g__Moraxella;s__Moraxella_lincolnii	0	0	0	0	0	0	0	0	0	0	0	0	0	0	0	0	0	0	0	0	0	0	0	1.0	0	0	0	0	0	0	0	0	0	0	0	0	1.0	0	0	0	0	0	0	0	0	0	0	0	0	0	0	0	0	0	0	0	0	0	0	0	0	0	0	0	0	0	0	0	0	0	0	0	0	0	0	0	0	0	0	0	0	0	0	0	0	0	0	0	0	0	0	0	0	0	0	0	0	0	0	0	0	0	0	0	0	0	0	0	0	0	0	0	0	0	0	0	0	0	0	0	0	0	0	0	0	0	0	0	0	0	0	0	0	0	0	0	0	0	0	0	0	0	0	0	0	0	0	0	0	0	0	0	0	0	0	0	0	0	0	0	0	0	0	0	0	0	0	0	0	0	0	0	0	0	0	0	0	0
sk__Bacteria;k__;p__Proteobacteria;c__Gammaproteobacteria;o__Pseudomonadales;f__Moraxellaceae;g__Moraxella;s__Moraxella_osloensis	0	0	0	0	0	0	0	0	0	0	0	0	0	0	0	0	0	0	0	0	0	0	0	0	0	0	0	0	0	0	0	0	0	0	0	0	1.0	0	0	0	0	0	0	0	0	0	0	0	0	0	0	4.0	0	0	0	0	0	0	0	0	0	0	0	0	0	0	0	0	0	0	0	0	0	0	0	0	0	0	0	0	0	0	0	0	0	0	0	0	0	0	0	0	0	0	0	0	0	0	0	0	0	0	0	0	0	0	0	0	0	0	0	0	0	0	0	0	0	0	0	0	0	0	0	0	0	0	0	0	0	0	0	0	0	0	0	0	0	0	0	0	0	0	0	0	0	0	0	0	0	0	0	0	0	0	0	0	0	0	0	0	0	0	0	0	0	0	0	0	0	0	0	0	0	0	0	0	0	0
sk__Bacteria;k__;p__Proteobacteria;c__Gammaproteobacteria;o__Pseudomonadales;f__Moraxellaceae;g__Perlucidibaca	0	0	0	0	0	0	0	0	0	0	0	0	0	0	0	0	0	0	0	0	0	0	0	0	0	0	0	0	0	0	0	0	0	0	0	0	0	0	0	0	0	0	0	0	0	0	0	0	0	0	0	0	0	0	0	0	0	0	0	0	0	0	0	0	0	0	0	0	0	1.0	0	0	0	0	0	0	0	0	0	0	0	0	0	0	0	0	0	0	0	0	0	0	0	0	0	0	0	0	0	0	0	0	0	0	0	0	0	0	0	0	0	0	0	0	0	0	0	0	0	0	0	0	0	0	0	0	0	0	0	0	0	0	0	0	0	0	0	0	0	0	0	0	0	0	0	0	0	0	0	0	0	0	0	0	0	0	0	0	0	0	0	0	0	0	0	0	0	0	0	0	0	0	0	0	0	0	0	0
sk__Bacteria;k__;p__Proteobacteria;c__Gammaproteobacteria;o__Pseudomonadales;f__Moraxellaceae;g__Psychrobacter	1.0	0	14.0	3.0	0	0	0	0	0	0	0	0	0	0	0	0	0	0	0	0	0	0	0	0	0	0	0	0	0	0	0	0	0	0	0	0	0	0	0	0	0	0	0	1.0	0	0	0	0	0	0	0	0	0	0	0	0	0	0	0	0	0	0	0	0	3.0	12.0	2.0	1.0	1.0	0	0	0	0	0	0	1.0	0	0	0	0	0	0	0	0	0	0	0	0	0	0	0	0	0	0	0	0	0	0	0	0	0	0	0	0	0	0	0	0	0	0	0	0	0	0	0	0	0	0	0	0	0	0	0	0	0	0	0	0	0	0	0	0	0	0	0	0	0	0	0	0	0	0	0	0	0	0	0	0	1.0	0	0	0	0	0	0	0	0	0	0	0	0	0	0	0	0	0	0	0	0	0	0	0	2.0	0	0	0	0	0
sk__Bacteria;k__;p__Proteobacteria;c__Gammaproteobacteria;o__Pseudomonadales;f__Pseudomonadaceae	7.0	0	0	0	0	0	0	0	0	0	0	0	0	0	0	0	0	0	0	0	0	0	0	0	0	0	0	0	0	0	0	0	0	0	0	0	0	0	0	0	0	0	0	0	0	0	0	0	0	0	0	0	0	0	0	0	0	0	0	0	0	1.0	0	4.0	0	0	0	0	0	2.0	0	1.0	0	1.0	0	5.0	0	0	0	0	0	0	0	0	0	0	0	0	0	0	0	0	0	0	0	0	0	0	0	0	0	0	0	0	0	0	0	0	0	0	0	0	0	0	0	0	0	0	0	0	0	0	0	0	0	0	0	0	0	0	0	0	0	0	0	0	0	0	0	0	0	0	0	0	0	0	0	0	0	0	0	0	0	0	0	0	0	0	0	0	0	0	0	0	0	0	0	0	0	0	0	0	0	0	0	0	0	0
sk__Bacteria;k__;p__Proteobacteria;c__Gammaproteobacteria;o__Pseudomonadales;f__Pseudomonadaceae;g__Azomonas	20.0	0	0	0	0	0	0	0	0	0	0	0	0	0	0	0	0	0	0	0	0	0	0	0	0	0	0	0	0	0	0	0	0	0	0	0	0	0	0	0	0	0	0	0	0	0	0	0	0	0	0	0	0	0	0	0	0	0	0	0	0	4.0	0	11.0	1.0	0	0	0	0	1.0	0	3.0	0	4.0	0	5.0	0	0	0	0	0	0	0	0	0	0	0	0	0	0	0	0	0	0	0	0	0	0	0	0	0	0	0	0	0	0	0	0	0	0	0	0	0	0	0	0	0	0	0	0	0	0	0	0	0	0	0	0	0	0	0	0	0	0	0	0	0	0	0	0	0	0	0	0	0	0	0	0	0	0	0	0	0	0	0	0	0	0	0	0	0	0	0	0	0	0	0	0	0	0	0	0	0	0	0	0	0	0
sk__Bacteria;k__;p__Proteobacteria;c__Gammaproteobacteria;o__Pseudomonadales;f__Pseudomonadaceae;g__Pseudomonas	584.0	36.0	23.0	2.0	1.0	4.0	1.0	1.0	0	0	1.0	13.0	1.0	0	1.0	0	0	0	1.0	0	0	0	0	1.0	11.0	0	1.0	0	0	2.0	3.0	0	0	0	0	1.0	6.0	1.0	1.0	0	2.0	0	0	2.0	2.0	0	0	1.0	21.0	0	0	47.0	6.0	10.0	2.0	8.0	0	0	13.0	2.0	10.0	113.0	20.0	797.0	128.0	9.0	0	3.0	0	63.0	6.0	242.0	24.0	208.0	21.0	832.0	56.0	0	0	1.0	0	0	0	0	0	0	0	0	0	0	0	0	0	0	14.0	1.0	2.0	0	0	0	0	0	0	0	0	0	7.0	0	402.0	0	0	0	0	0	3.0	0	21.0	0	0	0	0	0	0	0	0	2.0	0	4.0	1.0	0	0	0	0	0	0	1.0	1.0	0	2.0	0	0	0	0	0	2.0	5.0	0	0	2.0	1.0	0	0	0	2.0	0	0	0	0	0	0	0	0	0	0	0	0	0	0	0	0	12.0	0	4.0	0	0	0	0	0
sk__Bacteria;k__;p__Proteobacteria;c__Gammaproteobacteria;o__Salinisphaerales;f__Salinisphaeraceae;g__Salinisphaera	0	0	0	0	0	0	0	0	0	0	0	0	0	0	0	0	0	0	0	0	0	0	0	0	0	0	0	0	0	0	0	0	0	0	0	0	0	0	0	0	0	0	0	2.0	0	0	0	0	0	1.0	0	0	0	0	0	0	0	0	0	0	0	0	0	0	0	0	0	0	0	0	0	0	0	0	0	0	0	0	0	0	0	0	0	0	0	0	0	0	0	0	0	0	0	0	0	1.0	0	0	0	0	0	0	0	0	0	0	0	0	0	0	0	0	0	0	0	0	0	0	0	0	0	0	0	0	0	0	0	0	0	1.0	0	0	0	0	0	0	0	0	0	0	0	0	0	0	0	0	0	0	1.0	0	0	0	0	0	0	0	0	0	0	0	0	0	0	0	0	0	0	0	0	0	0	0	0	0	0	0	0	0
sk__Bacteria;k__;p__Proteobacteria;c__Gammaproteobacteria;o__Thiotrichales;f__Fastidiosibacteraceae;g__Caedibacter	0	0	0	0	0	0	0	0	0	0	0	0	0	0	0	0	0	0	0	0	0	0	0	0	0	0	0	0	0	0	0	0	0	0	0	0	0	0	0	0	0	0	0	0	0	0	0	1.0	0	0	0	0	0	0	0	0	0	0	0	0	0	0	0	0	0	0	0	0	0	0	0	0	0	0	0	0	0	0	0	0	0	0	0	0	0	0	0	0	0	0	0	0	0	0	0	0	0	0	0	0	0	0	0	0	0	0	0	0	0	0	0	0	0	0	0	0	0	0	0	0	0	0	0	0	0	0	0	0	0	0	0	0	0	0	0	0	0	0	0	0	0	0	0	0	0	0	0	0	0	0	0	0	0	0	0	0	0	0	0	0	0	0	0	0	0	0	0	0	0	0	0	0	0	0	0	0	0	0
sk__Bacteria;k__;p__Proteobacteria;c__Gammaproteobacteria;o__Vibrionales;f__Vibrionaceae	0	0	0	0	0	0	0	0	0	0	0	0	0	0	0	0	0	0	0	0	0	0	0	0	0	0	0	0	0	0	0	0	0	0	0	0	0	0	0	0	0	0	0	0	0	0	0	0	0	0	0	0	0	0	0	0	0	0	0	0	0	0	0	0	0	1.0	0	0	0	0	0	0	0	0	0	0	0	0	0	0	0	0	0	0	0	0	0	0	0	0	0	0	0	0	0	0	0	0	0	0	0	0	0	0	0	0	0	0	0	0	0	0	0	0	0	0	0	0	0	0	0	0	0	0	0	0	0	0	0	0	0	0	0	0	0	0	0	0	0	0	0	0	0	0	0	0	0	0	0	0	0	0	0	0	0	0	0	0	0	0	0	0	0	0	0	0	0	0	0	0	0	0	0	0	0	0	0	0
sk__Bacteria;k__;p__Proteobacteria;c__Gammaproteobacteria;o__Vibrionales;f__Vibrionaceae;g__Photobacterium	0	0	0	0	0	0	0	0	0	0	0	0	0	0	0	0	0	0	0	0	0	0	0	0	0	0	0	0	0	0	0	0	0	0	0	0	0	0	0	0	0	0	0	0	0	0	0	0	0	0	0	0	0	0	0	0	0	0	0	0	0	0	0	0	0	0	0	0	0	0	0	0	0	0	0	0	0	0	0	0	0	0	0	0	0	0	0	0	0	0	0	0	0	0	0	0	0	0	0	0	0	0	0	0	0	0	0	0	0	0	0	0	0	0	0	0	0	0	0	0	0	0	0	0	0	0	0	0	0	0	0	0	0	0	0	0	0	0	0	0	0	0	0	0	0	0	0	0	0	0	0	0	0	0	0	0	0	0	0	0	0	0	0	0	0	0	0	0	0	0	3.0	0	0	0	0	0	0	0
sk__Bacteria;k__;p__Proteobacteria;c__Gammaproteobacteria;o__Xanthomonadales	0	0	0	0	0	0	0	0	0	0	0	0	0	0	0	0	0	0	0	0	0	0	0	0	0	1.0	0	0	0	0	0	0	0	0	0	0	0	0	0	0	0	0	0	0	0	0	0	0	0	0	0	0	0	0	0	0	0	0	0	0	0	0	0	0	0	0	0	0	0	0	0	0	0	0	0	0	0	0	0	0	0	0	0	0	0	0	0	0	0	0	0	0	0	0	0	0	0	0	0	0	0	0	0	0	0	0	0	0	0	0	0	0	0	0	0	0	0	0	0	0	0	0	0	0	0	0	0	1.0	0	0	0	0	0	0	0	1.0	0	0	0	0	0	0	0	0	0	0	1.0	0	0	0	0	0	0	0	0	0	0	0	0	0	0	0	0	0	0	0	0	0	0	0	0	0	0	0	0	0	0	0
sk__Bacteria;k__;p__Proteobacteria;c__Gammaproteobacteria;o__Xanthomonadales;f__Rhodanobacteraceae	0	0	0	0	0	0	0	0	0	0	0	0	0	0	0	0	0	0	0	0	0	0	0	0	0	0	0	0	0	0	0	0	0	0	0	0	0	0	0	0	0	0	0	0	0	0	0	0	0	0	0	0	0	0	0	0	0	0	0	0	0	1.0	0	0	0	1.0	0	0	0	0	0	0	0	0	0	0	0	0	0	0	0	0	0	0	0	0	0	0	0	0	0	0	0	0	0	0	0	0	0	0	0	0	0	0	0	0	0	0	0	0	0	0	0	0	0	0	0	0	0	0	0	0	0	0	0	0	0	0	0	0	0	0	0	0	0	0	0	0	0	0	0	0	0	0	0	0	0	0	0	0	0	0	0	0	0	0	0	0	0	0	0	0	0	0	0	0	0	0	0	0	0	0	0	0	0	0	0	0
sk__Bacteria;k__;p__Proteobacteria;c__Gammaproteobacteria;o__Xanthomonadales;f__Xanthomonadaceae	1.0	0	1.0	0	0	0	0	0	0	0	0	0	0	0	0	0	0	0	0	0	0	0	0	0	0	0	0	0	0	0	0	0	0	0	0	0	0	0	0	0	0	0	0	0	0	2.0	0	0	0	0	0	0	0	1.0	0	0	0	0	0	0	0	0	0	1.0	0	0	0	0	0	0	0	3.0	0	0	0	0	0	0	0	1.0	0	0	0	0	0	0	0	0	0	0	0	0	0	0	0	0	0	0	0	0	0	0	0	0	0	0	0	2.0	0	0	0	0	0	0	0	0	0	0	0	0	0	0	0	0	0	0	0	0	0	0	0	0	0	0	0	0	0	0	0	0	0	0	0	0	0	0	0	0	0	0	0	0	0	0	0	0	0	0	0	0	0	0	0	0	0	0	0	0	0	0	0	0	0	0	0	0	0	0
sk__Bacteria;k__;p__Proteobacteria;c__Gammaproteobacteria;o__Xanthomonadales;f__Xanthomonadaceae;g__Arenimonas	0	0	4.0	0	0	0	0	0	0	0	0	0	0	0	0	0	0	0	0	0	0	0	0	0	0	0	0	0	0	0	0	0	0	0	0	0	0	0	0	0	0	0	0	0	0	0	0	0	1.0	0	0	0	0	0	0	0	0	0	0	0	0	0	0	0	0	0	0	0	0	0	0	0	0	0	0	0	0	0	0	0	0	0	0	0	0	0	0	0	0	0	0	0	0	0	0	0	0	0	0	0	0	0	0	0	0	0	0	0	0	0	0	0	0	0	0	0	0	0	0	0	0	0	0	2.0	0	0	0	0	0	0	0	0	0	0	0	0	0	0	0	0	0	0	0	0	0	0	1.0	0	0	0	0	0	0	0	0	0	0	0	0	0	0	0	0	0	0	0	0	0	0	0	0	0	0	0	0	0	0	0
sk__Bacteria;k__;p__Proteobacteria;c__Gammaproteobacteria;o__Xanthomonadales;f__Xanthomonadaceae;g__Stenotrophomonas	5.0	0	3.0	0	0	0	0	0	0	0	0	0	0	0	0	0	0	0	0	0	0	0	0	2.0	0	0	0	0	0	2.0	0	0	0	0	0	0	0	0	0	0	0	0	0	0	0	0	0	0	0	0	0	0	0	0	0	0	0	0	0	0	0	0	0	4.0	0	1.0	0	0	0	0	0	3.0	2.0	3.0	0	6.0	0	0	0	0	0	0	0	0	0	0	0	0	0	0	0	0	0	0	0	0	0	0	0	0	0	0	0	0	0	0	0	0	0	0	0	0	0	0	0	0	0	0	0	0	0	0	0	0	0	0	0	0	0	0	0	0	0	0	0	0	0	0	0	0	0	0	0	0	0	0	0	0	0	0	0	0	0	0	0	0	0	0	0	0	0	0	0	0	0	0	0	0	0	0	0	0	0	0	0	0	0	0
sk__Bacteria;k__;p__Proteobacteria;c__Gammaproteobacteria;o__Xanthomonadales;f__Xanthomonadaceae;g__Thermomonas	0	0	0	0	0	0	0	0	0	0	0	0	0	0	0	0	0	0	0	0	0	1.0	0	0	0	0	0	0	0	0	0	0	0	0	0	0	0	0	0	0	0	0	0	0	0	0	0	0	0	0	0	0	0	0	0	0	0	0	0	0	0	0	0	0	0	0	0	0	0	0	0	0	0	0	0	0	0	0	0	0	0	0	0	0	0	0	0	0	0	0	0	0	0	0	0	0	0	0	0	0	0	0	0	0	0	0	0	0	0	0	0	0	0	0	0	0	0	0	0	0	0	0	0	0	0	0	0	0	0	0	0	0	0	0	0	0	0	0	0	0	0	0	0	0	0	0	0	0	0	0	0	0	0	0	0	0	0	0	0	0	0	0	0	0	0	0	0	0	0	0	0	0	0	0	0	0	0	0
sk__Bacteria;k__;p__Proteobacteria;c__Gammaproteobacteria;o__Xanthomonadales;f__Xanthomonadaceae;g__Vulcaniibacterium	0	0	1.0	0	0	0	0	0	0	0	0	0	0	0	0	0	0	0	0	0	0	0	0	0	0	0	0	0	0	0	0	0	0	0	0	0	0	0	0	0	0	0	0	0	0	0	0	0	0	0	0	0	0	0	0	0	0	0	0	0	0	0	0	0	0	0	0	0	0	0	0	0	0	0	0	0	0	0	0	0	0	0	0	0	0	0	0	0	0	0	0	0	0	0	0	0	0	0	0	0	0	0	0	0	0	0	0	0	0	0	0	0	0	0	0	0	0	0	0	0	0	0	0	0	0	0	0	0	0	0	0	0	0	0	0	0	0	0	0	0	0	0	0	0	0	0	0	0	0	0	0	0	0	0	0	0	0	0	0	0	0	0	0	0	0	0	0	0	0	0	0	0	0	0	0	0	0	0
sk__Bacteria;k__;p__Proteobacteria;c__Gammaproteobacteria;o__Xanthomonadales;f__Xanthomonadaceae;g__Xanthomonas	0	0	177.0	11.0	0	0	0	0	0	0	0	0	0	0	0	0	0	0	0	0	0	1.0	0	0	0	0	0	0	0	0	0	0	0	0	0	0	0	0	0	0	0	0	0	0	0	0	0	3.0	1.0	0	0	1.0	4.0	1.0	0	0	0	0	0	0	0	0	0	0	0	62.0	2.0	55.0	1.0	5.0	0	16.0	0	15.0	1.0	30.0	1.0	1.0	0	0	0	0	0	0	0	0	0	0	0	0	0	0	0	0	0	0	0	0	0	0	0	0	0	0	0	0	0	0	0	0	0	0	0	0	0	0	0	0	0	0	0	0	0	0	0	0	0	1.0	0	0	0	0	0	0	0	0	0	0	0	0	0	0	0	0	0	0	0	0	1.0	0	0	0	0	0	0	0	0	0	0	0	0	0	0	0	0	0	0	0	0	0	0	0	0	0	0	0	0	0
sk__Bacteria;k__;p__Proteobacteria;c__Hydrogenophilalia;o__Hydrogenophilales;f__Hydrogenophilaceae	0	0	0	0	0	0	0	0	0	0	0	0	0	0	0	0	0	0	0	0	0	0	0	0	0	0	0	0	0	0	0	0	0	0	0	0	0	0	0	0	0	0	0	0	0	0	0	0	0	0	0	0	0	0	0	0	0	0	0	0	0	0	0	0	0	0	0	0	0	0	0	0	0	0	0	0	0	0	0	0	0	0	0	0	0	0	0	0	0	0	0	0	0	0	0	0	0	0	0	0	0	0	0	0	0	0	0	0	0	0	0	0	0	0	0	0	0	0	0	0	0	0	0	0	0	0	0	0	0	0	0	0	0	0	0	1.0	0	0	0	0	0	0	0	0	0	0	0	0	0	0	0	0	0	0	0	0	0	0	0	0	0	0	0	0	0	0	0	0	0	0	0	0	0	0	0	0	0	0
sk__Bacteria;k__;p__Proteobacteria;c__Hydrogenophilalia;o__Hydrogenophilales;f__Hydrogenophilaceae;g__Hydrogenophilus	0	0	0	0	1.0	0	0	0	0	0	0	0	0	0	0	0	0	0	0	0	0	0	0	0	0	0	0	0	0	0	0	0	0	0	0	0	0	0	0	0	0	0	0	6.0	0	0	0	0	0	0	0	0	0	0	0	0	0	0	0	0	0	0	0	0	0	0	0	0	0	0	0	0	0	0	0	0	0	0	0	0	0	0	0	0	0	0	0	0	0	0	0	0	0	0	0	0	0	0	0	0	0	0	0	0	0	0	0	1.0	1.0	0	0	0	0	0	0	0	0	0	0	0	0	0	0	0	0	0	0	0	0	0	0	0	0	0	0	0	0	0	0	0	0	0	0	0	0	0	0	0	1.0	0	0	0	0	0	0	0	0	0	0	0	0	0	0	0	0	0	0	0	0	0	0	0	0	0	0	0	0	0
sk__Bacteria;k__;p__Proteobacteria;c__Oligoflexia;o__Bacteriovoracales	0	0	0	0	0	0	0	0	0	0	1.0	0	0	0	0	0	0	0	0	2.0	0	0	0	0	0	0	0	0	0	0	0	0	0	0	0	0	0	0	0	0	0	0	0	0	0	0	0	0	0	0	0	0	0	0	0	0	0	0	0	0	0	0	0	0	0	0	0	0	0	0	0	0	0	0	0	0	0	0	0	0	0	0	0	0	0	0	0	0	0	0	0	0	0	0	0	0	0	0	0	0	0	0	0	0	0	0	0	0	0	0	0	0	0	0	0	0	0	0	0	1.0	0	0	0	0	0	0	0	0	0	0	0	0	0	0	0	0	0	0	0	0	0	0	0	0	0	0	0	0	0	0	0	0	0	0	0	0	0	0	0	0	0	0	0	0	0	0	0	0	0	0	0	0	0	0	0	0	0	0
sk__Bacteria;k__;p__Proteobacteria;c__Oligoflexia;o__Bacteriovoracales;f__Bacteriovoracaceae	0	0	0	0	0	0	0	0	0	0	0	0	0	0	0	0	0	0	0	0	0	0	0	0	0	0	0	0	0	0	0	0	0	0	0	0	0	0	0	0	0	0	0	0	0	0	0	0	0	0	0	0	0	0	0	0	0	0	0	0	0	0	0	0	0	0	0	0	0	0	0	0	0	0	0	0	0	0	0	0	0	0	0	0	0	0	0	0	0	0	0	0	0	1.0	0	0	0	0	0	0	0	0	0	0	0	0	0	3.0	0	0	0	0	0	0	0	2.0	0	0	0	0	0	0	0	0	0	0	0	0	0	0	0	0	0	0	0	0	0	0	0	0	0	0	0	0	0	0	0	0	0	0	0	0	0	0	0	0	0	0	0	0	0	0	0	0	0	0	0	0	0	0	0	0	0	0	0	0	0	0
sk__Bacteria;k__;p__Proteobacteria;c__Oligoflexia;o__Bacteriovoracales;f__Bacteriovoracaceae;g__Bacteriovorax	2.0	0	0	0	0	0	0	0	0	0	0	0	0	0	0	0	0	0	0	0	0	0	0	0	0	0	0	0	0	0	0	0	0	0	0	0	0	0	0	0	0	0	0	0	0	0	0	0	2.0	0	0	0	0	0	0	0	0	0	0	0	0	0	0	0	1.0	0	0	0	0	0	0	0	0	0	0	0	0	0	0	0	0	0	0	0	0	0	0	0	0	0	0	0	0	0	0	0	0	0	0	0	0	0	0	0	0	0	0	0	0	0	0	0	0	0	0	0	0	0	0	0	0	0	0	0	0	0	0	0	0	0	0	0	0	0	0	0	0	0	0	0	0	0	0	0	0	0	0	0	0	0	0	0	0	0	0	0	0	0	0	0	0	0	0	0	0	0	0	0	0	0	0	0	0	0	0	0	0	0
sk__Bacteria;k__;p__Proteobacteria;c__Oligoflexia;o__Bacteriovoracales;f__Bacteriovoracaceae;g__Peredibacter	3.0	0	2.0	0	0	0	0	0	0	0	0	0	0	0	0	0	0	0	0	0	0	0	0	0	0	0	0	0	0	0	0	0	0	0	0	0	0	0	0	0	0	0	0	0	0	0	0	0	0	0	0	0	0	0	0	0	0	0	0	0	0	0	0	1.0	0	0	0	0	0	0	0	0	0	0	0	0	0	0	0	0	0	0	0	0	0	0	0	0	0	0	0	0	0	0	0	0	0	0	0	0	0	0	0	0	0	0	0	0	0	0	0	0	0	0	0	0	0	0	0	0	0	0	0	0	0	0	0	0	0	0	0	0	0	0	0	0	0	0	0	0	0	0	0	0	0	0	0	0	0	0	0	0	0	0	0	0	0	0	0	0	0	0	0	0	0	0	0	0	0	0	0	0	0	0	0	0	0	0
sk__Bacteria;k__;p__Proteobacteria;c__Oligoflexia;o__Bdellovibrionales	0	0	0	0	0	0	0	0	0	0	2.0	0	3.0	0	0	0	0	0	0	0	0	0	0	0	0	0	0	0	0	0	0	1.0	0	0	0	0	0	0	0	0	0	0	0	0	0	0	0	0	0	0	0	0	0	0	0	0	0	0	0	0	0	0	0	0	0	0	0	0	0	0	0	0	0	0	0	0	0	0	0	0	0	0	0	0	0	0	0	0	0	0	0	0	0	1.0	0	1.0	0	0	0	4.0	0	0	0	1.0	0	3.0	0	4.0	0	0	0	1.0	0	1.0	0	3.0	0	0	0	0	0	0	0	0	0	0	0	3.0	0	0	0	0	0	0	0	0	0	0	0	0	0	0	0	0	0	0	0	0	0	0	0	0	0	0	0	0	0	0	0	0	0	0	0	0	0	0	0	0	0	0	0	0	0	0	0	0	0	0
sk__Bacteria;k__;p__Proteobacteria;c__Oligoflexia;o__Bdellovibrionales;f__Bdellovibrionaceae	0	0	0	0	0	0	0	0	0	0	0	0	0	0	0	0	0	0	0	1.0	0	0	0	0	0	0	0	0	0	0	0	0	0	0	0	0	0	0	0	0	0	0	0	0	0	0	0	0	0	0	0	0	0	0	0	0	0	0	0	0	0	0	0	0	0	0	0	0	0	0	0	0	0	0	0	0	0	0	0	1.0	0	0	0	0	0	0	0	0	0	0	0	0	0	0	0	0	0	0	0	0	0	0	0	0	0	0	0	0	0	0	0	0	0	0	0	0	0	0	0	0	0	0	0	0	0	0	0	0	0	0	0	0	0	0	0	0	0	0	0	0	0	0	0	0	0	0	0	0	0	0	0	0	0	0	0	0	0	0	0	0	0	0	0	0	0	0	0	0	0	0	0	0	0	0	0	0	0	0
sk__Bacteria;k__;p__Proteobacteria;c__Oligoflexia;o__Bdellovibrionales;f__Bdellovibrionaceae;g__Bdellovibrio	3.0	0	2.0	0	2.0	0	0	0	0	0	3.0	0	1.0	0	0	0	0	0	0	1.0	0	0	0	0	0	0	0	0	0	1.0	0	2.0	0	0	0	0	0	0	0	0	0	0	0	5.0	0	0	0	0	0	0	0	0	1.0	0	0	0	0	0	0	1.0	0	0	0	1.0	0	0	0	1.0	0	1.0	0	0	0	0	0	2.0	0	0	0	0	0	0	0	0	0	0	0	0	0	0	0	0	0	0	0	0	0	0	0	1.0	0	2.0	0	2.0	0	0	0	2.0	1.0	0	0	1.0	0	0	0	1.0	0	0	0	1.0	0	0	0	0	0	0	0	4.0	0	0	0	0	0	0	0	0	0	0	0	0	0	0	0	0	0	0	0	0	0	0	0	0	0	0	0	0	0	0	0	0	0	0	0	0	1.0	0	0	0	0	0	0	0	0	0	0	0	0	0
sk__Bacteria;k__;p__Proteobacteria;c__Oligoflexia;o__Oligoflexales	1.0	0	1.0	0	0	0	0	0	0	0	0	0	0	0	0	0	0	0	0	0	0	0	0	0	0	0	0	0	0	0	0	0	0	0	0	1.0	0	0	0	0	0	0	0	2.0	0	0	0	1.0	0	0	0	0	0	0	0	0	0	0	0	0	0	0	0	0	0	0	0	0	0	0	0	1.0	0	0	0	0	0	0	0	0	0	0	0	0	0	0	0	0	0	0	0	0	0	0	0	0	0	0	0	0	0	0	0	0	0	0	0	0	0	0	0	0	0	0	0	1.0	0	0	0	0	0	0	0	0	0	0	0	0	0	0	0	0	0	0	0	0	0	0	0	0	0	0	0	0	0	0	0	0	0	0	2.0	0	0	0	0	0	0	0	0	0	0	0	0	0	0	0	0	0	0	0	0	0	0	0	0	0	0	0
sk__Bacteria;k__;p__Proteobacteria;c__Oligoflexia;o__Oligoflexales;f__Oligoflexaceae;g__Oligoflexus	0	0	0	0	0	0	0	0	0	0	0	0	2.0	0	0	0	0	0	0	0	0	0	0	0	0	0	0	0	0	0	0	0	0	0	0	0	0	0	0	0	0	0	0	0	0	0	0	0	0	0	0	0	0	0	0	0	0	0	0	0	0	0	0	0	0	0	0	0	0	0	0	0	0	0	0	0	0	0	0	0	0	0	0	0	0	0	0	0	0	0	0	0	0	0	0	0	0	0	0	0	0	0	0	0	0	0	0	0	0	0	0	0	0	0	0	0	0	0	0	0	0	0	0	0	0	0	0	0	0	0	0	0	0	0	0	0	0	0	0	0	0	0	0	0	0	0	0	0	0	0	0	0	0	0	0	0	0	0	0	0	0	0	0	0	0	0	0	0	0	0	0	0	0	0	0	0	0	0
sk__Bacteria;k__;p__Spirochaetes;c__Spirochaetia;o__;f__Leptospiraceae;g__Turneriella	0	0	1.0	0	0	0	0	0	0	0	0	0	0	0	0	0	0	0	0	0	0	0	0	0	0	0	0	0	0	0	0	0	0	0	0	0	0	0	0	0	0	0	0	0	0	0	0	0	0	0	0	0	0	0	0	0	0	0	0	0	0	0	0	0	0	0	0	0	0	0	0	0	0	0	0	0	0	0	0	0	0	0	0	0	0	0	0	0	0	0	0	0	0	0	0	0	0	0	0	0	0	0	0	0	0	0	0	0	0	0	0	0	0	0	0	0	0	0	0	0	0	0	0	0	0	0	0	0	0	0	0	0	0	0	0	0	0	0	0	0	0	0	0	0	0	0	0	0	0	0	0	0	0	0	0	0	0	0	0	0	0	0	0	0	0	0	0	0	0	0	0	0	0	0	0	0	0	0
sk__Bacteria;k__;p__Spirochaetes;c__Spirochaetia;o__Spirochaetales	0	0	0	0	0	0	0	0	0	0	0	0	0	0	0	0	0	0	0	0	0	0	0	0	0	0	0	0	0	0	0	0	0	0	0	0	0	0	0	0	0	0	0	0	0	0	0	0	0	0	0	0	0	0	0	0	0	0	0	0	0	5.0	1.0	0	0	0	0	0	0	0	0	0	0	0	0	0	0	1.0	0	0	0	1.0	0	5.0	0	0	0	1.0	1.0	2.0	0	0	0	3.0	0	4.0	0	1.0	0	0	0	0	0	0	0	3.0	0	0	0	0	0	0	0	0	1.0	0	0	1.0	0	0	0	0	0	0	0	0	0	0	0	0	0	0	0	0	0	0	0	1.0	0	0	0	0	0	0	0	0	0	0	0	0	0	0	0	0	1.0	0	0	0	0	0	0	0	0	0	0	0	2.0	1.0	0	0	0	0	0	0	1.0	1.0	0	1.0
sk__Bacteria;k__;p__Spirochaetes;c__Spirochaetia;o__Spirochaetales;f__Spirochaetaceae	47.0	63.0	4.0	18.0	0	7.0	69.0	46.0	1.0	18.0	51.0	101.0	0	48.0	0	0	204.0	16.0	0	179.0	317.0	0	9.0	11.0	41.0	1.0	60.0	49.0	19.0	2.0	1.0	1.0	68.0	0	2.0	16.0	274.0	26.0	42.0	0	2.0	4.0	13.0	0	104.0	60.0	246.0	0	1.0	0	124.0	6.0	4.0	15.0	0	4.0	0	11.0	0	2.0	10.0	700.0	553.0	59.0	113.0	31.0	54.0	127.0	225.0	107.0	108.0	11.0	112.0	324.0	440.0	6.0	9.0	207.0	84.0	260.0	348.0	706.0	445.0	990.0	510.0	259.0	242.0	337.0	395.0	1115.0	1813.0	476.0	313.0	362.0	425.0	646.0	409.0	19.0	117.0	8.0	122.0	190.0	357.0	35.0	80.0	1148.0	1210.0	16.0	119.0	63.0	225.0	62.0	234.0	236.0	161.0	2.0	61.0	16.0	140.0	2.0	304.0	5.0	498.0	55.0	159.0	0	2.0	11.0	16.0	239.0	177.0	17.0	2.0	446.0	211.0	28.0	4.0	507.0	254.0	0	925.0	243.0	138.0	1.0	4.0	10.0	541.0	154.0	2.0	9.0	757.0	499.0	529.0	295.0	896.0	683.0	770.0	397.0	959.0	500.0	344.0	340.0	175.0	294.0	344.0	354.0	1130.0	645.0	227.0	306.0	0	28.0	1.0	13.0	470.0	938.0	1130.0	1076.0
sk__Bacteria;k__;p__Spirochaetes;c__Spirochaetia;o__Spirochaetales;f__Spirochaetaceae;g__Spirochaeta;s__Spirochaeta_sp._canine_oral_taxon_379	0	0	0	0	0	0	0	0	0	0	0	0	0	0	0	0	0	0	0	0	0	0	0	0	0	0	0	0	0	0	0	0	0	0	0	0	0	0	0	0	0	0	0	0	0	0	0	0	0	0	0	0	0	0	0	0	0	0	0	0	0	0	3.0	0	0	0	0	0	0	0	0	0	0	0	12.0	0	0	0	0	0	0	0	0	0	0	0	9.0	0	0	0	0	0	0	0	0	0	0	0	0	0	0	0	1.0	0	0	0	0	0	0	0	0	0	0	0	0	0	0	0	0	0	0	0	0	0	0	0	0	0	0	0	1.0	0	0	0	0	0	0	15.0	82.0	0	0	0	0	0	0	0	0	0	0	0	0	0	0	0	0	0	0	0	0	0	0	0	0	0	0	0	0	0	0	0	0	0	0	0	0	0	0	0
sk__Bacteria;k__;p__Spirochaetes;c__Spirochaetia;o__Spirochaetales;f__Spirochaetaceae;g__Treponema	49.0	22.0	1.0	0	1.0	2.0	39.0	23.0	10.0	0	25.0	9.0	1.0	1.0	1.0	0	269.0	17.0	0	224.0	191.0	1.0	2.0	27.0	0	7.0	0	22.0	25.0	1.0	0	2.0	0	3.0	0	32.0	7.0	23.0	10.0	0	1.0	12.0	0	0	0	59.0	25.0	0	0	0	0	1.0	2.0	3.0	0	1.0	0	0	0	3.0	2.0	966.0	181.0	92.0	54.0	58.0	56.0	243.0	119.0	157.0	8.0	21.0	12.0	653.0	238.0	60.0	59.0	141.0	72.0	305.0	238.0	785.0	359.0	968.0	377.0	328.0	306.0	238.0	321.0	1363.0	399.0	596.0	168.0	388.0	117.0	576.0	91.0	355.0	8.0	54.0	2.0	190.0	199.0	20.0	71.0	1586.0	368.0	13.0	31.0	70.0	25.0	125.0	146.0	543.0	157.0	8.0	17.0	359.0	0	85.0	5.0	13.0	1.0	89.0	3.0	1.0	0	7.0	9.0	262.0	43.0	17.0	1.0	765.0	178.0	25.0	5.0	1325.0	77.0	4.0	0	124.0	51.0	0	1.0	1.0	780.0	164.0	3.0	13.0	1840.0	169.0	1307.0	137.0	2352.0	476.0	1747.0	239.0	2545.0	246.0	314.0	232.0	379.0	166.0	567.0	188.0	1331.0	284.0	348.0	205.0	0	0	1.0	0	801.0	599.0	2534.0	803.0
sk__Bacteria;k__;p__Spirochaetes;c__Spirochaetia;o__Spirochaetales;f__Spirochaetaceae;g__Treponema;s__Treponema_Group_6_sp._oral_clone_IL034	0	0	0	0	0	0	0	0	0	0	0	0	0	0	0	0	0	2.0	0	0	9.0	0	0	0	0	0	0	0	0	0	0	0	0	0	0	0	0	0	0	0	0	0	0	0	0	0	0	0	0	0	0	0	0	0	0	0	0	0	0	0	2.0	0	4.0	0	1.0	0	0	0	0	0	2.0	0	2.0	0	0	0	0	0	1.0	0	1.0	0	0	0	0	0	21.0	0	0	0	0	0	3.0	0	1.0	0	1.0	0	0	0	0	0	0	0	0	0	0	0	0	0	11.0	0	26.0	0	0	0	0	0	0	0	0	0	0	0	0	0	0	0	0	0	0	0	0	0	0	0	0	0	32.0	0	0	0	2.0	0	0	0	0	0	0	0	0	9.0	0	9.0	0	0	0	0	0	0	0	0	0	0	0	0	0	0	0	0	0	0	0	0	0	0	0	0
sk__Bacteria;k__;p__Spirochaetes;c__Spirochaetia;o__Spirochaetales;f__Spirochaetaceae;g__Treponema;s__Treponema_amylovorum	0	0	0	0	0	0	0	0	0	0	0	0	0	0	0	0	0	0	0	0	0	0	0	0	0	0	0	0	0	0	0	0	0	0	0	0	0	0	0	0	0	0	0	0	0	0	0	0	0	0	0	0	0	0	0	0	0	0	0	0	0	0	0	0	0	0	0	0	0	0	0	0	0	0	0	0	0	0	0	0	0	0	0	0	0	0	0	0	0	0	1.0	0	0	0	0	0	0	0	0	0	0	0	0	0	0	0	0	0	0	0	0	0	0	0	0	0	0	0	0	0	0	0	0	0	0	0	0	0	0	0	0	0	0	0	0	0	0	0	0	0	0	0	0	0	0	0	0	0	0	0	0	0	0	0	0	0	0	1.0	0	0	0	0	0	0	0	0	0	0	0	0	0	0	0	0	0	0	0	0
sk__Bacteria;k__;p__Spirochaetes;c__Spirochaetia;o__Spirochaetales;f__Spirochaetaceae;g__Treponema;s__Treponema_denticola	0	0	0	0	0	0	0	0	0	0	0	0	0	0	0	0	0	0	0	0	0	0	0	0	0	0	0	0	0	0	0	0	0	0	0	0	0	0	0	0	0	0	0	0	0	0	0	0	0	0	0	0	0	0	0	0	0	0	0	0	0	0	0	0	0	0	0	0	0	0	0	0	0	0	0	0	0	0	0	0	0	0	0	0	0	0	0	0	0	0	0	0	0	0	0	0	0	0	0	0	0	0	7.0	0	0	1.0	9.0	0	0	0	0	0	0	0	0	0	0	0	0	0	0	0	0	0	0	0	0	0	0	0	0	0	0	0	0	0	0	0	0	0	0	0	0	0	0	0	0	5.0	0	0	0	0	0	0	0	0	0	0	0	0	0	0	0	0	0	0	0	0	0	0	0	0	0	0	0	0	0	0
sk__Bacteria;k__;p__Spirochaetes;c__Spirochaetia;o__Spirochaetales;f__Spirochaetaceae;g__Treponema;s__Treponema_genomosp._P4_oral_clone_MB2_G19	0	0	0	0	0	0	0	0	0	0	0	0	0	0	0	0	0	0	0	0	0	0	0	0	0	0	0	0	0	0	0	0	0	0	0	0	0	0	0	0	0	0	0	0	0	0	0	0	0	0	0	0	0	0	0	0	0	0	0	0	0	0	0	0	0	0	0	0	0	0	0	0	0	0	0	0	0	0	0	0	0	0	0	0	0	0	0	0	0	0	0	0	0	0	0	0	0	0	0	0	0	0	0	0	0	1.0	0	0	0	0	0	0	0	0	0	0	0	0	0	0	0	0	0	0	0	0	0	0	0	0	0	0	0	0	0	0	0	0	0	0	0	0	0	0	0	0	0	0	0	0	0	0	0	0	0	0	0	0	0	0	0	0	0	0	0	0	1.0	0	0	0	0	0	0	0	0	0	0	0
sk__Bacteria;k__;p__Spirochaetes;c__Spirochaetia;o__Spirochaetales;f__Spirochaetaceae;g__Treponema;s__Treponema_maltophilum	0	0	0	0	0	0	0	0	0	0	0	0	0	0	0	0	0	0	0	0	0	0	0	0	0	0	0	0	0	0	0	0	0	0	0	0	0	0	0	0	0	0	0	0	0	0	0	0	0	0	0	0	0	0	0	0	0	0	0	0	0	0	1.0	0	0	0	0	0	0	0	0	0	0	0	0	0	0	0	0	0	0	0	0	0	0	0	0	0	0	0	0	0	1.0	0	0	0	0	0	0	0	0	0	0	0	0	0	0	0	0	0	0	0	0	0	0	0	0	0	0	0	0	0	0	0	0	0	0	0	0	0	0	0	0	0	0	0	0	0	0	0	0	0	0	0	0	0	0	0	0	0	0	0	0	0	0	0	0	0	0	0	0	0	0	0	0	0	0	0	0	0	0	0	0	0	0	0	0	0
sk__Bacteria;k__;p__Spirochaetes;c__Spirochaetia;o__Spirochaetales;f__Spirochaetaceae;g__Treponema;s__Treponema_medium	0	0	0	0	0	0	0	0	0	0	0	0	0	0	0	0	0	0	0	0	0	0	0	0	0	0	0	0	0	0	0	0	0	0	0	0	0	0	0	0	0	0	0	0	0	0	0	0	0	0	0	0	0	0	0	0	0	0	0	0	0	0	0	0	0	0	0	0	0	0	0	0	0	0	0	0	0	0	0	0	0	0	0	0	0	0	1.0	0	0	0	0	0	0	0	0	0	0	0	0	0	0	0	0	0	0	0	0	0	0	0	0	0	0	0	0	0	0	0	0	0	0	0	0	0	0	0	0	0	0	0	0	0	0	0	0	0	0	0	0	0	0	0	0	0	0	0	0	0	0	0	0	0	0	0	0	0	0	0	0	0	0	0	0	0	0	0	0	0	0	0	0	0	0	0	0	0	0	0
sk__Bacteria;k__;p__Spirochaetes;c__Spirochaetia;o__Spirochaetales;f__Spirochaetaceae;g__Treponema;s__Treponema_pectinovorum	0	0	0	0	0	0	0	0	0	0	0	0	0	0	0	0	0	0	0	0	0	0	0	0	0	0	0	0	0	0	0	0	0	0	0	0	0	0	0	0	0	0	0	0	0	0	0	0	0	0	0	0	0	0	0	0	0	0	0	0	0	0	0	0	0	0	0	0	0	0	1.0	0	0	0	2.0	0	4.0	0	0	0	0	0	0	0	0	0	0	0	0	0	0	0	1.0	0	0	0	0	0	0	0	0	0	0	0	1.0	0	0	0	0	0	0	0	0	0	0	0	0	0	0	0	0	0	0	0	0	0	0	0	0	0	0	0	0	0	0	0	0	0	0	0	0	0	0	0	0	0	0	0	0	0	0	0	0	0	0	0	0	0	0	0	0	0	0	0	0	0	0	1.0	0	0	0	0	0	0	0	1.0	0	1.0
sk__Bacteria;k__;p__Spirochaetes;c__Spirochaetia;o__Spirochaetales;f__Spirochaetaceae;g__Treponema;s__Treponema_putidum	0	0	0	0	0	0	0	0	0	0	0	0	0	0	0	0	0	0	0	0	0	0	0	0	0	0	0	0	0	0	0	0	0	0	0	0	0	0	0	0	0	0	0	0	0	0	0	0	0	0	0	0	0	0	0	0	0	0	0	0	0	0	3.0	0	0	0	0	0	0	0	0	0	0	0	0	0	0	0	0	0	0	0	0	0	0	0	0	0	0	0	0	0	0	0	0	0	0	0	0	0	0	0	0	0	0	0	0	0	0	0	0	0	0	0	0	0	0	0	0	0	0	0	0	0	0	0	0	0	0	0	0	0	0	0	0	0	0	0	0	0	0	0	0	0	0	0	0	10.0	0	0	0	0	0	0	0	0	0	0	0	0	0	0	0	0	0	0	0	0	0	0	0	0	0	0	0	0	0	0
sk__Bacteria;k__;p__Spirochaetes;c__Spirochaetia;o__Spirochaetales;f__Spirochaetaceae;g__Treponema;s__Treponema_socranskii	0	0	0	0	0	0	0	8.0	0	0	0	1.0	0	0	0	0	0	1.0	0	0	4.0	0	0	0	4.0	0	2.0	0	1.0	0	0	0	0	0	0	0	0	0	1.0	0	0	0	1.0	0	0	0	3.0	0	0	0	0	0	0	0	0	1.0	0	0	0	0	0	0	12.0	0	3.0	0	1.0	0	6.0	0	7.0	0	2.0	0	3.0	0	1.0	0	5.0	0	7.0	0	3.0	0	5.0	0	3.0	0	3.0	0	4.0	0	4.0	0	2.0	0	3.0	0	19.0	0	6.0	0	5.0	0	4.0	0	1.0	0	0	0	6.0	0	0	0	4.0	0	0	0	1.0	0	0	0	0	0	1.0	0	0	0	5.0	0	1.0	0	0	0	0	0	0	0	0	0	0	0	2.0	0	0	0	0	1.0	0	0	1.0	3.0	0	1.0	0	2.0	0	7.0	0	5.0	0	6.0	0	8.0	0	4.0	0	1.0	0	6.0	0	0	0	0	0	0	0	1.0
sk__Bacteria;k__;p__Spirochaetes;c__Spirochaetia;o__Spirochaetales;f__Spirochaetaceae;g__Treponema;s__Treponema_sp._3:G:BB003	0	0	0	0	0	0	0	0	0	0	0	0	0	0	0	0	0	0	0	0	0	0	0	0	0	0	0	0	0	0	0	0	0	0	0	0	0	0	0	0	0	0	0	0	0	0	0	0	0	0	0	0	0	0	0	0	0	0	0	0	0	0	1.0	0	0	0	0	0	0	0	0	0	0	0	0	0	0	0	0	0	0	0	0	0	0	0	0	0	0	0	0	0	0	0	0	0	0	0	0	0	0	0	0	0	0	0	5.0	0	0	0	0	0	0	0	0	0	0	0	0	0	0	0	0	0	0	0	0	0	0	0	0	0	0	0	0	0	0	0	0	0	0	0	0	0	0	0	0	0	0	0	0	0	0	0	0	0	0	0	0	0	0	0	0	0	0	0	0	1.0	0	0	0	0	0	0	0	1.0	0	3.0
sk__Bacteria;k__;p__Spirochaetes;c__Spirochaetia;o__Spirochaetales;f__Spirochaetaceae;g__Treponema;s__Treponema_sp._5:22:BH022	0	0	0	0	0	0	0	0	0	0	0	0	0	0	0	0	0	0	0	0	0	0	0	0	0	0	0	0	0	0	0	0	0	0	0	0	0	0	0	0	0	0	0	0	0	0	0	0	0	0	0	0	0	0	0	0	0	0	0	0	0	0	0	0	0	0	0	0	0	0	0	0	0	0	0	0	0	0	0	0	0	0	0	0	0	0	0	0	0	0	0	0	0	0	2.0	0	9.0	0	0	0	0	0	0	0	0	0	100.0	0	1.0	0	0	0	0	0	0	0	0	0	0	0	0	0	0	0	0	0	0	0	0	0	0	0	0	0	0	0	0	0	0	0	0	0	0	0	0	0	0	0	0	0	0	0	0	0	0	0	0	0	0	0	0	0	0	0	0	0	0	36.0	0	0	0	0	0	0	0	0	0	0
sk__Bacteria;k__;p__Spirochaetes;c__Spirochaetia;o__Spirochaetales;f__Spirochaetaceae;g__Treponema;s__Treponema_sp._9:A:D01	0	0	0	0	0	0	0	0	0	0	0	0	0	0	0	0	0	0	0	0	0	0	0	0	0	0	0	0	0	0	0	0	0	0	0	0	0	0	0	0	0	0	0	0	0	0	0	0	0	0	0	0	0	0	0	0	0	0	0	0	0	2.0	0	0	0	0	0	0	0	0	0	0	0	0	0	0	0	0	0	0	0	0	0	0	0	0	0	0	0	0	0	0	0	0	0	0	0	0	0	0	0	0	0	0	0	0	0	0	0	0	0	0	0	0	0	0	0	0	0	0	0	0	0	0	0	0	0	0	0	0	0	0	0	0	0	0	0	0	0	0	0	0	0	0	0	0	0	0	0	0	0	0	0	0	0	0	0	0	0	0	0	0	0	0	0	0	0	0	0	0	0	0	0	0	0	0	0	0
sk__Bacteria;k__;p__Spirochaetes;c__Spirochaetia;o__Spirochaetales;f__Spirochaetaceae;g__Treponema;s__Treponema_sp._I:C:BA223	0	0	0	0	0	0	0	0	0	0	0	0	0	0	0	0	0	0	0	0	0	0	0	0	0	0	0	0	0	0	0	0	0	0	0	0	0	0	0	0	0	0	0	0	0	0	0	0	0	0	0	0	0	0	0	0	0	0	0	0	0	0	0	0	0	0	0	0	0	0	0	0	0	0	0	0	0	0	0	0	0	0	0	0	0	0	0	0	0	0	0	0	0	0	0	0	0	0	0	0	0	0	0	0	0	0	6.0	0	0	0	0	0	0	0	0	0	0	0	0	0	0	0	0	0	0	0	0	0	0	0	0	0	0	0	0	0	0	0	0	0	0	0	0	0	0	0	0	0	0	0	0	0	0	0	0	0	0	0	0	0	0	0	0	0	0	0	0	0	0	0	0	0	0	0	0	0	0	0
sk__Bacteria;k__;p__Spirochaetes;c__Spirochaetia;o__Spirochaetales;f__Spirochaetaceae;g__Treponema;s__Treponema_sp._III:C:BA213	0	0	0	0	0	0	0	0	0	0	0	0	0	0	0	0	0	0	0	0	0	0	0	0	0	0	0	0	0	0	0	0	0	0	0	0	0	0	0	0	0	0	0	0	0	0	0	0	0	0	0	0	0	0	0	0	0	0	0	0	0	0	5.0	0	0	0	0	0	0	0	0	0	0	0	0	0	0	0	0	0	0	0	0	0	0	0	0	0	0	0	0	0	0	0	0	0	0	0	0	0	0	0	0	0	0	0	0	0	0	0	0	0	0	0	0	0	0	0	0	0	0	0	0	0	0	0	0	0	0	0	0	0	0	0	0	0	0	0	0	0	0	0	0	0	0	0	0	0	0	0	0	0	0	0	0	0	0	0	0	0	0	0	0	0	0	0	0	1.0	0	0	0	0	0	0	0	0	0	0
sk__Bacteria;k__;p__Spirochaetes;c__Spirochaetia;o__Spirochaetales;f__Spirochaetaceae;g__Treponema;s__Treponema_sp._IV:18:C9	0	0	0	0	0	0	0	0	0	0	0	0	0	0	0	0	0	0	0	0	0	0	0	0	0	0	0	0	0	0	0	0	0	0	0	0	0	0	0	0	0	0	0	0	0	0	0	0	0	0	0	0	0	0	0	0	0	0	0	0	0	0	0	0	0	0	0	0	0	0	0	0	0	0	0	0	0	0	0	0	0	0	0	0	0	0	0	0	0	0	0	0	0	0	0	0	0	0	0	0	0	0	0	0	0	0	0	0	0	0	0	0	0	0	0	0	0	0	0	0	0	0	0	0	0	0	0	0	0	0	0	0	0	0	0	0	0	0	0	0	0	0	0	0	0	0	0	0	0	0	0	0	0	0	1.0	0	0	0	0	0	0	0	0	0	0	0	0	0	1.0	0	0	0	0	0	0	0	0	0
sk__Bacteria;k__;p__Spirochaetes;c__Spirochaetia;o__Spirochaetales;f__Spirochaetaceae;g__Treponema;s__Treponema_sp._RLUH-1	0	0	0	0	0	0	0	0	0	0	0	0	0	0	0	0	0	0	0	0	0	0	0	0	0	0	0	0	0	0	0	0	0	0	0	0	0	0	0	0	0	0	0	0	0	0	0	0	0	0	0	0	0	0	0	0	0	0	0	0	0	0	0	0	0	0	0	0	0	0	0	0	0	0	0	0	0	0	0	0	0	0	1.0	0	0	0	0	0	0	0	0	0	0	0	0	0	0	0	0	0	0	0	0	0	0	0	0	0	0	0	0	0	0	0	0	0	0	0	0	0	0	0	0	0	0	0	0	0	0	0	0	0	0	0	0	0	0	0	0	0	0	0	0	0	0	0	0	0	0	0	0	0	0	0	0	0	0	0	0	0	0	0	0	0	0	0	0	0	0	0	0	0	0	0	0	0	0	0
sk__Bacteria;k__;p__Spirochaetes;c__Spirochaetia;o__Spirochaetales;f__Spirochaetaceae;g__Treponema;s__Treponema_sp._canine_oral_taxon_350	0	0	0	0	0	0	0	0	0	0	0	0	0	0	0	0	0	0	0	0	0	0	0	0	0	0	0	0	0	0	0	0	0	0	0	0	0	0	0	0	0	0	0	0	0	0	0	0	0	0	0	0	0	0	0	0	0	0	0	0	0	0	0	0	0	0	0	0	0	0	0	0	0	0	0	0	0	0	0	0	0	0	0	0	0	0	0	0	0	0	0	0	0	0	0	0	0	0	0	0	0	0	0	0	0	0	1.0	0	0	0	0	0	0	0	0	0	0	0	0	0	0	0	0	0	0	0	0	0	0	0	0	0	0	0	0	0	0	0	0	0	0	0	0	0	0	0	0	0	0	0	0	0	0	0	0	0	0	0	0	0	0	0	0	0	0	0	0	0	0	0	0	0	0	0	0	0	0	0
sk__Bacteria;k__;p__Spirochaetes;c__Spirochaetia;o__Spirochaetales;f__Spirochaetaceae;g__Treponema;s__Treponema_sp._canine_oral_taxon_352	0	0	0	0	0	0	0	0	0	0	0	0	0	0	0	0	0	0	0	0	0	0	0	0	0	0	0	0	0	0	0	0	0	0	0	0	0	0	0	0	0	0	0	0	0	0	0	0	0	0	0	0	0	0	0	0	0	0	0	0	0	0	0	0	0	0	0	0	0	0	0	0	0	0	0	0	0	0	0	0	0	0	0	0	0	0	0	0	0	0	0	0	0	0	0	0	3.0	0	0	0	0	0	0	0	0	0	11.0	0	1.0	0	0	0	0	0	0	0	0	0	0	0	0	0	0	0	0	0	0	0	0	0	0	0	0	0	0	0	0	0	0	0	0	0	0	0	0	0	0	0	0	0	0	0	0	0	0	0	0	0	0	0	0	0	0	0	0	0	0	0	0	0	0	0	0	0	0	0	0	0
sk__Bacteria;k__;p__Spirochaetes;c__Spirochaetia;o__Spirochaetales;f__Spirochaetaceae;g__Treponema;s__Treponema_sp._canine_oral_taxon_358	0	0	0	0	0	0	0	0	0	0	0	0	0	0	0	0	0	0	0	0	0	0	0	0	0	0	0	0	0	0	0	0	0	0	0	0	0	0	0	0	0	0	0	0	0	0	0	0	0	0	0	0	0	0	0	0	0	0	0	0	0	0	0	0	0	0	0	0	0	0	0	0	0	0	0	0	0	0	0	0	0	0	2.0	0	0	0	0	0	0	0	0	0	0	0	0	0	0	0	0	0	0	0	0	0	0	0	0	0	0	0	0	0	0	0	0	0	0	0	0	0	0	0	0	0	0	0	0	0	0	0	0	0	0	0	0	0	0	0	0	0	0	0	0	0	0	0	0	0	0	0	0	0	0	0	0	0	0	0	0	0	0	0	0	0	0	0	0	0	0	0	0	0	0	0	0	0	0	0
sk__Bacteria;k__;p__Spirochaetes;c__Spirochaetia;o__Spirochaetales;f__Spirochaetaceae;g__Treponema;s__Treponema_sp._feline_oral_taxon_202	0	0	0	0	0	0	0	0	0	0	0	0	0	0	0	0	0	0	0	0	0	0	0	0	0	0	0	0	0	0	0	0	0	0	0	0	0	0	0	0	0	0	0	0	0	0	0	0	0	0	0	0	0	0	0	0	0	0	0	0	0	0	0	0	0	0	0	0	0	0	0	0	0	0	0	0	0	0	0	0	0	0	0	0	0	0	0	0	0	0	0	0	0	0	0	0	0	0	0	0	0	0	0	0	0	0	0	0	0	0	0	0	0	0	0	0	0	0	0	0	0	0	0	0	0	0	0	0	0	0	0	0	0	0	0	0	0	0	0	0	0	0	0	0	0	0	0	0	0	0	0	0	0	0	0	0	0	0	0	0	0	0	0	0	0	1.0	0	0	0	0	0	0	0	0	0	0	0	1.0
sk__Bacteria;k__;p__Spirochaetes;c__Spirochaetia;o__Spirochaetales;f__Spirochaetaceae;g__Treponema;s__Treponema_sp._oral_clone_BZ013	0	0	0	0	0	0	0	0	0	0	0	0	0	0	0	0	0	0	0	0	0	0	0	0	0	0	0	0	0	0	0	0	0	0	0	0	0	0	0	0	0	0	0	0	0	0	0	0	0	0	0	0	0	0	0	0	0	0	0	0	0	0	0	0	0	0	0	0	0	0	0	0	0	0	0	0	0	0	0	0	0	0	0	0	0	0	0	0	0	0	0	0	0	0	0	0	0	0	0	0	0	0	0	0	0	0	0	0	0	0	0	0	0	0	0	0	0	0	0	0	0	0	0	0	0	0	0	0	0	0	0	0	0	0	0	0	0	0	0	0	0	0	0	0	0	0	0	0	0	0	0	0	0	0	0	0	0	0	0	0	0	0	0	0	0	0	0	0	0	1.0	0	0	0	0	0	0	0	0
sk__Bacteria;k__;p__Spirochaetes;c__Spirochaetia;o__Spirochaetales;f__Spirochaetaceae;g__Treponema;s__Treponema_sp._oral_taxon_230	0	0	0	0	0	0	0	0	0	0	0	0	0	0	0	0	0	0	0	0	0	0	0	0	0	0	0	0	0	0	0	0	0	0	0	0	0	0	0	0	0	0	0	0	0	0	0	0	0	0	0	0	0	0	0	0	0	0	0	0	0	0	0	0	0	0	0	0	0	0	0	0	0	0	0	0	0	0	0	0	0	1.0	0	0	0	0	0	0	0	0	0	1.0	0	0	0	0	0	0	0	0	0	0	0	0	0	0	0	0	0	0	0	0	0	0	0	0	0	0	0	0	0	0	0	0	0	0	0	0	0	0	0	0	0	0	0	0	0	0	0	0	0	0	0	0	0	0	0	0	0	0	1.0	0	1.0	0	1.0	0	1.0	0	2.0	0	0	0	0	0	0	0	1.0	0	0	0	0	0	0	0	1.0	0	3.0	0
sk__Bacteria;k__;p__Spirochaetes;c__Spirochaetia;o__Spirochaetales;f__Spirochaetaceae;g__Treponema;s__Treponema_vincentii	0	0	0	0	0	0	0	0	0	0	0	0	0	0	0	0	0	0	0	0	0	0	0	0	0	0	0	0	0	0	0	0	0	0	0	0	0	0	0	0	0	0	0	0	0	0	0	0	0	0	0	0	0	0	0	0	0	0	0	0	0	0	7.0	0	1.0	0	0	0	0	0	0	0	0	0	6.0	0	0	0	0	0	0	0	5.0	0	5.0	0	0	0	4.0	0	6.0	0	0	0	0	0	0	0	0	0	0	0	0	0	1.0	0	1.0	0	0	0	0	0	0	0	2.0	0	0	0	0	0	0	0	0	0	0	0	0	0	0	0	0	0	0	0	0	0	0	0	0	0	0	0	4.0	0	0	0	0	4.0	0	0	0	0	0	0	0	2.0	0	16.0	0	0	0	16.0	0	0	0	0	0	0	0	57.0	0	0	0	0	0	8.0	0	2.0
sk__Bacteria;k__;p__Synergistetes	0	0	0	0	1.0	0	3.0	0	0	0	0	0	0	0	1.0	0	5.0	0	0	1.0	0	0	0	0	0	0	0	1.0	0	0	0	0	0	0	0	5.0	0	4.0	0	0	0	0	0	0	0	0	0	0	0	0	0	0	0	0	0	0	0	0	0	1.0	0	23.0	0	0	0	1.0	0	3.0	0	4.0	0	0	0	1.0	0	0	0	3.0	0	4.0	0	12.0	0	15.0	0	31.0	0	2.0	0	16.0	0	15.0	0	81.0	0	90.0	0	0	0	0	0	4.0	0	0	0	7.0	0	0	0	8.0	0	9.0	0	1.0	0	0	0	1.0	0	0	0	0	0	0	0	0	0	0	0	19.0	0	4.0	0	25.0	0	0	0	3.0	0	0	0	3.0	0	0	0	0	9.0	0	0	0	59.0	0	51.0	0	1.0	0	1.0	0	3.0	0	0	0	14.0	0	20.0	0	13.0	0	2.0	0	0	0	0	0	16.0	0	44.0	0
sk__Bacteria;k__;p__Synergistetes;c__;o__;f__;g__;s__Synergistetes_bacterium_oral_taxon_363	0	0	0	0	0	0	0	0	0	0	0	0	0	0	0	0	0	0	0	0	0	0	0	0	0	0	0	0	0	0	0	0	0	0	0	0	0	0	0	0	0	0	0	0	0	0	0	0	0	0	0	0	0	0	0	0	0	0	0	0	0	3.0	0	0	0	0	0	0	0	1.0	0	0	0	0	0	0	0	0	0	0	0	0	0	1.0	0	1.0	0	0	0	2.0	0	1.0	0	2.0	0	0	0	0	0	0	0	0	0	0	0	3.0	0	0	0	0	0	0	0	3.0	0	0	0	0	0	0	0	0	0	0	0	0	0	0	0	2.0	0	0	0	8.0	0	0	0	5.0	0	0	0	1.0	0	0	0	0	7.0	0	0	0	4.0	0	0	0	2.0	0	3.0	0	3.0	0	0	0	0	0	0	0	5.0	0	2.0	0	0	0	0	0	0	0	4.0	0
sk__Bacteria;k__;p__Synergistetes;c__Synergistia;o__Synergistales	0	0	0	0	0	0	0	0	0	0	0	0	0	0	0	0	0	0	0	0	1.0	0	0	0	0	0	0	0	0	0	0	0	0	0	0	0	0	0	0	0	0	0	0	0	0	0	0	0	0	0	0	0	0	0	0	0	0	0	0	0	0	0	29.0	0	1.0	0	0	0	0	0	0	0	0	0	1.0	0	0	0	6.0	0	15.0	4.0	6.0	2.0	9.0	2.0	1.0	0	1.0	9.0	62.0	1.0	29.0	1.0	11.0	6.0	3.0	0	0	0	0	0	12.0	0	0	1.0	9.0	0	6.0	1.0	12.0	0	15.0	1.0	0	0	0	0	0	0	0	0	0	0	0	0	0	0	0	0	2.0	0	0	2.0	5.0	0	1.0	3.0	15.0	0	0	0	0	0	0	0	1.0	7.0	0	0	0	8.0	0	0	2.0	4.0	3.0	3.0	0	4.0	0	0	0	0	1.0	1.0	4.0	3.0	0	3.0	0	0	0	0	2.0	16.0	4.0	18.0
sk__Bacteria;k__;p__Synergistetes;c__Synergistia;o__Synergistales;f__;g__;s__Synergistales_bacterium_canine_oral_taxon_242	0	0	0	0	0	0	0	0	0	0	0	0	0	0	0	0	0	0	0	0	0	0	0	0	0	0	0	0	0	0	0	0	0	0	0	0	0	0	0	0	0	0	0	0	0	0	0	0	0	0	0	0	0	0	0	0	0	0	0	0	0	0	0	0	0	0	0	0	0	0	0	0	0	0	0	0	0	0	0	0	0	0	0	0	0	0	0	0	0	0	1.0	0	0	0	0	0	0	0	0	0	0	0	0	0	0	0	0	0	0	0	0	0	0	0	0	0	0	0	0	0	0	0	0	0	0	0	0	0	0	0	0	0	0	0	0	0	0	0	0	0	0	0	0	0	0	0	0	0	0	0	0	0	0	0	0	0	0	0	0	0	0	0	0	0	0	0	0	0	0	0	0	0	0	0	0	0	0	0
sk__Bacteria;k__;p__Synergistetes;c__Synergistia;o__Synergistales;f__Synergistaceae	0	0	0	0	0	0	1.0	0	0	0	0	1.0	0	0	0	0	0	0	0	5.0	0	1.0	0	0	0	0	0	1.0	0	0	0	0	0	0	0	1.0	0	0	0	0	0	0	0	0	0	1.0	0	0	0	0	0	0	0	0	0	0	0	0	0	1.0	0	92.0	0	1.0	0	0	0	0	0	7.0	0	0	0	20.0	0	0	0	6.0	1.0	5.0	3.0	23.0	0	40.0	0	74.0	0	14.0	0	113.0	2.0	31.0	2.0	171.0	1.0	96.0	1.0	0	0	0	0	28.0	0	1.0	0	29.0	0	1.0	0	5.0	2.0	3.0	1.0	22.0	0	0	0	0	0	0	0	1.0	0	0	0	0	0	0	0	65.0	0	5.0	0	85.0	0	1.0	0	381.0	0	0	0	47.0	0	0	0	0	179.0	1.0	0	0	82.0	0	37.0	0	53.0	0	118.0	1.0	30.0	0	4.0	0	17.0	0	28.0	0	100.0	0	31.0	1.0	0	0	0	0	45.0	4.0	75.0	5.0
sk__Bacteria;k__;p__Synergistetes;c__Synergistia;o__Synergistales;f__Synergistaceae;g__Candidatus_Tammella	0	0	0	0	0	0	0	0	0	0	0	0	0	0	0	0	0	0	0	0	0	0	0	0	0	0	0	0	0	0	0	0	0	0	0	0	0	0	0	0	0	0	0	0	0	0	0	0	0	0	0	0	0	0	0	0	0	0	0	0	0	0	0	0	0	0	0	0	0	0	0	0	0	0	0	0	0	0	0	0	0	0	1.0	0	1.0	0	0	0	1.0	0	0	0	0	0	0	0	0	0	0	0	0	0	0	0	0	0	0	0	0	0	0	0	0	0	0	0	0	0	0	0	0	0	0	0	0	0	0	0	0	0	0	0	0	0	0	0	0	0	0	0	0	0	0	0	0	0	0	0	0	0	0	0	0	0	0	0	0	0	0	0	0	0	0	0	0	0	0	0	0	0	0	0	0	0	0	0	0	0
sk__Bacteria;k__;p__Synergistetes;c__Synergistia;o__Synergistales;f__Synergistaceae;g__Fretibacterium	0	0	0	0	1.0	0	9.0	7.0	0	0	5.0	0	0	0	0	0	28.0	0	0	31.0	15.0	0	1.0	0	0	0	0	5.0	1.0	0	0	0	0	0	0	30.0	2.0	29.0	28.0	0	0	3.0	3.0	0	0	8.0	0	1.0	0	0	0	0	1.0	0	0	0	0	0	0	4.0	1.0	451.0	81.0	11.0	1.0	1.0	9.0	24.0	33.0	33.0	4.0	5.0	4.0	128.0	31.0	0	0	51.0	18.0	76.0	41.0	201.0	75.0	324.0	87.0	256.0	129.0	71.0	56.0	919.0	144.0	311.0	58.0	1092.0	423.0	977.0	300.0	0	0	2.0	1.0	138.0	120.0	2.0	0	260.0	53.0	11.0	7.0	83.0	34.0	135.0	75.0	130.0	33.0	0	7.0	13.0	1.0	0	0	2.0	0	3.0	0	1.0	0	0	1.0	551.0	48.0	54.0	4.0	545.0	31.0	9.0	4.0	627.0	34.0	1.0	0	195.0	30.0	0	0	2.0	553.0	47.0	2.0	1.0	491.0	88.0	499.0	38.0	417.0	75.0	559.0	57.0	307.0	74.0	10.0	3.0	90.0	40.0	180.0	47.0	784.0	88.0	76.0	34.0	0	0	0	0	465.0	104.0	954.0	220.0
sk__Bacteria;k__;p__Synergistetes;c__Synergistia;o__Synergistales;f__Synergistaceae;g__Jonquetella	0	0	0	0	0	0	0	0	0	0	0	0	0	0	0	0	0	0	0	0	0	0	0	0	0	0	0	0	0	0	0	0	0	0	0	0	0	0	0	0	0	0	0	0	0	0	0	0	0	0	0	0	0	0	0	0	0	0	0	0	0	0	0	0	0	0	0	0	0	0	0	0	0	0	0	0	0	0	0	0	0	0	0	0	0	0	0	0	0	0	0	0	0	0	0	0	0	0	0	0	0	0	0	0	0	0	0	0	0	0	0	0	0	0	0	0	0	0	0	0	0	0	0	0	0	0	0	0	0	0	0	0	0	0	0	0	0	0	0	0	0	0	0	0	0	0	0	0	0	0	4.0	0	0	0	0	0	0	0	0	0	0	0	5.0	1.0	6.0	2.0	0	0	0	0	0	0	0	0	0	0	0	0
sk__Bacteria;k__;p__Synergistetes;c__Synergistia;o__Synergistales;f__Synergistaceae;g__Pyramidobacter	0	0	0	0	0	0	0	0	0	0	0	0	0	0	0	0	0	0	0	0	0	0	0	0	0	0	0	0	0	0	0	0	0	0	0	0	0	0	0	0	0	0	0	0	0	0	0	0	0	0	0	0	0	0	0	0	0	0	0	0	0	0	0	0	0	0	0	0	0	0	0	0	0	0	0	0	0	0	0	0	0	0	0	0	0	0	8.0	0	1.0	0	0	0	0	0	0	0	0	0	0	0	0	0	0	0	0	0	0	0	0	0	0	0	0	0	0	0	0	0	0	0	0	0	0	0	0	0	0	0	0	0	3.0	0	0	0	0	0	0	0	53.0	0	0	0	0	0	0	0	0	3.0	0	0	0	0	0	0	0	0	0	1.0	0	0	0	0	0	0	0	0	0	0	0	0	0	0	0	0	0	0	0	0
sk__Bacteria;k__;p__Synergistetes;c__Synergistia;o__Synergistales;f__Synergistaceae;g__Pyramidobacter;s__Pyramidobacter_piscolens	0	0	0	0	0	0	0	0	0	0	0	0	0	0	0	0	0	0	0	0	0	0	0	0	0	0	0	0	0	0	0	0	0	0	0	0	0	0	0	0	0	0	0	0	0	0	0	0	0	0	0	0	0	0	0	0	0	0	0	0	0	0	0	0	0	0	0	0	0	0	0	0	0	0	0	0	0	0	0	0	0	0	0	0	0	0	0	0	0	0	0	0	0	0	0	0	0	0	0	0	0	0	0	0	0	0	0	0	0	0	0	0	0	0	0	0	0	0	0	0	0	0	0	0	0	0	0	0	0	0	0	0	0	0	0	0	0	0	2.0	0	0	0	0	0	0	0	0	0	0	0	0	0	0	0	0	0	0	0	0	0	0	0	0	0	0	0	0	0	0	0	0	0	0	0	0	0	0	0
sk__Bacteria;k__;p__Synergistetes;c__Synergistia;o__Synergistales;f__Synergistaceae;g__Synergistes;s__Synergistes_genomosp._C1	0	0	0	0	0	0	0	0	0	0	0	0	0	0	0	0	0	0	0	0	0	0	0	0	0	0	0	0	0	0	0	0	0	0	0	0	0	0	0	0	0	0	0	0	0	0	0	0	0	0	0	0	0	0	0	0	0	0	0	0	0	0	0	0	0	0	0	0	0	0	0	0	0	0	0	0	0	0	0	0	0	0	0	0	0	0	0	0	0	0	0	0	0	0	0	0	0	0	0	0	0	0	0	0	0	0	0	0	0	0	0	0	0	0	0	0	0	0	0	0	0	0	0	0	0	0	0	0	0	0	0	0	0	0	0	0	0	2.0	1.0	0	0	0	0	0	0	0	0	0	0	0	0	0	0	0	0	0	0	0	0	0	0	0	0	0	0	0	0	0	0	0	0	0	0	0	0	0	0	0
sk__Bacteria;k__;p__Tenericutes;c__Mollicutes	0	0	0	0	0	0	0	0	0	0	0	0	0	0	0	0	0	0	0	4.0	0	0	0	0	0	0	0	2.0	0	0	0	0	0	0	0	0	0	0	0	0	0	0	0	0	0	0	0	0	0	0	0	0	0	0	2.0	0	0	0	0	0	0	0	0	0	0	3.0	0	0	1.0	0	0	0	0	2.0	1.0	0	0	0	0	1.0	0	9.0	4.0	3.0	1.0	13.0	6.0	1.0	1.0	0	1.0	0	0	1.0	0	0	0	0	0	0	0	5.0	1.0	0	0	2.0	6.0	1.0	0	0	0	0	0	2.0	0	0	0	0	0	0	0	0	0	0	0	0	0	0	0	0	0	0	0	0	0	0	0	0	0	0	0	0	0	0	0	0	7.0	2.0	0	0	4.0	0	1.0	0	0	0	0	0	0	0	0	0	2.0	0	0	0	24.0	15.0	10.0	1.0	0	0	0	0	5.0	5.0	2.0	4.0
sk__Bacteria;k__;p__Tenericutes;c__Mollicutes;o__Acholeplasmatales	0	0	0	0	0	0	0	0	0	0	0	0	0	0	0	0	0	0	0	0	0	0	0	0	0	0	0	0	0	0	0	0	0	0	0	0	0	0	0	0	0	0	0	0	0	0	0	0	0	0	0	0	0	0	0	0	0	0	0	0	0	0	0	0	0	0	0	0	0	0	0	0	0	0	0	0	0	0	0	0	0	0	0	0	0	0	0	0	0	0	0	0	0	0	0	0	0	0	0	0	0	0	0	0	0	0	0	0	0	0	0	0	0	0	0	0	0	0	0	0	0	0	0	0	0	0	0	0	0	0	0	0	0	0	0	0	0	0	0	0	0	0	0	0	0	0	0	0	0	0	0	0	0	0	0	0	0	0	0	0	0	0	0	0	0	0	0	1.0	0	0	0	0	0	0	0	0	1.0	0
sk__Bacteria;k__;p__Tenericutes;c__Mollicutes;o__Acholeplasmatales;f__;g__;s__Acholeplasmatales_bacterium_canine_oral_taxon_256	0	0	0	0	0	0	0	0	0	0	0	0	0	0	0	0	0	0	0	0	0	0	0	0	0	0	0	0	0	0	0	0	0	0	0	0	0	0	0	0	0	0	0	0	0	0	0	0	0	0	0	0	0	0	0	0	0	0	0	0	0	0	0	0	0	0	0	0	0	0	0	0	0	0	6.0	0	0	0	0	0	0	0	1.0	0	3.0	0	0	0	4.0	0	0	0	0	0	0	0	0	0	0	0	0	0	0	0	0	0	0	0	0	0	0	0	0	0	0	0	0	0	0	0	0	0	0	0	0	0	0	0	0	0	0	0	0	0	0	0	0	0	0	0	0	0	0	0	0	0	0	0	0	0	0	0	0	0	0	0	0	0	0	0	0	0	0	0	0	0	0	7.0	0	0	0	0	0	0	0	12.0	0	14.0
sk__Bacteria;k__;p__Tenericutes;c__Mollicutes;o__Acholeplasmatales;f__Acholeplasmataceae	0	0	0	0	0	0	0	0	0	0	0	0	0	0	0	0	0	0	0	0	0	0	0	0	0	0	0	0	0	0	0	0	0	0	0	0	0	0	0	0	0	0	0	0	0	0	0	0	0	0	0	0	0	0	0	0	0	0	0	0	0	0	0	0	0	0	0	0	0	0	0	0	0	0	0	0	0	0	0	0	0	0	0	0	0	0	0	0	0	0	0	0	0	0	0	0	0	0	0	0	0	0	0	0	0	0	0	0	0	0	0	0	0	0	0	0	0	0	0	0	0	0	0	0	0	0	0	0	0	0	0	0	0	0	0	0	0	0	0	0	0	0	0	0	0	0	0	0	0	0	0	0	0	0	0	0	0	0	0	0	0	0	0	0	0	0	8.0	0	0	0	0	0	0	0	0	0	0	0
sk__Bacteria;k__;p__Tenericutes;c__Mollicutes;o__Acholeplasmatales;f__Acholeplasmataceae;g__Acholeplasma	0	0	0	0	0	0	0	0	0	0	0	0	0	0	0	0	0	0	0	0	0	0	0	0	0	0	0	0	0	0	0	0	0	0	0	0	0	0	0	0	0	0	0	0	0	0	0	0	0	0	0	0	0	0	0	0	0	0	0	0	0	0	0	0	0	0	0	0	0	0	0	0	0	22.0	0	1.0	0	0	0	0	0	9.0	0	16.0	0	0	0	0	0	0	1.0	0	1.0	0	0	1.0	0	0	0	0	0	5.0	0	0	0	2.0	5.0	1.0	3.0	0	0	0	0	0	0	0	0	0	0	0	0	0	0	0	0	0	0	0	0	0	0	0	0	0	0	0	0	0	0	0	0	0	0	0	0	0	0	0	0	0	0	0	0	0	0	0	0	0	0	0	0	0	0	0	0	0	47.0	0	1.0	0	0	0	0	0	10.0	0	37.0	0
sk__Bacteria;k__;p__Tenericutes;c__Mollicutes;o__Anaeroplasmatales;f__Anaeroplasmataceae;g__Asteroleplasma	0	0	0	0	0	0	0	0	0	0	0	0	0	0	0	0	0	0	0	0	0	0	0	0	0	0	0	0	0	0	0	0	0	0	0	0	0	0	0	0	0	0	0	0	0	0	0	0	0	0	0	0	0	0	0	0	0	0	0	0	0	0	0	0	0	0	0	0	0	0	0	0	0	0	0	0	0	0	0	0	0	0	0	0	0	0	1.0	0	0	0	0	0	0	0	0	0	0	0	0	0	0	0	0	0	0	0	0	0	0	0	0	0	0	0	0	0	0	0	0	0	0	0	0	0	0	0	0	0	0	0	1.0	0	0	0	0	0	0	0	0	0	0	0	0	0	0	0	0	0	0	0	0	0	0	0	0	0	0	0	0	0	0	0	0	0	0	0	0	0	0	1.0	0	0	0	0	0	0	0	0
sk__Bacteria;k__;p__Tenericutes;c__Mollicutes;o__Entomoplasmatales	0	0	1.0	0	0	0	0	0	0	0	0	0	0	0	0	0	0	0	0	0	0	0	0	0	0	0	0	0	0	0	0	0	0	0	0	0	0	0	0	0	0	0	0	0	0	0	0	0	0	0	0	0	0	0	0	0	0	0	0	0	0	0	0	0	0	0	0	0	0	0	0	0	0	0	0	0	0	0	0	0	0	0	0	0	0	0	0	0	0	0	0	0	0	0	0	0	0	0	0	0	0	0	0	0	0	0	0	0	0	0	0	0	0	0	0	0	0	0	0	0	0	0	0	0	0	0	0	0	0	0	0	0	0	0	0	0	0	0	0	0	0	0	0	0	0	0	0	0	0	0	0	0	0	0	0	0	0	0	0	0	0	0	0	0	0	0	0	0	0	0	0	0	0	0	0	0	0	0
sk__Bacteria;k__;p__Tenericutes;c__Mollicutes;o__Mycoplasmatales;f__Mycoplasmataceae	0	0	0	0	0	0	0	0	0	0	0	0	0	0	0	0	0	0	0	0	0	0	0	0	0	0	0	0	0	0	0	0	0	0	0	0	0	0	0	0	0	0	0	0	0	0	0	0	0	0	0	0	0	0	0	0	0	0	0	0	0	0	0	0	0	0	0	0	0	0	0	0	0	0	0	0	0	0	0	0	0	1.0	0	1.0	0	0	0	1.0	0	2.0	0	0	0	3.0	0	1.0	0	0	0	0	0	0	0	0	0	0	0	0	0	0	0	0	0	0	0	0	0	0	0	0	0	0	0	0	0	0	0	0	0	0	0	0	0	0	0	0	0	0	0	0	0	0	0	0	0	0	1.0	0	0	0	0	0	0	0	0	0	0	0	0	0	0	0	0	0	0	0	3.0	0	0	0	0	0	0	0	0	0	0	0
sk__Bacteria;k__;p__Tenericutes;c__Mollicutes;o__Mycoplasmatales;f__Mycoplasmataceae;g__;s__Mycoplasmataceae_genomosp._P1_oral_clone_MB1_G23	0	0	0	0	0	0	0	0	0	0	0	0	0	0	0	0	0	0	0	0	0	0	0	0	0	0	0	0	0	0	0	0	0	0	0	0	0	0	0	0	0	0	0	0	0	0	0	0	0	0	0	0	0	0	0	0	0	0	0	0	0	0	0	0	0	0	0	0	0	0	0	0	0	0	0	0	0	0	0	0	0	0	0	0	0	0	0	0	0	0	0	0	0	0	0	0	0	0	0	0	0	0	0	0	0	40.0	6.0	7.0	1.0	0	0	0	0	0	0	0	0	0	0	0	0	0	0	0	0	0	0	0	0	0	0	0	0	0	0	0	0	0	0	0	0	0	0	0	0	0	17.0	4.0	3.0	5.0	0	0	0	0	0	0	0	0	0	0	0	0	0	0	0	0	0	0	0	0	0	0	0	0	0	0	0	0
sk__Bacteria;k__;p__Tenericutes;c__Mollicutes;o__Mycoplasmatales;f__Mycoplasmataceae;g__Mycoplasma	2.0	1.0	0	2.0	0	0	0	0	0	0	1.0	6.0	0	0	0	0	0	0	0	16.0	0	0	0	2.0	1.0	11.0	3.0	1.0	6.0	0	0	0	0	0	0	8.0	2.0	0	0	0	0	0	0	0	0	0	0	0	0	0	0	0	0	0	0	0	0	0	0	0	0	13.0	36.0	3.0	3.0	0	0	0	0	3.0	3.0	0	0	1.0	0	0	0	4.0	3.0	40.0	12.0	14.0	12.0	32.0	20.0	13.0	16.0	28.0	15.0	20.0	21.0	4.0	8.0	148.0	72.0	76.0	36.0	0	0	0	0	5.0	11.0	0	0	30.0	35.0	0	4.0	2.0	14.0	80.0	79.0	0	2.0	0	2.0	2.0	1.0	0	0	0	0	0	0	0	0	0	0	3.0	4.0	0	0	51.0	13.0	0	0	32.0	16.0	0	0	17.0	1.0	0	0	0	2.0	0	1.0	0	42.0	11.0	134.0	18.0	48.0	33.0	75.0	24.0	67.0	32.0	0	0	33.0	35.0	53.0	51.0	53.0	30.0	58.0	28.0	0	0	0	0	43.0	35.0	79.0	58.0
sk__Bacteria;k__;p__Tenericutes;c__Mollicutes;o__Mycoplasmatales;f__Mycoplasmataceae;g__Mycoplasma;s__Mycoplasma_lipophilum	0	0	0	0	0	0	0	0	0	0	0	0	0	0	0	0	0	0	0	0	0	0	0	0	0	0	0	0	0	0	0	0	0	0	0	0	0	0	0	0	0	0	0	0	0	0	0	0	0	0	0	0	0	0	0	0	0	0	0	0	0	0	0	0	0	0	0	0	0	0	0	0	0	0	0	0	0	0	0	0	0	0	0	0	0	0	0	0	0	0	0	0	0	0	0	0	0	0	0	0	0	0	0	0	0	0	0	0	0	0	0	0	0	0	0	0	0	0	0	0	0	0	0	0	0	0	0	0	0	0	0	0	0	0	0	0	0	0	0	0	0	0	0	0	0	0	0	1.0	0	0	0	0	0	0	0	0	0	0	0	0	0	0	0	0	0	0	0	0	0	0	0	0	0	0	0	0	0	0
sk__Bacteria;k__;p__Verrucomicrobia;c__Methylacidiphilae;o__Methylacidiphilales;f__Methylacidiphilaceae	0	0	0	0	0	0	0	0	0	0	0	0	0	0	0	0	0	0	0	0	0	0	0	1.0	0	0	0	0	0	0	0	0	0	0	0	0	0	0	0	0	0	0	0	0	0	0	0	0	0	0	0	0	0	0	0	0	0	0	0	0	0	0	0	0	0	0	0	0	0	0	0	0	0	0	0	0	0	0	0	0	0	0	0	0	0	0	0	0	0	0	0	0	0	0	0	0	0	0	0	0	0	0	0	0	0	0	0	0	0	0	0	0	0	0	0	0	0	0	0	0	0	0	0	0	0	0	0	0	0	0	0	1.0	0	0	0	0	0	0	0	0	0	0	0	0	0	0	0	0	0	0	0	0	0	0	0	0	0	0	0	0	0	0	0	0	0	0	0	0	0	0	0	0	0	0	0	0	0	0
sk__Bacteria;k__;p__Verrucomicrobia;c__Opitutae;o__Opitutales;f__Opitutaceae	5.0	0	0	0	0	0	0	0	1.0	0	0	0	0	0	0	0	0	0	0	0	0	0	0	0	0	0	0	0	0	0	0	1.0	0	0	0	0	0	0	0	0	0	0	0	0	0	0	0	0	0	0	0	0	0	0	0	0	0	0	0	0	0	0	0	3.0	0	0	0	0	0	0	0	0	0	0	0	2.0	0	0	0	0	0	0	0	0	0	0	0	0	0	0	0	0	0	0	0	0	0	0	0	0	0	0	0	0	0	0	0	0	0	0	0	0	0	0	0	0	0	0	0	0	0	0	0	0	0	0	0	0	0	0	0	2.0	0	0	0	0	0	0	0	0	0	0	0	0	0	0	0	0	0	0	0	0	0	0	0	0	0	0	0	0	0	0	0	0	0	0	0	0	0	0	0	0	0	0	0	0	0	0
sk__Bacteria;k__;p__Verrucomicrobia;c__Opitutae;o__Opitutales;f__Opitutaceae;g__Opitutus	0	0	0	0	0	0	0	0	0	0	0	0	0	0	0	0	0	0	0	0	0	0	0	0	0	0	0	0	0	0	0	0	0	0	0	0	0	0	0	0	0	0	0	1.0	0	0	0	0	0	0	0	0	0	0	0	0	0	0	0	0	0	0	0	0	0	0	0	0	0	0	0	0	0	0	0	0	0	0	0	0	0	0	0	0	0	0	0	0	0	0	0	0	0	0	0	0	0	0	0	0	0	0	0	0	0	0	0	0	0	0	0	0	0	0	0	0	0	0	0	0	0	0	0	0	0	0	0	0	0	0	0	0	0	0	0	0	0	0	0	0	0	0	0	0	0	0	0	0	0	0	0	0	0	0	0	0	0	0	0	0	0	0	0	0	0	0	0	0	0	0	0	0	0	0	0	0	0	0
sk__Bacteria;k__;p__Verrucomicrobia;c__Opitutae;o__Opitutales;f__Opitutaceae;g__Opitutus;s__Opitutus_sp._WS3(2011)	0	0	0	0	0	0	0	0	0	0	0	0	0	0	0	0	0	0	0	0	0	0	0	0	0	0	0	0	0	0	0	0	0	0	0	0	0	0	0	0	0	0	0	0	0	0	0	0	0	0	0	0	0	0	0	0	0	0	0	0	0	0	0	0	0	0	0	0	0	0	0	0	0	0	0	0	0	0	0	0	0	0	0	0	0	0	0	0	0	0	0	0	0	0	0	0	0	0	0	0	0	0	0	0	0	0	0	0	0	0	0	0	0	0	0	0	0	0	0	0	0	0	0	0	0	0	0	2.0	0	0	0	0	0	0	0	0	0	0	0	0	0	0	0	0	0	0	0	0	0	0	0	0	0	0	0	0	0	0	0	0	0	0	0	0	0	0	0	0	0	0	0	0	0	0	0	0	0	0
sk__Bacteria;k__;p__Verrucomicrobia;c__Opitutae;o__Puniceicoccales	0	0	0	0	0	0	0	0	0	0	0	0	0	0	0	0	0	0	0	0	0	0	0	0	0	0	0	0	0	0	0	0	0	0	0	0	0	0	0	0	0	0	0	0	0	0	0	0	0	0	0	0	0	0	0	0	0	0	0	0	0	0	0	0	0	0	0	0	0	0	0	0	0	0	0	0	0	0	0	0	0	0	0	0	0	0	0	0	0	0	0	0	0	0	0	0	0	0	0	0	0	0	0	0	0	0	0	0	0	0	0	0	0	0	0	0	0	0	0	0	0	0	0	0	0	0	0	0	0	0	0	0	0	0	0	0	0	0	0	0	0	0	0	0	0	0	1.0	0	0	0	0	0	0	0	0	0	0	0	0	0	0	0	0	0	0	0	0	0	0	0	0	0	0	0	0	0	0	0
sk__Bacteria;k__;p__Verrucomicrobia;c__Spartobacteria	0	0	0	0	0	0	0	0	0	0	0	0	0	0	0	0	0	0	0	0	0	0	0	0	0	0	0	0	0	0	0	0	0	0	0	0	0	0	0	0	0	0	0	0	0	0	0	0	0	0	0	0	0	0	0	0	0	0	0	0	0	0	0	0	0	0	0	0	0	1.0	0	0	0	0	0	0	0	0	0	0	0	0	0	0	0	0	0	0	0	0	0	0	0	0	0	0	0	0	0	0	0	0	0	0	0	0	0	0	0	0	0	0	0	0	0	0	0	0	0	0	0	0	0	0	0	0	0	0	0	0	0	0	0	0	0	0	0	0	0	0	0	0	0	0	0	0	0	0	0	0	0	0	0	0	0	0	0	0	0	0	0	0	0	0	0	0	0	0	0	0	0	0	0	0	0	0	0	0
sk__Bacteria;k__;p__Verrucomicrobia;c__Spartobacteria;o__;f__;g__Terrimicrobium	0	0	1.0	0	0	0	0	0	1.0	0	0	0	1.0	0	0	0	0	0	0	0	0	0	0	0	0	0	0	0	0	0	0	0	0	0	0	0	0	0	0	0	0	0	0	0	0	0	0	0	0	0	0	0	0	0	0	0	0	0	0	0	0	0	0	0	0	0	0	2.0	0	0	0	0	0	0	0	0	0	0	0	0	0	0	0	0	0	0	0	0	0	0	0	0	0	0	0	0	0	0	0	0	0	0	0	0	0	0	0	0	0	0	0	0	0	0	0	0	0	0	0	0	0	0	0	0	0	0	0	2.0	0	0	0	0	0	0	0	0	0	0	0	0	0	0	0	0	0	0	0	0	0	0	0	0	0	0	0	0	0	0	0	0	0	0	0	0	0	0	0	0	0	0	0	0	0	0	0	0	0	0
sk__Bacteria;k__;p__Verrucomicrobia;c__Spartobacteria;o__Chthoniobacterales;f__Chthoniobacteraceae;g__Chthoniobacter	0	0	1.0	0	0	0	0	0	0	0	0	0	0	0	0	0	0	0	0	0	0	0	0	0	0	0	0	0	0	0	0	0	0	0	0	1.0	0	0	0	0	0	0	0	0	0	0	0	0	0	0	0	0	0	0	0	0	0	0	0	0	0	0	0	0	0	0	0	0	0	0	0	0	0	0	0	0	0	0	0	0	0	0	0	0	0	0	0	0	0	0	0	0	0	0	0	0	0	0	0	0	0	0	0	0	0	0	0	0	0	0	0	0	0	0	0	0	0	0	0	0	0	0	0	0	0	0	0	1.0	0	0	0	0	0	0	0	0	0	0	0	0	0	0	0	0	0	0	0	0	0	0	0	0	0	0	0	0	0	0	0	0	0	0	0	0	0	0	0	0	0	0	0	0	0	0	0	0	0	0
sk__Bacteria;k__;p__Verrucomicrobia;c__Verrucomicrobiae	0	0	2.0	0	0	0	0	0	1.0	0	0	0	0	0	0	0	0	0	0	0	0	0	0	0	0	0	0	0	0	0	0	0	0	0	0	0	0	0	0	0	0	0	0	10.0	0	0	0	0	0	0	0	0	0	0	0	0	0	0	0	0	0	0	0	0	0	0	0	1.0	0	0	0	0	0	0	0	0	0	0	0	0	0	0	0	0	0	0	0	0	0	1.0	0	0	0	0	0	0	0	0	0	0	0	0	0	0	0	0	0	0	0	0	0	0	0	0	0	0	0	0	0	0	0	0	0	0	0	0	0	2.0	0	0	0	1.0	0	0	0	0	0	0	0	0	0	0	0	0	0	0	0	0	0	0	0	0	0	0	0	0	0	0	0	0	0	0	0	0	0	0	0	0	0	0	0	0	0	0	0	0	0	0
sk__Bacteria;k__;p__Verrucomicrobia;c__Verrucomicrobiae;o__Verrucomicrobiales;f__Akkermansiaceae;g__Akkermansia	0	0	0	0	0	0	0	0	0	0	0	0	1.0	0	0	0	0	0	0	0	0	0	0	0	0	0	0	0	0	0	0	0	0	0	0	0	0	0	0	0	0	0	0	0	0	0	0	0	0	0	0	0	0	0	0	0	0	0	0	0	0	0	0	0	0	0	0	0	0	0	0	0	0	0	0	0	0	0	0	0	0	0	0	0	0	0	0	0	0	0	0	0	0	0	0	0	0	0	0	0	0	0	0	0	0	0	0	0	0	0	0	0	0	0	0	0	0	0	0	0	0	0	0	0	0	0	0	0	0	0	0	0	0	0	0	0	0	0	0	0	0	0	0	0	0	0	0	0	0	0	0	0	0	0	0	0	0	0	0	0	0	0	0	0	0	0	0	0	0	0	0	0	0	0	0	0	0	0
sk__Bacteria;k__;p__Verrucomicrobia;c__Verrucomicrobiae;o__Verrucomicrobiales;f__Verrucomicrobiaceae	2.0	0	7.0	0	1.0	0	0	0	3.0	0	0	0	0	0	0	0	1.0	0	0	1.0	0	0	0	1.0	0	0	0	0	0	0	0	0	0	0	0	0	0	0	0	0	0	0	0	8.0	0	0	0	0	0	0	0	0	0	0	0	0	1.0	0	0	0	0	0	0	1.0	0	0	0	1.0	0	0	0	0	0	1.0	0	0	0	0	0	0	0	0	0	0	0	0	0	0	0	0	0	0	0	0	0	0	0	0	0	0	0	0	0	0	0	0	0	3.0	0	0	0	0	0	0	0	0	0	0	0	0	0	0	0	1.0	0	0	0	5.0	0	0	0	5.0	0	0	0	1.0	0	0	0	0	0	0	0	0	0	0	0	0	0	0	0	0	0	0	0	0	0	0	0	0	0	0	0	0	0	0	0	0	0	0	0	0	0	0	0	0	0	0
sk__Bacteria;k__;p__Verrucomicrobia;c__Verrucomicrobiae;o__Verrucomicrobiales;f__Verrucomicrobiaceae;g__Brevifollis	0	0	1.0	0	1.0	0	0	0	1.0	0	0	0	0	0	0	0	0	0	0	0	0	0	0	0	0	0	0	0	0	0	0	0	0	0	0	0	0	0	0	0	0	0	0	0	0	0	0	0	0	0	0	0	0	0	0	0	0	0	0	0	0	0	0	1.0	0	0	0	0	0	0	0	0	0	0	0	0	0	0	0	0	0	0	0	0	0	0	0	0	0	0	0	0	0	0	0	0	0	0	0	0	0	0	0	0	0	0	0	1.0	0	0	0	0	0	0	0	0	0	0	0	0	0	0	0	0	0	0	0	0	0	0	0	0	0	0	0	0	0	0	0	0	0	0	0	0	0	0	0	0	0	0	0	0	0	0	0	0	0	0	0	0	0	0	0	0	0	0	0	0	0	0	0	0	0	0	0	0	0	0
sk__Bacteria;k__;p__Verrucomicrobia;c__Verrucomicrobiae;o__Verrucomicrobiales;f__Verrucomicrobiaceae;g__Luteolibacter	0	0	0	0	0	0	0	0	0	0	0	0	0	0	0	0	0	0	0	0	0	0	0	0	0	0	0	0	0	0	0	0	0	0	0	0	0	0	0	0	0	0	0	0	0	0	0	0	0	0	0	0	0	0	0	0	0	0	0	0	0	0	0	1.0	0	1.0	0	0	0	0	0	0	0	0	0	0	0	0	0	0	0	0	0	0	0	0	0	0	0	0	0	0	0	0	0	0	0	0	0	0	0	0	0	0	0	0	0	0	0	0	0	0	0	0	0	0	0	0	0	0	0	0	0	0	0	0	0	0	0	0	0	0	0	0	0	0	0	0	0	0	0	0	0	0	0	0	0	0	0	0	0	0	0	0	0	0	0	0	0	0	0	0	0	0	0	0	0	0	0	0	0	0	1.0	0	0	0	0	0
sk__Bacteria;k__;p__Verrucomicrobia;c__Verrucomicrobiae;o__Verrucomicrobiales;f__Verrucomicrobiaceae;g__Prosthecobacter	0	0	2.0	0	3.0	0	0	0	0	0	0	0	0	0	2.0	0	0	0	0	1.0	0	0	0	1.0	0	0	0	0	0	0	0	1.0	0	0	0	0	0	0	0	0	0	0	0	0	0	0	0	0	0	0	0	0	0	0	0	0	0	0	0	0	0	0	0	0	0	0	0	0	0	0	0	0	0	0	0	0	0	1.0	0	0	0	0	0	0	0	0	0	0	0	0	0	0	0	0	0	1.0	0	0	0	0	0	0	0	2.0	0	0	0	0	0	0	0	0	0	0	0	0	0	0	0	0	0	0	0	0	0	1.0	0	0	0	0	0	0	0	0	0	0	0	0	0	0	0	0	0	0	0	0	0	0	0	0	0	0	0	0	0	0	0	0	0	0	0	0	0	0	0	0	0	0	0	0	0	0	0	0	0	0	0	0
sk__Bacteria;k__;p__Verrucomicrobia;c__Verrucomicrobiae;o__Verrucomicrobiales;f__Verrucomicrobiaceae;g__Roseimicrobium	0	0	1.0	0	0	0	0	0	0	0	0	0	0	0	0	0	0	0	0	0	0	0	0	0	0	0	0	0	0	0	0	0	0	0	0	0	0	0	0	0	0	0	0	2.0	0	0	0	0	0	0	0	0	0	0	0	0	0	0	0	0	0	0	0	0	0	0	0	0	0	0	0	0	0	0	0	0	0	0	0	0	0	0	0	0	0	0	0	0	0	0	0	0	0	0	0	0	0	0	0	0	0	0	0	0	0	0	0	0	0	0	0	2.0	0	0	0	0	0	0	0	0	0	0	0	0	0	0	0	0	0	0	0	0	0	0	0	0	0	0	0	0	0	0	0	0	0	0	0	0	0	0	0	0	0	0	0	0	0	0	0	0	0	0	0	0	0	0	0	0	0	0	0	0	0	0	0	0	0	0
sk__Bacteria;k__;p__candidate_division_NC10	0	0	0	0	0	0	0	0	0	0	0	0	0	0	0	0	0	0	0	0	0	0	0	0	0	0	0	0	0	0	0	0	0	0	0	0	0	0	0	0	0	0	0	0	0	0	0	0	0	0	0	0	0	0	0	0	0	0	0	0	0	1.0	0	0	0	0	0	0	0	0	0	0	0	0	0	0	0	0	0	0	0	0	0	0	0	0	0	0	0	0	0	0	0	0	0	0	0	0	0	0	0	0	0	0	0	0	0	0	0	0	0	0	0	0	0	0	0	1.0	0	0	0	0	0	0	0	0	0	0	0	0	0	0	0	0	0	0	0	0	0	0	0	0	0	0	0	0	0	0	0	0	0	0	0	0	0	0	0	0	0	0	0	0	0	0	0	0	0	0	0	0	0	0	0	0	0	0	0	0
sk__Chloroplast	0	0	0	0	0	14.0	2.0	2.0	1.0	1.0	0	0	13.0	4.0	1.0	0	0	0	0	1.0	0	1.0	2.0	2.0	4.0	0	1.0	0	0	1.0	0	0	6.0	0	0	1.0	8.0	0	0	1.0	4.0	0	1.0	1.0	1.0	0	0	0	19.0	2.0	1.0	50.0	1.0	4.0	1.0	2.0	0	3.0	1.0	3.0	6.0	0	0	0	0	1.0	0	0	0	0	0	0	0	4.0	0	0	0	0	0	0	0	6.0	0	24.0	0	0	2.0	8.0	0	0	1.0	0	0	0	0	0	0	0	0	0	2.0	0	0	0	2.0	0	0	3.0	0	0	0	0	0	0	0	1.0	0	0	0	9.0	0	0	0	0	0	0	1.0	4.0	7.0	0	0	4.0	0	0	0	0	5.0	0	1.0	0	1.0	0	0	4.0	4.0	8.0	0	0	1.0	1.0	0	0	0	0	0	0	0	0	0	0	0	0	0	0	0	0	0	0	0	0	5.0	0	0	0	2.0	0	0	0
sk__Mitochondria	0	0	1.0	0	1.0	0	7.0	0	1.0	0	1.0	0	5.0	2.0	1.0	0	0	0	0	0	0	0	0	0	0	0	0	0	0	0	0	1.0	0	1.0	0	1.0	0	0	0	4.0	0	0	0	13.0	0	0	0	0	0	0	0	0	0	0	3.0	0	0	0	0	0	0	0	0	0	1.0	1.0	0	0	0	0	0	0	0	1.0	0	0	0	0	0	0	0	1.0	0	2.0	0	0	0	0	0	0	0	0	0	0	0	0	0	0	0	0	0	0	0	0	0	0	0	0	0	3.0	0	0	0	0	0	0	0	2.0	0	4.0	0	0	0	0	0	0	0	3.0	0	2.0	0	6.0	0	0	0	0	0	0	0	0	0	0	0	2.0	0	0	1.0	0	0	0	0	0	0	0	0	0	0	0	0	0	0	0	0	0	0	0	0	0	0	0	1.0	0	1.0	0	0	0	0	0
sk__Mitochondria;k__;p__;c__;o__;f__;g__;s__Gleditsia_sinensis	0	0	0	0	0	0	0	0	0	0	0	0	0	0	0	1.0	0	0	0	0	0	0	0	0	1.0	0	0	0	0	0	0	0	0	0	0	0	0	0	0	0	0	0	0	0	0	0	0	0	2.0	0	0	4.0	0	1.0	0	0	0	0	1.0	0	0	0	0	0	0	0	0	0	0	0	0	0	0	0	0	0	0	0	0	0	0	0	0	0	0	0	0	0	0	0	0	0	0	0	0	0	0	0	0	0	0	0	0	0	0	0	0	0	0	0	0	0	0	0	0	0	0	0	0	0	0	0	0	0	0	0	0	0	0	0	0	0	0	0	0	0	1.0	0	0	0	0	0	0	0	2.0	0	0	0	0	1.0	0	0	0	0	0	0	0	0	0	0	0	0	0	0	0	0	0	0	0	0	0	0	0	0	0	0	0	0
sk__Mitochondria;k__;p__;c__;o__;f__;g__;s__Hypsibius_dujardini	0	0	0	0	0	0	0	0	0	0	0	0	0	0	0	0	0	0	0	0	0	0	0	0	0	0	0	0	0	0	0	0	0	0	0	0	0	0	0	0	0	0	0	0	0	0	0	0	0	0	0	0	0	0	0	0	0	0	0	0	0	0	0	0	0	0	0	0	0	0	0	0	0	0	0	0	0	0	0	0	0	0	0	0	0	0	0	0	0	0	0	0	0	0	0	0	0	0	0	0	0	0	0	0	0	0	0	0	0	0	0	0	0	0	0	0	0	0	0	0	0	0	0	0	0	0	0	1.0	0	0	0	0	0	0	0	0	0	0	0	0	0	0	0	0	0	0	0	0	0	0	0	0	0	0	0	0	0	0	0	0	0	0	0	0	0	0	0	0	0	0	0	0	0	0	0	0	0	0
