Source Name,Sample Name_micro,Characteristics[Organism]_micro,Term Source REF_micro,Term Accession Number_micro,Characteristics[Host Organism],Term Source REF.1_micro,Term Accession Number.1_micro,Characteristics[Host Strain],Term Source REF.2_micro,Term Accession Number.2_micro,Characteristics[Animal Source]_micro,Term Source REF.3_micro,Term Accession Number.3_micro,Characteristics[Sex]_micro,Term Source REF.4_micro,Term Accession Number.4_micro,Characteristics[Age at Launch]_micro,Unit_micro,Term Source REF.5_micro,Term Accession Number.5_micro,Characteristics[Material Type]_micro,Term Source REF.6_micro,Term Accession Number.6_micro,Factor Value[Spaceflight]_micro,Term Source REF.7_micro,Term Accession Number.7_micro,Factor Value[Ionizing Radiation],Term Source REF.8_micro,Term Accession Number.8_micro,Factor Value[Duration]_micro,Unit.1_micro,Term Source REF.9_micro,Term Accession Number.9_micro,Factor Value[Euthanasia Location]_micro,Term Source REF.10_micro,Term Accession Number.10_micro,Factor Value[Dissection Condition]_micro,Term Source REF.11_micro,Term Accession Number.11_micro,Protocol REF_micro,Parameter Value[NuRFB Lot Number used during Acclimation],Term Source REF.12_micro,Term Accession Number.12_micro,Parameter Value[NuRFB Lot Number used in the Habitat],Term Source REF.13_micro,Term Accession Number.13_micro,Parameter Value[NuRFB Nutrition Values],Term Source REF.14_micro,Term Accession Number.14_micro,Parameter Value[Euthanasia Method]_micro,Term Source REF.15,Term Accession Number.15,Parameter Value[Carcass Preservation Method]_micro,Unit.2_micro,Term Source REF.16,Term Accession Number.16,Parameter Value[Diet]_micro,Parameter Value[Feeding Schedule]_micro,Protocol REF.1_micro,Parameter Value[Carcass Weight]_micro,Unit.3_micro,Term Source REF.17,Term Accession Number.17,Parameter Value[Sample Preservation Method]_micro,Term Source REF.18,Term Accession Number.18,Parameter Value[Sample Storage Temperature]_micro,Unit.4_micro,Term Source REF.19,Term Accession Number.19,Comment[ALSDA Source Name]_micro,Comment[ALSDA Biospecimen Subject ID]_micro,Comment[ALSDA Biospecimen ID]_micro,Comment[LSDA Sample Name],Protocol REF.2,Parameter Value[absorbed radiation dose],Unit.5,Term Source REF.20,Term Accession Number.20,Parameter Value[exposure duration],Unit.6,Term Source REF.21,Term Accession Number.21,Parameter Value[absorbed radiation dose rate],Unit.7,Term Source REF.22,Term Accession Number.22,Parameter Value[ionizing radiation source],Term Source REF.23,Term Accession Number.23,Comment[Launch Date (dd-mmm-yyyy)],Comment[Euthanasia Date (dd-mmm-yyyy)],Comment[Dissection Date (dd-mmm-yyyy)],individual_id_micro,Sample Name_host,Characteristics[Organism]_host,Term Source REF_host,Term Accession Number_host,Characteristics[Strain],Term Source REF.1_host,Term Accession Number.1_host,Characteristics[Animal Source]_host,Characteristics[Sex]_host,Term Source REF.2_host,Term Accession Number.2_host,Characteristics[Age at Launch]_host,Unit_host,Term Source REF.3_host,Term Accession Number.3_host,Characteristics[Material Type]_host,Term Source REF.4_host,Term Accession Number.4_host,Factor Value[Spaceflight]_host,Term Source REF.5_host,Term Accession Number.5_host,Factor Value[Duration]_host,Unit.1_host,Term Source REF.6_host,Term Accession Number.6_host,Factor Value[Euthanasia Location]_host,Term Source REF.7_host,Term Accession Number.7_host,Factor Value[Dissection Condition]_host,Term Source REF.8_host,Term Accession Number.8_host,Protocol REF_host,Parameter Value[Enrichment material],Term Source REF.9_host,Term Accession Number.9_host,Parameter Value[Diet]_host,Parameter Value[Feeding Schedule]_host,Protocol REF.1_host,Parameter Value[Euthanasia Method]_host,Term Source REF.10_host,Term Accession Number.10_host,Parameter Value[Carcass Preservation Method]_host,Unit.2_host,Term Source REF.11_host,Term Accession Number.11_host,Parameter Value[Carcass Weight]_host,Unit.3_host,Term Source REF.12_host,Term Accession Number.12_host,Parameter Value[Sample Preservation Method]_host,Term Source REF.13_host,Term Accession Number.13_host,Parameter Value[Sample Storage Temperature]_host,Unit.4_host,Term Source REF.14_host,Term Accession Number.14_host,Comment[ALSDA Sample Name],Comment[Launch Date],Comment[Euthanasia Date],Comment[Dissection Date],Comment[ALSDA Source Name]_host,Comment[ALSDA Biospecimen Subject ID]_host,Comment[ALSDA Biospecimen ID]_host,individual_id_host,stratum
LAR Baseline 1,Mmus_C57-6T_FCS_BSL_LAR_Rep1_B1,Microbiota,MESH,http://purl.bioontology.org/ontology/MESH/D064307,Mus musculus,NCBITAXON,http://purl.bioontology.org/ontology/NCBITAXON/10090,C57BL/6NTac,MEDO,http://www.ebi.ac.uk/efo/medo/MEDO_0000006,Taconic Biosciences,,,Female,MESH,http://purl.bioontology.org/ontology/MESH/D005260,36,week,UO,http://purl.obolibrary.org/obo/UO_0000034,Feces,MESH,http://purl.bioontology.org/ontology/MESH/D005243,Basal Control,,,non-irradiated,RBO,http://purl.obolibrary.org/obo/RBO_00005025,0,day,UO,http://purl.obolibrary.org/obo/UO_0000033,On Earth,,,Upon euthanasia,,,animal husbandry,XTR-10/11/2016 and XTR-02/15/2016,,,XTR-05/01/2017,,,GLDS-249_metagenomics_RR6-NuRFB-Nutrition-Values.csv,,,"Isoflurane, Thoracotomy, Cardiac Puncture",,,,Not Applicable,,,Nutrient Upgraded Rodent Food Bar (NuRFB),ad libitum,sample collection,24.42,gram,UO,http://purl.obolibrary.org/obo/UO_0000021,Liquid Nitrogen,NCIT,http://ncicb.nci.nih.gov/xml/owl/EVS/Thesaurus.owl#C68796,-80,degree Celsius,UO,http://purl.obolibrary.org/obo/UO_0000027,2035,598,5897,Feces LAR-Base 1,radiation dosimetry,,Not Applicable,NCIT,http://ncicb.nci.nih.gov/xml/owl/EVS/Thesaurus.owl#C48660,,Not Applicable,NCIT,http://ncicb.nci.nih.gov/xml/owl/EVS/Thesaurus.owl#C48660,,Not Applicable,NCIT,http://ncicb.nci.nih.gov/xml/owl/EVS/Thesaurus.owl#C48660,Not Applicable,NCIT,http://ncicb.nci.nih.gov/xml/owl/EVS/Thesaurus.owl#C48660,09-Dec-2017,09-Dec-2017,09-Dec-2017,2035,Mmus_C57-6T_LVR_BSL_LAR_Rep9_B1,Mus musculus,NCBITAXON,http://purl.bioontology.org/ontology/NCBITAXON/10090,C57BL/6NTac,MEDO,http://www.ebi.ac.uk/efo/medo/MEDO_0000006,Taconic Biosciences,Female,MESH,http://purl.bioontology.org/ontology/MESH/D005260,36,week,UO,http://purl.obolibrary.org/obo/UO_0000034,Liver,MESH,http://purl.bioontology.org/ontology/MESH/D008099,Basal Control,,,0,day,UO,http://purl.obolibrary.org/obo/UO_0000033,On Earth,,,Upon euthanasia,,,animal husbandry,Not Applicable,NCIT,http://ncicb.nci.nih.gov/xml/owl/EVS/Thesaurus.owl#C48660,Nutrient Upgraded Rodent Food Bar (NuRFB),ad libitum,sample collection,"Isoflurane, Thoracotomy, Cardiac Puncture",,,,Not Available,,,24.42,gram,UO,http://purl.obolibrary.org/obo/UO_0000021,Liquid Nitrogen,NCIT,http://ncicb.nci.nih.gov/xml/owl/EVS/Thesaurus.owl#C68796,-80,degree Celsius,UO,http://purl.obolibrary.org/obo/UO_0000027,Liver LAR-Base 1,09-Dec-2017,09-Dec-2017,09-Dec-2017,2035,598,5904,2035,BSL_LAR
LAR Baseline 2,Mmus_C57-6T_FCS_BSL_LAR_Rep2_B2,Microbiota,MESH,http://purl.bioontology.org/ontology/MESH/D064307,Mus musculus,NCBITAXON,http://purl.bioontology.org/ontology/NCBITAXON/10090,C57BL/6NTac,MEDO,http://www.ebi.ac.uk/efo/medo/MEDO_0000006,Taconic Biosciences,,,Female,MESH,http://purl.bioontology.org/ontology/MESH/D005260,36,week,UO,http://purl.obolibrary.org/obo/UO_0000034,Feces,MESH,http://purl.bioontology.org/ontology/MESH/D005243,Basal Control,,,non-irradiated,RBO,http://purl.obolibrary.org/obo/RBO_00005025,0,day,UO,http://purl.obolibrary.org/obo/UO_0000033,On Earth,,,Upon euthanasia,,,animal husbandry,XTR-10/11/2016 and XTR-02/15/2016,,,XTR-05/01/2017,,,GLDS-249_metagenomics_RR6-NuRFB-Nutrition-Values.csv,,,"Isoflurane, Thoracotomy, Cardiac Puncture",,,,Not Applicable,,,Nutrient Upgraded Rodent Food Bar (NuRFB),ad libitum,sample collection,28.14,gram,UO,http://purl.obolibrary.org/obo/UO_0000021,Liquid Nitrogen,NCIT,http://ncicb.nci.nih.gov/xml/owl/EVS/Thesaurus.owl#C68796,-80,degree Celsius,UO,http://purl.obolibrary.org/obo/UO_0000027,5854,598,5897,Feces LAR-Base 2,radiation dosimetry,,Not Applicable,NCIT,http://ncicb.nci.nih.gov/xml/owl/EVS/Thesaurus.owl#C48660,,Not Applicable,NCIT,http://ncicb.nci.nih.gov/xml/owl/EVS/Thesaurus.owl#C48660,,Not Applicable,NCIT,http://ncicb.nci.nih.gov/xml/owl/EVS/Thesaurus.owl#C48660,Not Applicable,NCIT,http://ncicb.nci.nih.gov/xml/owl/EVS/Thesaurus.owl#C48660,09-Dec-2017,09-Dec-2017,09-Dec-2017,5854,Mmus_C57-6T_LVR_BSL_LAR_Rep1_B2,Mus musculus,NCBITAXON,http://purl.bioontology.org/ontology/NCBITAXON/10090,C57BL/6NTac,MEDO,http://www.ebi.ac.uk/efo/medo/MEDO_0000006,Taconic Biosciences,Female,MESH,http://purl.bioontology.org/ontology/MESH/D005260,36,week,UO,http://purl.obolibrary.org/obo/UO_0000034,Liver,MESH,http://purl.bioontology.org/ontology/MESH/D008099,Basal Control,,,0,day,UO,http://purl.obolibrary.org/obo/UO_0000033,On Earth,,,Upon euthanasia,,,animal husbandry,Not Applicable,NCIT,http://ncicb.nci.nih.gov/xml/owl/EVS/Thesaurus.owl#C48660,Nutrient Upgraded Rodent Food Bar (NuRFB),ad libitum,sample collection,"Isoflurane, Thoracotomy, Cardiac Puncture",,,,Not Available,,,28.14,gram,UO,http://purl.obolibrary.org/obo/UO_0000021,Liquid Nitrogen,NCIT,http://ncicb.nci.nih.gov/xml/owl/EVS/Thesaurus.owl#C68796,-80,degree Celsius,UO,http://purl.obolibrary.org/obo/UO_0000027,Liver LAR-Base 2,09-Dec-2017,09-Dec-2017,09-Dec-2017,5854,598,5904,5854,BSL_LAR
LAR Baseline 5,Mmus_C57-6T_FCS_BSL_LAR_Rep3_B5,Microbiota,MESH,http://purl.bioontology.org/ontology/MESH/D064307,Mus musculus,NCBITAXON,http://purl.bioontology.org/ontology/NCBITAXON/10090,C57BL/6NTac,MEDO,http://www.ebi.ac.uk/efo/medo/MEDO_0000006,Taconic Biosciences,,,Female,MESH,http://purl.bioontology.org/ontology/MESH/D005260,36,week,UO,http://purl.obolibrary.org/obo/UO_0000034,Feces,MESH,http://purl.bioontology.org/ontology/MESH/D005243,Basal Control,,,non-irradiated,RBO,http://purl.obolibrary.org/obo/RBO_00005025,0,day,UO,http://purl.obolibrary.org/obo/UO_0000033,On Earth,,,Upon euthanasia,,,animal husbandry,XTR-10/11/2016 and XTR-02/15/2016,,,XTR-05/01/2017,,,GLDS-249_metagenomics_RR6-NuRFB-Nutrition-Values.csv,,,"Isoflurane, Thoracotomy, Cardiac Puncture",,,,Not Applicable,,,Nutrient Upgraded Rodent Food Bar (NuRFB),ad libitum,sample collection,28.04,gram,UO,http://purl.obolibrary.org/obo/UO_0000021,Liquid Nitrogen,NCIT,http://ncicb.nci.nih.gov/xml/owl/EVS/Thesaurus.owl#C68796,-80,degree Celsius,UO,http://purl.obolibrary.org/obo/UO_0000027,7318,598,5897,Feces LAR-Base 5,radiation dosimetry,,Not Applicable,NCIT,http://ncicb.nci.nih.gov/xml/owl/EVS/Thesaurus.owl#C48660,,Not Applicable,NCIT,http://ncicb.nci.nih.gov/xml/owl/EVS/Thesaurus.owl#C48660,,Not Applicable,NCIT,http://ncicb.nci.nih.gov/xml/owl/EVS/Thesaurus.owl#C48660,Not Applicable,NCIT,http://ncicb.nci.nih.gov/xml/owl/EVS/Thesaurus.owl#C48660,09-Dec-2017,09-Dec-2017,09-Dec-2017,7318,Mmus_C57-6T_LVR_BSL_LAR_Rep3_B5,Mus musculus,NCBITAXON,http://purl.bioontology.org/ontology/NCBITAXON/10090,C57BL/6NTac,MEDO,http://www.ebi.ac.uk/efo/medo/MEDO_0000006,Taconic Biosciences,Female,MESH,http://purl.bioontology.org/ontology/MESH/D005260,36,week,UO,http://purl.obolibrary.org/obo/UO_0000034,Liver,MESH,http://purl.bioontology.org/ontology/MESH/D008099,Basal Control,,,0,day,UO,http://purl.obolibrary.org/obo/UO_0000033,On Earth,,,Upon euthanasia,,,animal husbandry,Not Applicable,NCIT,http://ncicb.nci.nih.gov/xml/owl/EVS/Thesaurus.owl#C48660,Nutrient Upgraded Rodent Food Bar (NuRFB),ad libitum,sample collection,"Isoflurane, Thoracotomy, Cardiac Puncture",,,,Not Available,,,28.04,gram,UO,http://purl.obolibrary.org/obo/UO_0000021,Liquid Nitrogen,NCIT,http://ncicb.nci.nih.gov/xml/owl/EVS/Thesaurus.owl#C68796,-80,degree Celsius,UO,http://purl.obolibrary.org/obo/UO_0000027,Liver LAR-Base 5,09-Dec-2017,09-Dec-2017,09-Dec-2017,7318,598,5904,7318,BSL_LAR
LAR Baseline 6,Mmus_C57-6T_FCS_BSL_LAR_Rep4_B6,Microbiota,MESH,http://purl.bioontology.org/ontology/MESH/D064307,Mus musculus,NCBITAXON,http://purl.bioontology.org/ontology/NCBITAXON/10090,C57BL/6NTac,MEDO,http://www.ebi.ac.uk/efo/medo/MEDO_0000006,Taconic Biosciences,,,Female,MESH,http://purl.bioontology.org/ontology/MESH/D005260,36,week,UO,http://purl.obolibrary.org/obo/UO_0000034,Feces,MESH,http://purl.bioontology.org/ontology/MESH/D005243,Basal Control,,,non-irradiated,RBO,http://purl.obolibrary.org/obo/RBO_00005025,0,day,UO,http://purl.obolibrary.org/obo/UO_0000033,On Earth,,,Upon euthanasia,,,animal husbandry,XTR-10/11/2016 and XTR-02/15/2016,,,XTR-05/01/2017,,,GLDS-249_metagenomics_RR6-NuRFB-Nutrition-Values.csv,,,"Isoflurane, Thoracotomy, Cardiac Puncture",,,,Not Applicable,,,Nutrient Upgraded Rodent Food Bar (NuRFB),ad libitum,sample collection,30.02,gram,UO,http://purl.obolibrary.org/obo/UO_0000021,Liquid Nitrogen,NCIT,http://ncicb.nci.nih.gov/xml/owl/EVS/Thesaurus.owl#C68796,-80,degree Celsius,UO,http://purl.obolibrary.org/obo/UO_0000027,347F,598,5897,Feces LAR-Base 6,radiation dosimetry,,Not Applicable,NCIT,http://ncicb.nci.nih.gov/xml/owl/EVS/Thesaurus.owl#C48660,,Not Applicable,NCIT,http://ncicb.nci.nih.gov/xml/owl/EVS/Thesaurus.owl#C48660,,Not Applicable,NCIT,http://ncicb.nci.nih.gov/xml/owl/EVS/Thesaurus.owl#C48660,Not Applicable,NCIT,http://ncicb.nci.nih.gov/xml/owl/EVS/Thesaurus.owl#C48660,09-Dec-2017,09-Dec-2017,09-Dec-2017,347F,Mmus_C57-6T_LVR_BSL_LAR_Rep5_B6,Mus musculus,NCBITAXON,http://purl.bioontology.org/ontology/NCBITAXON/10090,C57BL/6NTac,MEDO,http://www.ebi.ac.uk/efo/medo/MEDO_0000006,Taconic Biosciences,Female,MESH,http://purl.bioontology.org/ontology/MESH/D005260,36,week,UO,http://purl.obolibrary.org/obo/UO_0000034,Liver,MESH,http://purl.bioontology.org/ontology/MESH/D008099,Basal Control,,,0,day,UO,http://purl.obolibrary.org/obo/UO_0000033,On Earth,,,Upon euthanasia,,,animal husbandry,Not Applicable,NCIT,http://ncicb.nci.nih.gov/xml/owl/EVS/Thesaurus.owl#C48660,Nutrient Upgraded Rodent Food Bar (NuRFB),ad libitum,sample collection,"Isoflurane, Thoracotomy, Cardiac Puncture",,,,Not Available,,,30.02,gram,UO,http://purl.obolibrary.org/obo/UO_0000021,Liquid Nitrogen,NCIT,http://ncicb.nci.nih.gov/xml/owl/EVS/Thesaurus.owl#C68796,-80,degree Celsius,UO,http://purl.obolibrary.org/obo/UO_0000027,Liver LAR-Base 6,09-Dec-2017,09-Dec-2017,09-Dec-2017,347F,598,5904,347F,BSL_LAR
LAR Baseline 7,Mmus_C57-6T_FCS_BSL_LAR_Rep5_B7,Microbiota,MESH,http://purl.bioontology.org/ontology/MESH/D064307,Mus musculus,NCBITAXON,http://purl.bioontology.org/ontology/NCBITAXON/10090,C57BL/6NTac,MEDO,http://www.ebi.ac.uk/efo/medo/MEDO_0000006,Taconic Biosciences,,,Female,MESH,http://purl.bioontology.org/ontology/MESH/D005260,36,week,UO,http://purl.obolibrary.org/obo/UO_0000034,Feces,MESH,http://purl.bioontology.org/ontology/MESH/D005243,Basal Control,,,non-irradiated,RBO,http://purl.obolibrary.org/obo/RBO_00005025,0,day,UO,http://purl.obolibrary.org/obo/UO_0000033,On Earth,,,Upon euthanasia,,,animal husbandry,XTR-10/11/2016 and XTR-02/15/2016,,,XTR-05/01/2017,,,GLDS-249_metagenomics_RR6-NuRFB-Nutrition-Values.csv,,,"Isoflurane, Thoracotomy, Cardiac Puncture",,,,Not Applicable,,,Nutrient Upgraded Rodent Food Bar (NuRFB),ad libitum,sample collection,23.44,gram,UO,http://purl.obolibrary.org/obo/UO_0000021,Liquid Nitrogen,NCIT,http://ncicb.nci.nih.gov/xml/owl/EVS/Thesaurus.owl#C68796,-80,degree Celsius,UO,http://purl.obolibrary.org/obo/UO_0000027,5C68,598,5897,Feces LAR-Base 7,radiation dosimetry,,Not Applicable,NCIT,http://ncicb.nci.nih.gov/xml/owl/EVS/Thesaurus.owl#C48660,,Not Applicable,NCIT,http://ncicb.nci.nih.gov/xml/owl/EVS/Thesaurus.owl#C48660,,Not Applicable,NCIT,http://ncicb.nci.nih.gov/xml/owl/EVS/Thesaurus.owl#C48660,Not Applicable,NCIT,http://ncicb.nci.nih.gov/xml/owl/EVS/Thesaurus.owl#C48660,09-Dec-2017,09-Dec-2017,09-Dec-2017,5C68,Mmus_C57-6T_LVR_BSL_LAR_Rep6_B7,Mus musculus,NCBITAXON,http://purl.bioontology.org/ontology/NCBITAXON/10090,C57BL/6NTac,MEDO,http://www.ebi.ac.uk/efo/medo/MEDO_0000006,Taconic Biosciences,Female,MESH,http://purl.bioontology.org/ontology/MESH/D005260,36,week,UO,http://purl.obolibrary.org/obo/UO_0000034,Liver,MESH,http://purl.bioontology.org/ontology/MESH/D008099,Basal Control,,,0,day,UO,http://purl.obolibrary.org/obo/UO_0000033,On Earth,,,Upon euthanasia,,,animal husbandry,Not Applicable,NCIT,http://ncicb.nci.nih.gov/xml/owl/EVS/Thesaurus.owl#C48660,Nutrient Upgraded Rodent Food Bar (NuRFB),ad libitum,sample collection,"Isoflurane, Thoracotomy, Cardiac Puncture",,,,Not Available,,,23.44,gram,UO,http://purl.obolibrary.org/obo/UO_0000021,Liquid Nitrogen,NCIT,http://ncicb.nci.nih.gov/xml/owl/EVS/Thesaurus.owl#C68796,-80,degree Celsius,UO,http://purl.obolibrary.org/obo/UO_0000027,Liver LAR-Base 7,09-Dec-2017,09-Dec-2017,09-Dec-2017,5C68,598,5904,5C68,BSL_LAR
LAR Baseline 10,Mmus_C57-6T_FCS_BSL_LAR_Rep7_B10,Microbiota,MESH,http://purl.bioontology.org/ontology/MESH/D064307,Mus musculus,NCBITAXON,http://purl.bioontology.org/ontology/NCBITAXON/10090,C57BL/6NTac,MEDO,http://www.ebi.ac.uk/efo/medo/MEDO_0000006,Taconic Biosciences,,,Female,MESH,http://purl.bioontology.org/ontology/MESH/D005260,36,week,UO,http://purl.obolibrary.org/obo/UO_0000034,Feces,MESH,http://purl.bioontology.org/ontology/MESH/D005243,Basal Control,,,non-irradiated,RBO,http://purl.obolibrary.org/obo/RBO_00005025,0,day,UO,http://purl.obolibrary.org/obo/UO_0000033,On Earth,,,Upon euthanasia,,,animal husbandry,XTR-10/11/2016 and XTR-02/15/2016,,,XTR-05/01/2017,,,GLDS-249_metagenomics_RR6-NuRFB-Nutrition-Values.csv,,,"Isoflurane, Thoracotomy, Cardiac Puncture",,,,Not Applicable,,,Nutrient Upgraded Rodent Food Bar (NuRFB),ad libitum,sample collection,25.72,gram,UO,http://purl.obolibrary.org/obo/UO_0000021,Liquid Nitrogen,NCIT,http://ncicb.nci.nih.gov/xml/owl/EVS/Thesaurus.owl#C68796,-80,degree Celsius,UO,http://purl.obolibrary.org/obo/UO_0000027,6B5B,598,5897,Feces LAR-Base 10,radiation dosimetry,,Not Applicable,NCIT,http://ncicb.nci.nih.gov/xml/owl/EVS/Thesaurus.owl#C48660,,Not Applicable,NCIT,http://ncicb.nci.nih.gov/xml/owl/EVS/Thesaurus.owl#C48660,,Not Applicable,NCIT,http://ncicb.nci.nih.gov/xml/owl/EVS/Thesaurus.owl#C48660,Not Applicable,NCIT,http://ncicb.nci.nih.gov/xml/owl/EVS/Thesaurus.owl#C48660,09-Dec-2017,09-Dec-2017,09-Dec-2017,6B5B,Mmus_C57-6T_LVR_BSL_LAR_Rep4_B10,Mus musculus,NCBITAXON,http://purl.bioontology.org/ontology/NCBITAXON/10090,C57BL/6NTac,MEDO,http://www.ebi.ac.uk/efo/medo/MEDO_0000006,Taconic Biosciences,Female,MESH,http://purl.bioontology.org/ontology/MESH/D005260,36,week,UO,http://purl.obolibrary.org/obo/UO_0000034,Liver,MESH,http://purl.bioontology.org/ontology/MESH/D008099,Basal Control,,,0,day,UO,http://purl.obolibrary.org/obo/UO_0000033,On Earth,,,Upon euthanasia,,,animal husbandry,Not Applicable,NCIT,http://ncicb.nci.nih.gov/xml/owl/EVS/Thesaurus.owl#C48660,Nutrient Upgraded Rodent Food Bar (NuRFB),ad libitum,sample collection,"Isoflurane, Thoracotomy, Cardiac Puncture",,,,Not Available,,,25.72,gram,UO,http://purl.obolibrary.org/obo/UO_0000021,Liquid Nitrogen,NCIT,http://ncicb.nci.nih.gov/xml/owl/EVS/Thesaurus.owl#C68796,-80,degree Celsius,UO,http://purl.obolibrary.org/obo/UO_0000027,Liver LAR-Base 10,09-Dec-2017,09-Dec-2017,09-Dec-2017,6B5B,598,5904,6B5B,BSL_LAR
LAR GC 2,Mmus_C57-6T_FCS_GC_LAR_Rep1_G2,Microbiota,MESH,http://purl.bioontology.org/ontology/MESH/D064307,Mus musculus,NCBITAXON,http://purl.bioontology.org/ontology/NCBITAXON/10090,C57BL/6NTac,MEDO,http://www.ebi.ac.uk/efo/medo/MEDO_0000006,Taconic Biosciences,,,Female,MESH,http://purl.bioontology.org/ontology/MESH/D005260,36,week,UO,http://purl.obolibrary.org/obo/UO_0000034,Feces,MESH,http://purl.bioontology.org/ontology/MESH/D005243,Ground Control,,,non-irradiated,RBO,http://purl.obolibrary.org/obo/RBO_00005025,~30,day,UO,http://purl.obolibrary.org/obo/UO_0000033,On Earth,,,Upon euthanasia,,,animal husbandry,XTR-10/11/2016 and XTR-02/15/2016,,,XTR-05/01/2017,,,GLDS-249_metagenomics_RR6-NuRFB-Nutrition-Values.csv,,,"Isoflurane, Thoracotomy, Cardiac Puncture",,,,Not Applicable,,,Nutrient Upgraded Rodent Food Bar (NuRFB),ad libitum,sample collection,31.8,gram,UO,http://purl.obolibrary.org/obo/UO_0000021,Liquid Nitrogen,NCIT,http://ncicb.nci.nih.gov/xml/owl/EVS/Thesaurus.owl#C68796,-80,degree Celsius,UO,http://purl.obolibrary.org/obo/UO_0000027,2A2A,597,6082,Feces GC-LAR 2,radiation dosimetry,,Not Applicable,NCIT,http://ncicb.nci.nih.gov/xml/owl/EVS/Thesaurus.owl#C48660,,Not Applicable,NCIT,http://ncicb.nci.nih.gov/xml/owl/EVS/Thesaurus.owl#C48660,,Not Applicable,NCIT,http://ncicb.nci.nih.gov/xml/owl/EVS/Thesaurus.owl#C48660,Not Applicable,NCIT,http://ncicb.nci.nih.gov/xml/owl/EVS/Thesaurus.owl#C48660,12-Dec-2017,16-Jan-2018,16-Jan-2018,2A2A,Mmus_C57-6T_LVR_GC_LAR_Rep8_G2,Mus musculus,NCBITAXON,http://purl.bioontology.org/ontology/NCBITAXON/10090,C57BL/6NTac,MEDO,http://www.ebi.ac.uk/efo/medo/MEDO_0000006,Taconic Biosciences,Female,MESH,http://purl.bioontology.org/ontology/MESH/D005260,36,week,UO,http://purl.obolibrary.org/obo/UO_0000034,Liver,MESH,http://purl.bioontology.org/ontology/MESH/D008099,Ground Control,,,~30,day,UO,http://purl.obolibrary.org/obo/UO_0000033,On Earth,,,Upon euthanasia,,,animal husbandry,Hut,,,Nutrient Upgraded Rodent Food Bar (NuRFB),ad libitum,sample collection,"Isoflurane, Thoracotomy, Cardiac Puncture",,,,Not Available,,,31.8,gram,UO,http://purl.obolibrary.org/obo/UO_0000021,Liquid Nitrogen,NCIT,http://ncicb.nci.nih.gov/xml/owl/EVS/Thesaurus.owl#C68796,-80,degree Celsius,UO,http://purl.obolibrary.org/obo/UO_0000027,Liver GC-LAR 2,12-Dec-2017,16-Jan-2018,16-Jan-2018,2A2A,597,6089,2A2A,GC_LAR
LAR GC 3,Mmus_C57-6T_FCS_GC_LAR_Rep2_G3,Microbiota,MESH,http://purl.bioontology.org/ontology/MESH/D064307,Mus musculus,NCBITAXON,http://purl.bioontology.org/ontology/NCBITAXON/10090,C57BL/6NTac,MEDO,http://www.ebi.ac.uk/efo/medo/MEDO_0000006,Taconic Biosciences,,,Female,MESH,http://purl.bioontology.org/ontology/MESH/D005260,36,week,UO,http://purl.obolibrary.org/obo/UO_0000034,Feces,MESH,http://purl.bioontology.org/ontology/MESH/D005243,Ground Control,,,non-irradiated,RBO,http://purl.obolibrary.org/obo/RBO_00005025,~30,day,UO,http://purl.obolibrary.org/obo/UO_0000033,On Earth,,,Upon euthanasia,,,animal husbandry,XTR-10/11/2016 and XTR-02/15/2016,,,XTR-05/01/2017,,,GLDS-249_metagenomics_RR6-NuRFB-Nutrition-Values.csv,,,"Isoflurane, Thoracotomy, Cardiac Puncture",,,,Not Applicable,,,Nutrient Upgraded Rodent Food Bar (NuRFB),ad libitum,sample collection,25.9,gram,UO,http://purl.obolibrary.org/obo/UO_0000021,Liquid Nitrogen,NCIT,http://ncicb.nci.nih.gov/xml/owl/EVS/Thesaurus.owl#C68796,-80,degree Celsius,UO,http://purl.obolibrary.org/obo/UO_0000027,6602,597,6082,Feces GC-LAR 3,radiation dosimetry,,Not Applicable,NCIT,http://ncicb.nci.nih.gov/xml/owl/EVS/Thesaurus.owl#C48660,,Not Applicable,NCIT,http://ncicb.nci.nih.gov/xml/owl/EVS/Thesaurus.owl#C48660,,Not Applicable,NCIT,http://ncicb.nci.nih.gov/xml/owl/EVS/Thesaurus.owl#C48660,Not Applicable,NCIT,http://ncicb.nci.nih.gov/xml/owl/EVS/Thesaurus.owl#C48660,12-Dec-2017,16-Jan-2018,16-Jan-2018,6602,Mmus_C57-6T_LVR_GC_LAR_Rep9_G3,Mus musculus,NCBITAXON,http://purl.bioontology.org/ontology/NCBITAXON/10090,C57BL/6NTac,MEDO,http://www.ebi.ac.uk/efo/medo/MEDO_0000006,Taconic Biosciences,Female,MESH,http://purl.bioontology.org/ontology/MESH/D005260,36,week,UO,http://purl.obolibrary.org/obo/UO_0000034,Liver,MESH,http://purl.bioontology.org/ontology/MESH/D008099,Ground Control,,,~30,day,UO,http://purl.obolibrary.org/obo/UO_0000033,On Earth,,,Upon euthanasia,,,animal husbandry,Hut,,,Nutrient Upgraded Rodent Food Bar (NuRFB),ad libitum,sample collection,"Isoflurane, Thoracotomy, Cardiac Puncture",,,,Not Available,,,25.9,gram,UO,http://purl.obolibrary.org/obo/UO_0000021,Liquid Nitrogen,NCIT,http://ncicb.nci.nih.gov/xml/owl/EVS/Thesaurus.owl#C68796,-80,degree Celsius,UO,http://purl.obolibrary.org/obo/UO_0000027,Liver GC-LAR 3,12-Dec-2017,16-Jan-2018,16-Jan-2018,6602,597,6089,6602,GC_LAR
LAR GC 4,Mmus_C57-6T_FCS_GC_LAR_Rep3_G4,Microbiota,MESH,http://purl.bioontology.org/ontology/MESH/D064307,Mus musculus,NCBITAXON,http://purl.bioontology.org/ontology/NCBITAXON/10090,C57BL/6NTac,MEDO,http://www.ebi.ac.uk/efo/medo/MEDO_0000006,Taconic Biosciences,,,Female,MESH,http://purl.bioontology.org/ontology/MESH/D005260,36,week,UO,http://purl.obolibrary.org/obo/UO_0000034,Feces,MESH,http://purl.bioontology.org/ontology/MESH/D005243,Ground Control,,,non-irradiated,RBO,http://purl.obolibrary.org/obo/RBO_00005025,~30,day,UO,http://purl.obolibrary.org/obo/UO_0000033,On Earth,,,Upon euthanasia,,,animal husbandry,XTR-10/11/2016 and XTR-02/15/2016,,,XTR-05/01/2017,,,GLDS-249_metagenomics_RR6-NuRFB-Nutrition-Values.csv,,,"Isoflurane, Thoracotomy, Cardiac Puncture",,,,Not Applicable,,,Nutrient Upgraded Rodent Food Bar (NuRFB),ad libitum,sample collection,28.4,gram,UO,http://purl.obolibrary.org/obo/UO_0000021,Liquid Nitrogen,NCIT,http://ncicb.nci.nih.gov/xml/owl/EVS/Thesaurus.owl#C68796,-80,degree Celsius,UO,http://purl.obolibrary.org/obo/UO_0000027,1841,597,6082,Feces GC-LAR 4,radiation dosimetry,,Not Applicable,NCIT,http://ncicb.nci.nih.gov/xml/owl/EVS/Thesaurus.owl#C48660,,Not Applicable,NCIT,http://ncicb.nci.nih.gov/xml/owl/EVS/Thesaurus.owl#C48660,,Not Applicable,NCIT,http://ncicb.nci.nih.gov/xml/owl/EVS/Thesaurus.owl#C48660,Not Applicable,NCIT,http://ncicb.nci.nih.gov/xml/owl/EVS/Thesaurus.owl#C48660,12-Dec-2017,16-Jan-2018,16-Jan-2018,1841,Mmus_C57-6T_LVR_GC_LAR_Rep2_G4,Mus musculus,NCBITAXON,http://purl.bioontology.org/ontology/NCBITAXON/10090,C57BL/6NTac,MEDO,http://www.ebi.ac.uk/efo/medo/MEDO_0000006,Taconic Biosciences,Female,MESH,http://purl.bioontology.org/ontology/MESH/D005260,36,week,UO,http://purl.obolibrary.org/obo/UO_0000034,Liver,MESH,http://purl.bioontology.org/ontology/MESH/D008099,Ground Control,,,~30,day,UO,http://purl.obolibrary.org/obo/UO_0000033,On Earth,,,Upon euthanasia,,,animal husbandry,Hut,,,Nutrient Upgraded Rodent Food Bar (NuRFB),ad libitum,sample collection,"Isoflurane, Thoracotomy, Cardiac Puncture",,,,Not Available,,,28.4,gram,UO,http://purl.obolibrary.org/obo/UO_0000021,Liquid Nitrogen,NCIT,http://ncicb.nci.nih.gov/xml/owl/EVS/Thesaurus.owl#C68796,-80,degree Celsius,UO,http://purl.obolibrary.org/obo/UO_0000027,Liver GC-LAR 4,12-Dec-2017,16-Jan-2018,16-Jan-2018,1841,597,6089,1841,GC_LAR
LAR GC 5,Mmus_C57-6T_FCS_GC_LAR_Rep4_G5,Microbiota,MESH,http://purl.bioontology.org/ontology/MESH/D064307,Mus musculus,NCBITAXON,http://purl.bioontology.org/ontology/NCBITAXON/10090,C57BL/6NTac,MEDO,http://www.ebi.ac.uk/efo/medo/MEDO_0000006,Taconic Biosciences,,,Female,MESH,http://purl.bioontology.org/ontology/MESH/D005260,36,week,UO,http://purl.obolibrary.org/obo/UO_0000034,Feces,MESH,http://purl.bioontology.org/ontology/MESH/D005243,Ground Control,,,non-irradiated,RBO,http://purl.obolibrary.org/obo/RBO_00005025,~30,day,UO,http://purl.obolibrary.org/obo/UO_0000033,On Earth,,,Upon euthanasia,,,animal husbandry,XTR-10/11/2016 and XTR-02/15/2016,,,XTR-05/01/2017,,,GLDS-249_metagenomics_RR6-NuRFB-Nutrition-Values.csv,,,"Isoflurane, Thoracotomy, Cardiac Puncture",,,,Not Applicable,,,Nutrient Upgraded Rodent Food Bar (NuRFB),ad libitum,sample collection,35.6,gram,UO,http://purl.obolibrary.org/obo/UO_0000021,Liquid Nitrogen,NCIT,http://ncicb.nci.nih.gov/xml/owl/EVS/Thesaurus.owl#C68796,-80,degree Celsius,UO,http://purl.obolibrary.org/obo/UO_0000027,425C,597,6082,Feces GC-LAR 5,radiation dosimetry,,Not Applicable,NCIT,http://ncicb.nci.nih.gov/xml/owl/EVS/Thesaurus.owl#C48660,,Not Applicable,NCIT,http://ncicb.nci.nih.gov/xml/owl/EVS/Thesaurus.owl#C48660,,Not Applicable,NCIT,http://ncicb.nci.nih.gov/xml/owl/EVS/Thesaurus.owl#C48660,Not Applicable,NCIT,http://ncicb.nci.nih.gov/xml/owl/EVS/Thesaurus.owl#C48660,12-Dec-2017,16-Jan-2018,16-Jan-2018,425C,Mmus_C57-6T_LVR_GC_LAR_Rep4_G5,Mus musculus,NCBITAXON,http://purl.bioontology.org/ontology/NCBITAXON/10090,C57BL/6NTac,MEDO,http://www.ebi.ac.uk/efo/medo/MEDO_0000006,Taconic Biosciences,Female,MESH,http://purl.bioontology.org/ontology/MESH/D005260,36,week,UO,http://purl.obolibrary.org/obo/UO_0000034,Liver,MESH,http://purl.bioontology.org/ontology/MESH/D008099,Ground Control,,,~30,day,UO,http://purl.obolibrary.org/obo/UO_0000033,On Earth,,,Upon euthanasia,,,animal husbandry,Hut,,,Nutrient Upgraded Rodent Food Bar (NuRFB),ad libitum,sample collection,"Isoflurane, Thoracotomy, Cardiac Puncture",,,,Not Available,,,35.6,gram,UO,http://purl.obolibrary.org/obo/UO_0000021,Liquid Nitrogen,NCIT,http://ncicb.nci.nih.gov/xml/owl/EVS/Thesaurus.owl#C68796,-80,degree Celsius,UO,http://purl.obolibrary.org/obo/UO_0000027,Liver GC-LAR 5,12-Dec-2017,16-Jan-2018,16-Jan-2018,425C,597,6089,425C,GC_LAR
LAR GC 8,Mmus_C57-6T_FCS_GC_LAR_Rep5_G8,Microbiota,MESH,http://purl.bioontology.org/ontology/MESH/D064307,Mus musculus,NCBITAXON,http://purl.bioontology.org/ontology/NCBITAXON/10090,C57BL/6NTac,MEDO,http://www.ebi.ac.uk/efo/medo/MEDO_0000006,Taconic Biosciences,,,Female,MESH,http://purl.bioontology.org/ontology/MESH/D005260,36,week,UO,http://purl.obolibrary.org/obo/UO_0000034,Feces,MESH,http://purl.bioontology.org/ontology/MESH/D005243,Ground Control,,,non-irradiated,RBO,http://purl.obolibrary.org/obo/RBO_00005025,~30,day,UO,http://purl.obolibrary.org/obo/UO_0000033,On Earth,,,Upon euthanasia,,,animal husbandry,XTR-10/11/2016 and XTR-02/15/2016,,,XTR-05/01/2017,,,GLDS-249_metagenomics_RR6-NuRFB-Nutrition-Values.csv,,,"Isoflurane, Thoracotomy, Cardiac Puncture",,,,Not Applicable,,,Nutrient Upgraded Rodent Food Bar (NuRFB),ad libitum,sample collection,26.2,gram,UO,http://purl.obolibrary.org/obo/UO_0000021,Liquid Nitrogen,NCIT,http://ncicb.nci.nih.gov/xml/owl/EVS/Thesaurus.owl#C68796,-80,degree Celsius,UO,http://purl.obolibrary.org/obo/UO_0000027,1E2C,597,6082,Feces GC-LAR 8,radiation dosimetry,,Not Applicable,NCIT,http://ncicb.nci.nih.gov/xml/owl/EVS/Thesaurus.owl#C48660,,Not Applicable,NCIT,http://ncicb.nci.nih.gov/xml/owl/EVS/Thesaurus.owl#C48660,,Not Applicable,NCIT,http://ncicb.nci.nih.gov/xml/owl/EVS/Thesaurus.owl#C48660,Not Applicable,NCIT,http://ncicb.nci.nih.gov/xml/owl/EVS/Thesaurus.owl#C48660,12-Dec-2017,16-Jan-2018,16-Jan-2018,1E2C,Mmus_C57-6T_LVR_GC_LAR_Rep6_G8,Mus musculus,NCBITAXON,http://purl.bioontology.org/ontology/NCBITAXON/10090,C57BL/6NTac,MEDO,http://www.ebi.ac.uk/efo/medo/MEDO_0000006,Taconic Biosciences,Female,MESH,http://purl.bioontology.org/ontology/MESH/D005260,36,week,UO,http://purl.obolibrary.org/obo/UO_0000034,Liver,MESH,http://purl.bioontology.org/ontology/MESH/D008099,Ground Control,,,~30,day,UO,http://purl.obolibrary.org/obo/UO_0000033,On Earth,,,Upon euthanasia,,,animal husbandry,Hut,,,Nutrient Upgraded Rodent Food Bar (NuRFB),ad libitum,sample collection,"Isoflurane, Thoracotomy, Cardiac Puncture",,,,Not Available,,,26.2,gram,UO,http://purl.obolibrary.org/obo/UO_0000021,Liquid Nitrogen,NCIT,http://ncicb.nci.nih.gov/xml/owl/EVS/Thesaurus.owl#C68796,-80,degree Celsius,UO,http://purl.obolibrary.org/obo/UO_0000027,Liver GC-LAR 8,12-Dec-2017,16-Jan-2018,16-Jan-2018,1E2C,597,6089,1E2C,GC_LAR
LAR GC 9,Mmus_C57-6T_FCS_GC_LAR_Rep6_G9,Microbiota,MESH,http://purl.bioontology.org/ontology/MESH/D064307,Mus musculus,NCBITAXON,http://purl.bioontology.org/ontology/NCBITAXON/10090,C57BL/6NTac,MEDO,http://www.ebi.ac.uk/efo/medo/MEDO_0000006,Taconic Biosciences,,,Female,MESH,http://purl.bioontology.org/ontology/MESH/D005260,36,week,UO,http://purl.obolibrary.org/obo/UO_0000034,Feces,MESH,http://purl.bioontology.org/ontology/MESH/D005243,Ground Control,,,non-irradiated,RBO,http://purl.obolibrary.org/obo/RBO_00005025,~30,day,UO,http://purl.obolibrary.org/obo/UO_0000033,On Earth,,,Upon euthanasia,,,animal husbandry,XTR-10/11/2016 and XTR-02/15/2016,,,XTR-05/01/2017,,,GLDS-249_metagenomics_RR6-NuRFB-Nutrition-Values.csv,,,"Isoflurane, Thoracotomy, Cardiac Puncture",,,,Not Applicable,,,Nutrient Upgraded Rodent Food Bar (NuRFB),ad libitum,sample collection,23.4,gram,UO,http://purl.obolibrary.org/obo/UO_0000021,Liquid Nitrogen,NCIT,http://ncicb.nci.nih.gov/xml/owl/EVS/Thesaurus.owl#C68796,-80,degree Celsius,UO,http://purl.obolibrary.org/obo/UO_0000027,1022,597,6082,Feces GC-LAR 9,radiation dosimetry,,Not Applicable,NCIT,http://ncicb.nci.nih.gov/xml/owl/EVS/Thesaurus.owl#C48660,,Not Applicable,NCIT,http://ncicb.nci.nih.gov/xml/owl/EVS/Thesaurus.owl#C48660,,Not Applicable,NCIT,http://ncicb.nci.nih.gov/xml/owl/EVS/Thesaurus.owl#C48660,Not Applicable,NCIT,http://ncicb.nci.nih.gov/xml/owl/EVS/Thesaurus.owl#C48660,12-Dec-2017,16-Jan-2018,16-Jan-2018,1022,Mmus_C57-6T_LVR_GC_LAR_Rep7_G9,Mus musculus,NCBITAXON,http://purl.bioontology.org/ontology/NCBITAXON/10090,C57BL/6NTac,MEDO,http://www.ebi.ac.uk/efo/medo/MEDO_0000006,Taconic Biosciences,Female,MESH,http://purl.bioontology.org/ontology/MESH/D005260,36,week,UO,http://purl.obolibrary.org/obo/UO_0000034,Liver,MESH,http://purl.bioontology.org/ontology/MESH/D008099,Ground Control,,,~30,day,UO,http://purl.obolibrary.org/obo/UO_0000033,On Earth,,,Upon euthanasia,,,animal husbandry,Hut,,,Nutrient Upgraded Rodent Food Bar (NuRFB),ad libitum,sample collection,"Isoflurane, Thoracotomy, Cardiac Puncture",,,,Not Available,,,23.4,gram,UO,http://purl.obolibrary.org/obo/UO_0000021,Liquid Nitrogen,NCIT,http://ncicb.nci.nih.gov/xml/owl/EVS/Thesaurus.owl#C68796,-80,degree Celsius,UO,http://purl.obolibrary.org/obo/UO_0000027,Liver GC-LAR 9,12-Dec-2017,16-Jan-2018,16-Jan-2018,1022,597,6089,1022,GC_LAR
LAR Flight 1,Mmus_C57-6T_FCS_FLT_LAR_Rep1_F1,Microbiota,MESH,http://purl.bioontology.org/ontology/MESH/D064307,Mus musculus,NCBITAXON,http://purl.bioontology.org/ontology/NCBITAXON/10090,C57BL/6NTac,MEDO,http://www.ebi.ac.uk/efo/medo/MEDO_0000006,Taconic Biosciences,,,Female,MESH,http://purl.bioontology.org/ontology/MESH/D005260,36,week,UO,http://purl.obolibrary.org/obo/UO_0000034,Feces,MESH,http://purl.bioontology.org/ontology/MESH/D005243,Space Flight,MESH,http://purl.bioontology.org/ontology/MESH/D013026,space radiation,RBO,http://purl.obolibrary.org/obo/RBO_00000002,~30,day,UO,http://purl.obolibrary.org/obo/UO_0000033,On Earth,,,Upon euthanasia,,,animal husbandry,XTR-10/11/2016 and XTR-02/15/2016,,,XTR-05/01/2017,,,GLDS-249_metagenomics_RR6-NuRFB-Nutrition-Values.csv,,,"Isoflurane, Thoracotomy, Cardiac Puncture",,,,Not Applicable,,,Nutrient Upgraded Rodent Food Bar (NuRFB),ad libitum,sample collection,34.4,gram,UO,http://purl.obolibrary.org/obo/UO_0000021,Liquid Nitrogen,NCIT,http://ncicb.nci.nih.gov/xml/owl/EVS/Thesaurus.owl#C68796,-80,degree Celsius,UO,http://purl.obolibrary.org/obo/UO_0000027,472E,596,6051,Feces FLT-LAR 1,radiation dosimetry,8.221,gray,UO,http://purl.obolibrary.org/obo/UO_0000134,29,day,UO,http://purl.obolibrary.org/obo/UO_0000033,0.283,milligray per day,RBO,http://purl.obolibrary.org/obo/UO_0010063,outer space,RBO,http://purl.obolibrary.org/obo/ENVO_01000637,15-Dec-2017,17-Jan-2018,17-Jan-2018,472E,Mmus_C57-6T_LVR_FLT_LAR_Rep1_F1,Mus musculus,NCBITAXON,http://purl.bioontology.org/ontology/NCBITAXON/10090,C57BL/6NTac,MEDO,http://www.ebi.ac.uk/efo/medo/MEDO_0000006,Taconic Biosciences,Female,MESH,http://purl.bioontology.org/ontology/MESH/D005260,36,week,UO,http://purl.obolibrary.org/obo/UO_0000034,Liver,MESH,http://purl.bioontology.org/ontology/MESH/D008099,Space Flight,MESH,http://purl.bioontology.org/ontology/MESH/D013026,~30,day,UO,http://purl.obolibrary.org/obo/UO_0000033,On Earth,,,Upon euthanasia,,,animal husbandry,Hut,,,Nutrient Upgraded Rodent Food Bar (NuRFB),ad libitum,sample collection,"Isoflurane, Thoracotomy, Cardiac Puncture",,,,Not Available,,,34.4,gram,UO,http://purl.obolibrary.org/obo/UO_0000021,Liquid Nitrogen,NCIT,http://ncicb.nci.nih.gov/xml/owl/EVS/Thesaurus.owl#C68796,-80,degree Celsius,UO,http://purl.obolibrary.org/obo/UO_0000027,Liver FLT-LAR 1,15-Dec-2017,17-Jan-2018,17-Jan-2018,472E,596,6058,472E,FLT_LAR
LAR Flight 2,Mmus_C57-6T_FCS_FLT_LAR_Rep2_F2,Microbiota,MESH,http://purl.bioontology.org/ontology/MESH/D064307,Mus musculus,NCBITAXON,http://purl.bioontology.org/ontology/NCBITAXON/10090,C57BL/6NTac,MEDO,http://www.ebi.ac.uk/efo/medo/MEDO_0000006,Taconic Biosciences,,,Female,MESH,http://purl.bioontology.org/ontology/MESH/D005260,36,week,UO,http://purl.obolibrary.org/obo/UO_0000034,Feces,MESH,http://purl.bioontology.org/ontology/MESH/D005243,Space Flight,MESH,http://purl.bioontology.org/ontology/MESH/D013026,space radiation,RBO,http://purl.obolibrary.org/obo/RBO_00000002,~30,day,UO,http://purl.obolibrary.org/obo/UO_0000033,On Earth,,,Upon euthanasia,,,animal husbandry,XTR-10/11/2016 and XTR-02/15/2016,,,XTR-05/01/2017,,,GLDS-249_metagenomics_RR6-NuRFB-Nutrition-Values.csv,,,"Isoflurane, Thoracotomy, Cardiac Puncture",,,,Not Applicable,,,Nutrient Upgraded Rodent Food Bar (NuRFB),ad libitum,sample collection,30.6,gram,UO,http://purl.obolibrary.org/obo/UO_0000021,Liquid Nitrogen,NCIT,http://ncicb.nci.nih.gov/xml/owl/EVS/Thesaurus.owl#C68796,-80,degree Celsius,UO,http://purl.obolibrary.org/obo/UO_0000027,4770,596,6051,Feces FLT-LAR 2,radiation dosimetry,8.221,gray,UO,http://purl.obolibrary.org/obo/UO_0000134,29,day,UO,http://purl.obolibrary.org/obo/UO_0000033,0.283,milligray per day,RBO,http://purl.obolibrary.org/obo/UO_0010063,outer space,RBO,http://purl.obolibrary.org/obo/ENVO_01000637,15-Dec-2017,17-Jan-2018,17-Jan-2018,4770,Mmus_C57-6T_LVR_FLT_LAR_Rep2_F2,Mus musculus,NCBITAXON,http://purl.bioontology.org/ontology/NCBITAXON/10090,C57BL/6NTac,MEDO,http://www.ebi.ac.uk/efo/medo/MEDO_0000006,Taconic Biosciences,Female,MESH,http://purl.bioontology.org/ontology/MESH/D005260,36,week,UO,http://purl.obolibrary.org/obo/UO_0000034,Liver,MESH,http://purl.bioontology.org/ontology/MESH/D008099,Space Flight,MESH,http://purl.bioontology.org/ontology/MESH/D013026,~30,day,UO,http://purl.obolibrary.org/obo/UO_0000033,On Earth,,,Upon euthanasia,,,animal husbandry,Hut,,,Nutrient Upgraded Rodent Food Bar (NuRFB),ad libitum,sample collection,"Isoflurane, Thoracotomy, Cardiac Puncture",,,,Not Available,,,30.6,gram,UO,http://purl.obolibrary.org/obo/UO_0000021,Liquid Nitrogen,NCIT,http://ncicb.nci.nih.gov/xml/owl/EVS/Thesaurus.owl#C68796,-80,degree Celsius,UO,http://purl.obolibrary.org/obo/UO_0000027,Liver FLT-LAR 2,15-Dec-2017,17-Jan-2018,17-Jan-2018,4770,596,6058,4770,FLT_LAR
LAR Flight 3,Mmus_C57-6T_FCS_FLT_LAR_Rep3_F3,Microbiota,MESH,http://purl.bioontology.org/ontology/MESH/D064307,Mus musculus,NCBITAXON,http://purl.bioontology.org/ontology/NCBITAXON/10090,C57BL/6NTac,MEDO,http://www.ebi.ac.uk/efo/medo/MEDO_0000006,Taconic Biosciences,,,Female,MESH,http://purl.bioontology.org/ontology/MESH/D005260,36,week,UO,http://purl.obolibrary.org/obo/UO_0000034,Feces,MESH,http://purl.bioontology.org/ontology/MESH/D005243,Space Flight,MESH,http://purl.bioontology.org/ontology/MESH/D013026,space radiation,RBO,http://purl.obolibrary.org/obo/RBO_00000002,~30,day,UO,http://purl.obolibrary.org/obo/UO_0000033,On Earth,,,Upon euthanasia,,,animal husbandry,XTR-10/11/2016 and XTR-02/15/2016,,,XTR-05/01/2017,,,GLDS-249_metagenomics_RR6-NuRFB-Nutrition-Values.csv,,,"Isoflurane, Thoracotomy, Cardiac Puncture",,,,Not Applicable,,,Nutrient Upgraded Rodent Food Bar (NuRFB),ad libitum,sample collection,37.0,gram,UO,http://purl.obolibrary.org/obo/UO_0000021,Liquid Nitrogen,NCIT,http://ncicb.nci.nih.gov/xml/owl/EVS/Thesaurus.owl#C68796,-80,degree Celsius,UO,http://purl.obolibrary.org/obo/UO_0000027,2919,596,6051,Feces FLT-LAR 3,radiation dosimetry,8.221,gray,UO,http://purl.obolibrary.org/obo/UO_0000134,29,day,UO,http://purl.obolibrary.org/obo/UO_0000033,0.283,milligray per day,RBO,http://purl.obolibrary.org/obo/UO_0010063,outer space,RBO,http://purl.obolibrary.org/obo/ENVO_01000637,15-Dec-2017,17-Jan-2018,17-Jan-2018,2919,Mmus_C57-6T_LVR_FLT_LAR_Rep3_F3,Mus musculus,NCBITAXON,http://purl.bioontology.org/ontology/NCBITAXON/10090,C57BL/6NTac,MEDO,http://www.ebi.ac.uk/efo/medo/MEDO_0000006,Taconic Biosciences,Female,MESH,http://purl.bioontology.org/ontology/MESH/D005260,36,week,UO,http://purl.obolibrary.org/obo/UO_0000034,Liver,MESH,http://purl.bioontology.org/ontology/MESH/D008099,Space Flight,MESH,http://purl.bioontology.org/ontology/MESH/D013026,~30,day,UO,http://purl.obolibrary.org/obo/UO_0000033,On Earth,,,Upon euthanasia,,,animal husbandry,Hut,,,Nutrient Upgraded Rodent Food Bar (NuRFB),ad libitum,sample collection,"Isoflurane, Thoracotomy, Cardiac Puncture",,,,Not Available,,,37.0,gram,UO,http://purl.obolibrary.org/obo/UO_0000021,Liquid Nitrogen,NCIT,http://ncicb.nci.nih.gov/xml/owl/EVS/Thesaurus.owl#C68796,-80,degree Celsius,UO,http://purl.obolibrary.org/obo/UO_0000027,Liver FLT-LAR 3,15-Dec-2017,17-Jan-2018,17-Jan-2018,2919,596,6058,2919,FLT_LAR
LAR Flight 4,Mmus_C57-6T_FCS_FLT_LAR_Rep4_F4,Microbiota,MESH,http://purl.bioontology.org/ontology/MESH/D064307,Mus musculus,NCBITAXON,http://purl.bioontology.org/ontology/NCBITAXON/10090,C57BL/6NTac,MEDO,http://www.ebi.ac.uk/efo/medo/MEDO_0000006,Taconic Biosciences,,,Female,MESH,http://purl.bioontology.org/ontology/MESH/D005260,36,week,UO,http://purl.obolibrary.org/obo/UO_0000034,Feces,MESH,http://purl.bioontology.org/ontology/MESH/D005243,Space Flight,MESH,http://purl.bioontology.org/ontology/MESH/D013026,space radiation,RBO,http://purl.obolibrary.org/obo/RBO_00000002,~30,day,UO,http://purl.obolibrary.org/obo/UO_0000033,On Earth,,,Upon euthanasia,,,animal husbandry,XTR-10/11/2016 and XTR-02/15/2016,,,XTR-05/01/2017,,,GLDS-249_metagenomics_RR6-NuRFB-Nutrition-Values.csv,,,"Isoflurane, Thoracotomy, Cardiac Puncture",,,,Not Applicable,,,Nutrient Upgraded Rodent Food Bar (NuRFB),ad libitum,sample collection,25.0,gram,UO,http://purl.obolibrary.org/obo/UO_0000021,Liquid Nitrogen,NCIT,http://ncicb.nci.nih.gov/xml/owl/EVS/Thesaurus.owl#C68796,-80,degree Celsius,UO,http://purl.obolibrary.org/obo/UO_0000027,2762,596,6051,Feces FLT-LAR 4,radiation dosimetry,8.221,gray,UO,http://purl.obolibrary.org/obo/UO_0000134,29,day,UO,http://purl.obolibrary.org/obo/UO_0000033,0.283,milligray per day,RBO,http://purl.obolibrary.org/obo/UO_0010063,outer space,RBO,http://purl.obolibrary.org/obo/ENVO_01000637,15-Dec-2017,17-Jan-2018,17-Jan-2018,2762,Mmus_C57-6T_LVR_FLT_LAR_Rep9_F4,Mus musculus,NCBITAXON,http://purl.bioontology.org/ontology/NCBITAXON/10090,C57BL/6NTac,MEDO,http://www.ebi.ac.uk/efo/medo/MEDO_0000006,Taconic Biosciences,Female,MESH,http://purl.bioontology.org/ontology/MESH/D005260,36,week,UO,http://purl.obolibrary.org/obo/UO_0000034,Liver,MESH,http://purl.bioontology.org/ontology/MESH/D008099,Space Flight,MESH,http://purl.bioontology.org/ontology/MESH/D013026,~30,day,UO,http://purl.obolibrary.org/obo/UO_0000033,On Earth,,,Upon euthanasia,,,animal husbandry,Hut,,,Nutrient Upgraded Rodent Food Bar (NuRFB),ad libitum,sample collection,"Isoflurane, Thoracotomy, Cardiac Puncture",,,,Not Available,,,25.0,gram,UO,http://purl.obolibrary.org/obo/UO_0000021,Liquid Nitrogen,NCIT,http://ncicb.nci.nih.gov/xml/owl/EVS/Thesaurus.owl#C68796,-80,degree Celsius,UO,http://purl.obolibrary.org/obo/UO_0000027,Liver FLT-LAR 4,15-Dec-2017,17-Jan-2018,17-Jan-2018,2762,596,6058,2762,FLT_LAR
LAR Flight 5,Mmus_C57-6T_FCS_FLT_LAR_Rep5_F5,Microbiota,MESH,http://purl.bioontology.org/ontology/MESH/D064307,Mus musculus,NCBITAXON,http://purl.bioontology.org/ontology/NCBITAXON/10090,C57BL/6NTac,MEDO,http://www.ebi.ac.uk/efo/medo/MEDO_0000006,Taconic Biosciences,,,Female,MESH,http://purl.bioontology.org/ontology/MESH/D005260,36,week,UO,http://purl.obolibrary.org/obo/UO_0000034,Feces,MESH,http://purl.bioontology.org/ontology/MESH/D005243,Space Flight,MESH,http://purl.bioontology.org/ontology/MESH/D013026,space radiation,RBO,http://purl.obolibrary.org/obo/RBO_00000002,~30,day,UO,http://purl.obolibrary.org/obo/UO_0000033,On Earth,,,Upon euthanasia,,,animal husbandry,XTR-10/11/2016 and XTR-02/15/2016,,,XTR-05/01/2017,,,GLDS-249_metagenomics_RR6-NuRFB-Nutrition-Values.csv,,,"Isoflurane, Thoracotomy, Cardiac Puncture",,,,Not Applicable,,,Nutrient Upgraded Rodent Food Bar (NuRFB),ad libitum,sample collection,25.1,gram,UO,http://purl.obolibrary.org/obo/UO_0000021,Liquid Nitrogen,NCIT,http://ncicb.nci.nih.gov/xml/owl/EVS/Thesaurus.owl#C68796,-80,degree Celsius,UO,http://purl.obolibrary.org/obo/UO_0000027,7414,596,6051,Feces FLT-LAR 5,radiation dosimetry,8.221,gray,UO,http://purl.obolibrary.org/obo/UO_0000134,29,day,UO,http://purl.obolibrary.org/obo/UO_0000033,0.283,milligray per day,RBO,http://purl.obolibrary.org/obo/UO_0010063,outer space,RBO,http://purl.obolibrary.org/obo/ENVO_01000637,15-Dec-2017,17-Jan-2018,17-Jan-2018,7414,Mmus_C57-6T_LVR_FLT_LAR_Rep10_F5,Mus musculus,NCBITAXON,http://purl.bioontology.org/ontology/NCBITAXON/10090,C57BL/6NTac,MEDO,http://www.ebi.ac.uk/efo/medo/MEDO_0000006,Taconic Biosciences,Female,MESH,http://purl.bioontology.org/ontology/MESH/D005260,36,week,UO,http://purl.obolibrary.org/obo/UO_0000034,Liver,MESH,http://purl.bioontology.org/ontology/MESH/D008099,Space Flight,MESH,http://purl.bioontology.org/ontology/MESH/D013026,~30,day,UO,http://purl.obolibrary.org/obo/UO_0000033,On Earth,,,Upon euthanasia,,,animal husbandry,Hut,,,Nutrient Upgraded Rodent Food Bar (NuRFB),ad libitum,sample collection,"Isoflurane, Thoracotomy, Cardiac Puncture",,,,Not Available,,,25.1,gram,UO,http://purl.obolibrary.org/obo/UO_0000021,Liquid Nitrogen,NCIT,http://ncicb.nci.nih.gov/xml/owl/EVS/Thesaurus.owl#C68796,-80,degree Celsius,UO,http://purl.obolibrary.org/obo/UO_0000027,Liver FLT-LAR 5,15-Dec-2017,17-Jan-2018,17-Jan-2018,7414,596,6058,7414,FLT_LAR
LAR Flight 6,Mmus_C57-6T_FCS_FLT_LAR_Rep6_F6,Microbiota,MESH,http://purl.bioontology.org/ontology/MESH/D064307,Mus musculus,NCBITAXON,http://purl.bioontology.org/ontology/NCBITAXON/10090,C57BL/6NTac,MEDO,http://www.ebi.ac.uk/efo/medo/MEDO_0000006,Taconic Biosciences,,,Female,MESH,http://purl.bioontology.org/ontology/MESH/D005260,36,week,UO,http://purl.obolibrary.org/obo/UO_0000034,Feces,MESH,http://purl.bioontology.org/ontology/MESH/D005243,Space Flight,MESH,http://purl.bioontology.org/ontology/MESH/D013026,space radiation,RBO,http://purl.obolibrary.org/obo/RBO_00000002,~30,day,UO,http://purl.obolibrary.org/obo/UO_0000033,On Earth,,,Upon euthanasia,,,animal husbandry,XTR-10/11/2016 and XTR-02/15/2016,,,XTR-05/01/2017,,,GLDS-249_metagenomics_RR6-NuRFB-Nutrition-Values.csv,,,"Isoflurane, Thoracotomy, Cardiac Puncture",,,,Not Applicable,,,Nutrient Upgraded Rodent Food Bar (NuRFB),ad libitum,sample collection,29.2,gram,UO,http://purl.obolibrary.org/obo/UO_0000021,Liquid Nitrogen,NCIT,http://ncicb.nci.nih.gov/xml/owl/EVS/Thesaurus.owl#C68796,-80,degree Celsius,UO,http://purl.obolibrary.org/obo/UO_0000027,1450,596,6051,Feces FLT-LAR 6,radiation dosimetry,8.221,gray,UO,http://purl.obolibrary.org/obo/UO_0000134,29,day,UO,http://purl.obolibrary.org/obo/UO_0000033,0.283,milligray per day,RBO,http://purl.obolibrary.org/obo/UO_0010063,outer space,RBO,http://purl.obolibrary.org/obo/ENVO_01000637,15-Dec-2017,17-Jan-2018,17-Jan-2018,1450,Mmus_C57-6T_LVR_FLT_LAR_Rep4_F6,Mus musculus,NCBITAXON,http://purl.bioontology.org/ontology/NCBITAXON/10090,C57BL/6NTac,MEDO,http://www.ebi.ac.uk/efo/medo/MEDO_0000006,Taconic Biosciences,Female,MESH,http://purl.bioontology.org/ontology/MESH/D005260,36,week,UO,http://purl.obolibrary.org/obo/UO_0000034,Liver,MESH,http://purl.bioontology.org/ontology/MESH/D008099,Space Flight,MESH,http://purl.bioontology.org/ontology/MESH/D013026,~30,day,UO,http://purl.obolibrary.org/obo/UO_0000033,On Earth,,,Upon euthanasia,,,animal husbandry,Hut,,,Nutrient Upgraded Rodent Food Bar (NuRFB),ad libitum,sample collection,"Isoflurane, Thoracotomy, Cardiac Puncture",,,,Not Available,,,29.2,gram,UO,http://purl.obolibrary.org/obo/UO_0000021,Liquid Nitrogen,NCIT,http://ncicb.nci.nih.gov/xml/owl/EVS/Thesaurus.owl#C68796,-80,degree Celsius,UO,http://purl.obolibrary.org/obo/UO_0000027,Liver FLT-LAR 6,15-Dec-2017,17-Jan-2018,17-Jan-2018,1450,596,6058,1450,FLT_LAR
LAR Flight 7,Mmus_C57-6T_FCS_FLT_LAR_Rep7_F7,Microbiota,MESH,http://purl.bioontology.org/ontology/MESH/D064307,Mus musculus,NCBITAXON,http://purl.bioontology.org/ontology/NCBITAXON/10090,C57BL/6NTac,MEDO,http://www.ebi.ac.uk/efo/medo/MEDO_0000006,Taconic Biosciences,,,Female,MESH,http://purl.bioontology.org/ontology/MESH/D005260,36,week,UO,http://purl.obolibrary.org/obo/UO_0000034,Feces,MESH,http://purl.bioontology.org/ontology/MESH/D005243,Space Flight,MESH,http://purl.bioontology.org/ontology/MESH/D013026,space radiation,RBO,http://purl.obolibrary.org/obo/RBO_00000002,~30,day,UO,http://purl.obolibrary.org/obo/UO_0000033,On Earth,,,Upon euthanasia,,,animal husbandry,XTR-10/11/2016 and XTR-02/15/2016,,,XTR-05/01/2017,,,GLDS-249_metagenomics_RR6-NuRFB-Nutrition-Values.csv,,,"Isoflurane, Thoracotomy, Cardiac Puncture",,,,Not Applicable,,,Nutrient Upgraded Rodent Food Bar (NuRFB),ad libitum,sample collection,32.2,gram,UO,http://purl.obolibrary.org/obo/UO_0000021,Liquid Nitrogen,NCIT,http://ncicb.nci.nih.gov/xml/owl/EVS/Thesaurus.owl#C68796,-80,degree Celsius,UO,http://purl.obolibrary.org/obo/UO_0000027,496A,596,6051,Feces FLT-LAR 7,radiation dosimetry,8.221,gray,UO,http://purl.obolibrary.org/obo/UO_0000134,29,day,UO,http://purl.obolibrary.org/obo/UO_0000033,0.283,milligray per day,RBO,http://purl.obolibrary.org/obo/UO_0010063,outer space,RBO,http://purl.obolibrary.org/obo/ENVO_01000637,15-Dec-2017,17-Jan-2018,17-Jan-2018,496A,Mmus_C57-6T_LVR_FLT_LAR_Rep5_F7,Mus musculus,NCBITAXON,http://purl.bioontology.org/ontology/NCBITAXON/10090,C57BL/6NTac,MEDO,http://www.ebi.ac.uk/efo/medo/MEDO_0000006,Taconic Biosciences,Female,MESH,http://purl.bioontology.org/ontology/MESH/D005260,36,week,UO,http://purl.obolibrary.org/obo/UO_0000034,Liver,MESH,http://purl.bioontology.org/ontology/MESH/D008099,Space Flight,MESH,http://purl.bioontology.org/ontology/MESH/D013026,~30,day,UO,http://purl.obolibrary.org/obo/UO_0000033,On Earth,,,Upon euthanasia,,,animal husbandry,Hut,,,Nutrient Upgraded Rodent Food Bar (NuRFB),ad libitum,sample collection,"Isoflurane, Thoracotomy, Cardiac Puncture",,,,Not Available,,,32.2,gram,UO,http://purl.obolibrary.org/obo/UO_0000021,Liquid Nitrogen,NCIT,http://ncicb.nci.nih.gov/xml/owl/EVS/Thesaurus.owl#C68796,-80,degree Celsius,UO,http://purl.obolibrary.org/obo/UO_0000027,Liver FLT-LAR 7,15-Dec-2017,17-Jan-2018,17-Jan-2018,496A,596,6058,496A,FLT_LAR
LAR Flight 9,Mmus_C57-6T_FCS_FLT_LAR_Rep8_F9,Microbiota,MESH,http://purl.bioontology.org/ontology/MESH/D064307,Mus musculus,NCBITAXON,http://purl.bioontology.org/ontology/NCBITAXON/10090,C57BL/6NTac,MEDO,http://www.ebi.ac.uk/efo/medo/MEDO_0000006,Taconic Biosciences,,,Female,MESH,http://purl.bioontology.org/ontology/MESH/D005260,36,week,UO,http://purl.obolibrary.org/obo/UO_0000034,Feces,MESH,http://purl.bioontology.org/ontology/MESH/D005243,Space Flight,MESH,http://purl.bioontology.org/ontology/MESH/D013026,space radiation,RBO,http://purl.obolibrary.org/obo/RBO_00000002,~30,day,UO,http://purl.obolibrary.org/obo/UO_0000033,On Earth,,,Upon euthanasia,,,animal husbandry,XTR-10/11/2016 and XTR-02/15/2016,,,XTR-05/01/2017,,,GLDS-249_metagenomics_RR6-NuRFB-Nutrition-Values.csv,,,"Isoflurane, Thoracotomy, Cardiac Puncture",,,,Not Applicable,,,Nutrient Upgraded Rodent Food Bar (NuRFB),ad libitum,sample collection,30.6,gram,UO,http://purl.obolibrary.org/obo/UO_0000021,Liquid Nitrogen,NCIT,http://ncicb.nci.nih.gov/xml/owl/EVS/Thesaurus.owl#C68796,-80,degree Celsius,UO,http://purl.obolibrary.org/obo/UO_0000027,7F63,596,6051,Feces FLT-LAR 9,radiation dosimetry,8.221,gray,UO,http://purl.obolibrary.org/obo/UO_0000134,29,day,UO,http://purl.obolibrary.org/obo/UO_0000033,0.283,milligray per day,RBO,http://purl.obolibrary.org/obo/UO_0010063,outer space,RBO,http://purl.obolibrary.org/obo/ENVO_01000637,15-Dec-2017,17-Jan-2018,17-Jan-2018,7F63,Mmus_C57-6T_LVR_FLT_LAR_Rep8_F9,Mus musculus,NCBITAXON,http://purl.bioontology.org/ontology/NCBITAXON/10090,C57BL/6NTac,MEDO,http://www.ebi.ac.uk/efo/medo/MEDO_0000006,Taconic Biosciences,Female,MESH,http://purl.bioontology.org/ontology/MESH/D005260,36,week,UO,http://purl.obolibrary.org/obo/UO_0000034,Liver,MESH,http://purl.bioontology.org/ontology/MESH/D008099,Space Flight,MESH,http://purl.bioontology.org/ontology/MESH/D013026,~30,day,UO,http://purl.obolibrary.org/obo/UO_0000033,On Earth,,,Upon euthanasia,,,animal husbandry,Hut,,,Nutrient Upgraded Rodent Food Bar (NuRFB),ad libitum,sample collection,"Isoflurane, Thoracotomy, Cardiac Puncture",,,,Not Available,,,30.6,gram,UO,http://purl.obolibrary.org/obo/UO_0000021,Liquid Nitrogen,NCIT,http://ncicb.nci.nih.gov/xml/owl/EVS/Thesaurus.owl#C68796,-80,degree Celsius,UO,http://purl.obolibrary.org/obo/UO_0000027,Liver FLT-LAR 9,15-Dec-2017,17-Jan-2018,17-Jan-2018,7F63,596,6058,7F63,FLT_LAR
LAR Flight 10,Mmus_C57-6T_FCS_FLT_LAR_Rep9_F10,Microbiota,MESH,http://purl.bioontology.org/ontology/MESH/D064307,Mus musculus,NCBITAXON,http://purl.bioontology.org/ontology/NCBITAXON/10090,C57BL/6NTac,MEDO,http://www.ebi.ac.uk/efo/medo/MEDO_0000006,Taconic Biosciences,,,Female,MESH,http://purl.bioontology.org/ontology/MESH/D005260,36,week,UO,http://purl.obolibrary.org/obo/UO_0000034,Feces,MESH,http://purl.bioontology.org/ontology/MESH/D005243,Space Flight,MESH,http://purl.bioontology.org/ontology/MESH/D013026,space radiation,RBO,http://purl.obolibrary.org/obo/RBO_00000002,~30,day,UO,http://purl.obolibrary.org/obo/UO_0000033,On Earth,,,Upon euthanasia,,,animal husbandry,XTR-10/11/2016 and XTR-02/15/2016,,,XTR-05/01/2017,,,GLDS-249_metagenomics_RR6-NuRFB-Nutrition-Values.csv,,,"Isoflurane, Thoracotomy, Cardiac Puncture",,,,Not Applicable,,,Nutrient Upgraded Rodent Food Bar (NuRFB),ad libitum,sample collection,27.0,gram,UO,http://purl.obolibrary.org/obo/UO_0000021,Liquid Nitrogen,NCIT,http://ncicb.nci.nih.gov/xml/owl/EVS/Thesaurus.owl#C68796,-80,degree Celsius,UO,http://purl.obolibrary.org/obo/UO_0000027,6107,596,6051,Feces FLT-LAR 10,radiation dosimetry,8.221,gray,UO,http://purl.obolibrary.org/obo/UO_0000134,29,day,UO,http://purl.obolibrary.org/obo/UO_0000033,0.283,milligray per day,RBO,http://purl.obolibrary.org/obo/UO_0010063,outer space,RBO,http://purl.obolibrary.org/obo/ENVO_01000637,15-Dec-2017,17-Jan-2018,17-Jan-2018,6107,Mmus_C57-6T_LVR_FLT_LAR_Rep6_F10,Mus musculus,NCBITAXON,http://purl.bioontology.org/ontology/NCBITAXON/10090,C57BL/6NTac,MEDO,http://www.ebi.ac.uk/efo/medo/MEDO_0000006,Taconic Biosciences,Female,MESH,http://purl.bioontology.org/ontology/MESH/D005260,36,week,UO,http://purl.obolibrary.org/obo/UO_0000034,Liver,MESH,http://purl.bioontology.org/ontology/MESH/D008099,Space Flight,MESH,http://purl.bioontology.org/ontology/MESH/D013026,~30,day,UO,http://purl.obolibrary.org/obo/UO_0000033,On Earth,,,Upon euthanasia,,,animal husbandry,Hut,,,Nutrient Upgraded Rodent Food Bar (NuRFB),ad libitum,sample collection,"Isoflurane, Thoracotomy, Cardiac Puncture",,,,Not Available,,,27.0,gram,UO,http://purl.obolibrary.org/obo/UO_0000021,Liquid Nitrogen,NCIT,http://ncicb.nci.nih.gov/xml/owl/EVS/Thesaurus.owl#C68796,-80,degree Celsius,UO,http://purl.obolibrary.org/obo/UO_0000027,Liver FLT-LAR 10,15-Dec-2017,17-Jan-2018,17-Jan-2018,6107,596,6058,6107,FLT_LAR
ISS-T Baseline 1,Mmus_C57-6T_FCS_BSL_ISS-T_Rep1_B1,Microbiota,MESH,http://purl.bioontology.org/ontology/MESH/D064307,Mus musculus,NCBITAXON,http://purl.bioontology.org/ontology/NCBITAXON/10090,C57BL/6NTac,MEDO,http://www.ebi.ac.uk/efo/medo/MEDO_0000006,Taconic Biosciences,,,Female,MESH,http://purl.bioontology.org/ontology/MESH/D005260,36,week,UO,http://purl.obolibrary.org/obo/UO_0000034,Feces,MESH,http://purl.bioontology.org/ontology/MESH/D005243,Basal Control,,,non-irradiated,RBO,http://purl.obolibrary.org/obo/RBO_00005025,0,day,UO,http://purl.obolibrary.org/obo/UO_0000033,On Earth,,,Carcass,,,animal husbandry,XTR-10/11/2016 and XTR-02/15/2016,,,XTR-05/01/2017,,,GLDS-249_metagenomics_RR6-NuRFB-Nutrition-Values.csv,,,"Ketamine/Xylazine/Acepromazine, Thoracotomy, Cardiac Puncture",,,-80.0,degree Celsius,UO,http://purl.obolibrary.org/obo/UO_0000027,Nutrient Upgraded Rodent Food Bar (NuRFB),ad libitum,sample collection,20.8,gram,UO,http://purl.obolibrary.org/obo/UO_0000021,Liquid Nitrogen,NCIT,http://ncicb.nci.nih.gov/xml/owl/EVS/Thesaurus.owl#C68796,-80,degree Celsius,UO,http://purl.obolibrary.org/obo/UO_0000027,451B,619,5961,Feces FLT-Base 1,radiation dosimetry,,Not Applicable,NCIT,http://ncicb.nci.nih.gov/xml/owl/EVS/Thesaurus.owl#C48660,,Not Applicable,NCIT,http://ncicb.nci.nih.gov/xml/owl/EVS/Thesaurus.owl#C48660,,Not Applicable,NCIT,http://ncicb.nci.nih.gov/xml/owl/EVS/Thesaurus.owl#C48660,Not Applicable,NCIT,http://ncicb.nci.nih.gov/xml/owl/EVS/Thesaurus.owl#C48660,09-Dec-2017,09-Dec-2017,21-May-2018,451B,Mmus_C57-6T_LVR_BSL_ISS-T_Rep1_B1,Mus musculus,NCBITAXON,http://purl.bioontology.org/ontology/NCBITAXON/10090,C57BL/6NTac,MEDO,http://www.ebi.ac.uk/efo/medo/MEDO_0000006,Taconic Biosciences,Female,MESH,http://purl.bioontology.org/ontology/MESH/D005260,36,week,UO,http://purl.obolibrary.org/obo/UO_0000034,Liver,MESH,http://purl.bioontology.org/ontology/MESH/D008099,Basal Control,,,0,day,UO,http://purl.obolibrary.org/obo/UO_0000033,On Earth,,,Carcass,,,animal husbandry,Not Applicable,NCIT,http://ncicb.nci.nih.gov/xml/owl/EVS/Thesaurus.owl#C48660,Nutrient Upgraded Rodent Food Bar (NuRFB),ad libitum,sample collection,"Ketamine/Xylazine/Acepromazine, Thoracotomy, Cardiac Puncture",,,-80.0,degree Celsius,UO,http://purl.obolibrary.org/obo/UO_0000027,20.8,gram,UO,http://purl.obolibrary.org/obo/UO_0000021,Liquid Nitrogen,NCIT,http://ncicb.nci.nih.gov/xml/owl/EVS/Thesaurus.owl#C68796,-80,degree Celsius,UO,http://purl.obolibrary.org/obo/UO_0000027,Liver FLT-Base 1,09-Dec-2017,09-Dec-2017,21-May-2018,451B,619,6027,451B,BSL_ISS-T
ISS-T Baseline 2,Mmus_C57-6T_FCS_BSL_ISS-T_Rep2_B2,Microbiota,MESH,http://purl.bioontology.org/ontology/MESH/D064307,Mus musculus,NCBITAXON,http://purl.bioontology.org/ontology/NCBITAXON/10090,C57BL/6NTac,MEDO,http://www.ebi.ac.uk/efo/medo/MEDO_0000006,Taconic Biosciences,,,Female,MESH,http://purl.bioontology.org/ontology/MESH/D005260,36,week,UO,http://purl.obolibrary.org/obo/UO_0000034,Feces,MESH,http://purl.bioontology.org/ontology/MESH/D005243,Basal Control,,,non-irradiated,RBO,http://purl.obolibrary.org/obo/RBO_00005025,0,day,UO,http://purl.obolibrary.org/obo/UO_0000033,On Earth,,,Carcass,,,animal husbandry,XTR-10/11/2016 and XTR-02/15/2016,,,XTR-05/01/2017,,,GLDS-249_metagenomics_RR6-NuRFB-Nutrition-Values.csv,,,"Ketamine/Xylazine/Acepromazine, Thoracotomy, Cardiac Puncture",,,-80.0,degree Celsius,UO,http://purl.obolibrary.org/obo/UO_0000027,Nutrient Upgraded Rodent Food Bar (NuRFB),ad libitum,sample collection,21.2,gram,UO,http://purl.obolibrary.org/obo/UO_0000021,Liquid Nitrogen,NCIT,http://ncicb.nci.nih.gov/xml/owl/EVS/Thesaurus.owl#C68796,-80,degree Celsius,UO,http://purl.obolibrary.org/obo/UO_0000027,7444,619,5961,Feces FLT-Base 2,radiation dosimetry,,Not Applicable,NCIT,http://ncicb.nci.nih.gov/xml/owl/EVS/Thesaurus.owl#C48660,,Not Applicable,NCIT,http://ncicb.nci.nih.gov/xml/owl/EVS/Thesaurus.owl#C48660,,Not Applicable,NCIT,http://ncicb.nci.nih.gov/xml/owl/EVS/Thesaurus.owl#C48660,Not Applicable,NCIT,http://ncicb.nci.nih.gov/xml/owl/EVS/Thesaurus.owl#C48660,09-Dec-2017,09-Dec-2017,22-May-2018,7444,Mmus_C57-6T_LVR_BSL_ISS-T_Rep10_B2,Mus musculus,NCBITAXON,http://purl.bioontology.org/ontology/NCBITAXON/10090,C57BL/6NTac,MEDO,http://www.ebi.ac.uk/efo/medo/MEDO_0000006,Taconic Biosciences,Female,MESH,http://purl.bioontology.org/ontology/MESH/D005260,36,week,UO,http://purl.obolibrary.org/obo/UO_0000034,Liver,MESH,http://purl.bioontology.org/ontology/MESH/D008099,Basal Control,,,0,day,UO,http://purl.obolibrary.org/obo/UO_0000033,On Earth,,,Carcass,,,animal husbandry,Not Applicable,NCIT,http://ncicb.nci.nih.gov/xml/owl/EVS/Thesaurus.owl#C48660,Nutrient Upgraded Rodent Food Bar (NuRFB),ad libitum,sample collection,"Ketamine/Xylazine/Acepromazine, Thoracotomy, Cardiac Puncture",,,-80.0,degree Celsius,UO,http://purl.obolibrary.org/obo/UO_0000027,21.2,gram,UO,http://purl.obolibrary.org/obo/UO_0000021,Liquid Nitrogen,NCIT,http://ncicb.nci.nih.gov/xml/owl/EVS/Thesaurus.owl#C68796,-80,degree Celsius,UO,http://purl.obolibrary.org/obo/UO_0000027,Liver FLT-Base 2,09-Dec-2017,09-Dec-2017,22-May-2018,7444,619,6027,7444,BSL_ISS-T
ISS-T Baseline 3,Mmus_C57-6T_FCS_BSL_ISS-T_Rep3_B3,Microbiota,MESH,http://purl.bioontology.org/ontology/MESH/D064307,Mus musculus,NCBITAXON,http://purl.bioontology.org/ontology/NCBITAXON/10090,C57BL/6NTac,MEDO,http://www.ebi.ac.uk/efo/medo/MEDO_0000006,Taconic Biosciences,,,Female,MESH,http://purl.bioontology.org/ontology/MESH/D005260,36,week,UO,http://purl.obolibrary.org/obo/UO_0000034,Feces,MESH,http://purl.bioontology.org/ontology/MESH/D005243,Basal Control,,,non-irradiated,RBO,http://purl.obolibrary.org/obo/RBO_00005025,0,day,UO,http://purl.obolibrary.org/obo/UO_0000033,On Earth,,,Carcass,,,animal husbandry,XTR-10/11/2016 and XTR-02/15/2016,,,XTR-05/01/2017,,,GLDS-249_metagenomics_RR6-NuRFB-Nutrition-Values.csv,,,"Ketamine/Xylazine/Acepromazine, Thoracotomy, Cardiac Puncture",,,-80.0,degree Celsius,UO,http://purl.obolibrary.org/obo/UO_0000027,Nutrient Upgraded Rodent Food Bar (NuRFB),ad libitum,sample collection,21.3,gram,UO,http://purl.obolibrary.org/obo/UO_0000021,Liquid Nitrogen,NCIT,http://ncicb.nci.nih.gov/xml/owl/EVS/Thesaurus.owl#C68796,-80,degree Celsius,UO,http://purl.obolibrary.org/obo/UO_0000027,4240,619,5961,Feces FLT-Base 3,radiation dosimetry,,Not Applicable,NCIT,http://ncicb.nci.nih.gov/xml/owl/EVS/Thesaurus.owl#C48660,,Not Applicable,NCIT,http://ncicb.nci.nih.gov/xml/owl/EVS/Thesaurus.owl#C48660,,Not Applicable,NCIT,http://ncicb.nci.nih.gov/xml/owl/EVS/Thesaurus.owl#C48660,Not Applicable,NCIT,http://ncicb.nci.nih.gov/xml/owl/EVS/Thesaurus.owl#C48660,09-Dec-2017,09-Dec-2017,22-May-2018,4240,Mmus_C57-6T_LVR_BSL_ISS-T_Rep2_B3,Mus musculus,NCBITAXON,http://purl.bioontology.org/ontology/NCBITAXON/10090,C57BL/6NTac,MEDO,http://www.ebi.ac.uk/efo/medo/MEDO_0000006,Taconic Biosciences,Female,MESH,http://purl.bioontology.org/ontology/MESH/D005260,36,week,UO,http://purl.obolibrary.org/obo/UO_0000034,Liver,MESH,http://purl.bioontology.org/ontology/MESH/D008099,Basal Control,,,0,day,UO,http://purl.obolibrary.org/obo/UO_0000033,On Earth,,,Carcass,,,animal husbandry,Not Applicable,NCIT,http://ncicb.nci.nih.gov/xml/owl/EVS/Thesaurus.owl#C48660,Nutrient Upgraded Rodent Food Bar (NuRFB),ad libitum,sample collection,"Ketamine/Xylazine/Acepromazine, Thoracotomy, Cardiac Puncture",,,-80.0,degree Celsius,UO,http://purl.obolibrary.org/obo/UO_0000027,21.3,gram,UO,http://purl.obolibrary.org/obo/UO_0000021,Liquid Nitrogen,NCIT,http://ncicb.nci.nih.gov/xml/owl/EVS/Thesaurus.owl#C68796,-80,degree Celsius,UO,http://purl.obolibrary.org/obo/UO_0000027,Liver FLT-Base 3,09-Dec-2017,09-Dec-2017,22-May-2018,4240,619,6027,4240,BSL_ISS-T
ISS-T Baseline 4,Mmus_C57-6T_FCS_BSL_ISS-T_Rep4_B4,Microbiota,MESH,http://purl.bioontology.org/ontology/MESH/D064307,Mus musculus,NCBITAXON,http://purl.bioontology.org/ontology/NCBITAXON/10090,C57BL/6NTac,MEDO,http://www.ebi.ac.uk/efo/medo/MEDO_0000006,Taconic Biosciences,,,Female,MESH,http://purl.bioontology.org/ontology/MESH/D005260,36,week,UO,http://purl.obolibrary.org/obo/UO_0000034,Feces,MESH,http://purl.bioontology.org/ontology/MESH/D005243,Basal Control,,,non-irradiated,RBO,http://purl.obolibrary.org/obo/RBO_00005025,0,day,UO,http://purl.obolibrary.org/obo/UO_0000033,On Earth,,,Carcass,,,animal husbandry,XTR-10/11/2016 and XTR-02/15/2016,,,XTR-05/01/2017,,,GLDS-249_metagenomics_RR6-NuRFB-Nutrition-Values.csv,,,"Ketamine/Xylazine/Acepromazine, Thoracotomy, Cardiac Puncture",,,-80.0,degree Celsius,UO,http://purl.obolibrary.org/obo/UO_0000027,Nutrient Upgraded Rodent Food Bar (NuRFB),ad libitum,sample collection,22.3,gram,UO,http://purl.obolibrary.org/obo/UO_0000021,Liquid Nitrogen,NCIT,http://ncicb.nci.nih.gov/xml/owl/EVS/Thesaurus.owl#C68796,-80,degree Celsius,UO,http://purl.obolibrary.org/obo/UO_0000027,4B59,619,5961,Feces FLT-Base 4,radiation dosimetry,,Not Applicable,NCIT,http://ncicb.nci.nih.gov/xml/owl/EVS/Thesaurus.owl#C48660,,Not Applicable,NCIT,http://ncicb.nci.nih.gov/xml/owl/EVS/Thesaurus.owl#C48660,,Not Applicable,NCIT,http://ncicb.nci.nih.gov/xml/owl/EVS/Thesaurus.owl#C48660,Not Applicable,NCIT,http://ncicb.nci.nih.gov/xml/owl/EVS/Thesaurus.owl#C48660,09-Dec-2017,09-Dec-2017,22-May-2018,4B59,Mmus_C57-6T_LVR_BSL_ISS-T_Rep3_B4,Mus musculus,NCBITAXON,http://purl.bioontology.org/ontology/NCBITAXON/10090,C57BL/6NTac,MEDO,http://www.ebi.ac.uk/efo/medo/MEDO_0000006,Taconic Biosciences,Female,MESH,http://purl.bioontology.org/ontology/MESH/D005260,36,week,UO,http://purl.obolibrary.org/obo/UO_0000034,Liver,MESH,http://purl.bioontology.org/ontology/MESH/D008099,Basal Control,,,0,day,UO,http://purl.obolibrary.org/obo/UO_0000033,On Earth,,,Carcass,,,animal husbandry,Not Applicable,NCIT,http://ncicb.nci.nih.gov/xml/owl/EVS/Thesaurus.owl#C48660,Nutrient Upgraded Rodent Food Bar (NuRFB),ad libitum,sample collection,"Ketamine/Xylazine/Acepromazine, Thoracotomy, Cardiac Puncture",,,-80.0,degree Celsius,UO,http://purl.obolibrary.org/obo/UO_0000027,22.3,gram,UO,http://purl.obolibrary.org/obo/UO_0000021,Liquid Nitrogen,NCIT,http://ncicb.nci.nih.gov/xml/owl/EVS/Thesaurus.owl#C68796,-80,degree Celsius,UO,http://purl.obolibrary.org/obo/UO_0000027,Liver FLT-Base 4,09-Dec-2017,09-Dec-2017,22-May-2018,4B59,619,6027,4B59,BSL_ISS-T
ISS-T Baseline 5,Mmus_C57-6T_FCS_BSL_ISS-T_Rep5_B5,Microbiota,MESH,http://purl.bioontology.org/ontology/MESH/D064307,Mus musculus,NCBITAXON,http://purl.bioontology.org/ontology/NCBITAXON/10090,C57BL/6NTac,MEDO,http://www.ebi.ac.uk/efo/medo/MEDO_0000006,Taconic Biosciences,,,Female,MESH,http://purl.bioontology.org/ontology/MESH/D005260,36,week,UO,http://purl.obolibrary.org/obo/UO_0000034,Feces,MESH,http://purl.bioontology.org/ontology/MESH/D005243,Basal Control,,,non-irradiated,RBO,http://purl.obolibrary.org/obo/RBO_00005025,0,day,UO,http://purl.obolibrary.org/obo/UO_0000033,On Earth,,,Carcass,,,animal husbandry,XTR-10/11/2016 and XTR-02/15/2016,,,XTR-05/01/2017,,,GLDS-249_metagenomics_RR6-NuRFB-Nutrition-Values.csv,,,"Ketamine/Xylazine/Acepromazine, Thoracotomy, Cardiac Puncture",,,-80.0,degree Celsius,UO,http://purl.obolibrary.org/obo/UO_0000027,Nutrient Upgraded Rodent Food Bar (NuRFB),ad libitum,sample collection,18.8,gram,UO,http://purl.obolibrary.org/obo/UO_0000021,Liquid Nitrogen,NCIT,http://ncicb.nci.nih.gov/xml/owl/EVS/Thesaurus.owl#C68796,-80,degree Celsius,UO,http://purl.obolibrary.org/obo/UO_0000027,5D16,619,5961,Feces FLT-Base 5,radiation dosimetry,,Not Applicable,NCIT,http://ncicb.nci.nih.gov/xml/owl/EVS/Thesaurus.owl#C48660,,Not Applicable,NCIT,http://ncicb.nci.nih.gov/xml/owl/EVS/Thesaurus.owl#C48660,,Not Applicable,NCIT,http://ncicb.nci.nih.gov/xml/owl/EVS/Thesaurus.owl#C48660,Not Applicable,NCIT,http://ncicb.nci.nih.gov/xml/owl/EVS/Thesaurus.owl#C48660,09-Dec-2017,09-Dec-2017,23-May-2018,5D16,Mmus_C57-6T_LVR_BSL_ISS-T_Rep7_B5,Mus musculus,NCBITAXON,http://purl.bioontology.org/ontology/NCBITAXON/10090,C57BL/6NTac,MEDO,http://www.ebi.ac.uk/efo/medo/MEDO_0000006,Taconic Biosciences,Female,MESH,http://purl.bioontology.org/ontology/MESH/D005260,36,week,UO,http://purl.obolibrary.org/obo/UO_0000034,Liver,MESH,http://purl.bioontology.org/ontology/MESH/D008099,Basal Control,,,0,day,UO,http://purl.obolibrary.org/obo/UO_0000033,On Earth,,,Carcass,,,animal husbandry,Not Applicable,NCIT,http://ncicb.nci.nih.gov/xml/owl/EVS/Thesaurus.owl#C48660,Nutrient Upgraded Rodent Food Bar (NuRFB),ad libitum,sample collection,"Ketamine/Xylazine/Acepromazine, Thoracotomy, Cardiac Puncture",,,-80.0,degree Celsius,UO,http://purl.obolibrary.org/obo/UO_0000027,18.8,gram,UO,http://purl.obolibrary.org/obo/UO_0000021,Liquid Nitrogen,NCIT,http://ncicb.nci.nih.gov/xml/owl/EVS/Thesaurus.owl#C68796,-80,degree Celsius,UO,http://purl.obolibrary.org/obo/UO_0000027,Liver FLT-Base 5,09-Dec-2017,09-Dec-2017,23-May-2018,5D16,619,6027,5D16,BSL_ISS-T
ISS-T Baseline 6,Mmus_C57-6T_FCS_BSL_ISS-T_Rep6_B6,Microbiota,MESH,http://purl.bioontology.org/ontology/MESH/D064307,Mus musculus,NCBITAXON,http://purl.bioontology.org/ontology/NCBITAXON/10090,C57BL/6NTac,MEDO,http://www.ebi.ac.uk/efo/medo/MEDO_0000006,Taconic Biosciences,,,Female,MESH,http://purl.bioontology.org/ontology/MESH/D005260,36,week,UO,http://purl.obolibrary.org/obo/UO_0000034,Feces,MESH,http://purl.bioontology.org/ontology/MESH/D005243,Basal Control,,,non-irradiated,RBO,http://purl.obolibrary.org/obo/RBO_00005025,0,day,UO,http://purl.obolibrary.org/obo/UO_0000033,On Earth,,,Carcass,,,animal husbandry,XTR-10/11/2016 and XTR-02/15/2016,,,XTR-05/01/2017,,,GLDS-249_metagenomics_RR6-NuRFB-Nutrition-Values.csv,,,"Ketamine/Xylazine/Acepromazine, Thoracotomy, Cardiac Puncture",,,-80.0,degree Celsius,UO,http://purl.obolibrary.org/obo/UO_0000027,Nutrient Upgraded Rodent Food Bar (NuRFB),ad libitum,sample collection,26.1,gram,UO,http://purl.obolibrary.org/obo/UO_0000021,Liquid Nitrogen,NCIT,http://ncicb.nci.nih.gov/xml/owl/EVS/Thesaurus.owl#C68796,-80,degree Celsius,UO,http://purl.obolibrary.org/obo/UO_0000027,2113,619,5961,Feces FLT-Base 6,radiation dosimetry,,Not Applicable,NCIT,http://ncicb.nci.nih.gov/xml/owl/EVS/Thesaurus.owl#C48660,,Not Applicable,NCIT,http://ncicb.nci.nih.gov/xml/owl/EVS/Thesaurus.owl#C48660,,Not Applicable,NCIT,http://ncicb.nci.nih.gov/xml/owl/EVS/Thesaurus.owl#C48660,Not Applicable,NCIT,http://ncicb.nci.nih.gov/xml/owl/EVS/Thesaurus.owl#C48660,09-Dec-2017,09-Dec-2017,23-May-2018,2113,Mmus_C57-6T_LVR_BSL_ISS-T_Rep4_B6,Mus musculus,NCBITAXON,http://purl.bioontology.org/ontology/NCBITAXON/10090,C57BL/6NTac,MEDO,http://www.ebi.ac.uk/efo/medo/MEDO_0000006,Taconic Biosciences,Female,MESH,http://purl.bioontology.org/ontology/MESH/D005260,36,week,UO,http://purl.obolibrary.org/obo/UO_0000034,Liver,MESH,http://purl.bioontology.org/ontology/MESH/D008099,Basal Control,,,0,day,UO,http://purl.obolibrary.org/obo/UO_0000033,On Earth,,,Carcass,,,animal husbandry,Not Applicable,NCIT,http://ncicb.nci.nih.gov/xml/owl/EVS/Thesaurus.owl#C48660,Nutrient Upgraded Rodent Food Bar (NuRFB),ad libitum,sample collection,"Ketamine/Xylazine/Acepromazine, Thoracotomy, Cardiac Puncture",,,-80.0,degree Celsius,UO,http://purl.obolibrary.org/obo/UO_0000027,26.1,gram,UO,http://purl.obolibrary.org/obo/UO_0000021,Liquid Nitrogen,NCIT,http://ncicb.nci.nih.gov/xml/owl/EVS/Thesaurus.owl#C68796,-80,degree Celsius,UO,http://purl.obolibrary.org/obo/UO_0000027,Liver FLT-Base 6,09-Dec-2017,09-Dec-2017,23-May-2018,2113,619,6027,2113,BSL_ISS-T
ISS-T Baseline 7,Mmus_C57-6T_FCS_BSL_ISS-T_Rep7_B7,Microbiota,MESH,http://purl.bioontology.org/ontology/MESH/D064307,Mus musculus,NCBITAXON,http://purl.bioontology.org/ontology/NCBITAXON/10090,C57BL/6NTac,MEDO,http://www.ebi.ac.uk/efo/medo/MEDO_0000006,Taconic Biosciences,,,Female,MESH,http://purl.bioontology.org/ontology/MESH/D005260,36,week,UO,http://purl.obolibrary.org/obo/UO_0000034,Feces,MESH,http://purl.bioontology.org/ontology/MESH/D005243,Basal Control,,,non-irradiated,RBO,http://purl.obolibrary.org/obo/RBO_00005025,0,day,UO,http://purl.obolibrary.org/obo/UO_0000033,On Earth,,,Carcass,,,animal husbandry,XTR-10/11/2016 and XTR-02/15/2016,,,XTR-05/01/2017,,,GLDS-249_metagenomics_RR6-NuRFB-Nutrition-Values.csv,,,"Ketamine/Xylazine/Acepromazine, Thoracotomy, Cardiac Puncture",,,-80.0,degree Celsius,UO,http://purl.obolibrary.org/obo/UO_0000027,Nutrient Upgraded Rodent Food Bar (NuRFB),ad libitum,sample collection,23.6,gram,UO,http://purl.obolibrary.org/obo/UO_0000021,Liquid Nitrogen,NCIT,http://ncicb.nci.nih.gov/xml/owl/EVS/Thesaurus.owl#C68796,-80,degree Celsius,UO,http://purl.obolibrary.org/obo/UO_0000027,1F4D,619,5961,Feces FLT-Base 7,radiation dosimetry,,Not Applicable,NCIT,http://ncicb.nci.nih.gov/xml/owl/EVS/Thesaurus.owl#C48660,,Not Applicable,NCIT,http://ncicb.nci.nih.gov/xml/owl/EVS/Thesaurus.owl#C48660,,Not Applicable,NCIT,http://ncicb.nci.nih.gov/xml/owl/EVS/Thesaurus.owl#C48660,Not Applicable,NCIT,http://ncicb.nci.nih.gov/xml/owl/EVS/Thesaurus.owl#C48660,09-Dec-2017,09-Dec-2017,23-May-2018,1F4D,Mmus_C57-6T_LVR_BSL_ISS-T_Rep8_B7,Mus musculus,NCBITAXON,http://purl.bioontology.org/ontology/NCBITAXON/10090,C57BL/6NTac,MEDO,http://www.ebi.ac.uk/efo/medo/MEDO_0000006,Taconic Biosciences,Female,MESH,http://purl.bioontology.org/ontology/MESH/D005260,36,week,UO,http://purl.obolibrary.org/obo/UO_0000034,Liver,MESH,http://purl.bioontology.org/ontology/MESH/D008099,Basal Control,,,0,day,UO,http://purl.obolibrary.org/obo/UO_0000033,On Earth,,,Carcass,,,animal husbandry,Not Applicable,NCIT,http://ncicb.nci.nih.gov/xml/owl/EVS/Thesaurus.owl#C48660,Nutrient Upgraded Rodent Food Bar (NuRFB),ad libitum,sample collection,"Ketamine/Xylazine/Acepromazine, Thoracotomy, Cardiac Puncture",,,-80.0,degree Celsius,UO,http://purl.obolibrary.org/obo/UO_0000027,23.6,gram,UO,http://purl.obolibrary.org/obo/UO_0000021,Liquid Nitrogen,NCIT,http://ncicb.nci.nih.gov/xml/owl/EVS/Thesaurus.owl#C68796,-80,degree Celsius,UO,http://purl.obolibrary.org/obo/UO_0000027,Liver FLT-Base 7,09-Dec-2017,09-Dec-2017,23-May-2018,1F4D,619,6027,1F4D,BSL_ISS-T
ISS-T Baseline 8,Mmus_C57-6T_FCS_BSL_ISS-T_Rep8_B8,Microbiota,MESH,http://purl.bioontology.org/ontology/MESH/D064307,Mus musculus,NCBITAXON,http://purl.bioontology.org/ontology/NCBITAXON/10090,C57BL/6NTac,MEDO,http://www.ebi.ac.uk/efo/medo/MEDO_0000006,Taconic Biosciences,,,Female,MESH,http://purl.bioontology.org/ontology/MESH/D005260,36,week,UO,http://purl.obolibrary.org/obo/UO_0000034,Feces,MESH,http://purl.bioontology.org/ontology/MESH/D005243,Basal Control,,,non-irradiated,RBO,http://purl.obolibrary.org/obo/RBO_00005025,0,day,UO,http://purl.obolibrary.org/obo/UO_0000033,On Earth,,,Carcass,,,animal husbandry,XTR-10/11/2016 and XTR-02/15/2016,,,XTR-05/01/2017,,,GLDS-249_metagenomics_RR6-NuRFB-Nutrition-Values.csv,,,"Ketamine/Xylazine/Acepromazine, Thoracotomy, Cardiac Puncture",,,-80.0,degree Celsius,UO,http://purl.obolibrary.org/obo/UO_0000027,Nutrient Upgraded Rodent Food Bar (NuRFB),ad libitum,sample collection,19.9,gram,UO,http://purl.obolibrary.org/obo/UO_0000021,Liquid Nitrogen,NCIT,http://ncicb.nci.nih.gov/xml/owl/EVS/Thesaurus.owl#C68796,-80,degree Celsius,UO,http://purl.obolibrary.org/obo/UO_0000027,670D,619,5961,Feces FLT-Base 8,radiation dosimetry,,Not Applicable,NCIT,http://ncicb.nci.nih.gov/xml/owl/EVS/Thesaurus.owl#C48660,,Not Applicable,NCIT,http://ncicb.nci.nih.gov/xml/owl/EVS/Thesaurus.owl#C48660,,Not Applicable,NCIT,http://ncicb.nci.nih.gov/xml/owl/EVS/Thesaurus.owl#C48660,Not Applicable,NCIT,http://ncicb.nci.nih.gov/xml/owl/EVS/Thesaurus.owl#C48660,09-Dec-2017,09-Dec-2017,24-May-2018,670D,Mmus_C57-6T_LVR_BSL_ISS-T_Rep9_B8,Mus musculus,NCBITAXON,http://purl.bioontology.org/ontology/NCBITAXON/10090,C57BL/6NTac,MEDO,http://www.ebi.ac.uk/efo/medo/MEDO_0000006,Taconic Biosciences,Female,MESH,http://purl.bioontology.org/ontology/MESH/D005260,36,week,UO,http://purl.obolibrary.org/obo/UO_0000034,Liver,MESH,http://purl.bioontology.org/ontology/MESH/D008099,Basal Control,,,0,day,UO,http://purl.obolibrary.org/obo/UO_0000033,On Earth,,,Carcass,,,animal husbandry,Not Applicable,NCIT,http://ncicb.nci.nih.gov/xml/owl/EVS/Thesaurus.owl#C48660,Nutrient Upgraded Rodent Food Bar (NuRFB),ad libitum,sample collection,"Ketamine/Xylazine/Acepromazine, Thoracotomy, Cardiac Puncture",,,-80.0,degree Celsius,UO,http://purl.obolibrary.org/obo/UO_0000027,19.9,gram,UO,http://purl.obolibrary.org/obo/UO_0000021,Liquid Nitrogen,NCIT,http://ncicb.nci.nih.gov/xml/owl/EVS/Thesaurus.owl#C68796,-80,degree Celsius,UO,http://purl.obolibrary.org/obo/UO_0000027,Liver FLT-Base 8,09-Dec-2017,09-Dec-2017,24-May-2018,670D,619,6027,670D,BSL_ISS-T
ISS-T Baseline 10,Mmus_C57-6T_FCS_BSL_ISS-T_Rep9_B10,Microbiota,MESH,http://purl.bioontology.org/ontology/MESH/D064307,Mus musculus,NCBITAXON,http://purl.bioontology.org/ontology/NCBITAXON/10090,C57BL/6NTac,MEDO,http://www.ebi.ac.uk/efo/medo/MEDO_0000006,Taconic Biosciences,,,Female,MESH,http://purl.bioontology.org/ontology/MESH/D005260,36,week,UO,http://purl.obolibrary.org/obo/UO_0000034,Feces,MESH,http://purl.bioontology.org/ontology/MESH/D005243,Basal Control,,,non-irradiated,RBO,http://purl.obolibrary.org/obo/RBO_00005025,0,day,UO,http://purl.obolibrary.org/obo/UO_0000033,On Earth,,,Carcass,,,animal husbandry,XTR-10/11/2016 and XTR-02/15/2016,,,XTR-05/01/2017,,,GLDS-249_metagenomics_RR6-NuRFB-Nutrition-Values.csv,,,"Ketamine/Xylazine/Acepromazine, Thoracotomy, Cardiac Puncture",,,-80.0,degree Celsius,UO,http://purl.obolibrary.org/obo/UO_0000027,Nutrient Upgraded Rodent Food Bar (NuRFB),ad libitum,sample collection,22.0,gram,UO,http://purl.obolibrary.org/obo/UO_0000021,Liquid Nitrogen,NCIT,http://ncicb.nci.nih.gov/xml/owl/EVS/Thesaurus.owl#C68796,-80,degree Celsius,UO,http://purl.obolibrary.org/obo/UO_0000027,4166,619,5961,Feces FLT-Base 10,radiation dosimetry,,Not Applicable,NCIT,http://ncicb.nci.nih.gov/xml/owl/EVS/Thesaurus.owl#C48660,,Not Applicable,NCIT,http://ncicb.nci.nih.gov/xml/owl/EVS/Thesaurus.owl#C48660,,Not Applicable,NCIT,http://ncicb.nci.nih.gov/xml/owl/EVS/Thesaurus.owl#C48660,Not Applicable,NCIT,http://ncicb.nci.nih.gov/xml/owl/EVS/Thesaurus.owl#C48660,09-Dec-2017,09-Dec-2017,24-May-2018,4166,Mmus_C57-6T_LVR_BSL_ISS-T_Rep6_B10,Mus musculus,NCBITAXON,http://purl.bioontology.org/ontology/NCBITAXON/10090,C57BL/6NTac,MEDO,http://www.ebi.ac.uk/efo/medo/MEDO_0000006,Taconic Biosciences,Female,MESH,http://purl.bioontology.org/ontology/MESH/D005260,36,week,UO,http://purl.obolibrary.org/obo/UO_0000034,Liver,MESH,http://purl.bioontology.org/ontology/MESH/D008099,Basal Control,,,0,day,UO,http://purl.obolibrary.org/obo/UO_0000033,On Earth,,,Carcass,,,animal husbandry,Not Applicable,NCIT,http://ncicb.nci.nih.gov/xml/owl/EVS/Thesaurus.owl#C48660,Nutrient Upgraded Rodent Food Bar (NuRFB),ad libitum,sample collection,"Ketamine/Xylazine/Acepromazine, Thoracotomy, Cardiac Puncture",,,-80.0,degree Celsius,UO,http://purl.obolibrary.org/obo/UO_0000027,22.0,gram,UO,http://purl.obolibrary.org/obo/UO_0000021,Liquid Nitrogen,NCIT,http://ncicb.nci.nih.gov/xml/owl/EVS/Thesaurus.owl#C68796,-80,degree Celsius,UO,http://purl.obolibrary.org/obo/UO_0000027,Liver FLT-Base 10,09-Dec-2017,09-Dec-2017,24-May-2018,4166,619,6027,4166,BSL_ISS-T
ISS-T GC 2,Mmus_C57-6T_FCS_GC_ISS-T_Rep1_G2,Microbiota,MESH,http://purl.bioontology.org/ontology/MESH/D064307,Mus musculus,NCBITAXON,http://purl.bioontology.org/ontology/NCBITAXON/10090,C57BL/6NTac,MEDO,http://www.ebi.ac.uk/efo/medo/MEDO_0000006,Taconic Biosciences,,,Female,MESH,http://purl.bioontology.org/ontology/MESH/D005260,36,week,UO,http://purl.obolibrary.org/obo/UO_0000034,Feces,MESH,http://purl.bioontology.org/ontology/MESH/D005243,Ground Control,,,non-irradiated,RBO,http://purl.obolibrary.org/obo/RBO_00005025,~60,day,UO,http://purl.obolibrary.org/obo/UO_0000033,On Earth,,,Carcass,,,animal husbandry,XTR-10/11/2016 and XTR-02/15/2016,,,XTR-05/01/2017,,,GLDS-249_metagenomics_RR6-NuRFB-Nutrition-Values.csv,,,"Ketamine/Xylazine/Acepromazine, Thoracotomy, Cardiac Puncture",,,-80.0,degree Celsius,UO,http://purl.obolibrary.org/obo/UO_0000027,Nutrient Upgraded Rodent Food Bar (NuRFB),ad libitum,sample collection,33.5,gram,UO,http://purl.obolibrary.org/obo/UO_0000021,Liquid Nitrogen,NCIT,http://ncicb.nci.nih.gov/xml/owl/EVS/Thesaurus.owl#C68796,-80,degree Celsius,UO,http://purl.obolibrary.org/obo/UO_0000027,7616,621,5989,Feces FLT-GC 2,radiation dosimetry,,Not Applicable,NCIT,http://ncicb.nci.nih.gov/xml/owl/EVS/Thesaurus.owl#C48660,,Not Applicable,NCIT,http://ncicb.nci.nih.gov/xml/owl/EVS/Thesaurus.owl#C48660,,Not Applicable,NCIT,http://ncicb.nci.nih.gov/xml/owl/EVS/Thesaurus.owl#C48660,Not Applicable,NCIT,http://ncicb.nci.nih.gov/xml/owl/EVS/Thesaurus.owl#C48660,09-Dec-2017,09-Dec-2017,24-May-2018,7616,Mmus_C57-6T_LVR_GC_ISS-T_Rep7_G2,Mus musculus,NCBITAXON,http://purl.bioontology.org/ontology/NCBITAXON/10090,C57BL/6NTac,MEDO,http://www.ebi.ac.uk/efo/medo/MEDO_0000006,Taconic Biosciences,Female,MESH,http://purl.bioontology.org/ontology/MESH/D005260,36,week,UO,http://purl.obolibrary.org/obo/UO_0000034,Liver,MESH,http://purl.bioontology.org/ontology/MESH/D008099,Ground Control,,,~60,day,UO,http://purl.obolibrary.org/obo/UO_0000033,On Earth,,,Carcass,,,animal husbandry,Hut,,,Nutrient Upgraded Rodent Food Bar (NuRFB),ad libitum,sample collection,"Ketamine/Xylazine/Acepromazine, Thoracotomy, Cardiac Puncture",,,-80.0,degree Celsius,UO,http://purl.obolibrary.org/obo/UO_0000027,33.5,gram,UO,http://purl.obolibrary.org/obo/UO_0000021,Liquid Nitrogen,NCIT,http://ncicb.nci.nih.gov/xml/owl/EVS/Thesaurus.owl#C68796,-80,degree Celsius,UO,http://purl.obolibrary.org/obo/UO_0000027,Liver FLT-GC 2,12-Dec-2017,03-Feb-2018 to 06-Feb-2018,22-May-2018,7616,621,5996,7616,GC_ISS-T
ISS-T GC 3,Mmus_C57-6T_FCS_GC_ISS-T_Rep2_G3,Microbiota,MESH,http://purl.bioontology.org/ontology/MESH/D064307,Mus musculus,NCBITAXON,http://purl.bioontology.org/ontology/NCBITAXON/10090,C57BL/6NTac,MEDO,http://www.ebi.ac.uk/efo/medo/MEDO_0000006,Taconic Biosciences,,,Female,MESH,http://purl.bioontology.org/ontology/MESH/D005260,36,week,UO,http://purl.obolibrary.org/obo/UO_0000034,Feces,MESH,http://purl.bioontology.org/ontology/MESH/D005243,Ground Control,,,non-irradiated,RBO,http://purl.obolibrary.org/obo/RBO_00005025,~60,day,UO,http://purl.obolibrary.org/obo/UO_0000033,On Earth,,,Carcass,,,animal husbandry,XTR-10/11/2016 and XTR-02/15/2016,,,XTR-05/01/2017,,,GLDS-249_metagenomics_RR6-NuRFB-Nutrition-Values.csv,,,"Ketamine/Xylazine/Acepromazine, Thoracotomy, Cardiac Puncture",,,-80.0,degree Celsius,UO,http://purl.obolibrary.org/obo/UO_0000027,Nutrient Upgraded Rodent Food Bar (NuRFB),ad libitum,sample collection,33.1,gram,UO,http://purl.obolibrary.org/obo/UO_0000021,Liquid Nitrogen,NCIT,http://ncicb.nci.nih.gov/xml/owl/EVS/Thesaurus.owl#C68796,-80,degree Celsius,UO,http://purl.obolibrary.org/obo/UO_0000027,2C22,621,5989,Feces FLT-GC 3,radiation dosimetry,,Not Applicable,NCIT,http://ncicb.nci.nih.gov/xml/owl/EVS/Thesaurus.owl#C48660,,Not Applicable,NCIT,http://ncicb.nci.nih.gov/xml/owl/EVS/Thesaurus.owl#C48660,,Not Applicable,NCIT,http://ncicb.nci.nih.gov/xml/owl/EVS/Thesaurus.owl#C48660,Not Applicable,NCIT,http://ncicb.nci.nih.gov/xml/owl/EVS/Thesaurus.owl#C48660,12-Dec-2017,03-Feb-2018 to 06-Feb-2018,22-May-2018,2C22,Mmus_C57-6T_LVR_GC_ISS-T_Rep8_G3,Mus musculus,NCBITAXON,http://purl.bioontology.org/ontology/NCBITAXON/10090,C57BL/6NTac,MEDO,http://www.ebi.ac.uk/efo/medo/MEDO_0000006,Taconic Biosciences,Female,MESH,http://purl.bioontology.org/ontology/MESH/D005260,36,week,UO,http://purl.obolibrary.org/obo/UO_0000034,Liver,MESH,http://purl.bioontology.org/ontology/MESH/D008099,Ground Control,,,~60,day,UO,http://purl.obolibrary.org/obo/UO_0000033,On Earth,,,Carcass,,,animal husbandry,Hut,,,Nutrient Upgraded Rodent Food Bar (NuRFB),ad libitum,sample collection,"Ketamine/Xylazine/Acepromazine, Thoracotomy, Cardiac Puncture",,,-80.0,degree Celsius,UO,http://purl.obolibrary.org/obo/UO_0000027,33.1,gram,UO,http://purl.obolibrary.org/obo/UO_0000021,Liquid Nitrogen,NCIT,http://ncicb.nci.nih.gov/xml/owl/EVS/Thesaurus.owl#C68796,-80,degree Celsius,UO,http://purl.obolibrary.org/obo/UO_0000027,Liver FLT-GC 3,12-Dec-2017,03-Feb-2018 to 06-Feb-2018,22-May-2018,2C22,621,5996,2C22,GC_ISS-T
ISS-T GC 4,Mmus_C57-6T_FCS_GC_ISS-T_Rep3_G4,Microbiota,MESH,http://purl.bioontology.org/ontology/MESH/D064307,Mus musculus,NCBITAXON,http://purl.bioontology.org/ontology/NCBITAXON/10090,C57BL/6NTac,MEDO,http://www.ebi.ac.uk/efo/medo/MEDO_0000006,Taconic Biosciences,,,Female,MESH,http://purl.bioontology.org/ontology/MESH/D005260,36,week,UO,http://purl.obolibrary.org/obo/UO_0000034,Feces,MESH,http://purl.bioontology.org/ontology/MESH/D005243,Ground Control,,,non-irradiated,RBO,http://purl.obolibrary.org/obo/RBO_00005025,~60,day,UO,http://purl.obolibrary.org/obo/UO_0000033,On Earth,,,Carcass,,,animal husbandry,XTR-10/11/2016 and XTR-02/15/2016,,,XTR-05/01/2017,,,GLDS-249_metagenomics_RR6-NuRFB-Nutrition-Values.csv,,,"Ketamine/Xylazine/Acepromazine, Thoracotomy, Cardiac Puncture",,,-80.0,degree Celsius,UO,http://purl.obolibrary.org/obo/UO_0000027,Nutrient Upgraded Rodent Food Bar (NuRFB),ad libitum,sample collection,30.5,gram,UO,http://purl.obolibrary.org/obo/UO_0000021,Liquid Nitrogen,NCIT,http://ncicb.nci.nih.gov/xml/owl/EVS/Thesaurus.owl#C68796,-80,degree Celsius,UO,http://purl.obolibrary.org/obo/UO_0000027,217F,621,5989,Feces FLT-GC 4,radiation dosimetry,,Not Applicable,NCIT,http://ncicb.nci.nih.gov/xml/owl/EVS/Thesaurus.owl#C48660,,Not Applicable,NCIT,http://ncicb.nci.nih.gov/xml/owl/EVS/Thesaurus.owl#C48660,,Not Applicable,NCIT,http://ncicb.nci.nih.gov/xml/owl/EVS/Thesaurus.owl#C48660,Not Applicable,NCIT,http://ncicb.nci.nih.gov/xml/owl/EVS/Thesaurus.owl#C48660,12-Dec-2017,03-Feb-2018 to 06-Feb-2018,23-May-2018,217F,Mmus_C57-6T_LVR_GC_ISS-T_Rep1_G4,Mus musculus,NCBITAXON,http://purl.bioontology.org/ontology/NCBITAXON/10090,C57BL/6NTac,MEDO,http://www.ebi.ac.uk/efo/medo/MEDO_0000006,Taconic Biosciences,Female,MESH,http://purl.bioontology.org/ontology/MESH/D005260,36,week,UO,http://purl.obolibrary.org/obo/UO_0000034,Liver,MESH,http://purl.bioontology.org/ontology/MESH/D008099,Ground Control,,,~60,day,UO,http://purl.obolibrary.org/obo/UO_0000033,On Earth,,,Carcass,,,animal husbandry,Hut,,,Nutrient Upgraded Rodent Food Bar (NuRFB),ad libitum,sample collection,"Ketamine/Xylazine/Acepromazine, Thoracotomy, Cardiac Puncture",,,-80.0,degree Celsius,UO,http://purl.obolibrary.org/obo/UO_0000027,30.5,gram,UO,http://purl.obolibrary.org/obo/UO_0000021,Liquid Nitrogen,NCIT,http://ncicb.nci.nih.gov/xml/owl/EVS/Thesaurus.owl#C68796,-80,degree Celsius,UO,http://purl.obolibrary.org/obo/UO_0000027,Liver FLT-GC 4,12-Dec-2017,03-Feb-2018 to 06-Feb-2018,23-May-2018,217F,621,5996,217F,GC_ISS-T
ISS-T GC 5,Mmus_C57-6T_FCS_GC_ISS-T_Rep4_G5,Microbiota,MESH,http://purl.bioontology.org/ontology/MESH/D064307,Mus musculus,NCBITAXON,http://purl.bioontology.org/ontology/NCBITAXON/10090,C57BL/6NTac,MEDO,http://www.ebi.ac.uk/efo/medo/MEDO_0000006,Taconic Biosciences,,,Female,MESH,http://purl.bioontology.org/ontology/MESH/D005260,36,week,UO,http://purl.obolibrary.org/obo/UO_0000034,Feces,MESH,http://purl.bioontology.org/ontology/MESH/D005243,Ground Control,,,non-irradiated,RBO,http://purl.obolibrary.org/obo/RBO_00005025,~60,day,UO,http://purl.obolibrary.org/obo/UO_0000033,On Earth,,,Carcass,,,animal husbandry,XTR-10/11/2016 and XTR-02/15/2016,,,XTR-05/01/2017,,,GLDS-249_metagenomics_RR6-NuRFB-Nutrition-Values.csv,,,"Ketamine/Xylazine/Acepromazine, Thoracotomy, Cardiac Puncture",,,-80.0,degree Celsius,UO,http://purl.obolibrary.org/obo/UO_0000027,Nutrient Upgraded Rodent Food Bar (NuRFB),ad libitum,sample collection,29.5,gram,UO,http://purl.obolibrary.org/obo/UO_0000021,Liquid Nitrogen,NCIT,http://ncicb.nci.nih.gov/xml/owl/EVS/Thesaurus.owl#C68796,-80,degree Celsius,UO,http://purl.obolibrary.org/obo/UO_0000027,4511,621,5989,Feces FLT-GC 5,radiation dosimetry,,Not Applicable,NCIT,http://ncicb.nci.nih.gov/xml/owl/EVS/Thesaurus.owl#C48660,,Not Applicable,NCIT,http://ncicb.nci.nih.gov/xml/owl/EVS/Thesaurus.owl#C48660,,Not Applicable,NCIT,http://ncicb.nci.nih.gov/xml/owl/EVS/Thesaurus.owl#C48660,Not Applicable,NCIT,http://ncicb.nci.nih.gov/xml/owl/EVS/Thesaurus.owl#C48660,12-Dec-2017,03-Feb-2018 to 06-Feb-2018,23-May-2018,4511,Mmus_C57-6T_LVR_GC_ISS-T_Rep9_G5,Mus musculus,NCBITAXON,http://purl.bioontology.org/ontology/NCBITAXON/10090,C57BL/6NTac,MEDO,http://www.ebi.ac.uk/efo/medo/MEDO_0000006,Taconic Biosciences,Female,MESH,http://purl.bioontology.org/ontology/MESH/D005260,36,week,UO,http://purl.obolibrary.org/obo/UO_0000034,Liver,MESH,http://purl.bioontology.org/ontology/MESH/D008099,Ground Control,,,~60,day,UO,http://purl.obolibrary.org/obo/UO_0000033,On Earth,,,Carcass,,,animal husbandry,Hut,,,Nutrient Upgraded Rodent Food Bar (NuRFB),ad libitum,sample collection,"Ketamine/Xylazine/Acepromazine, Thoracotomy, Cardiac Puncture",,,-80.0,degree Celsius,UO,http://purl.obolibrary.org/obo/UO_0000027,29.5,gram,UO,http://purl.obolibrary.org/obo/UO_0000021,Liquid Nitrogen,NCIT,http://ncicb.nci.nih.gov/xml/owl/EVS/Thesaurus.owl#C68796,-80,degree Celsius,UO,http://purl.obolibrary.org/obo/UO_0000027,Liver FLT-GC 5,12-Dec-2017,03-Feb-2018 to 06-Feb-2018,23-May-2018,4511,621,5996,4511,GC_ISS-T
ISS-T GC 6,Mmus_C57-6T_FCS_GC_ISS-T_Rep5_G6,Microbiota,MESH,http://purl.bioontology.org/ontology/MESH/D064307,Mus musculus,NCBITAXON,http://purl.bioontology.org/ontology/NCBITAXON/10090,C57BL/6NTac,MEDO,http://www.ebi.ac.uk/efo/medo/MEDO_0000006,Taconic Biosciences,,,Female,MESH,http://purl.bioontology.org/ontology/MESH/D005260,36,week,UO,http://purl.obolibrary.org/obo/UO_0000034,Feces,MESH,http://purl.bioontology.org/ontology/MESH/D005243,Ground Control,,,non-irradiated,RBO,http://purl.obolibrary.org/obo/RBO_00005025,~60,day,UO,http://purl.obolibrary.org/obo/UO_0000033,On Earth,,,Carcass,,,animal husbandry,XTR-10/11/2016 and XTR-02/15/2016,,,XTR-05/01/2017,,,GLDS-249_metagenomics_RR6-NuRFB-Nutrition-Values.csv,,,"Ketamine/Xylazine/Acepromazine, Thoracotomy, Cardiac Puncture",,,-80.0,degree Celsius,UO,http://purl.obolibrary.org/obo/UO_0000027,Nutrient Upgraded Rodent Food Bar (NuRFB),ad libitum,sample collection,28.0,gram,UO,http://purl.obolibrary.org/obo/UO_0000021,Liquid Nitrogen,NCIT,http://ncicb.nci.nih.gov/xml/owl/EVS/Thesaurus.owl#C68796,-80,degree Celsius,UO,http://purl.obolibrary.org/obo/UO_0000027,3E6E,621,5989,Feces FLT-GC 6,radiation dosimetry,,Not Applicable,NCIT,http://ncicb.nci.nih.gov/xml/owl/EVS/Thesaurus.owl#C48660,,Not Applicable,NCIT,http://ncicb.nci.nih.gov/xml/owl/EVS/Thesaurus.owl#C48660,,Not Applicable,NCIT,http://ncicb.nci.nih.gov/xml/owl/EVS/Thesaurus.owl#C48660,Not Applicable,NCIT,http://ncicb.nci.nih.gov/xml/owl/EVS/Thesaurus.owl#C48660,12-Dec-2017,03-Feb-2018 to 06-Feb-2018,23-May-2018,3E6E,Mmus_C57-6T_LVR_GC_ISS-T_Rep10_G6,Mus musculus,NCBITAXON,http://purl.bioontology.org/ontology/NCBITAXON/10090,C57BL/6NTac,MEDO,http://www.ebi.ac.uk/efo/medo/MEDO_0000006,Taconic Biosciences,Female,MESH,http://purl.bioontology.org/ontology/MESH/D005260,36,week,UO,http://purl.obolibrary.org/obo/UO_0000034,Liver,MESH,http://purl.bioontology.org/ontology/MESH/D008099,Ground Control,,,~60,day,UO,http://purl.obolibrary.org/obo/UO_0000033,On Earth,,,Carcass,,,animal husbandry,Hut,,,Nutrient Upgraded Rodent Food Bar (NuRFB),ad libitum,sample collection,"Ketamine/Xylazine/Acepromazine, Thoracotomy, Cardiac Puncture",,,-80.0,degree Celsius,UO,http://purl.obolibrary.org/obo/UO_0000027,28.0,gram,UO,http://purl.obolibrary.org/obo/UO_0000021,Liquid Nitrogen,NCIT,http://ncicb.nci.nih.gov/xml/owl/EVS/Thesaurus.owl#C68796,-80,degree Celsius,UO,http://purl.obolibrary.org/obo/UO_0000027,Liver FLT-GC 6,12-Dec-2017,03-Feb-2018 to 06-Feb-2018,23-May-2018,3E6E,621,5996,3E6E,GC_ISS-T
ISS-T GC 8,Mmus_C57-6T_FCS_GC_ISS-T_Rep7_G8,Microbiota,MESH,http://purl.bioontology.org/ontology/MESH/D064307,Mus musculus,NCBITAXON,http://purl.bioontology.org/ontology/NCBITAXON/10090,C57BL/6NTac,MEDO,http://www.ebi.ac.uk/efo/medo/MEDO_0000006,Taconic Biosciences,,,Female,MESH,http://purl.bioontology.org/ontology/MESH/D005260,36,week,UO,http://purl.obolibrary.org/obo/UO_0000034,Feces,MESH,http://purl.bioontology.org/ontology/MESH/D005243,Ground Control,,,non-irradiated,RBO,http://purl.obolibrary.org/obo/RBO_00005025,~60,day,UO,http://purl.obolibrary.org/obo/UO_0000033,On Earth,,,Carcass,,,animal husbandry,XTR-10/11/2016 and XTR-02/15/2016,,,XTR-05/01/2017,,,GLDS-249_metagenomics_RR6-NuRFB-Nutrition-Values.csv,,,"Ketamine/Xylazine/Acepromazine, Thoracotomy, Cardiac Puncture",,,-80.0,degree Celsius,UO,http://purl.obolibrary.org/obo/UO_0000027,Nutrient Upgraded Rodent Food Bar (NuRFB),ad libitum,sample collection,29.2,gram,UO,http://purl.obolibrary.org/obo/UO_0000021,Liquid Nitrogen,NCIT,http://ncicb.nci.nih.gov/xml/owl/EVS/Thesaurus.owl#C68796,-80,degree Celsius,UO,http://purl.obolibrary.org/obo/UO_0000027,673F,621,5989,Feces FLT-GC 8,radiation dosimetry,,Not Applicable,NCIT,http://ncicb.nci.nih.gov/xml/owl/EVS/Thesaurus.owl#C48660,,Not Applicable,NCIT,http://ncicb.nci.nih.gov/xml/owl/EVS/Thesaurus.owl#C48660,,Not Applicable,NCIT,http://ncicb.nci.nih.gov/xml/owl/EVS/Thesaurus.owl#C48660,Not Applicable,NCIT,http://ncicb.nci.nih.gov/xml/owl/EVS/Thesaurus.owl#C48660,12-Dec-2017,03-Feb-2018 to 06-Feb-2018,24-May-2018,673F,Mmus_C57-6T_LVR_GC_ISS-T_Rep5_G8,Mus musculus,NCBITAXON,http://purl.bioontology.org/ontology/NCBITAXON/10090,C57BL/6NTac,MEDO,http://www.ebi.ac.uk/efo/medo/MEDO_0000006,Taconic Biosciences,Female,MESH,http://purl.bioontology.org/ontology/MESH/D005260,36,week,UO,http://purl.obolibrary.org/obo/UO_0000034,Liver,MESH,http://purl.bioontology.org/ontology/MESH/D008099,Ground Control,,,~60,day,UO,http://purl.obolibrary.org/obo/UO_0000033,On Earth,,,Carcass,,,animal husbandry,Hut,,,Nutrient Upgraded Rodent Food Bar (NuRFB),ad libitum,sample collection,"Ketamine/Xylazine/Acepromazine, Thoracotomy, Cardiac Puncture",,,-80.0,degree Celsius,UO,http://purl.obolibrary.org/obo/UO_0000027,29.2,gram,UO,http://purl.obolibrary.org/obo/UO_0000021,Liquid Nitrogen,NCIT,http://ncicb.nci.nih.gov/xml/owl/EVS/Thesaurus.owl#C68796,-80,degree Celsius,UO,http://purl.obolibrary.org/obo/UO_0000027,Liver FLT-GC 8,12-Dec-2017,03-Feb-2018 to 06-Feb-2018,24-May-2018,673F,621,5996,673F,GC_ISS-T
ISS-T GC 9,Mmus_C57-6T_FCS_GC_ISS-T_Rep8_G9,Microbiota,MESH,http://purl.bioontology.org/ontology/MESH/D064307,Mus musculus,NCBITAXON,http://purl.bioontology.org/ontology/NCBITAXON/10090,C57BL/6NTac,MEDO,http://www.ebi.ac.uk/efo/medo/MEDO_0000006,Taconic Biosciences,,,Female,MESH,http://purl.bioontology.org/ontology/MESH/D005260,36,week,UO,http://purl.obolibrary.org/obo/UO_0000034,Feces,MESH,http://purl.bioontology.org/ontology/MESH/D005243,Ground Control,,,non-irradiated,RBO,http://purl.obolibrary.org/obo/RBO_00005025,~60,day,UO,http://purl.obolibrary.org/obo/UO_0000033,On Earth,,,Carcass,,,animal husbandry,XTR-10/11/2016 and XTR-02/15/2016,,,XTR-05/01/2017,,,GLDS-249_metagenomics_RR6-NuRFB-Nutrition-Values.csv,,,"Ketamine/Xylazine/Acepromazine, Thoracotomy, Cardiac Puncture",,,-80.0,degree Celsius,UO,http://purl.obolibrary.org/obo/UO_0000027,Nutrient Upgraded Rodent Food Bar (NuRFB),ad libitum,sample collection,21.3,gram,UO,http://purl.obolibrary.org/obo/UO_0000021,Liquid Nitrogen,NCIT,http://ncicb.nci.nih.gov/xml/owl/EVS/Thesaurus.owl#C68796,-80,degree Celsius,UO,http://purl.obolibrary.org/obo/UO_0000027,2574,621,5989,Feces FLT-GC 9,radiation dosimetry,,Not Applicable,NCIT,http://ncicb.nci.nih.gov/xml/owl/EVS/Thesaurus.owl#C48660,,Not Applicable,NCIT,http://ncicb.nci.nih.gov/xml/owl/EVS/Thesaurus.owl#C48660,,Not Applicable,NCIT,http://ncicb.nci.nih.gov/xml/owl/EVS/Thesaurus.owl#C48660,Not Applicable,NCIT,http://ncicb.nci.nih.gov/xml/owl/EVS/Thesaurus.owl#C48660,12-Dec-2017,03-Feb-2018 to 06-Feb-2018,24-May-2018,2574,Mmus_C57-6T_LVR_GC_ISS-T_Rep2_G9,Mus musculus,NCBITAXON,http://purl.bioontology.org/ontology/NCBITAXON/10090,C57BL/6NTac,MEDO,http://www.ebi.ac.uk/efo/medo/MEDO_0000006,Taconic Biosciences,Female,MESH,http://purl.bioontology.org/ontology/MESH/D005260,36,week,UO,http://purl.obolibrary.org/obo/UO_0000034,Liver,MESH,http://purl.bioontology.org/ontology/MESH/D008099,Ground Control,,,~60,day,UO,http://purl.obolibrary.org/obo/UO_0000033,On Earth,,,Carcass,,,animal husbandry,Hut,,,Nutrient Upgraded Rodent Food Bar (NuRFB),ad libitum,sample collection,"Ketamine/Xylazine/Acepromazine, Thoracotomy, Cardiac Puncture",,,-80.0,degree Celsius,UO,http://purl.obolibrary.org/obo/UO_0000027,21.3,gram,UO,http://purl.obolibrary.org/obo/UO_0000021,Liquid Nitrogen,NCIT,http://ncicb.nci.nih.gov/xml/owl/EVS/Thesaurus.owl#C68796,-80,degree Celsius,UO,http://purl.obolibrary.org/obo/UO_0000027,Liver FLT-GC 9,12-Dec-2017,03-Feb-2018 to 06-Feb-2018,24-May-2018,2574,621,5996,2574,GC_ISS-T
ISS-T GC 10,Mmus_C57-6T_FCS_GC_ISS-T_Rep9_G10,Microbiota,MESH,http://purl.bioontology.org/ontology/MESH/D064307,Mus musculus,NCBITAXON,http://purl.bioontology.org/ontology/NCBITAXON/10090,C57BL/6NTac,MEDO,http://www.ebi.ac.uk/efo/medo/MEDO_0000006,Taconic Biosciences,,,Female,MESH,http://purl.bioontology.org/ontology/MESH/D005260,36,week,UO,http://purl.obolibrary.org/obo/UO_0000034,Feces,MESH,http://purl.bioontology.org/ontology/MESH/D005243,Ground Control,,,non-irradiated,RBO,http://purl.obolibrary.org/obo/RBO_00005025,~60,day,UO,http://purl.obolibrary.org/obo/UO_0000033,On Earth,,,Carcass,,,animal husbandry,XTR-10/11/2016 and XTR-02/15/2016,,,XTR-05/01/2017,,,GLDS-249_metagenomics_RR6-NuRFB-Nutrition-Values.csv,,,"Ketamine/Xylazine/Acepromazine, Thoracotomy, Cardiac Puncture",,,-80.0,degree Celsius,UO,http://purl.obolibrary.org/obo/UO_0000027,Nutrient Upgraded Rodent Food Bar (NuRFB),ad libitum,sample collection,22.2,gram,UO,http://purl.obolibrary.org/obo/UO_0000021,Liquid Nitrogen,NCIT,http://ncicb.nci.nih.gov/xml/owl/EVS/Thesaurus.owl#C68796,-80,degree Celsius,UO,http://purl.obolibrary.org/obo/UO_0000027,3C63,621,5989,Feces FLT-GC 10,radiation dosimetry,,Not Applicable,NCIT,http://ncicb.nci.nih.gov/xml/owl/EVS/Thesaurus.owl#C48660,,Not Applicable,NCIT,http://ncicb.nci.nih.gov/xml/owl/EVS/Thesaurus.owl#C48660,,Not Applicable,NCIT,http://ncicb.nci.nih.gov/xml/owl/EVS/Thesaurus.owl#C48660,Not Applicable,NCIT,http://ncicb.nci.nih.gov/xml/owl/EVS/Thesaurus.owl#C48660,12-Dec-2017,03-Feb-2018 to 06-Feb-2018,24-May-2018,3C63,Mmus_C57-6T_LVR_GC_ISS-T_Rep3_G10,Mus musculus,NCBITAXON,http://purl.bioontology.org/ontology/NCBITAXON/10090,C57BL/6NTac,MEDO,http://www.ebi.ac.uk/efo/medo/MEDO_0000006,Taconic Biosciences,Female,MESH,http://purl.bioontology.org/ontology/MESH/D005260,36,week,UO,http://purl.obolibrary.org/obo/UO_0000034,Liver,MESH,http://purl.bioontology.org/ontology/MESH/D008099,Ground Control,,,~60,day,UO,http://purl.obolibrary.org/obo/UO_0000033,On Earth,,,Carcass,,,animal husbandry,Hut,,,Nutrient Upgraded Rodent Food Bar (NuRFB),ad libitum,sample collection,"Ketamine/Xylazine/Acepromazine, Thoracotomy, Cardiac Puncture",,,-80.0,degree Celsius,UO,http://purl.obolibrary.org/obo/UO_0000027,22.2,gram,UO,http://purl.obolibrary.org/obo/UO_0000021,Liquid Nitrogen,NCIT,http://ncicb.nci.nih.gov/xml/owl/EVS/Thesaurus.owl#C68796,-80,degree Celsius,UO,http://purl.obolibrary.org/obo/UO_0000027,Liver FLT-GC 10,12-Dec-2017,03-Feb-2018 to 06-Feb-2018,24-May-2018,3C63,621,5996,3C63,GC_ISS-T
ISS-T Flight 3,Mmus_C57-6T_FCS_FLT_ISS-T_Rep1_F3,Microbiota,MESH,http://purl.bioontology.org/ontology/MESH/D064307,Mus musculus,NCBITAXON,http://purl.bioontology.org/ontology/NCBITAXON/10090,C57BL/6NTac,MEDO,http://www.ebi.ac.uk/efo/medo/MEDO_0000006,Taconic Biosciences,,,Female,MESH,http://purl.bioontology.org/ontology/MESH/D005260,36,week,UO,http://purl.obolibrary.org/obo/UO_0000034,Feces,MESH,http://purl.bioontology.org/ontology/MESH/D005243,Space Flight,MESH,http://purl.bioontology.org/ontology/MESH/D013026,space radiation,RBO,http://purl.obolibrary.org/obo/RBO_00000002,~60,day,UO,http://purl.obolibrary.org/obo/UO_0000033,On ISS,,,Carcass,,,animal husbandry,XTR-10/11/2016 and XTR-02/15/2016,,,XTR-05/01/2017,,,GLDS-249_metagenomics_RR6-NuRFB-Nutrition-Values.csv,,,"Ketamine/Xylazine/Acepromazine, Thoracotomy, Cardiac Puncture",,,-80.0,degree Celsius,UO,http://purl.obolibrary.org/obo/UO_0000027,Nutrient Upgraded Rodent Food Bar (NuRFB),ad libitum,sample collection,33.2,gram,UO,http://purl.obolibrary.org/obo/UO_0000021,Liquid Nitrogen,NCIT,http://ncicb.nci.nih.gov/xml/owl/EVS/Thesaurus.owl#C68796,-80,degree Celsius,UO,http://purl.obolibrary.org/obo/UO_0000027,063F,620,6020,Feces FLT-ISS-T 3,radiation dosimetry,15.257-16.105,gray,UO,http://purl.obolibrary.org/obo/UO_0000134,54-57,day,UO,http://purl.obolibrary.org/obo/UO_0000033,0.283,milligray per day,RBO,http://purl.obolibrary.org/obo/UO_0010063,outer space,RBO,http://purl.obolibrary.org/obo/ENVO_01000637,15-Dec-2017,06-Feb-2018 to 09-Feb-2018,22-May-2018,063F,Mmus_C57-6T_LVR_FLT_ISS-T_Rep8_F3,Mus musculus,NCBITAXON,http://purl.bioontology.org/ontology/NCBITAXON/10090,C57BL/6NTac,MEDO,http://www.ebi.ac.uk/efo/medo/MEDO_0000006,Taconic Biosciences,Female,MESH,http://purl.bioontology.org/ontology/MESH/D005260,36,week,UO,http://purl.obolibrary.org/obo/UO_0000034,Liver,MESH,http://purl.bioontology.org/ontology/MESH/D008099,Space Flight,MESH,http://purl.bioontology.org/ontology/MESH/D013026,~60,day,UO,http://purl.obolibrary.org/obo/UO_0000033,On ISS,,,Carcass,,,animal husbandry,Hut,,,Nutrient Upgraded Rodent Food Bar (NuRFB),ad libitum,sample collection,"Ketamine/Xylazine/Acepromazine, Thoracotomy, Cardiac Puncture",,,-80.0,degree Celsius,UO,http://purl.obolibrary.org/obo/UO_0000027,33.2,gram,UO,http://purl.obolibrary.org/obo/UO_0000021,Liquid Nitrogen,NCIT,http://ncicb.nci.nih.gov/xml/owl/EVS/Thesaurus.owl#C68796,-80,degree Celsius,UO,http://purl.obolibrary.org/obo/UO_0000027,Liver FLT-ISS-T 3,15-Dec-2017,06-Feb-2018 to 09-Feb-2018,15-Dec-2017,063F,620,6027,063F,FLT_ISS-T
ISS-T Flight 4,Mmus_C57-6T_FCS_FLT_ISS-T_Rep2_F4,Microbiota,MESH,http://purl.bioontology.org/ontology/MESH/D064307,Mus musculus,NCBITAXON,http://purl.bioontology.org/ontology/NCBITAXON/10090,C57BL/6NTac,MEDO,http://www.ebi.ac.uk/efo/medo/MEDO_0000006,Taconic Biosciences,,,Female,MESH,http://purl.bioontology.org/ontology/MESH/D005260,36,week,UO,http://purl.obolibrary.org/obo/UO_0000034,Feces,MESH,http://purl.bioontology.org/ontology/MESH/D005243,Space Flight,MESH,http://purl.bioontology.org/ontology/MESH/D013026,space radiation,RBO,http://purl.obolibrary.org/obo/RBO_00000002,~60,day,UO,http://purl.obolibrary.org/obo/UO_0000033,On ISS,,,Carcass,,,animal husbandry,XTR-10/11/2016 and XTR-02/15/2016,,,XTR-05/01/2017,,,GLDS-249_metagenomics_RR6-NuRFB-Nutrition-Values.csv,,,"Ketamine/Xylazine/Acepromazine, Thoracotomy, Cardiac Puncture",,,-80.0,degree Celsius,UO,http://purl.obolibrary.org/obo/UO_0000027,Nutrient Upgraded Rodent Food Bar (NuRFB),ad libitum,sample collection,32.7,gram,UO,http://purl.obolibrary.org/obo/UO_0000021,Liquid Nitrogen,NCIT,http://ncicb.nci.nih.gov/xml/owl/EVS/Thesaurus.owl#C68796,-80,degree Celsius,UO,http://purl.obolibrary.org/obo/UO_0000027,630C,620,6020,Feces FLT-ISS-T 4,radiation dosimetry,15.257-16.105,gray,UO,http://purl.obolibrary.org/obo/UO_0000134,54-57,day,UO,http://purl.obolibrary.org/obo/UO_0000033,0.283,milligray per day,RBO,http://purl.obolibrary.org/obo/UO_0010063,outer space,RBO,http://purl.obolibrary.org/obo/ENVO_01000637,15-Dec-2017,06-Feb-2018 to 09-Feb-2018,23-May-2018,630C,Mmus_C57-6T_LVR_FLT_ISS-T_Rep9_F4,Mus musculus,NCBITAXON,http://purl.bioontology.org/ontology/NCBITAXON/10090,C57BL/6NTac,MEDO,http://www.ebi.ac.uk/efo/medo/MEDO_0000006,Taconic Biosciences,Female,MESH,http://purl.bioontology.org/ontology/MESH/D005260,36,week,UO,http://purl.obolibrary.org/obo/UO_0000034,Liver,MESH,http://purl.bioontology.org/ontology/MESH/D008099,Space Flight,MESH,http://purl.bioontology.org/ontology/MESH/D013026,~60,day,UO,http://purl.obolibrary.org/obo/UO_0000033,On ISS,,,Carcass,,,animal husbandry,Hut,,,Nutrient Upgraded Rodent Food Bar (NuRFB),ad libitum,sample collection,"Ketamine/Xylazine/Acepromazine, Thoracotomy, Cardiac Puncture",,,-80.0,degree Celsius,UO,http://purl.obolibrary.org/obo/UO_0000027,32.7,gram,UO,http://purl.obolibrary.org/obo/UO_0000021,Liquid Nitrogen,NCIT,http://ncicb.nci.nih.gov/xml/owl/EVS/Thesaurus.owl#C68796,-80,degree Celsius,UO,http://purl.obolibrary.org/obo/UO_0000027,Liver FLT-ISS-T 4,15-Dec-2017,06-Feb-2018 to 09-Feb-2018,23-May-2018,630C,620,6027,630C,FLT_ISS-T
ISS-T Flight 5,Mmus_C57-6T_FCS_FLT_ISS-T_Rep3_F5,Microbiota,MESH,http://purl.bioontology.org/ontology/MESH/D064307,Mus musculus,NCBITAXON,http://purl.bioontology.org/ontology/NCBITAXON/10090,C57BL/6NTac,MEDO,http://www.ebi.ac.uk/efo/medo/MEDO_0000006,Taconic Biosciences,,,Female,MESH,http://purl.bioontology.org/ontology/MESH/D005260,36,week,UO,http://purl.obolibrary.org/obo/UO_0000034,Feces,MESH,http://purl.bioontology.org/ontology/MESH/D005243,Space Flight,MESH,http://purl.bioontology.org/ontology/MESH/D013026,space radiation,RBO,http://purl.obolibrary.org/obo/RBO_00000002,~60,day,UO,http://purl.obolibrary.org/obo/UO_0000033,On ISS,,,Carcass,,,animal husbandry,XTR-10/11/2016 and XTR-02/15/2016,,,XTR-05/01/2017,,,GLDS-249_metagenomics_RR6-NuRFB-Nutrition-Values.csv,,,"Ketamine/Xylazine/Acepromazine, Thoracotomy, Cardiac Puncture",,,-80.0,degree Celsius,UO,http://purl.obolibrary.org/obo/UO_0000027,Nutrient Upgraded Rodent Food Bar (NuRFB),ad libitum,sample collection,34.2,gram,UO,http://purl.obolibrary.org/obo/UO_0000021,Liquid Nitrogen,NCIT,http://ncicb.nci.nih.gov/xml/owl/EVS/Thesaurus.owl#C68796,-80,degree Celsius,UO,http://purl.obolibrary.org/obo/UO_0000027,284D,620,6020,Feces FLT-ISS-T 5,radiation dosimetry,15.257-16.105,gray,UO,http://purl.obolibrary.org/obo/UO_0000134,54-57,day,UO,http://purl.obolibrary.org/obo/UO_0000033,0.283,milligray per day,RBO,http://purl.obolibrary.org/obo/UO_0010063,outer space,RBO,http://purl.obolibrary.org/obo/ENVO_01000637,15-Dec-2017,06-Feb-2018 to 09-Feb-2018,23-May-2018,284D,Mmus_C57-6T_LVR_FLT_ISS-T_Rep1_F5,Mus musculus,NCBITAXON,http://purl.bioontology.org/ontology/NCBITAXON/10090,C57BL/6NTac,MEDO,http://www.ebi.ac.uk/efo/medo/MEDO_0000006,Taconic Biosciences,Female,MESH,http://purl.bioontology.org/ontology/MESH/D005260,36,week,UO,http://purl.obolibrary.org/obo/UO_0000034,Liver,MESH,http://purl.bioontology.org/ontology/MESH/D008099,Space Flight,MESH,http://purl.bioontology.org/ontology/MESH/D013026,~60,day,UO,http://purl.obolibrary.org/obo/UO_0000033,On ISS,,,Carcass,,,animal husbandry,Hut,,,Nutrient Upgraded Rodent Food Bar (NuRFB),ad libitum,sample collection,"Ketamine/Xylazine/Acepromazine, Thoracotomy, Cardiac Puncture",,,-80.0,degree Celsius,UO,http://purl.obolibrary.org/obo/UO_0000027,34.2,gram,UO,http://purl.obolibrary.org/obo/UO_0000021,Liquid Nitrogen,NCIT,http://ncicb.nci.nih.gov/xml/owl/EVS/Thesaurus.owl#C68796,-80,degree Celsius,UO,http://purl.obolibrary.org/obo/UO_0000027,Liver FLT-ISS-T 5,15-Dec-2017,06-Feb-2018 to 09-Feb-2018,23-May-2018,284D,620,6027,284D,FLT_ISS-T
ISS-T Flight 7,Mmus_C57-6T_FCS_FLT_ISS-T_Rep4_F7,Microbiota,MESH,http://purl.bioontology.org/ontology/MESH/D064307,Mus musculus,NCBITAXON,http://purl.bioontology.org/ontology/NCBITAXON/10090,C57BL/6NTac,MEDO,http://www.ebi.ac.uk/efo/medo/MEDO_0000006,Taconic Biosciences,,,Female,MESH,http://purl.bioontology.org/ontology/MESH/D005260,36,week,UO,http://purl.obolibrary.org/obo/UO_0000034,Feces,MESH,http://purl.bioontology.org/ontology/MESH/D005243,Space Flight,MESH,http://purl.bioontology.org/ontology/MESH/D013026,space radiation,RBO,http://purl.obolibrary.org/obo/RBO_00000002,~60,day,UO,http://purl.obolibrary.org/obo/UO_0000033,On ISS,,,Carcass,,,animal husbandry,XTR-10/11/2016 and XTR-02/15/2016,,,XTR-05/01/2017,,,GLDS-249_metagenomics_RR6-NuRFB-Nutrition-Values.csv,,,"Ketamine/Xylazine/Acepromazine, Thoracotomy, Cardiac Puncture",,,-80.0,degree Celsius,UO,http://purl.obolibrary.org/obo/UO_0000027,Nutrient Upgraded Rodent Food Bar (NuRFB),ad libitum,sample collection,28.8,gram,UO,http://purl.obolibrary.org/obo/UO_0000021,Liquid Nitrogen,NCIT,http://ncicb.nci.nih.gov/xml/owl/EVS/Thesaurus.owl#C68796,-80,degree Celsius,UO,http://purl.obolibrary.org/obo/UO_0000027,326F,620,6020,Feces FLT-ISS-T 7,radiation dosimetry,15.257-16.105,gray,UO,http://purl.obolibrary.org/obo/UO_0000134,54-57,day,UO,http://purl.obolibrary.org/obo/UO_0000033,0.283,milligray per day,RBO,http://purl.obolibrary.org/obo/UO_0010063,outer space,RBO,http://purl.obolibrary.org/obo/ENVO_01000637,15-Dec-2017,06-Feb-2018 to 09-Feb-2018,23-May-2018,326F,Mmus_C57-6T_LVR_FLT_ISS-T_Rep5_F7,Mus musculus,NCBITAXON,http://purl.bioontology.org/ontology/NCBITAXON/10090,C57BL/6NTac,MEDO,http://www.ebi.ac.uk/efo/medo/MEDO_0000006,Taconic Biosciences,Female,MESH,http://purl.bioontology.org/ontology/MESH/D005260,36,week,UO,http://purl.obolibrary.org/obo/UO_0000034,Liver,MESH,http://purl.bioontology.org/ontology/MESH/D008099,Space Flight,MESH,http://purl.bioontology.org/ontology/MESH/D013026,~60,day,UO,http://purl.obolibrary.org/obo/UO_0000033,On ISS,,,Carcass,,,animal husbandry,Hut,,,Nutrient Upgraded Rodent Food Bar (NuRFB),ad libitum,sample collection,"Ketamine/Xylazine/Acepromazine, Thoracotomy, Cardiac Puncture",,,-80.0,degree Celsius,UO,http://purl.obolibrary.org/obo/UO_0000027,28.8,gram,UO,http://purl.obolibrary.org/obo/UO_0000021,Liquid Nitrogen,NCIT,http://ncicb.nci.nih.gov/xml/owl/EVS/Thesaurus.owl#C68796,-80,degree Celsius,UO,http://purl.obolibrary.org/obo/UO_0000027,Liver FLT-ISS-T 7,15-Dec-2017,06-Feb-2018 to 09-Feb-2018,23-May-2018,326F,620,6027,326F,FLT_ISS-T
ISS-T Flight 8,Mmus_C57-6T_FCS_FLT_ISS-T_Rep5_F8,Microbiota,MESH,http://purl.bioontology.org/ontology/MESH/D064307,Mus musculus,NCBITAXON,http://purl.bioontology.org/ontology/NCBITAXON/10090,C57BL/6NTac,MEDO,http://www.ebi.ac.uk/efo/medo/MEDO_0000006,Taconic Biosciences,,,Female,MESH,http://purl.bioontology.org/ontology/MESH/D005260,36,week,UO,http://purl.obolibrary.org/obo/UO_0000034,Feces,MESH,http://purl.bioontology.org/ontology/MESH/D005243,Space Flight,MESH,http://purl.bioontology.org/ontology/MESH/D013026,space radiation,RBO,http://purl.obolibrary.org/obo/RBO_00000002,~60,day,UO,http://purl.obolibrary.org/obo/UO_0000033,On ISS,,,Carcass,,,animal husbandry,XTR-10/11/2016 and XTR-02/15/2016,,,XTR-05/01/2017,,,GLDS-249_metagenomics_RR6-NuRFB-Nutrition-Values.csv,,,"Ketamine/Xylazine/Acepromazine, Thoracotomy, Cardiac Puncture",,,-80.0,degree Celsius,UO,http://purl.obolibrary.org/obo/UO_0000027,Nutrient Upgraded Rodent Food Bar (NuRFB),ad libitum,sample collection,37.5,gram,UO,http://purl.obolibrary.org/obo/UO_0000021,Liquid Nitrogen,NCIT,http://ncicb.nci.nih.gov/xml/owl/EVS/Thesaurus.owl#C68796,-80,degree Celsius,UO,http://purl.obolibrary.org/obo/UO_0000027,583B,620,6020,Feces FLT-ISS-T 8,radiation dosimetry,15.257-16.105,gray,UO,http://purl.obolibrary.org/obo/UO_0000134,54-57,day,UO,http://purl.obolibrary.org/obo/UO_0000033,0.283,milligray per day,RBO,http://purl.obolibrary.org/obo/UO_0010063,outer space,RBO,http://purl.obolibrary.org/obo/ENVO_01000637,15-Dec-2017,06-Feb-2018 to 09-Feb-2018,24-May-2018,583B,Mmus_C57-6T_LVR_FLT_ISS-T_Rep2_F8,Mus musculus,NCBITAXON,http://purl.bioontology.org/ontology/NCBITAXON/10090,C57BL/6NTac,MEDO,http://www.ebi.ac.uk/efo/medo/MEDO_0000006,Taconic Biosciences,Female,MESH,http://purl.bioontology.org/ontology/MESH/D005260,36,week,UO,http://purl.obolibrary.org/obo/UO_0000034,Liver,MESH,http://purl.bioontology.org/ontology/MESH/D008099,Space Flight,MESH,http://purl.bioontology.org/ontology/MESH/D013026,~60,day,UO,http://purl.obolibrary.org/obo/UO_0000033,On ISS,,,Carcass,,,animal husbandry,Hut,,,Nutrient Upgraded Rodent Food Bar (NuRFB),ad libitum,sample collection,"Ketamine/Xylazine/Acepromazine, Thoracotomy, Cardiac Puncture",,,-80.0,degree Celsius,UO,http://purl.obolibrary.org/obo/UO_0000027,37.5,gram,UO,http://purl.obolibrary.org/obo/UO_0000021,Liquid Nitrogen,NCIT,http://ncicb.nci.nih.gov/xml/owl/EVS/Thesaurus.owl#C68796,-80,degree Celsius,UO,http://purl.obolibrary.org/obo/UO_0000027,Liver FLT-ISS-T 8,15-Dec-2017,06-Feb-2018 to 09-Feb-2018,24-May-2018,583B,620,6027,583B,FLT_ISS-T
ISS-T Flight 9,Mmus_C57-6T_FCS_FLT_ISS-T_Rep6_F9,Microbiota,MESH,http://purl.bioontology.org/ontology/MESH/D064307,Mus musculus,NCBITAXON,http://purl.bioontology.org/ontology/NCBITAXON/10090,C57BL/6NTac,MEDO,http://www.ebi.ac.uk/efo/medo/MEDO_0000006,Taconic Biosciences,,,Female,MESH,http://purl.bioontology.org/ontology/MESH/D005260,36,week,UO,http://purl.obolibrary.org/obo/UO_0000034,Feces,MESH,http://purl.bioontology.org/ontology/MESH/D005243,Space Flight,MESH,http://purl.bioontology.org/ontology/MESH/D013026,space radiation,RBO,http://purl.obolibrary.org/obo/RBO_00000002,~60,day,UO,http://purl.obolibrary.org/obo/UO_0000033,On ISS,,,Carcass,,,animal husbandry,XTR-10/11/2016 and XTR-02/15/2016,,,XTR-05/01/2017,,,GLDS-249_metagenomics_RR6-NuRFB-Nutrition-Values.csv,,,"Ketamine/Xylazine/Acepromazine, Thoracotomy, Cardiac Puncture",,,-80.0,degree Celsius,UO,http://purl.obolibrary.org/obo/UO_0000027,Nutrient Upgraded Rodent Food Bar (NuRFB),ad libitum,sample collection,32.9,gram,UO,http://purl.obolibrary.org/obo/UO_0000021,Liquid Nitrogen,NCIT,http://ncicb.nci.nih.gov/xml/owl/EVS/Thesaurus.owl#C68796,-80,degree Celsius,UO,http://purl.obolibrary.org/obo/UO_0000027,0B4C,620,6020,Feces FLT-ISS-T 9,radiation dosimetry,15.257-16.105,gray,UO,http://purl.obolibrary.org/obo/UO_0000134,54-57,day,UO,http://purl.obolibrary.org/obo/UO_0000033,0.283,milligray per day,RBO,http://purl.obolibrary.org/obo/UO_0010063,outer space,RBO,http://purl.obolibrary.org/obo/ENVO_01000637,15-Dec-2017,06-Feb-2018 to 09-Feb-2018,24-May-2018,0B4C,Mmus_C57-6T_LVR_FLT_ISS-T_Rep3_F9,Mus musculus,NCBITAXON,http://purl.bioontology.org/ontology/NCBITAXON/10090,C57BL/6NTac,MEDO,http://www.ebi.ac.uk/efo/medo/MEDO_0000006,Taconic Biosciences,Female,MESH,http://purl.bioontology.org/ontology/MESH/D005260,36,week,UO,http://purl.obolibrary.org/obo/UO_0000034,Liver,MESH,http://purl.bioontology.org/ontology/MESH/D008099,Space Flight,MESH,http://purl.bioontology.org/ontology/MESH/D013026,~60,day,UO,http://purl.obolibrary.org/obo/UO_0000033,On ISS,,,Carcass,,,animal husbandry,Hut,,,Nutrient Upgraded Rodent Food Bar (NuRFB),ad libitum,sample collection,"Ketamine/Xylazine/Acepromazine, Thoracotomy, Cardiac Puncture",,,-80.0,degree Celsius,UO,http://purl.obolibrary.org/obo/UO_0000027,32.9,gram,UO,http://purl.obolibrary.org/obo/UO_0000021,Liquid Nitrogen,NCIT,http://ncicb.nci.nih.gov/xml/owl/EVS/Thesaurus.owl#C68796,-80,degree Celsius,UO,http://purl.obolibrary.org/obo/UO_0000027,Liver FLT-ISS-T 9,15-Dec-2017,06-Feb-2018 to 09-Feb-2018,24-May-2018,0B4C,620,6027,0B4C,FLT_ISS-T
ISS-T Flight 10,Mmus_C57-6T_FCS_FLT_ISS-T_Rep7_F10,Microbiota,MESH,http://purl.bioontology.org/ontology/MESH/D064307,Mus musculus,NCBITAXON,http://purl.bioontology.org/ontology/NCBITAXON/10090,C57BL/6NTac,MEDO,http://www.ebi.ac.uk/efo/medo/MEDO_0000006,Taconic Biosciences,,,Female,MESH,http://purl.bioontology.org/ontology/MESH/D005260,36,week,UO,http://purl.obolibrary.org/obo/UO_0000034,Feces,MESH,http://purl.bioontology.org/ontology/MESH/D005243,Space Flight,MESH,http://purl.bioontology.org/ontology/MESH/D013026,space radiation,RBO,http://purl.obolibrary.org/obo/RBO_00000002,~60,day,UO,http://purl.obolibrary.org/obo/UO_0000033,On ISS,,,Carcass,,,animal husbandry,XTR-10/11/2016 and XTR-02/15/2016,,,XTR-05/01/2017,,,GLDS-249_metagenomics_RR6-NuRFB-Nutrition-Values.csv,,,"Ketamine/Xylazine/Acepromazine, Thoracotomy, Cardiac Puncture",,,-80.0,degree Celsius,UO,http://purl.obolibrary.org/obo/UO_0000027,Nutrient Upgraded Rodent Food Bar (NuRFB),ad libitum,sample collection,30.8,gram,UO,http://purl.obolibrary.org/obo/UO_0000021,Liquid Nitrogen,NCIT,http://ncicb.nci.nih.gov/xml/owl/EVS/Thesaurus.owl#C68796,-80,degree Celsius,UO,http://purl.obolibrary.org/obo/UO_0000027,7300,620,6020,Feces FLT-ISS-T 10,radiation dosimetry,15.257-16.105,gray,UO,http://purl.obolibrary.org/obo/UO_0000134,54-57,day,UO,http://purl.obolibrary.org/obo/UO_0000033,0.283,milligray per day,RBO,http://purl.obolibrary.org/obo/UO_0010063,outer space,RBO,http://purl.obolibrary.org/obo/ENVO_01000637,15-Dec-2017,06-Feb-2018 to 09-Feb-2018,24-May-2018,7300,Mmus_C57-6T_LVR_FLT_ISS-T_Rep4_F10,Mus musculus,NCBITAXON,http://purl.bioontology.org/ontology/NCBITAXON/10090,C57BL/6NTac,MEDO,http://www.ebi.ac.uk/efo/medo/MEDO_0000006,Taconic Biosciences,Female,MESH,http://purl.bioontology.org/ontology/MESH/D005260,36,week,UO,http://purl.obolibrary.org/obo/UO_0000034,Liver,MESH,http://purl.bioontology.org/ontology/MESH/D008099,Space Flight,MESH,http://purl.bioontology.org/ontology/MESH/D013026,~60,day,UO,http://purl.obolibrary.org/obo/UO_0000033,On ISS,,,Carcass,,,animal husbandry,Hut,,,Nutrient Upgraded Rodent Food Bar (NuRFB),ad libitum,sample collection,"Ketamine/Xylazine/Acepromazine, Thoracotomy, Cardiac Puncture",,,-80.0,degree Celsius,UO,http://purl.obolibrary.org/obo/UO_0000027,30.8,gram,UO,http://purl.obolibrary.org/obo/UO_0000021,Liquid Nitrogen,NCIT,http://ncicb.nci.nih.gov/xml/owl/EVS/Thesaurus.owl#C68796,-80,degree Celsius,UO,http://purl.obolibrary.org/obo/UO_0000027,Liver FLT-ISS-T 10,15-Dec-2017,06-Feb-2018 to 09-Feb-2018,24-May-2018,7300,620,6027,7300,FLT_ISS-T
