HeldoutSubjectId,TaxonIdx,LRA,MDSINE2,MDSINE2 (No Modules),RA-MDSINE2,RA-MDSINE2 (No Modules),cLV,gLV (elastic net),gLV (ridge),gLV-RA (elastic net),gLV-RA (ridge),PopulationMeanNull
2,0,6.679143823872846,0.6208905357193388,0.535055916373055,0.7719777729421211,0.4976558244788036,6.679139878760693,0.6037815532344023,0.475202799694438,6.67918378584611,6.679180605883859,0.3768986404447898
2,1,6.217137879151463,1.3881770341354391,0.88073258726768,0.7541969141808451,1.3709871617925178,6.217149001911208,0.6940483841709024,0.8922708314285027,6.217172825573835,6.217188998099706,0.8899859039052799
2,2,5.9309602899077305,0.8373331339865029,0.8965675200292509,1.1610851790453935,0.6428333963120215,5.9309744415584165,0.8393444233891961,1.896184326038961,5.930950585810576,5.930979291505449,1.2678557878696637
2,3,5.996425416653012,1.104463822970632,1.2288738630428961,1.1135270699635702,1.2122232693338242,5.99644072799385,1.0504038564812135,0.9032351689777472,5.9964484544602215,5.996446160476213,0.7010179535964655
2,4,6.0814440890935035,0.6626255938534139,0.8022820181176756,0.6760501980086928,0.7672281665724179,6.081437750141325,0.8781680650540421,0.6753906049365941,6.081463187640893,6.081463584295524,0.5213752767231896
2,5,5.908684221156328,1.0303764572808902,0.9451445366088491,1.3477374942112108,1.0438406440875376,5.908690709935372,1.1743946243009826,1.0336300764956747,5.9086868647807425,5.908699208005164,0.7702907894567834
2,6,6.25331393147201,0.9411123330540861,0.9144714519818573,0.8547985594533356,0.8413442573795609,6.253324841647212,1.3274646710886193,0.9035367160683718,6.2533305877348715,6.253332956729274,1.0728701673491907
2,7,6.195961050378837,0.9413391044366192,1.08065537232202,0.9287971989558452,1.030687803203782,6.195976426934037,1.0708711991254052,1.9551320459989971,6.195973198913774,6.195979169226838,0.6340638275660572
2,8,5.362896474775389,1.5837887073228987,1.3525354411743127,1.7618201510845588,1.480267778637516,5.362906760375647,1.3817633978099626,2.4662095225694376,5.362909889962552,5.362912724391423,1.183924649606414
2,9,6.078793738585065,0.8834922518397637,0.5121201885848065,3.4266103216261574,0.5849378890865398,6.078792715792892,0.8224592349107274,1.7803715475227389,6.078801526382547,6.078801532186587,0.5174716104650299
2,10,6.070920169910852,1.0670589609211916,1.0486494892417453,1.1228274442516932,1.0758864999435773,6.0709284875850775,1.0713698368920215,1.1644762256637675,6.070932008061583,6.070929993165257,0.618044688432051
2,11,6.257220101054546,2.0241905655652195,1.3084578196219014,3.196547351529411,1.0920005120162963,6.25722590565681,2.055598145647505,2.024097144309176,6.257231756404623,6.257232504066698,0.42593302265446353
2,12,6.073556239504193,0.9376820234839005,0.8241554322484359,0.9434378050836669,0.8143944468661997,6.073554662214125,1.3503500387082068,1.0772945854950968,6.073563782090059,6.07356436260645,0.6633506375585876
2,13,6.000255604968962,0.7211630187687627,0.7001280798681216,0.5423009901021564,0.7010783108561305,6.000266957632107,3.877383775999835,1.2783013465162256,6.000266415864943,6.000266065805563,0.8292419108163324
2,14,5.8259514574081805,1.0477669378905186,0.971399516438728,0.8688861596136147,1.0577444694375568,5.825952730084203,1.6125154037206426,2.3556158287028452,5.825955547842016,5.825957112697629,1.862321815715351
2,15,5.8253670789629455,2.498503905740882,2.0486745919448857,4.469307792362198,1.6724632230733996,5.82537440133747,1.7163046883946407,2.5474173357632166,5.825374317824308,5.825374544508438,0.36402392155277796
2,16,5.761748436634758,1.095148298038273,1.0870544594202594,1.0691231886988999,0.8668011888978248,5.761752541424091,2.274446667921006,4.898189556001707,5.761753182886126,5.761755411799441,0.6101105480942743
2,17,5.5902951536549,1.0369875333506235,1.1284011962338243,1.0285498798465629,1.0098968811052256,5.59024069037633,1.461600376486882,4.51523923852499,5.590298956413798,5.590299634269782,0.8177221615334154
2,18,5.6258811490671565,1.687192814952409,1.190801083813906,1.1847664089702092,1.1603040670162472,5.625883216482836,2.834326103229907,4.328666143297501,5.62588136913947,5.6258900447538345,1.7044077396948627
2,19,5.024017944036378,1.2415924221307373,1.354483614812157,3.1824692691648258,1.2579716150079014,5.024025194708609,1.489505379411291,1.2281615739810723,5.024025194965288,5.024025194966351,1.229707801632883
2,20,5.484544457076986,1.4144582989340229,0.8671406126024828,0.7183703706691401,0.7313770797219191,5.484545935474144,1.2625111041917834,1.3650636688046631,5.484547569970054,5.484547318358003,0.583739535931302
2,21,5.498150576008994,0.8669770839138536,0.6985383320695322,3.361987736533157,0.6725625771701124,5.498153951062654,0.790203469392921,3.795907046312835,5.498153920197465,5.498154137739376,0.9161663597427643
2,22,5.526653192144031,0.8146350264968965,0.7153314656006552,0.784020520304112,0.7195481036104245,5.526654579919797,1.1635478486021675,1.7262205562963848,5.526654903752213,5.526654852984875,0.86595204625628
2,23,5.482509033272058,2.200424100582892,2.100205277969969,1.7016048516599669,2.2063841797683197,5.482511179790214,3.245686666724913,2.9792622646761036,5.482511232018502,5.4825112551862185,0.3760775264936419
2,24,5.84396378600543,2.262509961701756,2.0164128389685447,1.728983467762932,2.121480583758792,5.8439655732154066,2.3537011205078606,2.310156212916997,5.843963212258145,5.843964207217023,1.9670493509765692
2,25,5.388306004481741,1.629278503397368,0.8610569891690886,1.220721182931112,1.07553361847631,5.388287880069934,2.025228420046379,2.6710599694041326,5.388308773484484,5.388308774565963,2.0125708559629105
2,26,5.214097272547139,1.0400238762080776,1.1702517984857452,1.14835066748052,1.0796054477066954,5.214098532348161,1.162761278462711,1.654315067581018,5.214098535216668,5.214098534356411,1.729721547581412
2,27,5.469975810233508,0.9261546910447703,1.1639649765320066,3.005569424285125,1.0857672295160292,5.4699748611399786,0.9317222191604638,3.093888688291455,5.469978213714634,5.469978097759388,1.2484601427947664
2,28,5.296852202719597,1.6802627697195984,0.7071547217702997,0.7612201335919022,0.7831292790901397,5.296853985704698,1.8193124717764568,4.292115627213131,5.296853894056328,5.2968539864604125,0.4408829009277484
2,29,4.8186701672918835,0.7221879818548529,0.7364108568548786,0.6995127545554002,0.70600094358847,4.818670778298434,0.551048832125398,1.9646550414747102,4.8186698907670555,4.818670892621302,0.4810705359145985
2,30,5.660879742285474,1.1723945171573176,0.7834832318646765,3.6821526463153935,0.5561775752609722,5.660883469645721,1.6732071253270124,5.369017683687379,5.660884062657111,5.660884236581405,3.298204010516313
2,31,5.379801394827465,1.1590398618098898,1.6380399959453176,1.1069212598744789,1.3701940620943625,5.3798024371438835,1.5121644935887175,2.4436965852400148,5.379802498902208,5.379802347426938,2.076701527516804
2,32,5.204829740554753,1.1748120956100054,1.0506581195386495,0.8227538336015308,0.9872131940517211,5.2048297596848,1.665955390651746,1.7776885266793943,5.204828313441435,5.2048294495013785,0.9654004141139708
2,33,5.035423167704708,1.644677512723494,1.0883362837435024,0.6643194514808133,0.5928547527070943,5.0354257896523436,2.235810804185749,1.333455139294061,5.0354255431640125,5.0354259930983165,0.7876027785155529
2,34,4.526512384976152,2.4895029069252974,2.1600832465930893,2.98045629965573,2.0392480998100853,4.526512693623588,2.553003927030974,3.1969832762968062,4.526508512356879,4.526512719487103,1.33267839446649
2,35,4.636190723172003,0.9262634769318676,1.4115828557059862,1.2138487657831374,1.0653240144847547,4.636192467002001,1.2445641509367575,0.9316207840518501,4.636192585904592,4.636192548444062,1.9219810558361834
2,36,5.304707886456413,1.0070041485122008,0.8243514034978285,0.8010875250376821,0.8467352604791977,5.304707517499312,1.4117595562719902,2.8963219486734957,5.304693781682142,5.304705054414645,2.2945919704146576
2,37,5.263977434104839,1.2228271289734625,0.6775639237287925,1.0084162314457583,0.62915120593925,5.263980081505096,3.8455751798094826,1.731498896709522,5.263980260847255,5.263980482218942,2.6933150215950885
2,38,4.670377906735351,2.619604533829823,1.1507033157890323,3.9593416531650822,1.0982609464552167,4.67038221902739,0.7513633560029815,2.730359820366859,4.670382171443058,4.670382219409742,1.3871521157457554
2,39,5.100445845470223,0.6501126971793125,0.8141514631403234,0.8276413107947748,0.6899035007058301,5.100443696444057,1.2517315221446803,1.3513651255441927,5.100440639706828,5.100446516406735,1.1409904269768787
2,40,4.895450095791131,0.7681580776780871,0.9212143774468786,0.8459932432135878,1.074436837425507,4.895449421528671,2.0377033640198237,2.703551529459594,4.895450517524085,4.895440215780108,1.923818564515904
2,41,5.204257102228308,1.3833164064671164,0.6681673374527162,1.6489075130123863,0.6045631250379696,5.204257279025514,5.07745345663825,5.0905152880027185,5.204257279746958,5.204257279766957,2.777478686196802
2,42,5.297878313290887,1.6063173336655456,1.7510262193196062,2.0694840768016105,0.8372172492173132,5.297880510306749,2.5857444332040838,2.622135424453246,5.2978799714842655,5.297880585468363,0.6619696554470749
2,43,5.225711290201282,0.7868758732650476,0.6707649093354456,0.8521277286851563,0.6534938906416807,5.22562142249924,0.8560118671197061,5.018246515512949,5.225714647940291,5.2257146368325955,2.898434075777752
2,44,4.704569465429136,1.9941352333113693,1.021523437452058,3.149226387082111,1.085366351942268,4.7045697354136236,1.2171196986314237,2.1026407750862273,4.704566114527105,4.704569772492597,0.673115280949326
2,45,4.888262179941034,2.450058519788836,1.9312743126041279,2.363964167343561,1.7106320716962196,4.88826245858069,2.1406757885947734,2.130207118559265,4.888262428618604,4.888262501170017,0.9941526881406608
2,46,5.325526717694612,0.8852596950744915,0.7135355008300946,0.8877623004416519,0.7492982527775092,5.325530302566195,0.9525533639117127,4.040505743953386,5.32552446848357,5.325527989879981,1.828690631573297
2,47,4.576066112416129,3.3605991751561675,1.1916522448935665,2.6261422381843382,1.1850165443406162,4.576066208610641,3.1061038998434642,3.8942756273353987,4.576065353291342,4.57606620954357,0.6827836607327477
2,48,3.7166659206145547,0.8769455019384442,1.0471905937480463,0.937895727371346,0.9390029788187791,3.716667449727609,1.2076417389410592,1.1068024778623013,3.7166674603047545,3.7166674596249676,1.227996821470762
2,49,5.184402407066155,1.121973423708713,1.7246980126870881,2.1586802581750013,1.3881348271593041,5.1844047061809935,2.0353396245804536,4.789070901906979,5.184404668059314,5.1844047064303025,2.15744675220164
2,50,5.261659019437023,0.8391306024075013,1.3520340376268267,1.7580542151903418,1.9822425127379468,5.261659774761797,1.004785456693536,3.383301717473184,5.261658377413899,5.261659585002384,2.887256070295053
2,51,4.609755209833046,1.2331351130693564,1.4328463840054502,1.174692647591854,1.4827398882804854,4.609755196552631,1.8866991534009112,1.6921439628124582,4.609755206904403,4.609755193750089,1.3557458104897897
2,52,4.684245026107393,0.7927263092836903,1.141816596563427,2.6383861122497176,0.790263558221933,4.68423936943509,0.975768191991548,1.4020049235082892,4.684245010795628,4.684245015548446,0.9061680348854295
2,53,5.218336041665702,0.7187324808901555,0.979011138137974,0.7698796462137473,0.6453265032944661,5.218337517078319,1.6693777401918595,2.2243538457500396,5.218337316506068,5.218337522147296,2.2260387188197353
2,54,4.5496168954990335,0.4995632744534961,0.5917196188326295,0.6854556568472763,0.6308414150696918,4.549616342971798,0.9158740337658375,3.248309792938021,4.549615822655274,4.549616323893296,0.609887079388853
2,55,4.6771834211339165,1.0764183773242288,0.9997052052387689,1.4570939795249134,0.9025301929772095,4.677183582420198,0.9733820908807697,1.9293346878383744,4.677183437403389,4.677183584643977,0.8041930164484503
2,56,4.985205656102456,1.9510575144320879,1.2405552943431535,1.5401013027344166,1.8143578932734716,4.985205670620339,2.2489601574901594,3.959463572311144,4.985204533492286,4.985205616034818,1.830351210757398
2,57,4.265108355131383,2.3702619943438927,1.8973384185975082,2.0788095340135326,1.7240206912629163,4.265108459911514,1.8821359347144173,2.880409273236651,4.265107271618492,4.265108457279794,1.9393448913415623
2,58,4.382114233586437,0.5475555624069829,0.6449525767064688,0.6481551303438721,0.6747405900689157,4.382113920982773,1.3650644734281119,1.2480436545977491,4.38211418201097,4.38211339732001,1.1993193054918356
2,59,4.190251178555948,0.7970194708408803,1.1176238580358275,2.3349716908946054,1.14630578612053,4.190254541833418,1.2350348541741254,3.1176471067758333,4.190252374171869,4.190254575095402,2.2997724834165783
2,60,4.65306003087017,0.9380089319941388,0.6522197791173571,1.5222814218699303,0.7363510501055429,4.653063455528396,2.6976840579486407,2.151016045953019,4.65306340160354,4.653063455624458,1.491093112772877
2,61,5.044443705090773,1.5574352037160761,1.5309620930535595,1.6187119899659914,2.468206825031071,5.044443700229467,2.649300168813654,2.680971431455217,5.044443697808645,5.044443700666258,1.8315706961014317
2,62,4.743158980803846,1.1432443355927053,1.1379418490332849,0.725960139307566,0.7907096157586135,4.743159123306638,1.0654612262894119,1.7240383425699728,4.743159290194649,4.74315929474994,1.3080541052689862
2,63,4.624770235949872,1.0172021911258038,2.0596008573860756,2.2152122479068166,1.4789743106423177,4.624770427990149,1.2720515891012394,2.093619040110419,4.624762049741515,4.624770176069615,1.555698078640703
2,64,4.303595743617504,0.9887779022968293,2.5731596119447504,1.865048335112726,2.453020238771334,4.303597184363933,1.6129441254111103,1.9656465699931083,4.303597201696891,4.303597233327416,2.790150038800704
2,65,4.456493496006614,3.2983270064957573,1.339154532496397,1.7243969272395243,1.6943526015807095,4.456493494492213,2.8341698794560926,1.798486531769454,4.456493495657979,4.456493495979891,2.245535647954803
2,66,4.246149920066263,0.952799998099223,1.0133573799732947,0.677154632168977,1.0511428728906071,4.24614974893366,1.2078217602125572,1.8059121380110525,4.2461466784403195,4.246149882608297,0.6469085705407488
2,67,4.5038716105258505,1.5808162850914695,0.8044899472383112,2.6584715849610743,0.8265522674401977,4.503872033493436,1.3311257255368587,2.7768315576789577,4.5038362382007735,4.5038720346740675,0.9292795425273992
2,68,4.880887450992623,1.4145920882760823,1.2355504698324848,1.3246004515731513,1.436111290919488,4.880887392997548,1.622440974182464,1.3349128075004728,4.880887497307253,4.880884910576334,1.4429962937570608
2,69,4.494580745711804,0.8825648083203274,0.7289130767946091,2.291713928260585,0.5261844807242142,4.494582198505793,0.8669266770212379,0.8501852521405182,4.494582152378966,4.494582199207595,0.8804696789696442
2,70,4.510183599242233,1.1980002426320182,0.6230966005479097,2.5151855427309364,0.6467467274608646,4.510183665022579,1.278229432291805,1.5292308096463827,4.510183607167787,4.510183665858871,1.040843859405693
2,71,4.802891704164483,1.0761199039898688,0.7911414686137422,0.8827996265650969,0.9309957928228995,4.80289172054749,2.227811184787383,1.9818897724912123,4.802891743558923,4.802891743355308,1.156714445418952
2,72,4.416686004905789,1.2235943219651992,0.7465067292212176,0.9562904347216838,0.7763084477157658,4.416685992970042,1.4818948852394946,1.195744600567418,4.416653077498853,4.416682499926119,0.7666830203915903
2,73,4.445622107966775,0.8493765750814202,1.0196347919197035,2.6987686342917967,0.942083791792989,4.445620775752619,1.3532469343507183,2.2893091618449186,4.445622083156127,4.445621883754458,1.0530310760351171
2,74,3.3160932702636976,2.243928781973039,2.4186096175267138,1.7687039451508941,2.055684851266146,3.316092664857275,1.3040100043258969,0.8295780840972298,3.316093282362359,3.316093282362359,0.5274487687656255
2,75,3.791227676547197,0.9491015925225387,0.9775089491317597,1.0553944380644147,1.4554993481403213,3.7912277251583433,2.2180233429963865,3.505310838913158,3.7912277250863204,3.791227725165341,1.7967187407520024
2,76,4.44240456412183,1.6317397617762575,0.9768569474892165,0.8952180962178201,1.08817012079018,4.442404563029084,1.718732388566644,1.215351625242698,4.442404564009286,4.442404559989047,2.001540063946607
2,77,4.264585446242517,0.7817225320941189,0.7095074385580415,0.5195577726878968,0.7932494930968801,4.264585442498298,3.334735561899212,1.0280486146657455,4.264585432499719,4.264584719434817,0.7039027397365151
2,78,4.07404098954746,1.0744462795875056,0.7378817445005951,1.4514224022244102,0.754141943035534,4.074041226019998,1.2092908378936,1.4591701658213057,4.074041202912685,4.074037700579886,1.7042773683887158
2,79,5.082700623405594,0.7947708349526451,1.9230956331610176,2.565756749678404,1.2261372003169582,5.082700623119113,1.315269438889948,2.9021930369970024,5.082700618381701,5.082700623405594,2.0860003026743943
2,80,4.530314502822439,1.9935774313749384,1.1309241415737148,1.4131328499869524,1.2395421235580792,4.530314328934353,1.867169079305764,1.7593621782928737,4.530314485992363,4.530314472251906,1.1698674709070538
2,81,4.594870404697934,1.2885164809024896,0.9879158123105368,1.9642765064369028,0.9350620755692455,4.594870392961294,2.599864852398561,3.038059928526239,4.594870384019418,4.594870404534969,2.2113326270574696
2,82,4.368922939995469,2.1727654232059903,1.3148772382640603,1.585225201328156,1.4116073247512013,4.368922879182826,1.8969321897765363,1.7398426215302076,4.368921829615913,4.368922927091179,0.8696993700795997
2,83,4.9499553591799375,2.0841788850020566,2.385064988920041,2.3183030170866394,2.001302424088351,4.949955357403979,2.788773473732194,3.200312460905189,4.949955359002269,4.949955351273593,4.022195102488949
2,84,4.281478697624186,0.6561956231401321,2.2536429933073276,2.105975571552644,1.8820032486190548,4.281478741000555,1.4732313694959995,2.764814145966557,4.281478662133552,4.281478741426915,1.605853276696449
2,85,5.042298779679043,0.4695930751480345,0.49824967147592253,0.5601471043372996,0.5507443900912168,5.042298663560668,1.0235273321823548,4.036162001780176,5.042298582903061,5.042298783629687,1.4412122124265474
2,86,4.566988625886089,0.5989706388139617,1.0090794928400113,0.8700939653088006,0.9093952056655424,4.566988619186213,0.8795685242426869,2.0855946021185154,4.566983189256392,4.5669886252746785,1.494868378885515
2,87,4.4697246400567145,0.6920935459877974,1.9388029626548318,2.4906991700045973,1.6207041055954032,4.46972453597223,0.8802576102702349,2.7913700348485353,4.4697244133826555,4.469724704949042,2.2354014553493817
2,88,4.4799662241747615,1.3969203533498629,1.3837197003065465,1.777775990253362,1.026989414475455,4.479966482797642,2.7532829153914227,2.064903354740001,4.479966521075655,4.479966483311222,1.6577238994181922
2,89,4.4710969299465075,0.6663440541596425,1.4958898121183608,2.1262569245940983,1.3445433807764615,4.47109758158316,1.6308333948433773,3.592767136499882,4.47109688549553,4.471097726681122,1.4363853993255495
2,90,4.614473821395218,0.9222591358905756,0.811845534499873,0.44458134292564444,0.9930122724507595,4.614473815642009,1.1485369704592865,1.6099629157607072,4.61447367204441,4.61446842923729,1.9992926697152404
2,91,4.853334527298381,0.40537869067395005,0.41015851123223745,1.4215577553208694,0.3945503204653766,4.853334524687924,1.8761721318118667,4.5064905785598475,4.853334527298381,4.853334527298381,1.837360069019505
2,92,4.578426078145673,1.7348048787195562,1.611861326915248,1.4571257746608341,1.1641838913852691,4.57842622110308,1.7854006761480519,1.538424283977399,4.578423496583422,4.578425678306296,3.0826744252240084
2,93,4.23038878491194,1.3677385359943495,2.362438097840779,1.580770514739723,2.212827631405835,4.230388783695779,1.7619200236053962,3.994500756008535,4.2303887298957195,4.23038878491194,2.3556415808585682
2,94,5.349635077214748,0.8464233010366597,0.6398563155609915,1.3994503072524778,0.5789307074213813,5.349636889754589,1.166744245383415,4.292317389343943,5.3496369049720505,5.3496369049720505,2.26514706676762
2,95,4.287136958309872,0.7574544797216587,0.6643414868262448,0.703545300860933,0.7339086831672252,4.287136958309387,2.977670307843146,1.1708346003696828,4.287136958308347,4.287136958309872,1.25290996332203
2,96,4.498111772020802,0.8857005851698591,1.0588584300667632,2.1359393850960458,0.7964465341060101,4.498111771869113,1.1755762368409362,1.726020482298851,4.498111771862626,4.498111771045881,1.904044513724332
2,97,4.376869458686819,0.6852653761271126,1.339487239536235,1.8531381013675259,1.0913989396190098,4.3768693900024225,3.0677445593732102,2.100346882530143,4.376869456994436,4.376869432607297,1.8972541549030628
2,98,4.502910758369562,1.2814251517443862,0.8211580686945401,0.5777086151109706,0.8685409870742112,4.502910684967888,1.6281960366008572,1.4899400525954705,4.502904893045562,4.50289295758676,0.7140759255618014
2,99,4.64793136553338,2.1869219593979956,1.64906583495141,1.764185225927216,1.467316213584235,4.64793135131338,2.0252352715236923,1.2562196665527567,4.647931362754793,4.647926756579902,3.444632351045375
2,100,5.248410735780498,0.3722776196378854,0.4413468036164155,1.1312062118660886,0.4034048101786021,5.248412574242496,2.0897168474433356,1.079258766465069,5.248412680782376,5.248412680782376,0.913257981271378
2,101,3.9665642051944308,0.8377342690275398,0.6432440493034677,0.52069187688542,0.6914405533849457,3.9665642011452005,2.0394220340826776,1.258215516963698,3.966557997061216,3.9665641977761563,0.7244808395701565
2,102,4.313058730931876,1.5896063298574659,1.65359444842831,2.5058162056659343,1.7645204030753123,4.313058717190402,2.7972387873938116,3.2504148644657387,4.313058715286057,4.313058727075256,2.160850544316908
2,103,4.293787075406793,0.6820835381903991,0.7746130733583628,0.6479494201308694,0.6130752811573855,4.293787038652933,1.5232289033726547,1.3303590000941656,4.293787051616949,4.293787074719344,2.019073538789601
2,104,4.1169481118156765,0.9099907482899706,0.6568503377926987,0.7571249737089143,0.7070164046675905,4.116948109356829,0.8629727404394051,1.264692110711371,4.1169417243542,4.116941690550408,1.174233036998954
2,105,4.195863028349671,1.822962570509582,1.1263294134392001,2.71235912791513,0.6717224235682087,4.1958630304327595,1.5445014789897444,2.990421834280529,4.195863030220609,4.1958557805563235,2.2661137495952883
2,106,4.139879158239214,1.0455182286734337,0.7002379932835119,1.209592285297592,0.6855815259435073,4.139879158160551,1.2499718598451772,2.233889865585142,4.139878823276612,4.139877147853632,0.9391146556034718
2,107,4.346990011679807,1.766933120985152,1.1491454434552293,0.8112133003032413,0.832207832134472,4.346990010752551,2.0566267529302102,2.6052083810869715,4.34698986409509,4.3469890268292595,1.0877514623033888
2,108,4.00827210072012,0.8281914715772283,0.8033768928289462,0.43417558280506086,0.7976474834187176,4.008272117855589,1.741202438251482,1.7566800244882643,4.008272118884837,4.008267056619708,1.1029987252122284
2,109,3.9030977730261682,1.6670749247087822,0.4883821666216081,1.0277289737011104,0.4069992604777083,3.903097802567913,0.6608153278770366,1.3028272095878057,3.903097801621543,3.9030978046365683,1.723717301418569
2,110,4.56696913395803,1.013901781444143,2.109422599898243,2.3797581847021094,1.6518609189260112,4.566969194418774,2.343560084172751,3.3857379322286567,4.566964999068205,4.5669640018485325,3.553961166965945
2,111,3.7205346838044306,1.1090890622407237,0.47208291333583485,0.044296339719343436,0.6897157407964478,3.7205346715047733,0.1580014746821261,0.5220049151486972,3.720534682861588,3.7205346838044306,0.7072214298038597
2,112,3.88444432729466,0.4498586000778631,0.7339546160823921,0.6586119848127293,0.8398693982649179,3.8844442855551113,0.5169819736563847,1.126034509530104,3.8844443002441573,3.8844443155794868,1.3637858630606718
2,113,4.125035590017407,1.0066343886102194,1.1744133471991,1.574877166297034,1.1383203755903923,4.125035571731694,1.6727252775421726,1.9427473424445247,4.12503558868604,4.125035587688231,1.2831112022520936
2,114,4.259242275911108,0.9788617433545277,1.4507072664245815,1.4532884977088354,1.1156955869217648,4.259242227904611,1.0954823810006276,2.309219362112073,4.25924227104588,4.259242275883526,2.3346940048818614
2,115,4.875913597938933,3.7833600561050926,0.5298408865808022,1.8444878907557642,0.5849078237784415,4.8759135961324365,1.8878092181704216,1.1482673054313206,4.875913597884408,4.875913597920759,1.650782936096309
2,117,4.799816023609763,1.1597411953857275,1.2643898250767707,1.998757578325309,1.7325418466758504,4.799816007321197,1.7469377831672854,2.875819711695389,4.799815879796657,4.79981602333986,3.1377155096768163
2,118,3.8174894911206176,0.7070597911338479,0.6345436338755185,0.639690518210656,0.6287707294945176,3.817489487872193,0.8895766754198691,3.3223728315491776,3.817489480948174,3.8174894909073958,0.8233627449220102
2,119,4.5126365421457795,1.0912657929957568,1.3545984088206193,2.243151044075687,1.636671618187706,4.512636536644493,2.9889860968827553,3.088181085581251,4.512636532216209,4.512626586566705,2.523396810070415
2,120,3.8326173189540174,1.109832408902159,0.5868423253659316,0.536268232069625,0.6011268722300598,3.8326173180362555,3.32626118196909,3.404217947860645,3.8326173080409833,3.8326173186531713,1.2944356387539784
2,121,3.9112858151535868,0.9184083620711243,0.64217023387975,0.631283780546279,0.6767100262770581,3.9112858129064736,0.9343129536509179,0.99836812984077,3.9112858135958604,3.911285813276657,1.3967554925062087
2,122,3.306626987788153,0.3506183376049794,0.6001856120973059,2.287635876246517,0.9389297848191447,3.3066269835974484,0.5799757921504396,0.8918685650531257,3.306626977129985,3.306626987788153,0.8868583640750609
2,123,4.06808985316991,0.8363802112879235,0.4957935005824392,1.693156046804751,0.6287206232808621,4.068089824832985,1.4698258571029865,2.8310504328374413,4.068089778737181,4.068089852220269,2.0243671668316603
2,124,4.018917580230489,0.6186817164887627,0.5625352892022984,2.3994786496027087,0.5356542284278308,4.018917574057513,1.1209796882247538,2.3284611254160894,4.01891757604288,4.018917580148021,1.669569567977937
2,125,3.857129589506537,1.506357510428505,0.5801699778671368,0.9971542041667987,0.6239859101927929,3.8571295848265446,1.1892823837176927,3.483952430095838,3.857129586009865,3.857129589506537,1.563505306710383
2,126,3.9263092057048543,1.2110930192608023,2.501287913905818,2.050106193987351,1.9404765021206354,3.9263092053352597,1.020695485815848,1.714500172442552,3.9263092057048543,3.9263092057048543,2.558082486566731
2,127,3.9242246477826654,1.0713937274873182,0.7170184422037285,2.3241476936456653,0.5842550364406763,3.924224643508406,2.0351487049523076,2.6970144171541555,3.9242202211974697,3.924206178856704,1.2754477936561557
2,128,4.40643705270463,0.5412466364391084,0.7815312889041146,1.0141373501056592,0.809014376105759,4.406437050322214,0.8460221110184916,0.4671333293256215,4.406437052244594,4.406437046184776,2.593726798395674
2,129,3.763306957568497,1.0326221477930067,0.8376864638317588,1.3095518405897313,1.0219835234812638,3.763306957453527,0.6846240553004487,1.0811538783562844,3.763306914015449,3.7633069574724525,2.2068221156780052
2,130,3.998893747982888,0.8576358037321663,1.5910346052013058,1.8123559824824795,1.284724199588912,3.998893745657779,1.7958436025811961,1.953392028694334,3.998893747374602,3.9988937466780343,1.7949563882841721
2,131,4.142950117682431,1.0647887650924757,1.2974494693272012,1.5271614484708282,1.2518732142122886,4.142950113367239,1.76684696196246,1.7342415617837528,4.142945192701599,4.142950117682431,1.017579893027249
2,132,3.6583424601637846,1.31385179287805,0.8014250219619325,1.0937745932083425,0.8222077905427837,3.658342456996993,0.9586755485170632,2.706370213974181,3.6582765986811268,3.658326341902183,1.740923798905968
2,133,3.930550323831375,1.0034448754276895,0.6081033047698104,3.0453218043189842,0.580549595710245,3.930550322095491,3.7955284467024186,0.6206803829519822,3.930549638974867,3.9305503237254036,1.8319027700425208
2,134,3.7355259217139127,1.5689247423066104,0.6926666393071452,2.336036663895336,0.662177572402419,3.735525921102885,1.0917383904959397,1.739859399752358,3.7355259212537697,3.7355242498928845,1.9272185074241717
2,135,3.9474149323471965,1.1529682288081888,0.6295522992076376,0.9992597566128221,0.75979427238436,3.9474149323255414,0.6353340532841645,1.5568156979009016,3.9474148900836865,3.9474092730381973,2.38455197383473
2,136,3.871106635476141,0.583212855231484,0.4837607023682887,1.2228224012988569,0.49324918278121976,3.8711066108905294,0.8704859622529025,0.7872739722262906,3.871106488017734,3.871106615746955,1.1458057906177448
2,137,4.504847431634004,2.2278771401379687,1.2905693572922816,2.2279623658746197,1.3714300973718416,4.504847429206591,2.2323794016299376,2.7875423813257068,4.504847431178541,4.504847431514221,3.452956389014731
2,138,4.132439966986954,0.9871250718203739,0.40736298027446477,1.6997279573913413,0.3775061836644092,4.132439966144608,1.2364754565968499,0.43525063993781327,4.132439965279364,4.132417611610408,1.5745280652385354
2,139,3.921682093629369,0.8650958142783943,0.8366162352192992,0.7333398968639603,1.1840607554144547,3.9216820935694203,1.7985148979049794,2.8696891155198574,3.9216820935870977,3.921682093629369,2.9239834284792576
2,140,3.6796234773401313,0.7249749872813899,1.0279431216544725,1.169954347221564,0.8853047677078382,3.6796234773046774,0.52627779154798,0.5488101230180458,3.6796234773397445,3.6796234773401313,2.143768204572228
3,0,6.798105655900285,1.0526267154577735,0.5426929694594576,0.6067533730369956,0.5164456005507635,6.798136844211109,0.72443221788408,0.6084432170991302,6.798153930929104,6.7981516990752935,0.3263318819930807
3,1,6.4912887615761665,1.2091837291221532,0.7182056426272615,0.8613230099095432,0.6957379510392051,6.491304896104349,0.9443812029955412,0.8931472314011403,6.491337386752182,6.491338398753715,1.3071854661421523
3,2,6.003119383018501,1.309112141168122,0.9245633399557928,1.1480608742737801,0.8978966418700753,6.003121053441377,1.2599623423065636,1.1936599782150952,6.00312638599936,6.0031356575836545,1.0369356232388913
3,3,6.565145855200632,0.7447985590120283,0.780705960729572,0.7825763081977036,0.768013250597062,6.565164480126633,0.8492597197359284,0.8234543530839862,6.565168737192923,6.565166653203244,0.6867561302811918
3,4,6.099130686705648,0.884529705321221,0.6837747134529822,0.6880872251776574,0.6349066607938663,6.099099356340025,0.6843718399905617,0.6552836541145223,6.099148788041725,6.099146262782471,0.46665781540073636
3,5,6.190004673561582,1.080632143073494,0.8767495913899724,1.1067353851344468,0.8018755383178295,6.190009492573798,1.1267526180581404,0.9825776871964175,6.190009945339877,6.190012865681112,1.3118316869635467
3,6,6.41948270488696,2.6847115347949573,1.1577319111484865,1.4936869267766764,1.1636969417064238,6.419506496529949,2.602971335421108,2.959789096775047,6.419503960092576,6.419505891862311,0.4602017069317732
3,7,6.302033571491452,1.4048564398471286,0.8364874224711492,0.8153796214816322,0.879228950327644,6.302044061085042,1.4606069040254053,2.3109883686389043,6.302050110858243,6.302051941269536,0.4752308995397312
3,8,5.5514234950639345,1.3147761624305263,1.286771372834498,1.491346796145911,1.3062673968654541,5.551436606352266,1.5689909556567079,1.170072865389514,5.551438854420139,5.551439128929922,0.9723417537041238
3,9,6.228083331985732,1.289682811778017,0.4361689996174705,0.986967218099769,0.5192585578928576,6.228090051055012,0.5275946948969634,1.0643074185002717,6.228091660915643,6.228091243014019,0.40037351108094965
3,10,6.311931454300272,0.8653987017268793,0.7618670043736503,0.860878402095221,0.819852467205511,6.311943683298127,1.2697387252003254,1.0043896093734432,6.311945955972487,6.311945586542681,0.6905023106354711
3,11,6.410129933748982,2.769493527615943,1.3992508812562097,1.4646052012088553,1.123601241612262,6.410141340342345,1.732652021866804,1.8941251831656392,6.410142607962227,6.410142610656569,0.4059995618142282
3,12,6.24835404249983,0.7613109473676543,0.7104333722757187,0.7879766988932032,0.7341774350816117,6.248362600263753,0.933849460492606,0.8680418157656363,6.248364309340408,6.248364291898779,0.775679958342388
3,13,6.233600616502563,1.0845077411807957,0.5580035487231562,0.5796042601360655,0.5691377113846667,6.23360154094494,1.93137125289657,0.9076460186911848,6.233604975938361,6.233607720652078,0.986417659391994
3,14,5.8451162108318915,1.3751721140083446,1.0280058921581627,0.9669234126142271,1.0017343059573323,5.845119539847284,1.0339649472467909,2.2196952958073566,5.845123524247479,5.8451240480018285,1.0156999152824349
3,15,5.918099873348137,2.2798256633588676,0.8892845195526817,1.285463589585353,0.8394598160472149,5.918105684307154,1.606173141987594,1.459602691644119,5.918105807759055,5.918105799379776,0.5303665665565918
3,16,5.745961278398922,1.049562244032685,0.9151717494602776,0.8513747651566036,0.9880870822585576,5.745962713606739,1.7320055043601341,1.6447187470460434,5.7459660487308994,5.745963893972548,0.6612002597725618
3,17,5.7586828158927075,1.1120469130925927,0.8573267163911772,0.8534778354532643,0.9089361896792989,5.758601998661466,2.107616027859405,2.4148630821113213,5.758688863398798,5.758688526431002,0.6685615535225216
3,18,5.659625250979154,3.625254459566699,2.893375949774521,1.3338124578262844,1.4048398252914407,5.6596334675585505,3.2345235648687956,4.688739783971381,5.6596363034865425,5.659639716912633,0.7197413143259317
3,19,5.1765398195900625,1.5697099536473786,1.2674921271896564,1.490593218210747,1.270073172181869,5.176546837562557,1.3490309962352776,1.0987471206035224,5.176542778374655,5.176546760952317,1.2667113433021786
3,20,5.6399117606352585,2.0443460415575014,1.2894128661765225,1.4029345525688206,1.0457518225999407,5.639912812296293,1.303533999438001,1.0506711915469444,5.639913802455123,5.63991441220604,1.6396252019450284
3,21,5.466201119757622,1.3733446305566444,1.0754510642280632,1.0281594131716185,1.0669343262781332,5.466205555891005,1.180316033018131,2.5357555850780913,5.466204744480088,5.466205567944702,1.8047840783100664
3,22,5.383077531913855,0.6670430480496621,0.7525110570240706,0.8699532440132806,0.7124142809968206,5.3830793423012775,0.6945187030804199,0.6637486874735282,5.383079646344668,5.383079375124227,0.5326272727940583
3,23,5.540889235274145,0.8356346574087302,0.9479356593226858,0.8263972039595833,0.9999652186330179,5.540889873618216,1.0251185147649513,0.8075791936185248,5.540888474963502,5.540890977695805,1.0395373783915676
3,24,5.440911663315946,3.5530883517774146,2.359077166872008,0.49953902854594656,1.572090447355904,5.440912691192362,1.8612734872471426,2.1492417363905165,5.440912637676325,5.440909047739599,1.8139259681184539
3,25,5.597079715394909,1.1764933943796696,0.6527033483688885,0.7942232948893577,0.7355472276693679,5.597085594673997,1.006683426150273,3.296985551803453,5.597084340964305,5.597085305241172,1.8975258955855585
3,26,5.425501942109588,1.2508243920752036,1.0741832780784772,1.122556682285147,1.0505192995205472,5.425497091113326,0.9283760957436454,1.3042354692374218,5.4255025310743665,5.425502457331257,1.7670188803663731
3,27,5.670676077589155,1.1341084154725103,0.9090727462373408,1.6865011734012265,0.8882859296128585,5.6706767882169675,1.1324780655269826,3.361233868420847,5.670676557172844,5.670676756599937,1.30562352224384
3,28,5.33545717651892,1.7594723087987885,0.60435388418473,0.6859320689540714,0.6463850366798544,5.3354585042137845,1.2962138220927133,1.8485225144121724,5.335458533143315,5.335458533456606,0.5695639758044694
3,29,4.900775039346432,0.7136109954305753,0.47696862512926314,0.5163084647942687,0.519471428343457,4.9007755481810396,0.6040339183737748,0.596572371601921,4.900775368744193,4.900775474993165,0.4412540064533306
3,30,5.379667971284768,2.0030510046594774,1.1042283902120822,1.7596242752660916,0.9516849584032979,5.379672110601039,5.07679480780923,5.125763945095122,5.379672110699143,5.379672110984949,3.101505325599674
3,31,5.181906226604611,0.8699650340848691,1.0298505584181454,0.7646554132586518,0.8672811417183535,5.181905702080883,1.5429291886274805,1.5694001179507358,5.181906042324461,5.1819045987440475,1.4413079816784584
3,32,5.516359674966024,1.9275461187979699,0.767562011931057,0.9734244142920134,0.7265064903970669,5.516359195537193,1.350153243641527,2.0761664897132053,5.516358938124366,5.516358313219487,1.8786971486200794
3,33,5.06368878412632,1.1868522639060655,1.2629520364341444,0.8676745124781561,0.9708059473902176,5.063690995460197,1.8096339194009181,1.7102201294790003,5.063690931668426,5.063691000229856,0.8206116447616527
3,34,4.50816850240531,2.9746378586198765,1.7118256994620586,1.352663600063326,1.848310693966135,4.50816816010051,2.221889729658429,2.504409962553047,4.508168609006988,4.508168436415664,0.6156654373251652
3,35,4.806315830922145,1.0408149216042666,1.1862377945175013,1.080461865290296,1.177313907464848,4.806315767560835,1.8797619189493096,1.600577917785049,4.8063164725065946,4.806315251368926,1.9097650553914385
3,36,5.46574190952097,3.6228432554040415,2.9753574462892867,1.3629255251358796,3.1293911340690648,5.465738709111075,4.61692981036551,5.1269134654781325,5.465741244987263,5.465728176293688,2.439714433521314
3,37,4.9642400867718495,2.343081692024638,1.3228847535277548,1.661029766117794,1.6000155339795508,4.96424062609284,3.3911606249139825,3.3249539115185325,4.964237758705929,4.9642418011816964,2.291505407229085
3,38,4.5499206355765,2.8148890401545246,1.2091581701400322,1.0502215694380581,1.2936886163658379,4.549922234072102,1.034613802285989,1.2307461597164955,4.549922218476228,4.549921992196626,1.446073105678155
3,39,5.086582567340691,0.7200719852852371,0.8431774862703055,0.7478639165744068,0.8057489723823933,5.086572748820493,1.0122257115741025,1.7107129529805567,5.086583708762732,5.086584532840885,1.560211921116422
3,40,4.933318944444262,1.6647885838697936,1.1733931469060739,1.0085035055353255,1.0943633912468989,4.933318936527162,1.7972625610333208,1.3365493108267017,4.93331822995584,4.933318758166764,1.4040115717430435
3,41,5.050174406283219,0.4980870567058261,0.4514402453644897,0.4594202804311319,0.47595105025370876,5.05014455677685,1.9392453053011731,1.0155772886473295,5.050160843370323,5.050173818249667,2.5858038424000296
3,42,5.136671795462704,2.267852256748381,1.1820688089566993,0.8843148696401235,1.4006807473820921,5.136673119905975,2.33807237245206,2.303261736423404,5.136669073828845,5.136673151665006,1.2487991142974724
3,43,4.949778171988003,0.5205544295088725,0.5705650555310926,0.4989176316587848,0.5608717090632501,4.949771653346896,1.4815765629661939,2.531462402418821,4.9497777467491675,4.94978099783785,2.521857907932698
3,44,4.771451949949078,2.637945502140313,1.285873111489149,1.9197853095775212,1.2781624073223776,4.771452114429968,1.439679741017358,1.7691598079160027,4.771449825659465,4.771452254467569,1.5812559555853478
3,45,4.9783468876329735,0.6709635878443972,0.7694011712082724,0.6488441272335241,0.5045456686260874,4.9783422240127875,1.0554416681288206,0.8215167802888388,4.978342368398036,4.9783444688463225,1.0603440911625632
3,46,5.398982810197381,1.0757285534916081,0.6473997556586972,0.9009213625369483,0.5571931590839804,5.398988141167695,0.8273572650743269,4.0150376867118664,5.398987452698732,5.398988148089023,1.2362403003111802
3,47,4.788334274406416,1.1138448934609124,0.6751035060334323,0.7464669058666844,0.7092941125476953,4.788334551315337,0.7614784322967714,2.9886734443522167,4.7883310369473735,4.788333614065728,1.0275818108900627
3,48,3.6386391595720413,0.8832800008171848,1.416456862088143,1.2582707506396043,1.0226100148007773,3.6386397451279877,0.8519944316363359,1.2597053849836255,3.6386397458841304,3.6386397580601018,0.8239337439895232
3,49,5.313468606515121,0.7569044123676445,0.64663821890498,1.4899067416734593,0.6972507375926644,5.313469985040939,1.4544994778085114,3.4844867571145106,5.313467771875934,5.313469993640265,1.4543028497509247
3,50,5.43659790571345,0.9058729049166593,1.9878068751448146,1.3195982665992294,1.6517835061425001,5.436598231086257,1.2187924748334227,3.2135773325245864,5.436596678645906,5.436588973702987,2.7339450683055406
3,51,4.991523390855209,1.211686692372729,1.526967207101779,0.734328183283917,1.5180916569939473,4.991523387232984,1.863248720466782,1.7829412917354945,4.9915196589335835,4.991523388348336,1.3292572971347423
3,52,4.988123513872027,1.0905597852345357,1.101905639397862,2.083923562188249,0.6250644984439451,4.988121972420018,1.0472270288162444,1.8001281957687087,4.98812349312263,4.988123503168279,1.231640500454049
3,53,5.318524591471886,0.7664495135887182,0.6598246728668915,0.6183410221711103,0.5557045827084741,5.318526439462229,0.9530276713895415,2.4941467925820873,5.318526227492234,5.3185264398102365,1.936743951335546
3,54,4.685018991743736,1.0318905887088001,0.6721076181588367,0.8533599366192286,0.5541233628994816,4.685017580852415,1.3126102645108677,2.505860177974296,4.685018860573433,4.685018210510773,1.1324047211781751
3,55,4.93365154733117,1.2786867911425464,0.838078412275306,1.9165707708231814,0.8034704942744711,4.933651599720351,1.2874704102512498,1.447158685402147,4.9336515989319905,4.933651601735818,0.8707084290571927
3,56,4.780225015344066,1.6953261455217512,1.2498895364775648,0.8405714037394731,1.5941960136070812,4.7802253348138715,2.290210042319223,2.8064514197732273,4.780225353141419,4.780225324699297,1.9491302489975368
3,57,4.2338566607507255,2.31393299114473,1.696342543434715,1.7770817678556066,1.3731871362443873,4.233857249975278,2.3544742702782098,2.5237439006465685,4.233855539780894,4.233852989549188,1.7993066781269738
3,58,4.614361684803655,0.6843201588155129,0.5352034140439619,0.5618684319851514,0.5962567585168465,4.614354449681462,0.8039070787321925,2.352706384642915,4.614361307778606,4.614359490774377,1.0602129076779163
3,59,4.144914182771616,1.310339701853542,1.4345177657956558,1.3275059906168967,0.9471007278168363,4.144912253649487,0.5653612283692259,1.9918167800975901,4.1448944425385115,4.144910068953188,0.3631045688676609
3,60,4.726263257034246,1.7193068987454305,0.7660297414381676,0.9640654545047568,0.7115261404418811,4.726263258389024,1.0421605047533484,1.7329688362742046,4.726235169124858,4.726263258382377,1.8654020504765076
3,61,4.616240958344106,2.267137042011547,1.0282484550552156,0.7715630346286793,2.544377217577814,4.616241065309388,2.208652416294812,2.4056442760213437,4.616241062227629,4.616241065593701,2.0724201329729626
3,62,4.906484905957732,1.1567792375669825,1.1055474221376465,0.769233668364524,0.911777421259267,4.906484358444191,1.6971038062548467,1.2020475652434912,4.906484708048364,4.9064849202033,1.2868164973336231
3,63,4.499159113089833,1.1257361810915052,1.4449326531096418,0.9106965002325188,1.3848480121144504,4.499159200289402,2.346591663951133,2.0179333672278355,4.499159147207144,4.499159200269357,1.5680589026812115
3,64,3.6260797913566605,1.9758066662462663,1.7275459900209555,2.0506556716332733,1.668680989799645,3.626081555674785,0.6775686788489326,0.8772872794230122,3.6260815755023246,3.626081575079204,0.9438067274151108
3,65,4.281254832603952,1.7451899121292216,0.8674222135837678,1.028598892072077,0.7570115484475383,4.281256534727372,1.5232175592215058,1.6696268243655181,4.281245677498382,4.281255591254822,2.0386335371724917
3,66,4.496800453457394,1.496700543869966,0.9244263789899618,1.359712780646636,0.9137764796566943,4.496800549553104,1.2505534300760686,1.7109038580022953,4.496798831687753,4.49680055106058,1.0311354027885937
3,67,4.556619094780483,1.71029008124122,1.2596616641579568,2.079053906292594,0.9778902280733378,4.556619099549809,1.341282478451593,1.436093332690592,4.556617662703447,4.556619095528165,1.8771343559195526
3,68,4.727378897387399,1.0425607558630996,0.8395629399921463,0.9337758937633436,1.1037849109616578,4.727378837142485,1.1336000773795774,1.4993003194560965,4.72737899498366,4.7273788786151885,1.062203979278385
3,69,4.460937530472773,1.1261784049971206,1.0744669073150879,1.3963405362118302,0.740624503105544,4.460938478610437,1.1118309053459392,1.17274667576755,4.460938458798683,4.460938479175462,1.4595256683972764
3,70,4.586814590690615,1.3438779546217645,0.7176897428888611,1.4930328881559118,0.6246101558678855,4.5868150245709876,1.0964067661149046,0.9920455614104531,4.586813566711802,4.586815024425374,1.1677983266977718
3,71,4.682641386820501,1.612916766392636,1.4165698756802039,0.9264360931969371,1.4876852169933648,4.682641288877512,2.3874559283494623,2.466954328591865,4.682639719221966,4.682641364000453,1.3531465073344957
3,72,4.687284887401051,1.8722598621679656,1.0637798746597464,1.3595239692837222,0.7962569921682563,4.687284657789791,1.0838008996903936,1.1040593651952586,4.68728484515331,4.687284798376397,1.3886524861626102
3,73,4.638113767394443,1.13161265652592,1.204279663249579,1.8497634264549505,0.6026929717267842,4.638113652496059,0.8950390779315259,2.131374707997518,4.638113747151804,4.638113455695673,1.4356602989008087
3,74,4.740907482242708,0.6826593944406711,1.023302639868398,0.6757927698741262,0.9827122956683721,4.740907519853658,1.388413158514469,2.3826894702083647,4.740907551474509,4.7409075515129775,3.010647238031279
3,75,4.865577450020513,1.397849053857016,1.4671436948450134,1.3691736105323866,1.2800924256918658,4.865577450020511,3.8540448282255055,3.832873665019588,4.865577450020513,4.865577450020513,1.2742807238829423
3,76,4.45207456833871,1.5323520883128903,0.9424894100340977,0.8309913236245131,0.9690092592835499,4.452074566402443,1.6884423356642382,2.885194392580706,4.452074566695677,4.452072525182509,1.7295238911244781
3,77,4.392735372442583,1.0576866190446947,0.6181374423931967,0.7953428052691076,0.601310558601263,4.392728844632029,2.152248990031027,3.038885834733727,4.392619386508779,4.3927186073381055,0.9359654744571265
3,78,4.121162503140591,1.5357809871486456,1.2399376601009977,0.9445805013220857,1.2492109379008478,4.121163102871359,3.2402015273623483,2.8318018530465814,4.121162781328777,4.121160189531979,1.3287101374168466
3,79,5.067399549258858,0.7096938797223034,1.3934791140636171,1.6410558422905854,0.9632069266560447,5.067399548674353,0.9452743782340273,2.778777605753532,5.067399427712131,5.067399549256834,1.703296373522612
3,80,4.507401640502527,2.0725651130264167,1.4096530942853676,0.7912963421083656,1.0424765187966805,4.507401438652675,1.682399899567951,1.798751796001971,4.507400579683404,4.50740158729166,1.2327778381564554
3,81,4.616220035361389,1.4772180275277091,1.2756793772838833,0.6133128113746259,1.0303787217798157,4.616221570480697,1.7137090343942598,3.2257680066577175,4.616221484957913,4.616222188253323,1.632512364248068
3,82,4.44934794731284,1.3079682615817785,1.6830152455847314,0.8035272821280114,1.570044436368093,4.449347772237792,1.760336694074452,1.7045704653534262,4.449335211141167,4.449347911483063,0.7691577938415667
3,83,3.3217222479137862,0.026358355931349386,0.06935977411805183,0.6056669725822141,1.0652703293089552,3.32172336020631,0.6595028773498823,1.071930113219147,3.3217233611023413,3.321723363173263,0.10023634557483962
3,84,4.345925949903026,0.6681997098451016,1.9878729348657047,0.8670861444187359,1.9046755102540571,4.345925393650509,2.072559213448635,1.5793924047801435,4.34592584311764,4.345925905454001,1.8194573428378986
3,85,4.81887766122199,0.9231361273461257,1.0649430433923652,0.9787066613483569,0.9774116459986864,4.818877497010488,1.0129777998656462,3.072611161387862,4.81886743168586,4.818877662732856,2.12177974713241
3,86,4.705291603019948,1.0772569118428466,1.1587179781147183,1.3024065987931908,1.1127338936397664,4.7052916007253,1.6648021017003785,1.843266021298619,4.705291445202637,4.7052916018928945,2.3478105730199474
3,87,4.732134573641892,0.8006456538547241,1.077002441920797,1.5062288613402122,1.4195209126860175,4.732134533914094,1.5506555187465683,2.6698110278000953,4.7321346156315744,4.73213461607849,2.289961580624767
3,88,4.539392275617799,1.3842927359717723,1.1377880992348932,0.6522341040187285,1.4284087784645336,4.539392407064698,1.7178369095897144,1.837526825136412,4.539392100767645,4.539392406190449,1.7228189541034187
3,89,4.600126094427674,0.6872870974024065,2.144261196309695,1.7026119094276622,1.125382440507742,4.600126594807145,0.6844136695679555,3.2239522711856945,4.600126638866731,4.600126640590354,0.9691845514677383
3,90,4.739388185853387,1.730474712224857,0.9345865368678681,0.5926377822734672,0.9145002878372605,4.739388133840425,1.4230389911661931,1.2279799505394735,4.739387835860203,4.739388055597849,1.3268500227652689
3,91,5.227551961587077,0.7030402165368618,0.6151496275246958,0.9687702803164425,0.602303944414898,5.227551940355788,2.2117080724865392,4.858856620777446,5.227551961331378,5.2275519614861015,2.2713057570547455
3,92,4.74911264279688,1.4678797803881956,1.7728050980048384,1.5037489344173445,1.939912466237493,4.749112901555925,2.463816020482173,2.757828802864285,4.749112497544519,4.749110613268235,3.450658508954481
3,93,4.366795242210094,1.0244669124478614,1.2016758137517283,1.1389379453006945,1.0442893874156227,4.366795194989346,1.672779783448251,3.5106445046106196,4.3667862723371735,4.366795242209742,1.62433141407879
3,94,5.404440729365716,0.34557418955063723,0.3434461311721434,0.5327647775501898,0.33497348757481665,5.40444147003058,0.3631711164434165,3.1126917434802697,5.4044414700305845,5.4044414700305845,0.8686974412197419
3,95,4.390436069556151,1.6561943890674709,0.737028647768387,0.724283140500048,0.6844347798805505,4.390436069555616,2.0879750085695736,1.5310617116795024,4.390436069204951,4.390436069556151,2.20243408722615
3,96,4.502872578215104,1.0004374071453421,1.1899552874740995,1.2002263890057527,0.6620627168986046,4.50287257795631,1.6635300289768529,1.1652633031101685,4.5028725770807,4.5028725777882475,1.552810210614917
3,97,4.5102511319738205,1.233614958779887,1.3922704901491147,1.500037278005446,1.0144152181682617,4.510251125733713,1.1458447213026377,2.4551804943285833,4.510245291694389,4.510251126747864,1.9230121477753561
3,98,4.492317226175116,1.2400658483852847,1.4011114998069318,1.183633138211926,1.3265941543745248,4.492315684543793,0.9745582196404126,2.00955777925675,4.492317174192991,4.492287892090558,1.4852571504391026
3,99,4.777190487284766,1.4622541357287184,1.5586668076171721,1.5346261146787732,1.7804787070124692,4.777190483305666,2.8951984945920257,2.8456086579478637,4.777190484365528,4.777190473358443,3.4094670691138123
3,100,5.449044340257507,0.42476665444516676,0.37407418935102615,0.6018922601299983,0.3849274041538923,5.449044745165734,1.014951166547901,1.3891070071426939,5.449044745165735,5.449044745165735,0.9492403007081079
3,101,4.048256155437611,0.8849302093381876,0.6528294713185555,0.7099159712323082,0.6545605592816787,4.048256149589254,2.398257172198668,2.2328854596432834,4.048255026899941,4.048253626869599,0.8395753123286038
3,102,4.41049036398,2.0436344462982725,1.6446136662791764,1.0794618510442944,1.6007025820929517,4.410490341732964,1.9298415214860225,2.1394558596582702,4.410489470739188,4.410490354975788,1.8933597236597912
3,103,4.578208787566237,0.7734945619226773,0.7981213894695308,0.6405519490813474,0.3953064184094667,4.578208758388389,0.8277483896125291,1.757629203419557,4.578198029966752,4.578205259818898,1.2451675628559424
3,104,4.38460283312419,1.5919671423161303,0.8345948236065347,1.0234491382255673,0.6652396780887775,4.384602829829207,1.03692266061496,0.9820034203662655,4.384602441188659,4.384602634543279,1.4699657868374343
3,105,4.171279445353124,1.2882088556354727,0.8058839696568544,0.9109196375149095,0.6739541362388762,4.171279444440972,1.0160383848532872,2.2791361215117423,4.171279419393641,4.171279449497716,2.1187164465132753
3,106,4.411633514029279,1.063105217191033,0.7136707776187763,2.06916939949863,0.6215437861730014,4.411633513975084,1.7198299194719175,2.1613598911765446,4.4116331315110235,4.411633513131057,1.2110213922133586
3,107,4.12636208287584,1.3998754007590237,0.9864438052642741,0.7785224060412013,0.9144940683292659,4.126362036928433,1.45385223160268,1.1055484656398125,4.126361685119594,4.12636086038605,1.4898068857086868
3,108,4.0356826975663065,0.8771109084421609,0.6487687635906476,0.8557121933293613,0.5895782923235205,4.0356794955776,0.6933182969179627,1.44506839708537,4.035681986608683,4.035677276858703,2.144993791869462
3,109,4.5104150956955555,2.0084147272454245,1.583684775273127,0.890669877357896,1.77447149458208,4.510415099315194,2.266998545890119,2.163037678780033,4.510415099439555,4.510415099427642,3.6835899766434643
3,110,3.828589168036045,0.6324534458389248,0.8612116160092372,0.7067740303466993,0.7127958111499875,3.8285892181056433,1.028328327973221,1.4543339336676826,3.8285881421106116,3.8285892352091273,2.0146457926113754
3,112,4.256846537959379,1.983844563827279,1.35445712259621,2.632102977415247,1.534540161675026,4.256846519119148,1.4577251422140787,1.7786331622951805,4.256846534489984,4.2568464605886485,2.00981914387836
3,113,4.180292941873458,1.615107965559256,1.252732493745482,0.805445100686811,1.565064981225002,4.1802928903146865,1.712818657052678,2.0055287837704068,4.180283261314934,4.180292926396664,2.074854590907994
3,114,4.073479034277935,0.6813304089027973,1.2919918953830143,0.9883515079729033,1.022767788998989,4.073479034306439,1.5966044459122728,2.543096612618164,4.07347906863436,4.0734790686946045,1.9069094449924047
3,115,4.59950176443932,1.6035451656195905,0.5216943843892309,0.6343160203666929,0.6218648688802483,4.599501762701931,1.8739156428806754,2.6375195213892186,4.599501764230548,4.5995017643319525,1.1793175733002303
3,117,4.10251781383133,1.3578057830401626,0.48627311572960047,0.45566010128295364,0.5048795457232281,4.1025178113882905,1.3077591519802034,2.035399413178872,4.102448710996177,4.102517813582007,1.4900783102634876
3,118,4.086566894217877,0.9015281231205581,0.5067734211705379,0.5319200661163628,0.5746167115908892,4.086566603794502,1.1048837352601657,1.3794056614801,4.08653842188519,4.086562188751592,1.3170559927496803
3,119,4.343384647905327,0.9752983558054918,0.8769569945595826,0.7615876445822175,0.8690180586966566,4.343384646926673,0.9853388566433431,2.0940270580451514,4.343384648416041,4.343355287101065,2.2494244192563393
3,120,4.009643724787075,1.5733234240302683,0.7267589358949257,0.6249767930470654,0.7210124216579749,4.009643724236288,1.5519424532866186,1.288873911657975,4.009643693161383,4.009643721829276,1.3020027569980142
3,121,4.176359289337396,1.3557171384969802,0.8911454434287105,1.049958031383272,0.8128840362659467,4.176359288306764,1.0140733759004892,1.113777915931297,4.176359288557278,4.176359285015222,2.1181047890795774
3,122,4.138628958967491,1.0336869358946743,0.8902528942900273,1.0494052260825943,1.174284464428199,4.13862895539055,2.0189874154360834,2.1657554928158516,4.1386289558083424,4.138628957971254,2.6771077191436445
3,123,4.171634549045036,1.4715373531464349,0.8182152795020889,1.3607160438138992,0.8184605867314096,4.171634545702286,1.5200004302512065,2.858089336524323,4.171634499920334,4.171634547358342,1.658076588473564
3,124,4.081096451507444,0.8432963947416027,0.8482978720672303,1.1620284516702657,0.592208970015991,4.081096450566,1.1580490887106871,1.3890924058300724,4.081095308298,4.081096451183523,2.0530900892905337
3,125,3.8064356691238532,1.576860854253857,0.6561938421081907,0.588639362038864,0.6908675329205873,3.8064356691206234,1.0805356299464866,1.7545647737745498,3.806435668972636,3.8064314694345596,1.6560056461142745
3,126,3.9589384592193397,0.924696755787927,1.3704460538124184,1.4502127339767308,1.0137381487476214,3.9589384592032983,1.7898927501677175,2.9269629827545054,3.9589164683775366,3.9589384592191337,2.035104073968097
3,127,3.8965195140945452,1.2479163184655773,0.6363708171057241,1.5437936791309557,0.48867909902234935,3.8965195122283007,1.7244991824919131,0.7285298140410615,3.89651948412114,3.896519511262814,1.3465394404720552
3,128,4.374534302040225,0.6097498977931585,1.969914980401856,0.8887721589569366,1.9962865029919108,4.374534301821987,1.6099823945990386,2.3263963798618916,4.3745266899954185,4.3745343020180485,2.7827709188006122
3,129,3.765652048245605,1.1182832501679845,0.7640462983476173,0.8190849786939034,0.8377374839004559,3.7656520480577687,2.007293895918291,0.6500917904618007,3.765652047910497,3.765652035108165,2.037457685707687
3,130,3.827629866525902,0.7679769268771034,1.26302527938537,1.2931056503720952,1.2226619570038653,3.827629862826132,0.8967621081791003,1.7855002388174999,3.827629773630412,3.827629861342393,1.9472159313614257
3,131,4.484394273704827,1.2672469134322395,0.6102247026332064,0.6462240684542702,0.5660549811159465,4.484394272734677,2.242018764351475,2.777770423622287,4.484394273619666,4.484394273652226,3.2029325408460134
3,132,3.87459526780189,1.3287967340906954,0.7760066354331403,0.7561860386305546,0.9869963454501292,3.874595265814252,1.2690409818278396,1.5481740726673354,3.8745952653431766,3.874419052233775,1.5452492259300172
3,133,3.9122336848820587,1.5318832601594659,0.8095780682307187,2.0314373954500398,0.7645792640637807,3.912233684217666,0.6962260006885471,2.0693734737060665,3.912233684714576,3.9122336848343515,1.9456180361127262
3,134,3.8245588168274196,1.6528287750505484,0.7217339152684447,0.8941100932763566,0.6511647255201708,3.8245588162475435,1.5164191582267952,1.4026619224835468,3.824558816064139,3.824558815289547,1.9729478787037689
3,135,3.5051764306098767,0.8079402177248707,0.624019075505059,0.5413827342224338,0.8002578056882541,3.5051764299394654,0.6076841963245242,1.5492647604363254,3.5051764300049393,3.5051764303664745,1.9522851530328516
3,136,3.977409427448118,1.002934767816387,1.5955963418668602,1.0448946933381376,1.2569316086573752,3.977409423494004,1.4199767744297287,2.3752255243775156,3.9774094267778763,3.977404446667288,2.0774882896496885
3,137,3.758782738574308,0.5481500976244829,1.0288837867502152,0.20201902715109546,0.4766747951268741,3.7587827348668763,1.217618743929091,1.9185569049575404,3.758782738573122,3.758782738574308,2.61750517585548
3,138,3.9227724220828066,1.2746362637697528,0.5854223562489997,0.8658194314636438,0.49796834639181425,3.9227724215853823,1.5272110454088073,1.0634316552269052,3.9227724176693903,3.9227130584181165,2.3945229017591125
3,139,3.2595192130506248,1.5684438638730365,1.187906911184624,1.6814388617417146,0.5721707061086947,3.2595192121552885,1.5381445386023949,0.9245125965265123,3.259519212727614,3.259519212761861,2.8700835953075687
3,140,4.18565783233628,1.0378596846238968,2.0848546073561787,2.4250473245806528,1.0897478433886867,4.185657832330943,1.7708015823961543,3.623076870805118,4.18565783233628,4.18565783233628,2.688069708767947
4,0,6.699834541857199,0.8094123910583171,0.7513997075982528,1.0273974543056372,0.8282472790068917,6.699869038909903,0.8076191203555569,0.7488136646096467,6.699876156349323,6.6998689760218575,0.40731265846924153
4,1,6.433770656689361,1.1951105900357106,0.9969461676728664,0.9945341091414653,1.1608275767210001,6.433792968816255,1.0652469030711325,1.2708836064417275,6.433830708109045,6.433810176732359,0.8034841694320987
4,2,5.830001116586889,0.9326021362891325,0.9754660417980344,1.203240089581034,0.9996053560217133,5.8300209360262345,1.9396415603107937,2.157061875275346,5.830018156494567,5.830016007909031,2.0020025776492902
4,3,6.200463129318877,0.9352793766963712,0.8973628253902746,0.8403950784985873,0.9799161895034628,6.200480985990843,0.9574894973530683,0.9622692755064803,6.200484390333607,6.2004819854401445,0.621830861841549
4,4,6.26546866247032,1.6147203823938407,0.6905481928264224,0.6581134873652612,0.7004769711838753,6.265477457195347,0.977033262766301,1.7265405564001037,6.2654833803885195,6.265483422318432,0.7388321286933981
4,5,6.058863362594552,0.595063192752139,0.70514815417627,0.784804081979611,0.6900411672816651,6.058872860662512,0.7627167233049441,0.6373145605514814,6.0588758180395965,6.05886633682778,0.9827549411821209
4,6,6.14447843447647,0.8760453722258799,0.8569685397346044,1.0912363856891198,0.799509588813413,6.1444961767777935,1.076511004313825,0.8648520000428772,6.144500017080653,6.144493573410357,0.5507476288469614
4,7,6.034357596054548,0.9714887384787823,1.1188919294761668,1.0330186180241911,1.129496691112858,6.03437301427906,0.9200948738735,0.9578822631263507,6.034374866912259,6.034366212238457,0.7822105569096449
4,8,5.754620523419909,1.0008633031699252,1.0920714224581751,1.1326423895176165,1.0659272243586706,5.7546356408536905,1.189759510897598,2.447563193188888,5.754635648823076,5.754636566755648,1.5490206915364928
4,9,6.123386218331591,1.2719952966951609,0.6300918357566705,1.8339838779165025,1.1964701063851457,6.123398185088136,1.2018892689240772,1.618923608736247,6.123398409005863,6.123397454742758,0.5301759811220175
4,10,5.914153224666715,1.1395216584195347,1.0448287273189127,0.924530606687578,1.0718608658195805,5.9141406609747555,1.3889437827587263,1.340858754882279,5.914164597359785,5.914155549936636,0.9125697940716725
4,11,6.208247361164835,1.725525101458037,1.1605189201749342,1.7362139526698133,0.8975190707103505,6.2082589325423685,1.451346443753869,1.3820824006964103,6.208259426704698,6.208254081215239,0.5327714408040932
4,12,5.942255096096033,0.7815092158764252,1.0935002308292743,1.014055526384095,1.1066137483614462,5.942261057855111,1.0670555163624265,1.0263668197024711,5.942265210338394,5.942259328375318,0.9808638143239647
4,13,6.105377950991629,0.9185649177386968,0.47423118448505597,0.4322504318535487,0.49865248510326604,6.105389378620523,1.5819173370315835,1.4151242970193898,6.105390284823509,6.105389095371563,0.970138115351609
4,14,6.046507626610289,1.1774273412914438,1.0018685195154766,1.176698117519389,1.081016194493709,6.046510444827703,1.3230254580594683,1.4868561162578577,6.046513024545125,6.046511029282944,0.7945048843485282
4,15,5.928336859229335,3.4840370414482558,1.6955607571299178,1.5815577305296578,1.463065551169769,5.9283432872081585,1.5214294854542454,1.3689338726388127,5.928342986805096,5.928339521699371,0.42785407219543764
4,16,5.68762882205646,1.0728525621539824,0.8864001860784316,0.9361691485054119,0.9038944862644693,5.687633414345708,2.3243992120111834,4.007795406920538,5.687625134526282,5.687629468579523,0.9137580648433843
4,17,5.646978952600361,1.1020037277268324,0.9537981391245909,0.9023889252823398,0.9331267095709296,5.646929448675779,2.2158497120490477,4.0764024507424805,5.646983592120997,5.646983663946212,0.7177300398705174
4,18,5.3796051191964125,2.181805637070156,2.5900989883294043,1.5335240908422405,1.4052989102334532,5.379616056141076,4.192387035511363,4.846092373832196,5.379616112119411,5.379608125780258,1.529561907099981
4,19,5.545295743754175,2.045990489819819,1.0939155811825065,0.9095723095173613,0.8856382372653175,5.545299126101952,1.6537312022352968,1.6997168903455668,5.545299126884037,5.545297879575103,1.4214352323753614
4,20,5.549745001831447,1.8289879989457485,1.890852159080288,1.2247768132185652,1.1174806332586131,5.5497362900140885,1.431753389873893,1.5932019967287308,5.549747220070194,5.549745561456611,1.7599465488218677
4,21,5.051890510114597,0.6919944068203264,1.0716252379276014,0.8089973558632637,0.8413865563548798,5.051894645418328,1.3734634490519113,1.3580966051530927,5.051893905559209,5.051894453988992,0.7479952248637783
4,22,5.135077861474313,1.1263562620822687,0.9582476721679521,0.8120603373104611,1.0275977179227047,5.135077919449686,0.7533540825912006,0.9467887669297135,5.1350791856281335,5.135076203481192,0.7320935318118383
4,23,5.139483545647813,0.7848893873103552,1.1108653324960225,0.8824178202689272,1.0878288746634814,5.139482230253592,1.0103252768473256,1.2879240050345988,5.139486288512362,5.139486611841605,1.0469371607093576
4,24,5.934251947055542,2.0547185676791657,1.4104094713847304,0.9220263892901438,1.6733552808086407,5.934253239459765,2.554956869111477,1.9376924522198233,5.934252630678714,5.934246538272406,1.9307415489009545
4,25,5.258734509377967,1.1446480199984146,1.257242292369512,1.1871025997371232,1.1361953335550423,5.258740183530807,1.6561345152296103,1.5769278571100511,5.25874022934012,5.2587234963921015,1.2898178411475125
4,26,5.034160954440212,1.003904416835874,1.0819096182221493,0.9788262893772955,1.0900612164490904,5.034162106293492,2.4963829399250397,1.545182452614566,5.0341621075722625,5.034161468067927,2.3266156873611012
4,27,5.266299255153798,1.0829593394623815,1.162807530148111,0.984314310455318,1.208281513340887,5.266301624037825,1.1483129383528523,2.6121316113567583,5.266301648223118,5.266301250842285,1.5130882233644936
4,28,5.33967514582125,1.3624684906525428,0.46694552155158653,3.925301695339797,0.5677727252582546,5.339676532727041,1.1124179268873164,1.3030272101152247,5.339676514950458,5.3396765011039955,0.7236568409751326
4,29,4.8991177823990215,1.0493475245728088,0.6052937755302497,0.5920474776664565,0.6436877255322225,4.899118263104438,0.6056845368231504,0.7593949884696262,4.899118266784758,4.899116835083816,0.4026309501558201
4,30,5.880867432010399,0.7120720717208333,0.7034137126559941,1.202206462605987,0.6348704388515989,5.880869092422888,5.822137193154252,5.840805194155267,5.88086909242346,5.880869092423448,4.027035346699144
4,31,5.496196312600014,1.3179786448451039,1.3600250519099808,1.5151789415305983,1.3548221107033773,5.496195591418347,1.8027946357879687,1.5129998584320974,5.49619722957142,5.496193708239926,1.2927768209911659
4,32,5.135743149808667,1.2923750755853884,1.0258259869636868,1.0250266162983654,1.0150159767823863,5.135736004078304,0.938116184622759,2.912409166281827,5.135742239205209,5.135735810229024,1.1280717950139878
4,33,4.894625116610214,1.2752141860958683,1.2374952549209675,2.675371133538657,1.0429456109485895,4.894627321421841,1.8275007202187938,1.2925920316567585,4.894627347714328,4.894623577823682,1.2133922299449094
4,34,4.877843867280512,3.2648282395624877,2.394225145983566,1.2530141421618133,2.5582825895748567,4.877845533551494,1.9883322925726217,2.934901778844501,4.8778455305769555,4.877845500193068,2.4868252082104503
4,35,4.50044207178916,1.1472551990959845,1.362592994853411,2.9201287701858005,1.168880577732579,4.50044282811229,1.6896355149575113,1.1843094216635592,4.500442974179491,4.500439103149152,1.9625797161654248
4,36,4.749131061105043,0.5204454823837555,0.9033442903749717,2.255859171324523,0.7365038485293799,4.7489655609497365,1.2504569098544032,2.687915971649223,4.749094841754301,4.7491189971495205,1.7980995275712472
4,37,5.499067660172779,0.7115512366312854,0.5915029917170365,0.892460388151045,0.5860523121473901,5.499069252981862,4.643403837217262,3.1264016233312706,5.499068950427864,5.499068673550645,3.237293874091863
4,38,4.611652866490417,1.5810717190322736,0.9406041962081252,1.4027328570508217,1.0391232579344845,4.61165701268344,0.8307262046210151,1.9845875400164352,4.611657011328918,4.611656569539508,2.0693837971147544
4,39,4.926707257277801,0.48305192992419427,0.7969158034749229,0.5632178013999611,0.619400043393003,4.926707814251382,1.4432647535162486,2.114981414676328,4.92670860730721,4.926709099011779,1.4092472857827714
4,40,4.913518160621613,1.113597391339488,1.1622226973254997,4.120814971652929,1.176950119905963,4.913518846205974,1.3851316564594405,1.510300444731502,4.913518847089711,4.913518397008035,1.0683859107985603
4,41,5.434294403660844,0.6210697019761088,0.5847097490895485,0.9252232433705023,0.5981684546026862,5.434289220460591,1.547979995183514,1.5818528832435093,5.434294194781492,5.434293908819626,3.4227776206520506
4,42,5.234957146644907,2.0164322551859226,1.5053656907160162,1.7187271967345776,1.5795316811378226,5.2349581541341825,2.43610887309775,2.555307347528033,5.234958078927532,5.234955588446507,1.615061612021103
4,43,5.483808271360737,0.732705456826008,0.7969213419527937,1.3003418994758593,1.0989105103517725,5.483808672268245,5.419915658937636,5.43241057138649,5.483793757982429,5.483808476172439,3.280898632639836
4,44,4.697608131190222,3.1012427627204917,0.7830865826289843,0.7404200379862892,0.9286550395063716,4.697609224553542,0.9537781549144883,0.835084796881879,4.697609200257685,4.6976091853806174,1.098178121032846
4,45,4.762663467087285,2.4710341815789514,1.7652027634024614,1.4195802081946927,1.4397592636272853,4.762663574544032,1.7141708688879957,1.6357143271729218,4.762663578964652,4.762663081702416,0.6877765328951408
4,46,4.926328591828423,1.0685261771871413,1.1075278740739731,0.7689742115188103,0.9225149746245235,4.92633372798757,1.0914923053213375,2.5400813434264173,4.9263337291113265,4.926319091213779,1.0882532233401618
4,47,4.829512883479691,2.5320114863034493,1.1298107663833679,3.4174265389771583,1.1434709009760329,4.8295134979574685,2.1615606569046526,1.1700980110828292,4.829513483781727,4.82951347950727,0.9566633391265376
4,48,5.447949114591211,2.7463462989342964,2.090365948852666,1.884597067058122,1.9736439407248132,5.447949482623456,2.8492977841635008,2.990503638493161,5.4479494837282125,5.4479494803222135,3.6831315463802676
4,49,5.020578905607001,1.1040545391745697,1.1741216225300544,1.0032901436399542,1.0900591137155378,5.02058036906138,0.6541788189168489,2.3181179511689614,5.020580369184399,5.0205801187306465,1.2195714359921241
4,50,4.074992219689951,1.4570213259668288,1.807152969781538,2.4222010013227018,1.8170536279573524,4.074993367406864,1.1418628690799664,3.557035014007674,4.0749933716567,4.074992497393899,1.496650420720826
4,51,4.716282299466766,0.5797927059160811,0.7722485198381162,0.78211403992872,0.7504118107053138,4.716282229865899,1.0104495593373084,0.8502769655273607,4.716281781815745,4.716280682803665,1.2000439870025463
4,52,4.917880084963999,1.0500915699994386,1.2259094819398118,1.2756579190336248,0.8762114002774802,4.917880033056743,1.2422541692933413,1.5102680005489046,4.91787964588813,4.917880000068352,1.2570354069829455
4,53,5.256015644562395,0.6739742631773814,0.7796406438818324,1.5974009935204512,0.626332017379853,5.25601737775535,0.6594423240258396,1.184850365950034,5.256017380941645,5.25601129675248,1.4876662371127602
4,54,4.782263554462463,1.106573527551249,0.716348931595109,2.2316808641590256,0.6898679761716355,4.782263537056922,1.0399376338631323,1.6216202220552347,4.78226348135069,4.782263504666896,0.7828557321121763
4,55,4.955943359441066,0.8943266990953374,0.7294877721612543,1.66719090779813,0.7275374402149501,4.955943460997749,0.8461037807612825,1.1702348285880309,4.955943461224827,4.955943421921029,0.6613204092169416
4,56,5.08691776070799,2.0477068273843595,1.8550097146903741,1.085930343894938,2.265572165159977,5.086918025775686,2.664243194368125,2.7892242722109666,5.086917973265929,5.086917873749654,2.4659922069483944
4,57,4.203615939856771,2.9245497122808555,1.8602535382016547,1.8585363635575005,1.4983630890739619,4.20361623553159,2.7795341222236076,2.5544782497892737,4.20361424022333,4.2036102016983286,2.1765990010248157
4,58,4.497112545241904,1.5283212824638313,1.0393442499131837,0.9379933602117175,0.9783031779237092,4.497112620847435,3.3829605517784573,2.9706586291820822,4.4971126200087905,4.497112619983541,0.915004501996066
4,59,5.482278173352806,1.5153258807933028,0.6157567077486569,1.2189893626586559,1.4489778232724402,5.482278936926211,3.034382511479561,4.079158880063328,5.482278976563173,5.482278975200271,3.3367007178851305
4,60,4.3268518431136345,1.4139884225050943,1.1282286460848596,1.482890988190308,1.1736386686158078,4.326853252027105,1.8530584674377133,1.5320615240552076,4.326853252027549,4.32685324926706,1.5097488890931439
4,61,4.9530336508080115,0.6795134903006723,1.5507761243615956,0.7188776647054039,1.160242659447355,4.953032396113453,1.3436007027936179,2.0895417896834636,4.953032174371716,4.953032579152181,2.6857880566578602
4,62,4.4773982457168975,0.6569348469730979,0.7794488823996002,2.1718491553639097,0.8182250019467862,4.47738257586316,3.044742892223987,2.7430706329420795,4.477395560454989,4.477394489641225,0.9285087010570526
4,63,4.7054281796183774,1.1950545837716418,1.3301518843689093,1.06458166973383,1.3737288110961658,4.705428180724461,1.936550932638056,1.776947338434016,4.705427394092417,4.7054279841972,2.3799559041767697
4,64,5.5787619253434215,0.7625118308932525,0.8049529043097939,0.6722440380134599,1.0088889363847968,5.5787623529066845,2.4699392936349036,1.8846756213946123,5.578762352565832,5.578761166347531,3.4557941310834646
4,65,4.97294354561126,1.2651721238785987,0.6338895621373253,1.0197863996899792,0.5874760158851113,4.972946160315288,2.211227280775917,2.1469207817913576,4.972946216132587,4.972944860483109,1.300917907821452
4,66,4.472906895404855,1.1498360035573105,0.9132519578547631,1.6638928110816902,0.8255569950678374,4.47290710434862,1.1683204686919089,1.3251861371100384,4.472907028884931,4.472907074223814,0.8087297225903943
4,67,4.351461650137861,1.0551209200412397,0.738231348804984,0.6975777425233879,0.7796308276725732,4.35146183586147,1.3703182265906524,0.9428011485776676,4.3514618126662805,4.351461752885867,0.8477008432038103
4,68,4.7937759934292705,0.8900215664133547,1.415161831996571,0.7375418398306961,0.8493811997675211,4.793775959563491,1.645171347714452,2.036806330407483,4.793775982422738,4.793774565135052,1.5578156128672886
4,69,4.50542693814355,1.383865682241991,0.6685333159050098,0.7207953721446662,0.5846031713727949,4.505428934202898,0.9775574592431437,1.3591543792617238,4.505413684595691,4.505428933193797,1.106863746600435
4,70,4.366788688080337,1.389284401070292,0.7308279907835301,0.7573609578453729,0.768112467187509,4.366789404455281,1.262933091723896,1.51775962600352,4.366771953264005,4.366786332601147,1.189823917935282
4,71,4.5680595046259,0.9337912925372531,1.3817667789367298,0.9097721939200457,1.1188410753043923,4.568059567978439,2.174747779823797,2.2850284562698255,4.568059282100236,4.568059442793265,1.3940824708323771
4,72,4.518942782983465,0.8601229706202428,0.6904310015814522,3.0184187925691193,0.8018527022093376,4.518942771981434,1.2211841745530472,1.542373458560471,4.518942718459686,4.518942687422472,0.8408633633469491
4,73,4.6883127216613225,1.0755376453611114,1.219341393374159,1.667452636939487,0.9936195909602298,4.6883127161924785,1.7353845532985173,2.1502284592487055,4.6883127203338395,4.688312485687389,1.8039889180886044
4,74,4.0052461584794505,1.524477260858744,2.008962725178975,1.7237873633453573,1.7990657986942544,4.005246407678165,0.44986301182809707,1.4037215795629623,4.005246461561547,4.005246435104711,1.2717853421027172
4,75,5.048508688707153,1.5119821830870128,1.0142214463416552,1.1733972679489115,1.2297543534403597,5.048508688679234,2.4139514693218262,2.7207022146355047,5.048508688707153,5.048508688196245,3.084005917953706
4,76,4.466257406876657,1.3693046855615394,0.8877766477092573,3.6529138201088966,0.9104823060481537,4.46625740454886,1.9630326593646445,3.1541444719411196,4.46625740292863,4.466253994096785,1.101629557568907
4,77,4.472640304408752,0.7088605571644915,0.505860591354334,1.9811243487985641,0.43452577029297024,4.472639094638449,0.9937712345040376,2.110321159570973,4.472640065659382,4.472638706446272,1.0519333703581613
4,78,4.128863405294622,0.6238548535142531,0.5190477641742426,0.5918481225743539,0.5615539350477206,4.128863810355877,1.0888491798363868,1.3325788061515254,4.128862862893947,4.128855710165161,1.6484270654620714
4,79,4.728584704459702,0.8116210417120361,0.8644895194636035,0.8626950116737097,0.826777437505117,4.728584886365865,0.9195560789865295,1.8368109906343473,4.728584886384853,4.728580158404507,1.448432734063061
4,80,4.63075616874398,2.1001420905547095,1.570319269209653,1.7418469750977008,1.5343248710548776,4.630755986148649,1.879880898892478,1.9455408564583176,4.630755221738838,4.630755673466176,1.1375112348264582
4,81,4.773893893082352,0.609579746837674,0.5132802136652634,0.48287122198795895,0.5277509278620924,4.773896305376848,1.260740846626077,2.363788250359524,4.773896317056065,4.773896310002107,1.498028661550858
4,82,4.547382337877389,0.9598024400747405,1.2384648713944073,0.8417276851399511,1.6082877779561087,4.547382226682167,1.4092566977890528,1.4597796264341973,4.547382167837542,4.5473820678176216,0.9080542100580707
4,84,4.537835892130563,0.620566761840751,0.7602135057839494,0.4411566405755802,0.7171836542348677,4.537835960587263,0.7949087903895178,1.7443925137880567,4.537835964195769,4.537834562608483,0.7364962537456955
4,85,5.117420838660774,0.5901393919014948,0.6735820580771624,0.7304073635289656,0.7752591631973212,5.117420460728758,0.7054592608564745,2.0423035974270958,5.117381345914408,5.117419040289645,0.9950664887623082
4,86,4.558629096921774,0.4892504259169806,0.46615511853660013,0.543184012303235,0.5103952191846787,4.55862909596913,0.5956302143875122,0.7590320067587937,4.558629095794408,4.558628868260289,1.1351094802724113
4,87,4.2899919227192695,0.5908032990754091,0.6910694588269001,0.5947079258238799,0.605999775691754,4.289991955079869,0.7994237908670991,0.923731871015223,4.28999196180378,4.289990612862609,0.7163294692750719
4,88,4.55530002904916,0.6416577865579387,0.5050470662424114,0.6170585354764979,0.5393137308679304,4.555300296476926,1.5834931385885715,1.4039955140414668,4.555300299788273,4.555286531864426,1.1862226095192105
4,89,4.576797191146173,0.7274727038561102,0.9290334742165915,0.8492534069174951,0.7522344631736438,4.576797872165798,0.9584586494494227,3.025966163050133,4.576797888635165,4.576797884117012,0.9283613723056114
4,90,4.443530839290375,0.6624203408521994,0.8687069042915467,0.6122862122683842,0.8217444245311978,4.443530840514399,0.9918331273732738,2.19173990392997,4.443504838813703,4.443530824587288,1.827810571022517
4,91,4.979991633457423,0.8474717861605896,0.3919433952445574,0.6079444068005317,0.46027274769970683,4.979991633457155,1.3043422074514468,4.522592005701797,4.979964204444524,4.979991633457423,1.1273181616326302
4,93,4.317868141138977,1.0968075678827796,1.155207249619704,1.0507117663201233,0.8701571025593948,4.317868129308,0.9038916777384861,3.1261559653336217,4.317868141138977,4.317868141130663,1.3378960882422493
4,94,5.00926710049373,0.3163699991879325,0.4956838649631819,0.3503010748874336,0.4789837097386535,5.009269181089708,1.439029793162884,1.0055151313559794,5.0092691814301435,5.0092691814301435,0.5209452395300843
4,95,3.9060973018391465,1.208064492838933,1.2789174025720023,1.0730467013879186,1.180453862703308,3.906097455424693,1.3625589665347406,3.4937601113597916,3.906097455424698,3.9060758511028326,2.094833803310605
4,96,4.446832754914179,0.6663290958135302,0.5581406614058664,0.8646796473110513,0.4548448171344937,4.446832754393795,1.2815197474494233,1.845493895647098,4.446832753332641,4.446832751519055,1.4696473170098
4,97,4.573800463950085,0.8184216773656405,0.9690214429226593,1.5568351549459534,0.7744771884853966,4.57380018094608,1.4824864416721142,1.6310736242879225,4.573800415649527,4.5737981978345115,1.2229206741994276
4,98,4.444106094794464,1.1503164220864346,0.9561565619266029,0.7884008312002673,0.8977561517943651,4.444105727583885,0.9141870034319951,1.5162922834360093,4.44410599202802,4.444106048933696,0.9278139594145264
4,99,2.6704650522565845,0.07954550211152966,0.28246742357507415,0.016174079683027642,0.41527233883807035,2.6704652955602852,0.5668979943727601,0.5919554056338248,2.6704652621100093,2.670465268099901,0.5971515759720631
4,100,4.980582876685233,0.31091330679948553,0.45409597806536695,0.3929151797655305,0.41457963669801196,4.980584182650657,1.4157824872700715,1.1206532504962439,4.980584183234453,4.980584183234453,0.4512279411128143
4,101,4.176213064928572,0.9597527192345958,0.5859127837489773,2.8553430347078517,0.5808918970460378,4.176213040873606,0.9558641177184787,0.9523002045638587,4.176210493875365,4.176212990584983,0.9584372450299583
4,102,4.705869518418637,2.445761023787393,2.543594618081018,1.8051309772121547,2.958096344494006,4.705869467879764,2.6401248735054907,2.9870119209781603,4.705869104639717,4.705869449829951,2.9501051361183634
4,103,4.617907058021747,0.9067524427869313,0.6238052103496978,1.3189885104048373,0.4869291639477565,4.617907056896953,0.6231486445648696,0.5669291960525151,4.617907050445015,4.617906741079402,2.3268441837729257
4,104,4.192068852333976,0.8761000958730935,0.6863178082527296,3.2493950593427976,0.71041979639923,4.1920688451707475,0.9123555683015758,1.7621671625753674,4.192068791950657,4.192068808645272,1.2397816888162667
4,105,4.412853191713109,2.025423105416998,0.4881739650530801,0.3806370646605801,0.46138644968018777,4.412853241985702,1.4336393477015825,2.630192196467305,4.412853242108947,4.412852741261409,1.2540210398256746
4,106,4.317437909279843,0.8873983232129614,0.5137213763450365,1.3732476537645224,0.5465522312343393,4.317437909239069,1.903863990519777,2.7970621532927473,4.317437909279843,4.317437872744956,1.3335751931956257
4,107,4.360532448906661,1.1386784000364494,1.1411478073210333,0.7645593434730948,0.9248632143281433,4.360532443044715,1.7051244842403774,2.205142449066117,4.360490228893652,4.360532353085115,1.7351404386644402
4,108,3.9796226823619842,0.5251506449377669,0.44509730923985746,0.5862911206856071,0.41936552478685657,3.979622532952715,0.8894906956545171,0.7869938888654258,3.9796215388651226,3.97962062682555,2.188191577358303
4,109,4.015914295321767,2.037797432140915,2.409645133452262,1.347740101795004,2.132741371012781,4.015914277560995,1.051284978355626,1.6900180028185,4.015914295321767,4.015914294943119,2.5439389926254776
4,110,4.295065068623643,0.822028396465373,0.8389859262118466,0.8808906805832394,0.9046802359892399,4.295065075188036,2.1435884353150523,2.237832061004614,4.2950650736070655,4.295064871260676,2.604201258958829
4,111,4.713588214467465,1.9904823018671072,1.3802883140641253,1.5670852402427384,1.4199432826710985,4.71358821207323,2.2289282842568516,2.4089235258344646,4.713588208009981,4.713588205299766,3.981934823169587
4,112,4.211579332116084,1.0671573591151085,2.2055253197695963,2.269111981732308,1.9171867910799896,4.211579327850314,1.4905140455518553,2.76174265143439,4.211579000652987,4.2115793123073715,2.158429947174077
4,113,4.443409199199712,2.5118441603780477,2.2458757429288476,1.3850033363733625,2.1850931806835656,4.443409156752912,2.0586108440360102,2.5452956689338246,4.443409103512185,4.443409098587649,2.3142074287323204
4,114,4.328951100618905,0.6482270722903948,0.5754497798435105,0.6627729017229189,0.46329770502588963,4.328950268693113,1.2286783394515606,2.6671886511639293,4.328951120181091,4.328951126030417,2.154119050466242
4,115,4.699370667839898,2.652793564971167,0.9694879129646842,0.6955568804738734,1.220472499298452,4.699370615041839,2.1449334566014455,2.9683845078840676,4.699370663898329,4.699370665552643,1.666152205232866
4,116,4.30964506077108,0.8413903978140869,0.9711515777057818,0.9060819592106624,0.8692986545721859,4.309645284273174,1.82972821402561,2.056654552215686,4.309645284579556,4.309645262971169,3.692889518372811
4,117,4.638344219863341,0.9628329374670601,1.1305628393090998,0.5971594218690031,1.3791564918060968,4.638344218799897,2.8874147649149635,3.377981485306003,4.638344184086028,4.638344202713699,3.1693052783800324
4,118,4.04683185885932,0.8331185640367765,0.478182752902751,2.3083884722954977,0.47706324062230165,4.046831845391512,1.4352303920060159,1.514413298758186,4.046831669635334,4.046831833975032,1.3368224630977865
4,119,4.605848898222281,0.4181104549519588,0.44005630447568184,0.3391259201771344,0.46697167331030115,4.605848887509137,0.841615097679936,1.1651366530612626,4.605848896909631,4.6058294665639705,2.5588081280686312
4,120,3.8807927408336504,0.7959155142060876,0.4817731324531199,3.169923780331066,0.5238294421398152,3.8807927404126694,0.9698388178680991,0.9291682916436187,3.8807927405135,3.880792734164742,0.9928481030446251
4,121,4.025816912186687,0.4874128442814363,0.6052867657341221,3.982430797527546,0.6642478651222397,4.025816912186687,1.1119829129638092,5.719459591154039,4.025816912186687,4.025816912186687,0.6009905181220592
4,122,4.153768240929698,1.469541549841215,1.393854326358106,1.0725837950112447,1.4900986748928766,4.153768237309007,2.023965229724297,2.240750153992522,4.15376823125309,4.153768235244885,2.466435026330405
4,123,3.9490690053622526,0.788075635575028,0.8626736984164833,0.8753195620829511,1.0588224913659376,3.9490689904805305,0.90932236040827,2.250984650250865,3.949068951134154,3.9490689748469285,1.7998315310482804
4,124,3.967297512827681,0.4311473990133287,0.4148220724295061,0.5926209179812142,0.46759256966617607,3.967297511583896,0.6955031274883613,0.8108720777076609,3.967297511761499,3.9672974239228953,1.3462864211444394
4,125,3.8242521701918766,0.8990261816335757,0.4672710052248276,0.7530175435059868,0.5529624384931185,3.8242521700007974,1.1739764870812373,1.653380232459103,3.8240998062264855,3.8241508834562037,1.5631152574902893
4,126,4.0535933012976395,0.8327038557167131,0.9693182142731303,0.825032977857532,0.7445200908866517,4.053593301185935,1.2222715832498106,2.0122291552611626,4.0535933012976395,4.0535932878614584,1.795033152673117
4,127,3.7426826066876764,0.8718026699863195,0.494045786029896,0.7117401501770364,0.5444456210122398,3.7426826050137967,0.9134328323421832,0.871472477547371,3.742682601820209,3.7426803787639895,1.0414325886989686
4,128,2.370361831176207,0.14374125456590026,0.22643043691494658,0.28997546429683396,0.1852057584166671,2.3703618277098295,0.3260408165286508,0.3462898507778247,2.370361820074109,2.3703618184160486,2.370361831176207
4,129,3.8070197453805013,1.230278807685552,1.0657523734522945,0.6331388124268834,0.9712646216437925,3.8070197452758823,1.281191512972214,0.5894483088773076,3.807008817595165,3.807019416088298,1.9376742101190534
4,130,3.998677523112056,0.6488026048950515,0.8390586158769423,0.6052358312328845,0.9938778505643182,3.9986775185614962,1.1615258199770806,1.1940438851721868,3.9986775196279556,3.9986774602031367,1.366589546456418
4,131,4.597043122601719,1.914117882998757,0.5953244567764069,0.5047660383638027,0.5558549752194617,4.597043121914449,2.54103842634061,3.5640915765450565,4.597043122601719,4.59704312141731,3.0617087547610935
4,132,3.9075559769717345,1.3630523458847066,0.6072112906449231,0.6257667980532039,0.653474793659699,3.907555976558183,1.0042723183117495,1.975787370569637,3.907555976424316,3.907555870124368,1.6266447313026375
4,133,3.8948160107388197,1.1713384382241916,0.45300191798729506,0.7352161649726722,0.4216907484962807,3.8948160087513104,1.267936833456161,2.029606627403454,3.8948160107388197,3.8948160097425424,1.735969221306933
4,134,3.8359699424834584,1.680269769888184,0.6527984295220857,0.7279226682486373,0.6253821200448377,3.8359699361361423,1.5105392485629858,0.8745517856656115,3.835969919071408,3.8359698708304273,1.7329305984615928
4,135,3.9397613235604605,1.1833623529690207,0.5331429394120365,1.1202866267432952,1.0756719878383283,3.9397613235582316,2.442659007773574,2.4306753819851523,3.9397613235604605,3.9397613224709374,2.6434518283229482
4,136,3.969062149143466,0.5026647917782213,0.4821569704911122,0.5021794801567111,0.5781455112247446,3.969062143642563,1.0337125705420778,1.7915789621051255,3.9690621411665274,3.9690620862606916,1.9121932569225306
4,137,4.221081533113248,1.9489897955962203,0.7999860338603342,0.7428757740899791,1.327087196553336,4.221081532469396,2.080531756350247,2.3060599447907,4.221081430356375,4.221081492945279,2.9741417790478852
4,138,3.9400947463094624,0.7384976763510965,0.5920680711803742,0.49666594926802227,0.56955193042898,3.9400947443789023,1.0677929586903028,1.2330978686665515,3.9400947457486857,3.940094617766288,2.5821548558991476
4,139,3.843050289443918,0.8413589652866357,0.830550156503168,0.8153152484616024,0.680170977407383,3.84305028938368,2.042529385928424,2.2235027773006646,3.843050289267329,3.8430502891908223,3.3294781402638005
4,140,4.149678046738097,0.48401430815257424,0.8711136886191438,0.8314670480573347,0.8187996569494674,4.149678046737347,3.163815345502035,3.5777897692155807,4.149678046738097,4.149678046479963,2.1288227470265246
5,0,6.7120781487401295,0.6350598742896025,0.6702840920780919,0.6509665387269775,0.6639647079997344,6.712118597551983,0.8008982691292659,0.6313136721893393,6.712110769871606,6.712119224582377,0.4440978722015782
5,1,6.323608862423338,1.4495651630438557,1.2784761629229242,1.0723439083103348,1.0798150213651632,6.323636062933754,1.8250832505554673,1.2957374979739933,6.323646739281578,6.323651180577363,1.2337759683143672
5,2,5.586993433550859,1.331963810657791,0.9370949488612809,0.9226651542621159,1.0356898018658725,5.587012675514164,1.9160909815771103,3.0284379026791415,5.587008627942642,5.587019007807927,1.6707727915501642
5,3,6.445788170652155,0.8306676680819535,0.7257571815956682,0.6273987183704304,0.6829215305633651,6.445800770852938,0.7875388305296004,0.7474703576570215,6.445797910254898,6.445796994866924,0.9126170608231947
5,4,6.440757997837255,0.8244237693841768,0.8632220620883281,0.8239306413533751,0.8658444109471909,6.440768687972521,0.9560773635842028,2.474102268826555,6.440769686977627,6.440769919987255,0.8061615774059334
5,5,5.821688337484755,1.1939955842236527,0.90311459175456,1.2462076723830562,1.34091026710399,5.821691451161271,1.1299534015648978,1.8651668446355718,5.821692011087716,5.821694053126091,1.9430535799666633
5,6,5.968869642427319,1.4516124094217846,1.3206023621607208,1.3498885859740473,1.22651926675762,5.968896736874652,1.3650308387853634,2.5308023386499543,5.968886161366622,5.968896352320177,0.6227659670950367
5,7,6.00294132737889,1.085722596922406,1.1229677817796353,0.963676654922046,1.18172673788247,6.0029533289756865,1.0028165972717684,2.3225928046156414,6.0029494378534425,6.002957026618806,0.7122038808692599
5,8,5.8238732570149505,1.1975221593744398,0.8926335948115102,1.298938097515136,0.9704946166990259,5.8238840844386734,1.5593817584748677,3.202900645192018,5.823878816080079,5.823883229931193,1.5252284649396364
5,9,6.118754662276045,0.5057472812436443,0.4710989968878251,0.4565210867513705,0.5105427281911029,6.118764681989434,0.9338514994097983,0.7451398333867381,6.118759957089138,6.1187632931137435,0.4035810123840468
5,10,6.159552281231722,0.861690370069609,0.7616223985117713,0.6969324478613727,0.7537582855801319,6.1595445621343154,0.7754497739284062,0.747164367417205,6.159555326446671,6.159561719696717,0.9246509844428962
5,11,6.33851341492145,0.6558531713421968,0.6434279737806591,0.750410229279241,0.586994867750014,6.3385106541756775,1.268006447943043,0.7482051020016466,6.338517567040186,6.3385145978524156,0.5902109739158256
5,12,5.8417636689073404,1.0259707707141648,0.875680059940971,0.9525200870017023,0.8603022038745528,5.841763289233251,1.3562720379847206,1.143038926118977,5.841767968867239,5.841765646777204,0.8402754763743501
5,13,6.336958437565389,0.7138261723832529,0.4692091353813532,0.654244697981202,0.44202938818919346,6.336967430395679,1.1082335002211803,1.349546467267233,6.3369672564110635,6.336965676927126,1.2353873329074063
5,14,5.411331088789953,1.2190743974142904,1.4036843431634878,1.1651851540240648,1.386772252201422,5.411337505000978,1.075722543601589,0.9230823069913112,5.411335295817024,5.411337092547467,1.4554298819504263
5,15,5.868128587358478,1.6563574711330646,1.618057873354751,1.394229117168174,1.397603668572204,5.868133825964573,1.6828057103495713,1.2168489076685811,5.868131910505528,5.868133093042287,0.47403087150218
5,16,5.5657307344244815,0.9511840680052983,0.9470705307138739,0.7952653225773176,0.8631156655864382,5.565736819629875,1.6765151856686527,3.2915808004999847,5.565735774952676,5.565737296007951,0.8791015846215606
5,17,5.571394138223755,0.9614154467915675,0.930470117684228,0.7920510830234678,0.9121587981471961,5.571388636301001,1.6253424918663815,3.6833820388387335,5.571397036852616,5.571397741800201,0.906516605054763
5,18,5.467144209080841,1.6313350177219859,2.2985306323335517,1.1469856328060033,1.0334043839993763,5.467155538744598,3.32956506995788,4.730356342855337,5.467152743978161,5.467155875505199,1.2287291615143088
5,19,5.684266693015448,1.3288368283498577,0.9470727505577311,1.1942558211264542,1.0194882394014857,5.684271480957512,1.465772560594952,1.3385380415210684,5.684271467947388,5.684269587462182,2.124310478583902
5,20,5.426097220518742,1.4968646551270528,1.0206154321227883,1.1413429733139513,0.9085250869455598,5.426101865352617,1.4107097569400904,1.7029000497928202,5.426096910980901,5.426087649437116,1.0921223213891387
5,21,4.767286757403436,1.0435339720672872,1.4645408218056426,1.3002714301865845,1.2209091428859753,4.767290676657876,2.0374538118936774,2.8365810158322553,4.767290782032383,4.767290776662968,1.0453381858000326
5,22,5.3640175635787575,0.727117826394065,0.6044715896870219,0.6036955143967768,0.553350119581953,5.364018068481778,0.9492278207295943,0.6126534668647954,5.364016620766007,5.3640164204494445,0.7835054113550511
5,23,5.304011288797265,0.8162509580175604,1.058732215756521,0.7612189464090378,1.0117036075692643,5.30399526853286,1.1785806465228936,0.9541097501022879,5.304012052420175,5.304010763777929,1.0961736375577333
5,24,5.4197116594682,1.5051048953938628,1.779618074800924,0.9174111097414943,1.6083708249434618,5.419712859997389,2.2718913205207025,1.7505359984435473,5.419709484621534,5.419696729492697,0.988515550866763
5,25,5.13591460574995,1.0915572613290372,1.1720171504928016,1.0876362553064323,1.1384383115720837,5.1359165732441046,2.186995954658598,1.2164793012792623,5.135916223752369,5.135916762849013,1.4160906309573933
5,26,5.196643062801833,1.0404507811294703,0.8102871042210502,0.9334580847920995,0.8753547902093369,5.196644088183686,3.1185754892810924,1.7165882591311492,5.1966440081825045,5.196643242141166,1.9166405313071317
5,27,5.247372894338077,1.1355066893297783,1.1165159495838646,1.0346157673858232,1.084551785649059,5.24737589258065,1.2346304754330624,2.8641390943424807,5.247375767876364,5.247374420916529,1.0022499412418318
5,28,5.3274562781505415,0.6428416940731984,0.5786428888121852,1.0672796983407224,0.585305436927159,5.327457342331506,1.0783210035921447,1.6137478717223819,5.3274564537178835,5.32745733545574,0.7355210527725284
5,29,4.9208389605679725,0.6250115403639175,0.7289049479553181,0.6616679074124204,0.757048685663505,4.920838970798644,0.5648741478747769,0.7865627707785362,4.92083884154613,4.920838635446563,0.5044171176154687
5,30,5.552267742528729,0.40602871825899345,0.47002301194357193,0.43090113445026174,0.4930512378219889,5.552266477801177,0.5100565771688091,3.1377298294523506,5.552269475787291,5.552269995280177,4.773572443241154
5,31,5.28352675657162,0.8552055946151054,1.149592486848572,0.5718933798118143,0.8359106466904438,5.283494925961918,2.3822403712695226,1.5058640947173856,5.283525546913471,5.283518602301107,0.9345930111834246
5,32,5.24001648122135,0.8974770572052,0.6747126948633371,0.622385342135736,0.7006282331514849,5.240016693203917,0.8987665983019002,3.8230934021998895,5.240016447409142,5.240016459396595,1.4853026498665958
5,33,4.9036392334761105,0.9458448839968061,1.053531384949625,0.7753740659451012,0.9142874904746607,4.9036410670787065,1.6512580006320796,2.599862408992246,4.903639341281598,4.9036414794347545,0.5605049481003423
5,34,5.2023075276024064,2.6143844104670744,2.3848847025374855,1.6446872587327332,2.6625195271088673,5.202307875563354,2.622178487128432,4.779838516818008,5.20230786005141,5.2023079041324705,2.8326632943355103
5,35,4.7704620407235785,1.1681737097276426,1.0501691814927712,0.9058984647260344,0.7302025899744269,4.7704630990811845,1.5795444579777511,3.185363720107188,4.770458106212242,4.770458216019114,1.6653120916029258
5,36,5.219294771049119,0.847117936742569,0.8190582732163921,0.7428832839989958,0.8215009849431328,5.219292461750265,1.8616509336853662,2.579958377712449,5.219290669120665,5.219292865858859,1.735470592974188
5,37,4.900203985416538,0.6903432749571676,0.6974380095511903,0.6728326291888983,0.8329328895569285,4.900198843150036,2.374439212308882,2.355144557573465,4.900198769903303,4.900195555504063,3.382008647485875
5,38,4.240724457625406,0.6886261576150666,1.3176756488688566,0.7518301165147756,1.3115727613998152,4.240728997214014,1.5777509889409684,1.6385957403858076,4.240728995984883,4.240728992952957,2.12976043189476
5,39,5.037225618223401,0.6050529857430665,1.061907147056167,0.6367924387287546,1.3618495904474714,5.037228033244913,1.8479529806285775,2.575698324035998,5.03722824573903,5.0372289065794495,1.9956585543864338
5,40,4.617426270650012,1.4502979415448571,1.3531360204504042,1.1575425184432877,1.2900400515672643,4.617426427953308,1.4205620762286515,2.4605387529567473,4.617426419436464,4.617425818485938,0.8183902297745272
5,41,4.998355741001303,1.2339294787408286,1.0554582030833501,1.3823708434171114,1.2099763995673423,4.998355732332038,2.082909912585079,2.451520635423195,4.998350582041294,4.998355739680553,3.888858468181906
5,42,4.66022684809998,1.847187558369918,1.1946176126238206,0.8365252405259392,1.1752920259228354,4.660228898941328,1.7314007024238167,1.8755515729378274,4.660228695951544,4.660228937319256,1.2000493427810803
5,43,4.894260759363053,1.4167865480341926,1.8358864177367333,1.2789951044924084,2.041757526535723,4.89426102313379,2.265533635495238,4.640682901010958,4.894261045536453,4.894261047264212,3.758434195323399
5,44,4.802183178137164,1.1073089920531067,1.292032840884115,1.2041870386942817,1.3722851039799955,4.802183865819288,1.8918273970816792,2.52021921500294,4.802177464426068,4.802183936286048,1.1612979735461892
5,45,4.747054094612972,2.0694492706798084,2.3058718475285565,1.8263979377772188,2.603903898069221,4.747054320714966,2.3212236649560896,2.0850854325030106,4.747054298730404,4.747054298832844,1.839746363665693
5,46,4.803090277855229,0.9785208305942327,1.0602977260371085,0.8578658908800034,0.8378511805458326,4.803091611620925,1.031556977476457,2.457172970322694,4.803091631779971,4.803091638269798,1.9466182853732992
5,47,4.605617473468733,2.5489782333349043,1.166652456742633,1.0387187325320075,1.1699048767724998,4.605617890012052,1.4754223311935064,1.8764749166473607,4.605616091150891,4.605604511085309,0.8301562278032891
5,48,5.001517403649387,0.921619999913435,0.8820881714040094,1.7435044657557925,0.7878423926281143,5.001514484705641,0.7347738095640259,1.1786298830209656,5.0015178095323085,5.001513630121457,2.8912956004355657
5,49,4.600516469045091,1.01823508700328,1.6202539530139088,1.1729597373561058,1.6153084262240174,4.600516456468431,1.5417868666393424,3.7010075586199083,4.600516476564979,4.6005164774893075,1.436217765551905
5,50,5.1113156079963655,0.8946940632976264,0.9082545121479431,0.69035723912481,0.7420702108103006,5.11131613118086,1.9066141181667102,2.935457791512831,5.11131608642311,5.111316119455976,1.6858851673923638
5,51,4.779526945439701,1.1950993487022734,1.320669431461978,0.7589252100552251,1.2846168159939668,4.779527410921315,2.1065775127246416,2.028003522718665,4.779527442055882,4.779527365902887,1.172430451186907
5,52,4.95466276891843,1.2514698062031617,1.1199273232483662,0.9016923796004302,0.8891440634186029,4.954662496155433,2.0998676010537864,2.025097973728635,4.954662706282051,4.954662248535956,1.2463390372750491
5,53,5.286112317891839,0.8119318692396303,0.5940968924134113,0.5800299460321375,0.6131922157822646,5.28611352021099,0.5374214185163949,2.601026426540862,5.286113093223738,5.286113528490494,0.9918688398851793
5,54,4.743551787718707,0.8981213851310743,0.7558345542734192,0.8346695717663383,0.8581618019168802,4.743551783018489,1.715061300585212,1.162018635089328,4.743551703232565,4.743550986188901,0.7103903219288789
5,55,5.0909483574421435,1.700001425879181,0.5215091400797824,0.8646786415675018,0.6081933794453925,5.090948853103662,0.8862384046602061,2.5878707619212293,5.090948851778618,5.0909488204390545,0.9985554365772487
5,56,3.3602707324091265,1.0819538750195623,0.5414035695603174,1.4881840429256752,0.4734967681881019,3.360271183031494,0.35052648213368354,1.3750434222501617,3.3602710906345252,3.3602711863080543,1.6399432106689316
5,57,4.341149638056869,0.7000099974089147,0.7796443450820036,0.6694016534899668,0.7674002897378333,4.341140218906632,2.5717046954419693,0.8764053896862386,4.341133927708739,4.341144577579422,2.1675260420960507
5,58,4.66438480850043,0.7486872594302918,0.7359192603774659,0.7426321425309533,0.7450128029987743,4.664311116057233,0.7906606688358135,1.6753995240246993,4.664374399287295,4.664381399286964,1.205731200790024
5,59,5.3436683073928455,0.6288490501478725,0.7203862300747735,0.5442031337104698,0.6231486078148629,5.343669770712174,2.61940345938237,4.6715871531457935,5.343669770621217,5.343669771608192,3.4568011955202174
5,60,4.17756878898661,1.244549382569797,1.4068835198052285,1.0105951262155992,1.4532555417982624,4.177569647334569,2.011418462312842,3.0608192495641133,4.177568009938415,4.177569607401428,1.525519021557801
5,61,3.75864120372794,1.0016406083021303,0.7654704297195678,1.3388748789690659,0.34305561612116187,3.758641202733819,0.6988170712525303,0.5711772215381336,3.758641203609331,3.758641201554929,1.4193066628865285
5,62,4.5848891535289455,0.8889317958629341,0.9122006432859918,0.8176893142880495,0.9597601723488712,4.5848890762372,1.6962978431675326,0.9986755661062447,4.584878700131393,4.584889196649314,0.5457653444723621
5,63,4.944709211946153,0.9526656905553647,1.056825946114425,0.6698738394539692,0.49185637895874995,4.94470922339193,1.6520525648017714,2.4000953722664815,4.9447092239293635,4.9447092107517445,2.4645938714635496
5,64,5.547944273210093,0.4824235860182696,0.6329325164793489,0.5140192822129299,0.7167551393538671,5.547947242535926,2.6693525216198193,2.1153845299546123,5.5479471823248785,5.547947189478331,3.449706846558788
5,65,4.699384358983954,0.958549975933296,0.8881049867253951,1.1291163391201375,0.8250155865843778,4.699385293420383,2.121393496768624,1.487603682792297,4.699385303255277,4.699370986910417,1.1534202864706449
5,66,4.541026741221281,1.3425520990376345,0.9659060595446112,0.9523389997183466,0.8684515813241743,4.541028616836352,1.4482823376589409,1.7806751665349896,4.541028215184687,4.541027649468459,0.7549577081001356
5,67,4.441944491155157,0.6954801610062921,0.770242897779062,0.7855070091175653,0.8080908153635332,4.4419468126499195,1.6862023702468985,0.6981327778385761,4.441945076601329,4.441946669295057,0.8039190187740123
5,68,3.8284317276513193,1.07547600266017,1.4431099601892325,2.101988120012239,1.5494867434068713,3.8284317229057074,1.6278615498932176,1.7578411935056864,3.8284317177293845,3.8284316351995917,2.3113360105774206
5,69,4.364620924846366,1.1208793009094729,0.5424776505319786,0.6849449724742533,0.4832232791350742,4.364621362969532,2.5760493577748673,2.136260862652949,4.364621325825127,4.364620757601454,0.8602363415335315
5,70,4.365717436329637,0.9244779356182589,0.8435373368947992,1.3386893695214919,0.8195457917306813,4.365718247479813,1.184102345028975,1.2151253726006812,4.365717990542518,4.365717771485255,0.9781132022321848
5,71,4.474966877869503,1.2481389336798292,1.207514098243747,0.9396015143410735,1.1166126051607699,4.4749669303557145,1.7230739889546283,1.9110071704835607,4.4749669739856035,4.47496697087423,1.2586684028561834
5,72,4.63000244428922,0.9684150171708263,0.7392889809075965,0.685234626796191,0.8402991282904253,4.630002435375717,0.8925950564018234,0.8863359895133043,4.629999981188492,4.62999977815351,0.5343436666115973
5,73,4.731217525187634,1.3499867283639877,0.9420103094250185,1.134647071709211,0.8951906853632755,4.731217517049074,1.4702860240960347,1.5150246842754473,4.731217505064914,4.7312167343348905,1.4432696429457448
5,74,4.87138067631276,0.9792908332692372,0.750799441226297,0.9346160362977739,1.1270519017352005,4.871381627389538,2.2561991953499954,2.729405525323137,4.8713816291917995,4.871381637069985,2.6484396875987373
5,75,4.609140973878336,1.594094318650033,3.886481374925028,0.9443742815895387,4.387102091471182,4.609140999017297,3.1882361491015296,1.8089770013102595,4.609140998557266,4.609140998638129,2.9966881177056357
5,76,4.300604796028042,1.0960861204994752,1.0006059927680881,0.8432690263303874,1.0733622813748491,4.300604791479859,1.7470083736605853,2.565525466562838,4.3006046454809335,4.3005435960567056,1.2063508318662477
5,77,4.544683528991485,0.7231659345216626,0.6370216391370442,0.7536315718689577,0.7569069714700042,4.544683525607033,1.3186589590912805,0.7566506789425247,4.544683493673848,4.544683505641228,0.6976113400332307
5,78,4.096770038431824,1.4413670364679987,1.341391218619985,1.0866616253956238,1.4684262362515998,4.0967715091960555,2.4109085211282926,3.5844698618345627,4.096771453711158,4.096771507673228,2.054607622308751
5,79,4.493050791222347,0.6107847202000805,0.8112190735942502,0.7727274470137351,0.6693618814145104,4.4930515168422716,1.6636311771389292,4.308459934718355,4.493024646693778,4.493051516928611,1.8378498365162956
5,80,4.671413503673185,2.369068933460421,1.8468204877406207,1.4417078722488788,1.7914821688529399,4.671413263668539,2.0749124689421086,1.9166093664847017,4.67141024649061,4.671413353976526,1.1271917329472636
5,81,4.153131476998509,1.0819081489711382,1.2400163918813938,0.8516930556032586,1.0042323830231885,4.153133104058685,1.0883180417096667,2.1081614439377465,4.153132399119452,4.1531331089784835,1.7541122682320043
5,82,4.519187328275096,2.008858618549276,1.8220933760451465,2.4176003991965644,2.1193865916286883,4.519185852453444,1.7256403392994575,3.052092216292332,4.5191872643190365,4.519187371888174,2.596254406470845
5,83,4.482317429923892,2.160254760759483,0.9065286075816028,0.555267082474856,0.742553035108606,4.482317554603567,2.3727052881174386,2.9741792775746525,4.482317555319462,4.4823175525160535,3.175384212416809
5,84,4.4679577114835025,0.6925059770623782,0.655456479576742,0.6025770555010425,0.7299645034600198,4.467958133738919,0.9750887377597368,0.8327997150393907,4.4679581366657475,4.4679581286492365,0.8497958331504656
5,85,4.796210695070651,0.6343836779951847,0.687873835170075,0.5522238415357316,0.5546709674451935,4.796210665385571,0.9040380853189215,1.2317288660186987,4.796210616426873,4.79621119969281,1.0494624161400028
5,86,4.455186990098744,0.8472350325539189,0.5352581745296028,0.535485123239182,0.587261741049449,4.455186984377802,0.9187508482592716,1.2484037079780552,4.455182368971666,4.455186937541527,0.8708601572581441
5,87,4.536874563003458,0.5945255840183782,0.6388502260153707,0.48607880265917724,0.5815697717025388,4.536874561713041,2.2582856873036685,3.076836131189428,4.53687431716654,4.536874562600428,1.6204710830953628
5,88,4.452032021367345,0.8431829184441927,0.90419467263042,0.8488834073423958,1.0224108778395242,4.452032762750145,1.9984847169193722,1.3056770713564574,4.452032760630129,4.452032043731512,2.137878938800001
5,89,4.8223964085975926,1.0539946476281306,1.2915949696536926,0.8161229738991033,0.960254020007583,4.822396337330613,0.7794263155876349,3.3406500029988453,4.822396350565226,4.822396408155155,1.227000520628626
5,90,4.661487834134844,0.6748423534347957,0.7545043313937042,0.9792632408020131,0.7227567844974355,4.661489852786293,1.2487232241506545,4.0840435330602185,4.661487456795529,4.661489730594903,1.8411096861769198
5,91,5.123046722097064,0.858882380854601,0.6082383178186365,0.6934382810170377,0.5701019433208218,5.123046216124109,0.7760150543479937,5.120992927594043,5.123046722097064,5.123046722097064,1.417163280885485
5,92,3.7139011219698825,0.40414657761031736,0.4422314880102719,0.23285860750928328,0.4731127631201446,3.7139011511162776,0.9071698314945611,1.8016392615800263,3.713901228260553,3.7139011914590165,2.0632974786604965
5,93,4.974677738029544,1.4484144040672313,1.1056337294300222,1.1942388121515195,1.0629138729975725,4.974677739349417,2.3442857273904165,4.375861420273874,4.974644373009627,4.974677740002472,2.4670175627526363
5,94,5.168965008830511,0.4889747553362678,0.4500950093147703,0.3974615448450238,0.44030086008549746,5.168967264603715,0.9753798618088735,2.2444901563952393,5.168967754921469,5.168967754957646,1.257203585210052
5,95,3.7532112733881626,0.9687040158175174,1.5260744667052866,1.011532650462601,1.4854435932761947,3.753212532126993,2.032882060864214,2.015237000188191,3.7532125318766303,3.753190132349006,1.8362661508563587
5,96,4.48603573073337,0.8782873385243327,0.7461626166730131,0.9570304403717792,0.7061719906308611,4.486035881087077,1.3319587586839545,1.8975655634122104,4.486035880646326,4.48603587934202,1.2608025589734673
5,97,4.334853103377811,0.9905597034730159,0.8633906198364644,0.7599523219905228,0.7820662908482541,4.334853025871327,1.155049224744804,1.1578145902125332,4.3348530908983784,4.334853060212255,1.191390773215088
5,98,4.315657752745422,0.941147122579073,0.9538120356589482,0.7987288916792369,0.90046241166084,4.315657478550586,1.0717255853186756,1.6393199430828345,4.315657414619775,4.315657721875267,0.8059989852444297
5,99,3.6301262478323837,0.7381022024301822,1.0025386590811234,0.5332897473856726,1.0708443099715683,3.6301273708837654,2.444267137277219,1.9893578928364521,3.6300812266444478,3.6301272560318467,0.5996766884630288
5,100,5.2353931446057675,0.5176884728057389,0.3588936439611819,0.3968863603328909,0.40597829741359587,5.235393466249124,1.074501414231144,0.8224389102113333,5.235394351208877,5.235394351208877,1.4848292114122916
5,101,4.125197803262149,0.641613710004417,0.5814904045007616,0.6040231515383888,0.6452405770310826,4.125197787418833,1.1644321612057678,2.1689719516151458,4.125197789981775,4.125197774463395,0.7512085357718388
5,102,4.038080999745451,1.6954656628631148,1.6868060173079744,0.929360439887598,1.7076801927598693,4.038081103084488,1.7216395302655827,1.9750949195620215,4.038081091899213,4.038081107056432,1.5629735620553533
5,103,4.479093473380029,0.39801061841368135,0.48733305072893524,0.37494801177568565,0.5772368259511835,4.479093437209623,0.7521306653017672,1.2334659900736897,4.479087427187424,4.479093472704607,0.8693299361620812
5,104,4.291070828079156,0.7679091597079066,0.625308942567359,0.5739960283912741,0.7657972614593084,4.291070825833823,1.567606861882997,0.8431690832247758,4.291070191043376,4.29107015135498,1.0462507462814943
5,105,4.199120370618404,1.106961800089474,0.6019592581200256,0.6100932019850065,0.4371849251787354,4.199119440301583,1.2847176066315273,2.068498983759187,4.199117588304245,4.199107213458212,1.690090877854441
5,106,4.52832339251167,1.4306632905968975,0.4731505390108814,0.7421198929808599,0.5613690915692238,4.528323391947106,2.776440619882959,2.041306736631106,4.528323341880809,4.528323085626107,1.8450097546382718
5,107,4.2440546134674655,1.3032893640217196,1.0857630980609991,0.8456014835835488,0.9763572090029939,4.24405461127883,1.6010669175257564,2.4566760251514546,4.244050808004347,4.244054608951779,1.4737348645389163
5,108,4.168974424149188,0.9900529719718307,1.0152997385771212,0.8029236866113624,0.9935551670064076,4.1689744238642445,2.0224152591137803,2.3754085131295115,4.168974418631845,4.168974037372075,1.6453141959968542
5,109,4.828736555463139,0.7181862700819532,1.1608170987945465,0.8549352751218663,1.2842674876287172,4.828736772028874,2.755380166703367,2.905631578556555,4.828736772696465,4.8287367713518305,2.986149999769389
5,110,3.8941819944785383,1.112781463206717,1.105893033135439,0.8374407354912767,1.210090079259503,3.8941821415917564,1.0888469144478303,1.6779003519984548,3.8941815621694316,3.8941798499855036,2.5532665767969713
5,111,4.713112416605775,0.6237328214141732,0.5283465709506827,2.0550694423973805,1.1657495236214774,4.713112412037244,1.482360775576821,1.3181966223164505,4.7131124155338595,4.713112409739679,3.2985287629992124
5,112,4.2915843489030125,1.701041368420382,0.47222765313079185,0.5308380774189285,0.5406169465718267,4.29158435834171,0.9686654388192786,3.193398947537016,4.291584360534372,4.2915843590266185,1.5890807747135764
5,113,4.1260812450928634,1.4328002956746724,1.4203735468558254,1.0708460465169032,1.3823334761812147,4.126081173338149,1.5727099102202213,2.2261182255917866,4.126081219195671,4.12608124235261,1.6074427251937118
5,114,4.561910343474385,0.8938432049040802,0.8468816253141255,0.6680314193324881,0.6224125548630993,4.561910716754532,1.3116861170219152,1.7962579314827956,4.561910338334319,4.5619107102724,1.2539765161021188
5,115,4.650172910827978,2.091170245770123,0.8410693118730583,0.7230673172498224,0.8244582510147238,4.650174445948354,1.7336028185784027,1.2805963573629915,4.650062418424433,4.650155299125592,1.9313058326768422
5,116,4.7810261086015675,2.965747293009268,2.642201988735784,2.2208428044468977,3.5897862013745683,4.781026105443148,2.797021325589814,3.1494433937787094,4.781026089256617,4.781026102856765,4.301965767620092
5,118,4.036103248347863,0.44797316645961693,0.4351950882484333,0.6710055889753941,0.4590104927972091,4.035944987240764,4.68171581519992,2.295277208701689,4.0360881063761855,4.036098624638195,1.1953726656583892
5,119,4.197669642089649,0.9061374419778242,0.7808443959487764,0.8087613720570371,0.777376206830818,4.197669622227861,0.6830322755992133,1.0566964809718131,4.197669517630208,4.197669541948783,1.5312998339280934
5,120,3.9558454979276068,0.9271474428408986,0.7025162237202696,0.7426672061080485,0.7038666532390183,3.955845580573634,1.7864483730689111,3.3017533555074863,3.955845578575926,3.9558455798191567,1.3659512930777147
5,121,4.157254895944202,0.752107582556708,0.6760793432690976,0.5890002893895246,0.8548828478792645,4.157254895729854,3.4210016152332154,1.2288238985554834,4.1572548667431795,4.157254851856023,1.888070968766376
5,122,3.8320838937837003,1.3858628884773054,1.46031225978473,1.043574367318795,1.505616738197054,3.8320838906381325,1.7244039199612808,1.7662101366874288,3.832083885878476,3.832083889373143,2.211358804231739
5,123,3.9889327141016113,1.1458894933442487,0.8063514939766965,0.47227971911600275,0.8802681788050302,3.988932221429454,1.486255297504326,2.8426393743904934,3.988924335306551,3.9889326815971047,1.7926179203892232
5,124,3.985845369555776,0.8423643801801397,0.6398402940691229,0.9527186998322312,0.5754000520766215,3.9858453640300375,1.8816303117091027,3.4467900500824613,3.9858429916091582,3.985845368497941,1.757961118416083
5,125,3.9786591089587224,0.6849686907778957,0.5375057848163768,0.8221010628073174,0.5832100891120087,3.978659080115489,2.2518537344009313,2.5520259984159637,3.9786586441001783,3.9786590862467124,2.052481923854706
5,126,4.617220635489222,1.5606723761721486,0.9322875760951297,1.3648561056964068,1.019550571044811,4.617220635410237,3.715909653275702,4.131992240924601,4.617220635485902,4.617220635457042,2.6705436428818037
5,127,3.917100392291694,1.0580912945369505,0.5773213576015324,1.0199590192421912,0.5115881021255072,3.917100389184588,0.898680846799247,1.1250294803811014,3.9171003720936732,3.9170982608350493,1.2456318117889693
5,128,4.552324478303198,0.35916868015400283,0.3412316685017042,0.35237827691911394,0.3909236951029588,4.552324477647162,2.338922012723741,3.8244080954233315,4.552324478271682,4.552324477738154,2.304509754372069
5,129,3.654413890471677,0.8730409305867306,0.8361003785288237,0.7136399033233527,0.9550050629386335,3.6544138902671457,2.5626543149224594,1.5610756474111196,3.6544138892819085,3.654413671738474,2.1445265335707306
5,130,3.892630766293611,0.7673283756302506,0.7357349024120672,1.195956501708143,0.8566965038703486,3.892630761938619,0.8577864429674378,1.1118763332798933,3.892630763687624,3.8926307541929193,1.5481010038949097
5,132,3.791298766571189,0.8243275060201215,0.5973104626281056,0.8716606538427402,0.7707602899831647,3.7912987657926167,0.5885956942434585,3.6197591474499538,3.791298765273818,3.791298766202885,1.8243774653705098
5,133,3.6145704739271376,0.6301324920194001,0.6285454717192784,1.1333654716711232,0.67008365438947,3.6145704708668047,1.839369348548611,3.1213371788566473,3.614570467635546,3.614570471252273,1.695842323317433
5,134,3.8671493694416705,1.4743969345278007,0.7982490539348586,0.849897076050923,0.7661019058761129,3.867149362086113,2.118926561929211,1.462830142963821,3.8671492753984253,3.8671384849976502,2.1240148816954525
5,135,3.7077289331985765,0.4102503936019244,0.4642012082466823,0.3841163783345077,0.518662068989252,3.707728932126167,0.3144362056514927,2.2975066117951726,3.707728932797673,3.7077289308274857,3.5147974646892655
5,136,3.9173109959544803,0.6481339873803454,0.5226085271314477,0.5643052140930174,0.5538434296877128,3.9173109895439406,0.8766744744729354,1.0933374581789157,3.917310978486492,3.9173109829763773,1.1334191031379721
5,138,4.093582625231681,0.9616695815957371,0.32563107707346123,0.5210693501709958,0.30230045240671494,4.093582620603491,1.3617312628843812,2.719663127085195,4.09358261689287,4.09358216321252,1.836534889874599
5,139,4.271373317026935,1.8942978882410375,1.593388771784752,1.4258816086615342,1.2752774035469197,4.271373317017643,3.073464452625391,4.167712406614699,4.2713499375495685,4.271373316445409,3.5998131889643634
5,140,4.183697833664859,0.5559833284339358,0.2595097491207198,0.2622601945796739,0.3468840807591501,4.183697833385991,1.5794467653435575,2.8326941266168215,4.183697833592972,4.183697830959655,2.05918158557528
